label,path,0,1,2,3,4,5,6,7,8,9,10,11,12,13,14,15,16,17,18,19,20,21,22,23,24,25,26,27,28,29,30,31,32,33,34,35,36,37,38,39,40,41,42,43,44,45,46,47,48,49
0,/data_nas/huangyj/data/placePulse/rawData/googleviews-110802files/513d49cafdc9f03587002dd3.jpg,-1.65172,-2.9652424,3.0614817,-0.008185903,1.4668765,-1.1299812,-1.0134927,-1.1535375,-4.311316,-0.11882692,2.3275325,0.6548402,-3.247667,0.038810894,2.5088363,0.17824514,-1.6406676,1.282154,-0.48443446,-1.6904441,-1.6304111,0.92394555,-0.053651266,-2.2448752,-1.9673437,0.46024692,0.9175771,0.19451676,-2.171957,1.0049882,0.46881187,-1.0003043,-3.2320912,0.6041351,-1.3973598,-4.263016,-0.23670149,-0.9377069,-1.9753698,-1.7769057,1.57077,-2.3218403,-1.7807105,0.13928345,1.3805674,-1.8322331,-0.012293767,3.9105277,-1.9145585,-2.9181867
1,/data_nas/huangyj/data/placePulse/rawData/googleviews-110802files/513f2f93fdc9f0358700ddd3.jpg,-0.517162,-0.99142736,1.4460135,-0.31526545,0.5622814,-0.62879187,-0.84443104,-0.10640502,0.47889775,-0.020991707,1.0149846,0.57099676,-1.6992903,0.6865691,0.9935599,-0.47748718,-0.9394849,0.22910225,-0.59867275,-0.30042318,-0.7344505,-0.044085447,0.6053876,-0.4484594,-0.8222477,0.9556619,0.90126544,0.14878425,-0.89347285,-0.2867965,0.9561365,-1.4921725,-0.24527298,0.5693098,0.082228124,0.33216268,0.30744588,-0.38541606,-0.9458612,-0.7263594,1.2922655,-0.68125564,0.9043879,0.58381957,0.08007779,0.2217139,-0.49648732,-0.7834938,-0.87914324,-0.8865817
0,/data_nas/huangyj/data/placePulse/rawData/googleviews-110802files/5141371cfdc9f04926004ddc.jpg,-0.43338093,-1.3866593,0.6292371,0.11741057,2.4970307,-1.6699206,-1.8552551,-0.93623036,-5.9017878,-1.50259,0.5959817,1.5933958,-1.2023183,-0.8849932,1.6156155,1.9438137,0.4514947,3.0457659,-1.6734561,-0.4095534,-1.1656181,2.079805,0.2045851,-4.990832,0.19068569,-0.91185,1.4273974,-0.7574727,-1.147064,1.8547189,-1.8786516,1.8098972,-6.2567058,-1.6882238,-2.2550972,-5.596969,-0.6072242,0.12669793,-1.8804578,-0.9073352,-0.5604302,-0.4527542,-2.5099833,-2.3348513,1.7417065,-2.5317993,1.4624324,6.0957184,-3.3291998,-0.9424269
0,/data_nas/huangyj/data/placePulse/rawData/googleviews-110802files/5140b937fdc9f04926001ddc.jpg,0.17333537,-1.0939472,-0.026530795,-0.5037731,2.2378073,-1.7142036,-2.3921816,-0.22317079,-4.202966,-1.9113928,0.14982393,1.9170513,-0.46281007,-1.8196017,1.6515621,1.5466278,1.05833,2.082098,-2.0623083,0.34227148,-0.9606655,2.0954573,1.0549242,-4.634176,0.048657395,-2.0205147,2.182808,-1.2092327,-0.49425387,1.8756667,-1.3617052,3.1781886,-5.6748924,-2.068539,-1.8711146,-3.6239321,-1.4012418,-0.034940988,-1.0798981,-0.68508935,-2.094528,-0.09579748,-2.5614727,-3.257107,2.1517496,-1.7560705,1.1584818,4.488252,-2.5179114,-0.5725222
0,/data_nas/huangyj/data/placePulse/rawData/googleviews-110802files/5140da85fdc9f04926003ddf.jpg,-0.51578677,-1.7068928,0.899637,-0.44790113,2.3712535,-1.8709369,-2.2753882,-0.7486539,-5.369328,-1.6524713,0.8241706,1.7439669,-1.4102963,-1.4912429,2.0281706,1.5668702,0.32806984,2.4394052,-1.9223499,-0.3743433,-1.3519717,2.1967943,0.8902116,-4.753483,-0.43228543,-1.5682968,1.9955813,-0.92278486,-1.1485263,1.9635834,-1.1769613,2.2300532,-5.9666944,-1.6083336,-2.0669317,-4.9518747,-1.2705445,-0.2905972,-1.6518037,-1.1716425,-1.0231522,-0.8281459,-2.7906387,-2.5192106,2.1987233,-2.2973657,1.1535412,5.4777517,-2.9309292,-1.3016768
0,/data_nas/huangyj/data/placePulse/rawData/googleviews-110802files/513d6118fdc9f03587003dd5.jpg,0.14915444,0.6317315,-1.0161703,0.33598888,1.0926871,-1.34474,-1.4632155,-0.9687043,-2.8316326,-1.7712905,-0.5657746,1.8057626,0.021547597,0.37252715,-0.21073009,2.781584,0.6968873,4.0828714,-1.881175,0.04918319,-0.37480918,1.6139767,-0.03402154,-2.7492228,2.0805182,0.54926753,0.7525158,-1.1122675,-0.41628355,0.98226774,-3.2328444,-0.08160433,-3.1395483,-2.598602,-1.7885278,-2.8379297,0.6375116,1.864894,-0.78921366,0.84658617,0.7719696,1.226352,0.1634406,-0.99325824,-0.015270393,-0.7463966,2.3275065,3.0526493,-3.8244402,1.2152861
1,/data_nas/huangyj/data/placePulse/rawData/googleviews-110802files/513d7c26fdc9f03587006ddb.jpg,1.0393953,0.5629397,-0.4510334,0.67879707,-2.115627,0.31745148,0.028459879,0.86725116,-0.64404887,0.3547989,-1.3884476,0.22143798,-0.10595467,1.5173297,0.052096333,-0.37890536,0.7449165,0.3249219,0.09692656,0.7555603,0.42312446,-0.6603077,-0.69639117,2.1556332,0.99124223,1.7513692,-0.24654642,0.5619043,0.4280262,-0.67503333,0.3924483,-4.779607,1.6886419,-0.30629528,0.39362285,-0.90440375,1.4585363,-0.0012415927,1.020502,-0.781036,4.0954013,1.225271,1.1661897,3.1606472,-1.0126047,-0.13444032,0.09331141,0.24552664,-0.52203876,1.2092924
0,/data_nas/huangyj/data/placePulse/rawData/googleviews-110802files/513d60b5fdc9f03587003d61.jpg,-1.4572239,-1.2611246,1.7886013,-0.54529065,1.6804038,-2.1971383,-2.0976725,-1.4498196,-4.3439646,-1.2287016,1.2973251,1.4897425,-2.5032985,-0.05329535,1.5037595,1.6209898,-0.87461466,3.292775,-2.0644572,-1.0921468,-1.692248,2.0227559,1.1369153,-3.3622801,-0.26684624,0.06744598,1.6304362,-0.30822024,-1.8736304,1.2305176,-0.6831661,-1.0125376,-4.0251646,-0.80630016,-1.455281,-4.551904,-0.45268017,-0.17086735,-2.169601,-1.3874327,1.9555049,-1.1326337,-0.8809751,0.0527942,1.164209,-1.9379297,1.2377304,4.0263906,-4.0382156,-1.047326
0,/data_nas/huangyj/data/placePulse/rawData/googleviews-110802files/50f5ead0fdc9f065f0007d6c.jpg,-0.93713206,-2.7455387,2.4815156,0.19423869,-1.162949,-0.4946922,-0.5830355,-0.4878321,-2.8960888,0.012382348,1.5629876,0.6749322,-2.8072066,0.18763943,2.4105651,-0.19611472,-1.3448852,0.5206489,0.047178403,-1.4490243,-1.129043,0.28544253,-0.58164364,1.2845253,-1.842048,0.87132263,0.6064866,0.044867914,-1.5049669,0.8044781,0.53377897,-3.104966,0.1439053,0.2011693,-1.197033,-2.7164023,0.114937715,-0.4559407,0.12906337,-1.2380221,2.9683125,-1.7373003,-1.4437945,1.8123947,0.8948149,-0.6816489,0.020701457,2.3213632,-0.80074656,-2.4002128
0,/data_nas/huangyj/data/placePulse/rawData/googleviews-110802files/50f5e690fdc9f065f0006d6a.jpg,-1.8014276,-3.2274983,3.0206635,-0.40499547,2.3845901,-1.7320037,-1.7224841,-1.3927823,-5.2259064,-0.7850112,2.5488372,1.1537727,-3.2347767,-0.8321837,2.8555467,0.7491443,-1.4332385,1.840448,-1.1489308,-1.6916867,-2.007376,1.6902715,0.531226,-3.8716564,-2.0503576,-0.5506629,1.6083851,-0.2961936,-2.3503604,1.6792369,-0.05126989,0.92996794,-5.011834,0.0010059569,-1.945948,-4.97185,-0.9835585,-0.86438996,-2.3731813,-1.7367299,0.10720706,-2.5031352,-2.6911716,-1.414533,2.1518073,-2.2329464,0.34582028,4.991078,-2.5499644,-3.15756
1,/data_nas/huangyj/data/placePulse/rawData/googleviews-110802files/513cb9b4fdc9f03587000d39.jpg,0.74609685,-0.4783809,-0.30733326,-0.26507702,-0.2948612,-1.4185764,-2.0927227,0.4821279,-4.661865,-1.4000953,-1.0477492,1.617553,-0.4031262,-1.1391685,1.5063051,0.93115777,1.5629085,1.6613345,-1.7358027,0.7539069,-0.626404,1.6085248,0.85108906,-1.8666121,0.47541362,-1.3722504,1.7943536,-0.5527049,0.00047057448,1.425894,-0.4152242,-0.6945443,-3.356294,-1.9053227,-1.176346,-4.3284264,-0.90721047,-0.50229484,0.27018574,-1.5780054,1.2509551,0.510024,-2.1221354,-0.084901966,1.5668198,-1.9767612,1.0676543,4.523078,-2.2818093,0.37033144
1,/data_nas/huangyj/data/placePulse/rawData/googleviews-110802files/50f44812fdc9f065f0003d71.jpg,-0.5529573,-3.3082495,1.9944212,0.0034015756,1.0711102,-0.668689,-1.1398242,-0.329429,-3.5580802,-0.66999704,1.7873069,1.114784,-2.0413532,-1.2431685,2.8790114,0.06480975,-0.5836123,0.2211004,-0.31776917,-0.96270496,-1.1868556,0.80203533,-0.2894466,-1.8910118,-2.1296968,-0.84749025,1.312245,-0.6935309,-1.2940034,1.5451227,-0.14223565,1.633961,-3.1920762,-0.38599005,-1.8954252,-2.8350558,-0.8601909,-0.46415338,-0.5259856,-0.87270665,-1.183468,-1.795453,-2.9965923,-2.0255039,2.0776117,-1.0451481,-0.07214814,3.5540845,-0.48189265,-2.9551036
0,/data_nas/huangyj/data/placePulse/rawData/googleviews-110802files/51413703fdc9f04926004d7c.jpg,-0.87370044,-2.3372743,1.6250225,-0.18194908,0.57791024,-1.74245,-1.9440422,-0.94318354,-5.7944574,-1.384775,1.0862297,1.685458,-2.2394848,-1.0884672,2.4753187,1.5105695,-0.26181674,2.564358,-1.4982936,-1.0878057,-1.5336952,2.0110319,0.2856911,-2.3512583,-0.86788857,-0.81922495,1.6344614,-0.7233871,-1.5293756,2.0674725,-1.0509722,-0.2724396,-3.9553356,-1.4604639,-2.2906003,-5.430717,-0.9215441,-0.16739452,-0.73756063,-1.3037648,1.1638404,-1.2858548,-2.9555569,-0.5430689,2.028271,-2.1347375,1.3579383,5.587754,-2.9725757,-1.8045031
1,/data_nas/huangyj/data/placePulse/rawData/googleviews-110802files/50f563b0fdc9f065f0005d79.jpg,0.91560966,-0.34595495,0.027109733,0.99571025,-1.7531945,0.6316253,0.36047944,0.7646123,-1.5433488,0.57331383,-0.83059055,0.05615519,-0.44561026,1.3509096,0.60472393,-0.57291335,0.4929979,-0.043305375,0.6118122,0.37041283,0.3665172,-0.80509406,-1.3278475,1.8092399,0.3467312,1.732307,-0.49306536,0.5661111,0.20454238,-0.40983304,0.2910308,-4.1523046,1.053696,-0.097938865,-0.05482339,-1.6121999,1.4739838,-0.11663073,0.8684979,-0.8209933,3.5395415,0.6852018,0.2568916,2.5782716,-0.6761874,-0.40601426,-0.10898631,1.2130502,0.026277728,0.26774806
0,/data_nas/huangyj/data/placePulse/rawData/googleviews-110802files/50f5ead0fdc9f065f0007d74.jpg,-0.17225131,-1.3119037,0.96565485,0.6271433,-0.19345874,-0.08377705,-0.20478767,-0.3157187,-1.4774095,-0.08929287,0.6593265,0.6458459,-1.3656528,0.9062943,1.0741975,0.28456032,-0.57582533,1.0053469,0.02902353,-0.6277024,-0.39479643,-0.066965386,-0.9650344,0.19729374,-0.29296285,1.4688377,0.056696497,-0.11464544,-0.79171586,0.22257727,-0.6454879,-2.0362601,-0.2892223,-0.31937948,-0.9627835,-1.4197085,0.9966517,0.50953853,-0.17394637,-0.08999703,1.8642249,-0.314286,-0.030285785,0.74088186,-0.07731928,-0.12627718,0.3194872,1.3286262,-0.9483056,-0.9058929
0,/data_nas/huangyj/data/placePulse/rawData/googleviews-110802files/513d7c09fdc9f03587006d74.jpg,-1.3263627,-1.0316868,1.1990184,-0.50918335,3.0424688,-1.9798459,-1.9892869,-1.6352938,-2.4358404,-1.5808651,1.5784523,1.6764289,-1.7829411,-0.111296505,0.9614698,2.0210783,-0.90734416,3.3972602,-2.1131673,-0.9486591,-1.4420458,1.861456,1.0264522,-4.509248,0.03316862,0.059612848,1.57357,-0.9151639,-1.7137709,1.085069,-1.7293781,1.662027,-4.53588,-1.151556,-1.660531,-2.4416404,-0.28194898,0.76294047,-2.5427313,0.011258431,-0.66075075,-0.80152065,-0.23328908,-2.2174988,0.9369001,-0.91739535,1.2797298,2.5163715,-3.7951267,-0.94765806
1,/data_nas/huangyj/data/placePulse/rawData/googleviews-110802files/513d9c6bfdc9f03587007d26.jpg,0.2182546,-2.4707823,0.8688759,0.721447,-0.56545734,-0.51794386,-0.9106868,-0.090836704,-6.4899254,-0.7788601,0.19687732,1.185451,-1.2815411,-0.9652402,2.509215,0.85317093,0.6288995,1.3114542,-0.24940173,-0.55919707,-0.70204246,1.0636591,-1.1680982,-0.99563396,-0.764461,-0.621608,0.7073755,-0.5110726,-0.72091943,1.8900619,-1.0900863,-0.7332811,-3.2697198,-1.4513351,-2.3193147,-5.857237,-0.33828697,-0.21971354,0.5030862,-1.2796519,1.241232,-0.69853354,-3.7057993,-0.22245175,1.7862324,-2.2526743,0.9775935,6.397517,-1.2852645,-1.6870081
0,/data_nas/huangyj/data/placePulse/rawData/googleviews-110802files/50f5eaccfdc9f065f0007d2c.jpg,-0.70959944,-1.6427928,1.1276828,0.44705746,0.42066273,-1.3280463,-1.2571923,-1.1428566,-5.9210587,-1.0639907,0.6391054,1.3841449,-1.8434776,0.007023514,1.6604015,1.8202227,-0.18400267,3.1792562,-1.0980407,-1.0412693,-1.1520832,1.5563589,-0.5132915,-2.139802,0.039066937,0.38358796,0.72718227,-0.4587615,-1.4313284,1.5552404,-1.7428885,-1.4380447,-3.6551878,-1.4326501,-2.2077422,-5.80133,0.15848766,0.41968498,-0.8669897,-0.92784667,2.231865,-0.65225184,-2.0130413,0.23058149,1.039878,-2.1383069,1.6246876,5.7292256,-3.2919493,-1.0796735
0,/data_nas/huangyj/data/placePulse/rawData/googleviews-110802files/50f5eaccfdc9f065f0007d28.jpg,-1.1166935,-3.0827353,2.292215,0.04924631,1.125817,-1.09346,-1.2803001,-0.97182894,-4.0651097,-0.8366004,2.049554,1.2540547,-2.5510597,-0.7803446,2.6582263,0.76708245,-1.0551373,1.4577044,-0.6548535,-1.458796,-1.4650714,1.251676,-0.24833106,-2.0007691,-1.7323697,-0.3006202,1.2415069,-0.6464887,-1.7297183,1.6383767,-0.6913636,0.59495914,-3.1795313,-0.5462567,-2.1365855,-3.5995505,-0.60176736,-0.10935718,-1.0214187,-0.7693944,0.009573585,-1.8900543,-2.530039,-1.2858975,1.8180189,-1.2523067,0.52793753,3.945627,-1.6654353,-2.7903414
0,/data_nas/huangyj/data/placePulse/rawData/googleviews-110802files/5140cc29fdc9f04926002d2a.jpg,0.10670816,-1.5585912,0.46256584,0.030055197,-0.3932652,-1.3476216,-1.7987201,-0.2603372,-5.836473,-1.4319584,-0.07691216,1.7024049,-1.1797571,-1.1481987,2.070185,1.4551749,0.77197504,2.266266,-1.362271,-0.26934952,-0.96730787,1.7894038,0.06447128,-1.5667374,-0.09834947,-0.99539125,1.4692721,-0.8064132,-0.6579496,1.9485179,-1.3011985,-0.70294714,-3.4006486,-2.0475054,-2.1195996,-5.3957233,-0.7394776,0.008019766,0.2421545,-1.1467503,1.4070692,-0.2659097,-2.9683714,-0.26333997,1.7665496,-2.0643163,1.4749483,5.700537,-2.4524846,-0.77249956
1,/data_nas/huangyj/data/placePulse/rawData/googleviews-110802files/513f2f24fdc9f0358700dd24.jpg,0.56195223,-0.8082029,0.79718935,0.26290393,-1.1129764,-0.09766083,-0.5116271,0.86746323,-2.2726808,0.4422672,-0.4571728,0.21439584,-1.1020144,0.61512816,1.3637854,-1.0345429,0.43226948,-0.41672972,-0.010869707,0.44582257,-0.2527068,-0.23783739,-0.13261993,0.63130623,-0.41603148,0.68083596,0.5033932,0.75654525,-0.11732234,-0.12872906,1.5250893,-3.626297,-0.25321645,0.3293717,0.19107354,-2.3908916,0.4542818,-1.2497655,0.20460258,-2.0014944,3.2856646,0.017556982,-0.3850387,2.301994,0.23933682,-1.1743103,-0.58081037,1.8300133,-0.24042979,-0.26871186
0,/data_nas/huangyj/data/placePulse/rawData/googleviews-110802files/513d6bcdfdc9f03587004de6.jpg,-1.4278121,-0.6595034,0.9988484,-0.5075176,3.1738214,-2.348441,-2.2311358,-1.8852808,-3.549531,-1.8035182,1.3212029,1.8219877,-1.7580022,-0.0787442,0.7426659,2.5599885,-0.7260866,4.243201,-2.4993043,-0.9411108,-1.5517375,2.2853236,1.1873151,-5.139537,0.5402622,0.009912416,1.6273977,-0.9115634,-1.8136586,1.2678246,-2.1321337,1.3465602,-5.328025,-1.4754716,-1.8330761,-3.6720526,-0.2996454,0.8405754,-2.84483,-0.18758026,-0.09371985,-0.6130621,-0.32048792,-1.969433,0.9397168,-1.4898607,1.7706546,3.610179,-4.700395,-0.54778767
0,/data_nas/huangyj/data/placePulse/rawData/googleviews-110802files/50f5e6c5fdc9f065f0006de3.jpg,-1.8992156,-2.581407,3.2462187,-0.391841,-0.22986603,-1.6071352,-1.3640946,-1.2355323,-4.465147,-0.22897774,2.0135398,0.8181527,-3.7404187,0.20435718,2.4779348,0.3359982,-1.8273576,1.8088465,-0.9217821,-1.8690491,-1.8990992,1.2393955,0.51421994,-0.44491714,-1.790747,0.659235,1.1568345,0.3338069,-2.2864418,1.0288141,0.8576427,-3.5733147,-1.5397267,0.44568282,-1.1532712,-4.6607428,-0.340931,-1.008012,-1.282787,-2.2100177,4.0004683,-2.3017144,-1.4132761,2.3177345,1.196968,-1.8151978,0.3755708,3.6695015,-2.6326976,-2.4200704
0,/data_nas/huangyj/data/placePulse/rawData/googleviews-110802files/513cba6efdc9f03587000de3.jpg,1.4193858,-0.81021845,-0.78607965,-0.57363397,1.5213189,-1.2864138,-2.4458096,1.2249557,-4.9542503,-1.5801011,-1.1891679,1.5908258,0.49163854,-2.5419333,2.0104926,0.37245348,2.5665023,0.3275334,-1.7838614,1.6461418,-0.45171353,1.7798606,1.2918384,-4.3834305,-0.016816951,-3.2205937,2.4557607,-0.766973,0.6088054,1.8168706,0.12934075,3.177437,-5.982263,-1.9282895,-1.1714073,-4.2010875,-1.9855108,-1.385544,-0.20114267,-1.957385,-2.255515,0.5071523,-3.584057,-2.9995387,2.6765313,-2.5540476,0.37923604,5.2320952,-1.1197815,-0.023709163
1,/data_nas/huangyj/data/placePulse/rawData/googleviews-110802files/513f2f98fdc9f0358700dde0.jpg,1.3127537,0.6471301,-0.8045378,-1.375998,0.14989892,-1.9883229,-3.089425,1.533634,-3.4877615,-1.4183837,-2.0267568,1.544619,0.22360668,-1.683485,1.3019887,-0.11835869,2.560676,0.53689116,-2.6845884,2.2307775,-0.6157757,1.7580255,2.886358,-2.8882065,0.62714374,-2.6354833,2.925593,-0.019799786,0.7067223,0.85122246,1.8112816,-0.27991283,-3.9688265,-1.3964031,0.3789204,-3.3984969,-1.8675141,-2.1169548,-0.07255144,-3.061175,0.84560186,1.0342689,-1.5153074,-0.027450897,1.8673056,-2.419754,0.18266912,3.2511892,-2.243805,1.4595376
0,/data_nas/huangyj/data/placePulse/rawData/googleviews-110802files/513d607cfdc9f03587003d15.jpg,-1.6873055,-2.252493,2.701888,-0.72516334,0.54023504,-2.0692708,-2.026699,-1.1891502,-4.4457264,-0.89776593,1.7662368,1.3117127,-3.2464962,-0.4671025,2.3769398,0.8079512,-1.3049328,2.214241,-1.641473,-1.4577963,-1.9607832,1.7818546,1.1632142,-1.772444,-1.4495318,-0.22174633,1.8056096,-0.14368664,-2.097654,1.3687248,0.40352035,-1.8319057,-2.827989,-0.21420957,-1.3539193,-4.4897223,-0.9099433,-0.8363366,-1.47431,-1.9872831,2.535005,-1.9786277,-1.653152,0.8973641,1.6536764,-1.8493167,0.6661309,3.8466468,-3.1295886,-2.0452445
0,/data_nas/huangyj/data/placePulse/rawData/googleviews-110802files/513cb990fdc9f03587000d1a.jpg,0.33771718,-0.04593072,-0.40824312,0.24151176,0.5613122,-1.0748279,-1.4000762,-0.31691447,-2.6740656,-1.2681922,-0.46159336,1.5010787,-0.33586106,0.11945752,0.524422,1.5838085,0.72662985,2.5698447,-1.4449213,0.24485457,-0.406699,1.187496,0.0754496,-1.9581144,1.1180698,0.21879148,0.9581119,-0.6681418,-0.3042359,0.83772564,-1.7111844,-0.58189553,-2.5879152,-1.8105847,-1.3128973,-2.6178472,0.2972518,0.8176922,-0.4293906,-0.06070681,0.9868283,0.7656137,-0.3389915,-0.49118224,0.3902654,-0.8824846,1.399485,2.7600179,-2.692694,0.57137644
0,/data_nas/huangyj/data/placePulse/rawData/googleviews-110802files/513e1eeffdc9f03587009dcd.jpg,-0.7802223,-0.24949138,0.85133034,-0.9933981,0.8488997,-2.489937,-2.6846678,-0.7512322,-3.724321,-1.6240432,0.15021911,1.7766337,-1.7282761,-0.5076595,1.1435928,1.5449803,0.06971392,3.11783,-2.7031162,-0.16691999,-1.4607328,2.2225235,2.0247626,-2.8320627,0.363366,-0.68316805,2.225661,-0.44920442,-1.1500841,1.1717399,-0.23615514,-1.3437878,-3.484102,-1.3532704,-0.9301642,-3.9076602,-0.9378493,-0.39059997,-1.3863732,-1.6427274,2.1845963,-0.3042589,-0.6038399,0.498427,1.2337346,-1.7975608,1.3397019,3.3214147,-4.1357145,0.15908295
0,/data_nas/huangyj/data/placePulse/rawData/googleviews-110802files/5140cc69fdc9f04926002dc3.jpg,-1.717514,-2.3082302,2.5405984,-1.0608467,2.5500178,-2.2347343,-2.386418,-1.2724007,-3.6113636,-1.2208085,2.1757472,1.4893205,-2.8871937,-0.9624898,2.3287044,0.8564192,-1.2473757,2.025617,-2.0081787,-1.1897593,-2.0223243,1.9450228,1.6933328,-4.070775,-1.5956568,-0.89506066,2.2682073,-0.49322903,-2.1071918,1.3942323,0.2414871,1.1722981,-4.6773973,-0.22696485,-1.3862026,-3.49732,-1.3338705,-0.8309813,-2.4546924,-1.6281141,-0.16607377,-2.0567129,-1.6299495,-1.5161675,2.020325,-1.6965681,0.40117344,3.3529346,-3.0502174,-2.2917564
0,/data_nas/huangyj/data/placePulse/rawData/googleviews-110802files/513d4965fdc9f03587002dc7.jpg,-1.9755943,-2.342007,3.101044,-0.4418027,0.42840248,-1.8295612,-1.5542649,-1.4110597,-4.472544,-0.43102205,2.037231,0.943771,-3.6482608,0.2183467,2.2790844,0.67991894,-1.7927532,2.2946346,-1.2265769,-1.8264854,-1.9429746,1.4922779,0.7035301,-1.3193232,-1.5033488,0.6058535,1.2760907,0.24660534,-2.3305218,1.0782571,0.51451993,-3.0095894,-2.2421267,0.24707243,-1.2356603,-4.730282,-0.34967458,-0.8541858,-1.729836,-2.0430217,3.5991378,-2.1647222,-1.2374151,1.801194,1.1927443,-1.9051224,0.5845564,3.7781172,-3.132437,-2.2189896
0,/data_nas/huangyj/data/placePulse/rawData/googleviews-110802files/50f5ead6fdc9f065f0007dce.jpg,0.11815259,-1.6732568,0.03233315,-0.18549344,2.3711658,-1.3526524,-2.0465226,-0.4288487,-3.853065,-2.0046952,0.5996385,1.9660312,-0.3793384,-1.9434317,1.7939034,1.7576178,0.8128649,1.9939903,-1.6529163,-0.0042488165,-0.8726669,1.9129885,0.3925471,-4.378654,-0.23185061,-1.9543221,1.8884684,-1.5895281,-0.57996583,2.0719814,-2.0887733,4.2682195,-5.47646,-2.224019,-2.4105341,-3.0063004,-1.2857583,0.5491785,-0.84649867,0.10536526,-3.2273834,-0.33062276,-2.8695464,-4.1979895,2.2173545,-1.2629355,1.2215518,4.311654,-2.0118241,-1.185442
0,/data_nas/huangyj/data/placePulse/rawData/googleviews-110802files/513e5d6efdc9f0358700adc1.jpg,-1.5713662,-2.1592126,2.4375262,-0.8594943,0.26447812,-1.9629933,-2.0700607,-1.1485162,-2.7883916,-1.1491071,1.830304,1.5540198,-2.979804,-0.49927622,2.1748054,0.8927788,-1.4251688,2.1005695,-1.7025031,-1.4052405,-1.855331,1.5941358,1.2454815,-1.0425994,-1.41809,-0.11828072,1.9020697,-0.55486226,-1.9499002,1.2530922,0.06917946,-1.3701949,-1.75204,-0.50470316,-1.3565482,-2.7130115,-0.8595013,-0.23333913,-0.96192396,-1.1584721,1.8689725,-1.773647,-1.0779934,0.46947673,1.4465302,-0.82220566,0.7017329,2.2657592,-2.819504,-1.9201945
0,/data_nas/huangyj/data/placePulse/rawData/googleviews-110802files/51409941fdc9f04926000dc1.jpg,-1.0453256,-2.6322765,2.207673,-0.5046263,0.675663,-1.5801468,-1.8851683,-0.70387495,-4.2854366,-1.0135148,1.5947801,1.4165559,-2.6051042,-1.0763707,2.6766915,0.6246505,-0.75665313,1.4476514,-1.2655598,-1.1087464,-1.6097127,1.6040363,0.68804175,-1.8653811,-1.631905,-0.8157131,1.8306046,-0.5266343,-1.5909892,1.6542823,0.058958698,-0.25695977,-3.1003048,-0.6314846,-1.7060484,-3.953336,-1.1122383,-0.6940007,-0.89446753,-1.5311451,0.8933637,-1.752452,-2.4670253,-0.4498222,2.0343406,-1.5995413,0.5098257,3.9591463,-2.0486546,-2.2899384
0,/data_nas/huangyj/data/placePulse/rawData/googleviews-110802files/513d6112fdc9f03587003dcc.jpg,-0.38835832,-1.0538068,1.40385,0.116868556,-1.001708,-0.68865335,-0.78671837,-0.16023092,-2.2680836,-0.031956054,0.36641276,0.6569617,-1.9316231,0.8809635,1.3115036,-0.029028539,-0.5295957,1.0697607,-0.5189228,-0.48783287,-0.7494588,0.29681522,-0.019541452,0.702567,-0.41746438,1.2315332,0.5841647,0.3887175,-0.9174309,0.18108849,0.6054831,-4.012586,0.0016103573,0.0052732583,-0.40891033,-2.5023565,0.57395685,-0.45088246,-0.18221778,-1.4196528,3.8500607,-0.4887847,-0.004928803,2.489853,0.118835144,-0.8625395,0.22359245,1.7288473,-1.6226443,-0.62225044
0,/data_nas/huangyj/data/placePulse/rawData/googleviews-110802files/513f2f89fdc9f0358700ddc4.jpg,-1.3073322,-2.1022644,1.4573616,0.36863938,2.358146,-1.2152072,-1.0896423,-1.8218054,-4.189671,-1.2359306,1.8718853,1.4226099,-1.9627285,-0.011367866,1.4606049,2.1346004,-1.0846665,3.2759602,-1.0442573,-1.5907071,-1.2645726,1.436215,-0.5994895,-3.5929224,-0.37807256,0.55238765,0.6643658,-0.98052007,-1.9047383,1.4622827,-2.5592206,1.3639058,-4.378803,-1.2377658,-2.5457144,-3.8897345,0.23427524,1.1707164,-1.9105879,0.30691257,-0.4260973,-1.189654,-1.4968357,-2.1117568,0.97910315,-1.1945165,1.4656558,4.3326902,-3.0994146,-1.9131435
0,/data_nas/huangyj/data/placePulse/rawData/googleviews-110802files/5140cc55fdc9f04926002d92.jpg,-1.4547592,-2.7224774,2.7400463,-0.70120716,0.91264975,-1.7943814,-1.9443631,-0.8855174,-4.490619,-0.8007166,1.9078083,1.2313585,-3.1070871,-0.9108351,2.7655814,0.42152297,-1.1327012,1.4527559,-1.3466358,-1.3164113,-1.8613867,1.6205049,1.005976,-2.1452107,-1.9163352,-0.6909386,1.8959419,-0.22341532,-1.9341862,1.5118852,0.6371595,-0.72338617,-3.3182554,-0.12539648,-1.437103,-4.32179,-1.174215,-1.1215845,-1.4116571,-2.0531313,1.4244404,-2.1446044,-2.3258965,0.023529094,2.0390399,-1.8939997,0.2986938,4.01578,-2.3212385,-2.5090084
0,/data_nas/huangyj/data/placePulse/rawData/googleviews-110802files/513d6136fdc9f03587003dfc.jpg,-0.52452755,-1.2055564,1.2899419,-0.20667784,-0.9698021,-1.2646998,-1.4359759,-0.41694793,-2.9428105,-0.7442535,0.42755702,1.2560339,-1.9631755,0.17033133,1.5392585,0.6650304,-0.40282637,1.8157263,-1.1742468,-0.6036495,-1.0841901,0.96870303,0.45818323,0.20164195,-0.37913615,0.49952528,1.158556,-0.19185615,-1.0673658,0.79431987,-0.0570698,-3.0573401,-0.7455572,-0.73636603,-0.9818878,-2.9814997,-0.028430996,-0.1011596,-0.029559938,-1.1914952,3.208819,-0.57573146,-0.64174104,1.7316813,0.6822486,-0.9313885,0.7945217,2.4496593,-2.3418918,-0.6743527
0,/data_nas/huangyj/data/placePulse/rawData/googleviews-110802files/50f3981ffdc9f065f0000dff.jpg,-0.46619588,-2.134003,1.5138509,0.47428298,-0.073174745,-0.8077886,-0.91604316,-0.5565914,-5.388354,-0.47448176,0.74821496,0.9686473,-1.9950929,-0.040985953,2.112363,0.7090138,-0.24668625,1.6840366,-0.44634226,-0.90338415,-1.0129938,0.9476116,-0.67354697,-1.1748549,-0.71476537,0.33058298,0.6392243,-0.10914804,-1.2328284,1.2620071,-0.61854964,-1.8796269,-2.7570398,-0.6937711,-1.7438076,-5.1906023,0.103293255,-0.26261392,-0.47346833,-1.3914076,2.333186,-0.9541811,-2.2084756,0.6572443,1.1505884,-1.9772776,0.7415328,5.1138005,-1.9076967,-1.5838727
1,/data_nas/huangyj/data/placePulse/rawData/googleviews-110802files/5141491cfdc9f04926006d8d.jpg,1.2768091,-2.1815927,0.20863385,0.8798977,0.58690375,0.25150242,-0.52531624,1.0984349,-5.3266788,-0.1462871,-0.39831308,0.57645255,-0.19003381,-1.1361219,2.409668,-0.50887775,1.6211677,-0.710946,0.35300678,0.6923853,-0.07471803,0.25172025,-1.1953443,-2.2514067,-0.8542692,-1.2038761,0.64087975,-0.04416143,0.19824074,1.2726102,0.09262802,1.2320511,-4.2479153,-0.6925948,-1.4256418,-4.565156,-0.380869,-1.1563923,0.20154124,-1.6915058,-0.88513446,-0.15289733,-3.6944685,-1.7055589,1.8493191,-2.3332088,-0.30497158,5.568548,0.49172574,-1.4286276
1,/data_nas/huangyj/data/placePulse/rawData/googleviews-110802files/50f5ed6cfdc9f065f0008d82.jpg,-1.1135967,-2.120237,2.563132,-0.3269704,0.73419905,-1.313127,-1.3763193,-0.47350565,-4.334007,-0.03599088,1.3867403,0.59148574,-2.9097013,-0.0052878195,2.319422,-0.2520434,-0.92812216,0.93562895,-0.8459847,-0.9291578,-1.466581,1.0272789,0.65014774,-1.7615697,-1.5120796,0.116813526,1.2901585,0.5635234,-1.5980493,0.76726085,1.3937304,-2.3821983,-2.7490165,0.57321054,-0.6813562,-4.4861345,-0.45064494,-1.6269428,-1.6253159,-2.614434,2.831419,-1.7191526,-1.489186,1.3516484,1.3269069,-2.2015631,-0.18288942,3.7553532,-1.9270693,-1.9395367
0,/data_nas/huangyj/data/placePulse/rawData/googleviews-110802files/5140cc53fdc9f04926002d8c.jpg,0.36890888,-0.91009974,-0.261329,0.1965853,0.19130269,-1.356718,-1.8096148,-0.3281203,-5.5516696,-1.7146959,-0.473219,1.8529423,-0.5285614,-1.0655075,1.4847655,1.9878569,1.1519243,2.8053691,-1.5821817,0.004795693,-0.68900114,1.9252893,-0.031632513,-2.3390243,0.6744105,-1.0017865,1.3601694,-1.0422417,-0.39717355,1.9495829,-2.1196568,0.07065795,-3.9610934,-2.5367613,-2.253358,-5.1099267,-0.56172097,0.559452,0.041240662,-0.5641435,0.73113626,0.3262769,-2.5705519,-0.94475603,1.5398674,-1.9452934,1.865226,5.632397,-2.7980876,-0.101275705
0,/data_nas/huangyj/data/placePulse/rawData/googleviews-110802files/50f439f1fdc9f065f0002d88.jpg,-1.5308851,-2.415083,2.83412,-0.009920038,0.2024386,-1.1780143,-0.9743241,-1.0624702,-4.2925158,-0.051181022,1.7971265,0.6554554,-3.2576265,0.49244854,2.2309926,0.26804796,-1.5436434,1.6238602,-0.5632004,-1.6247346,-1.5394133,0.8968744,-0.029763,-0.8179903,-1.4779342,0.9633479,0.7737557,0.37881672,-2.0109036,0.84493923,0.5324193,-3.1274471,-1.8355832,0.4037817,-1.1614735,-4.4684505,0.09771746,-0.808651,-1.3666762,-1.9000056,3.4929116,-1.9080124,-1.2417789,1.8206596,0.920612,-1.7661148,0.28709817,3.6869848,-2.244199,-2.2343655
1,/data_nas/huangyj/data/placePulse/rawData/googleviews-110802files/513ccde2fdc9f03587001d8a.jpg,1.0356915,-0.9598648,-0.9890073,0.81054056,-0.015520796,-0.5258225,-1.1192923,0.011436763,-4.910231,-1.5936649,-0.7546927,1.7125984,0.32302806,-1.044848,1.2681832,1.957396,1.5733416,2.280822,-0.8438744,0.26192483,-0.1082232,1.3521073,-1.0781057,-1.7996825,0.8855835,-0.82195944,0.7617091,-1.3212917,0.14124003,1.8821756,-2.9064155,1.0788411,-3.4739358,-2.857392,-2.5453722,-4.1722,-0.105555154,1.1874312,0.7601667,0.36957988,-0.47163498,0.82395554,-2.7637246,-1.8776498,1.2775896,-1.3265281,1.8245556,5.251984,-1.7004972,-0.051453426
0,/data_nas/huangyj/data/placePulse/rawData/googleviews-110802files/513d60cffdc9f03587003d80.jpg,-0.5285141,-2.1523912,1.601032,-1.0902432,1.2892039,-2.0108225,-2.6861112,-0.1050822,-4.240748,-1.4367887,0.945659,1.6860306,-1.9273081,-1.956338,2.7064114,0.389098,0.16542467,0.98991317,-1.9802828,-0.17143974,-1.6210276,1.9523689,1.807006,-3.2171903,-1.4943641,-2.1584442,2.7155929,-0.65614784,-1.1019428,1.7482592,0.71582806,1.339245,-4.4901233,-0.8497782,-1.3092543,-3.7919574,-1.9989752,-1.3477539,-0.9920089,-2.0968437,-0.4945671,-1.376278,-2.8089585,-1.5550916,2.6530573,-1.9453483,0.2556503,4.0233445,-2.0828915,-1.7424997
0,/data_nas/huangyj/data/placePulse/rawData/googleviews-110802files/514148e7fdc9f04926006d53.jpg,-0.055521905,-2.4372275,0.9759281,-0.5679601,2.3145165,-1.4102921,-2.2133353,-0.0032183733,-4.5070734,-1.4965284,0.9336737,1.615333,-1.104088,-2.3293295,2.6812782,0.6149831,0.63989234,0.74065155,-1.4611986,0.013448304,-1.1916442,1.773342,0.89885587,-4.400088,-1.3712739,-2.4691584,2.29953,-1.0221019,-0.77337915,2.0150552,-0.31294188,3.8282838,-5.762374,-1.2798581,-1.8912033,-3.6825595,-1.8567708,-0.8592978,-1.0419362,-1.2865849,-2.8184557,-1.114826,-3.632957,-3.6502037,2.8293343,-1.919875,0.30536464,4.7203994,-1.3411336,-2.00955
0,/data_nas/huangyj/data/placePulse/rawData/googleviews-110802files/50f42c7efdc9f065f0001d5f.jpg,1.307628,-0.27713236,-1.1991593,1.1173171,-0.5002131,-0.07049563,-0.53318,0.33187708,-4.5706944,-0.90297085,-1.3452638,1.1577628,0.49750686,-0.05592548,0.73615193,1.4003023,1.6962818,1.9125447,-0.38242924,0.56963646,0.28693175,0.68715274,-1.4263395,-1.0552069,1.3560864,0.14346324,0.11375129,-0.6378988,0.40585604,1.1261771,-2.2723677,-0.8933191,-2.5468109,-2.2769973,-1.7883908,-4.171941,0.6962104,0.8952688,0.76752913,-0.049844325,1.1817529,1.2999643,-1.760708,-0.28196797,0.43662912,-1.431421,1.4888619,4.783796,-1.4349008,0.6434488
1,/data_nas/huangyj/data/placePulse/rawData/googleviews-110802files/513e5d45fdc9f0358700ad50.jpg,-0.26808962,-1.516614,0.89232916,0.7407208,-1.1657537,-0.46092558,-0.4953069,-0.63134766,-3.4547305,-0.58695614,0.49438733,1.0734826,-1.5657009,0.4250483,1.3816534,1.1573496,-0.40146342,2.0317895,-0.2646686,-1.0073689,-0.59609735,0.62806326,-1.1762525,0.7316714,-0.114230946,1.093024,0.1943568,-0.47934732,-0.93514735,1.0291556,-1.5466325,-2.7263277,-0.4581065,-1.2187556,-1.7972755,-3.2599387,0.69608915,0.8786678,0.46363947,-0.08603328,2.7772408,-0.36004364,-1.1496222,1.2437277,0.3672477,-0.6433621,1.219391,3.1971147,-1.7198437,-0.9297134
0,/data_nas/huangyj/data/placePulse/rawData/googleviews-110802files/513d60fafdc9f03587003dad.jpg,-1.9137714,-2.0548935,2.969454,-0.45006704,0.96343076,-1.6933414,-1.4122276,-1.3395745,-3.4989,-0.2814113,2.0212047,0.8145656,-3.4267106,0.4832677,1.9298254,0.4522076,-1.8116086,2.0242975,-1.1684444,-1.6220771,-1.8211626,1.1402969,0.7732066,-1.7135955,-1.3889109,0.84108764,1.1833445,0.30785787,-2.2882893,0.69124347,0.67328024,-2.5214503,-2.3257346,0.5648581,-0.89407176,-3.7881684,-0.14661276,-0.8016533,-2.0700202,-1.8961034,3.036384,-2.0181751,-0.56604755,1.4225672,0.90486723,-1.5957259,0.28209227,2.8731358,-2.9273083,-2.0348535
0,/data_nas/huangyj/data/placePulse/rawData/googleviews-110802files/5140b91afdc9f04926001da1.jpg,-0.65950745,0.5211105,-0.3321543,-0.30020723,1.5191073,-2.3357987,-2.2897575,-1.5575675,-3.6333303,-2.209643,-0.04273006,2.152086,-0.8101915,-0.013842811,0.049363665,3.2669313,0.21024127,5.0010138,-2.7855103,-0.41820294,-1.073506,2.5088422,0.99239665,-3.6172676,1.8497891,0.039058812,1.4781584,-1.1857623,-1.0691332,1.4014858,-3.06679,-0.13730982,-3.9878523,-2.6407337,-1.929295,-3.7700336,-0.05712112,1.5873568,-1.5181935,0.32795918,1.2022357,0.61185205,-0.033110783,-0.83759254,0.50873137,-1.2521503,2.6575656,3.6675742,-5.1072206,0.97009766
0,/data_nas/huangyj/data/placePulse/rawData/googleviews-110802files/5140cc5afdc9f04926002da0.jpg,-1.2521836,-1.7545173,2.1619673,-0.63591194,-0.19373715,-1.8095515,-1.8786325,-0.8707794,-3.5454576,-0.8657835,1.2361561,1.3236176,-2.7910392,-0.20759605,2.0190804,0.7278432,-1.01528,2.0474794,-1.5445678,-1.128193,-1.6293764,1.4813112,1.0379887,-0.75639325,-1.0336457,0.074883476,1.644687,-0.18812421,-1.6848692,1.0879867,0.3125259,-2.5516016,-1.6753948,-0.44984412,-1.109362,-3.6127155,-0.60308355,-0.5467147,-0.8158515,-1.6536342,2.9820402,-1.4113067,-1.0679288,1.425784,1.2208147,-1.3354886,0.70083404,2.945985,-2.8298674,-1.42731
1,/data_nas/huangyj/data/placePulse/rawData/googleviews-110802files/50f44810fdc9f065f0003d0d.jpg,0.43511036,-1.8879384,0.43772057,0.17185564,2.8877003,-0.8692814,-1.4958534,0.18557538,-5.4376426,-0.9234793,0.31004715,1.0774908,-0.5241298,-1.46166,2.1496136,0.49092528,1.1838228,0.7765634,-0.8972291,0.41808686,-0.7173104,1.3203658,0.033988327,-5.31155,-0.59376806,-1.7382432,1.4335219,-0.43715683,-0.43698576,1.588895,-0.5240349,3.391927,-6.734704,-0.9935389,-1.6954982,-4.841635,-0.96625894,-0.95559627,-1.5765295,-1.504424,-2.3557518,-0.46012163,-3.3376052,-3.4383643,2.2087953,-2.6627684,0.1969375,5.8257585,-1.2472574,-1.4131985
1,/data_nas/huangyj/data/placePulse/rawData/googleviews-110802files/513d7be6fdc9f03587006d01.jpg,-0.8117499,-2.6709895,2.3683186,0.45511585,-0.7838118,-0.56406724,-0.57693964,-0.45532715,-4.569873,0.10120311,1.2782615,0.57921433,-2.751687,0.16754478,2.4777489,-0.041763578,-0.9531784,0.83159757,0.06269314,-1.3437952,-1.1096671,0.53129035,-0.8186976,0.3347742,-1.5478684,0.71421254,0.48725727,0.27260694,-1.472297,1.0311108,0.3971551,-3.173261,-1.1479597,0.11752164,-1.3793504,-4.428191,0.12510154,-0.75762314,-0.24451567,-1.7431904,3.2871914,-1.610945,-2.0371842,1.8609778,1.0679473,-1.637202,0.2003115,4.0435834,-1.1521212,-2.259789
0,/data_nas/huangyj/data/placePulse/rawData/googleviews-110802files/513d606cfdc9f03587003d01.jpg,-0.88014805,-1.1240553,1.8899074,0.41411945,-0.19039702,-0.26005426,-0.05972883,-0.58314055,-1.1479554,0.57967055,1.084543,0.10932031,-2.2554512,1.7474484,0.9032985,-0.2708743,-1.4039216,0.931804,0.075299345,-0.98306876,-0.66609174,-0.29759446,-0.5460872,0.54263395,-0.5730646,2.3015027,-0.110760726,0.7091535,-1.3075751,-0.45431376,0.6120008,-4.055115,0.3847211,0.85966235,-0.12545604,-1.5608864,1.3065071,-0.24108554,-1.0225079,-1.0013337,3.7743886,-0.82992524,1.0122397,2.5208678,-0.5870086,-0.41626102,-0.1799962,0.62083894,-1.3200699,-1.0102268
1,/data_nas/huangyj/data/placePulse/rawData/googleviews-110802files/513f2f16fdc9f0358700dd0f.jpg,0.47279328,-2.480105,1.1459247,0.9832342,-1.780395,0.3598585,-0.040899307,0.48421854,-4.532533,0.19365865,0.15921454,0.48939925,-1.3994024,-0.056582473,2.390022,-0.40457335,0.27456084,-0.15860005,0.7454529,-0.4417883,-0.30384147,-0.14007565,-1.6829789,1.3199303,-1.1597905,0.48330805,0.03932096,0.11252014,-0.45267025,0.94996667,0.09300576,-2.7008238,-0.61498326,-0.43926594,-1.4026994,-4.051408,0.43045333,-0.53368187,1.1883633,-1.361521,2.499524,-0.6573091,-2.6333003,1.388555,0.9458677,-1.3882009,0.053295422,4.2427454,0.1817601,-1.7353225
0,/data_nas/huangyj/data/placePulse/rawData/googleviews-110802files/513f14f3fdc9f0358700cd08.jpg,-2.060952,-2.9786386,3.579034,-0.80751044,2.7049904,-1.7152661,-1.6765156,-1.1607014,-3.3253386,-0.2197305,2.8508344,0.6959734,-3.637859,-0.3553429,2.6918256,-0.24621743,-1.944072,0.89365745,-1.1178728,-1.5468533,-2.0583582,1.2246754,1.2327944,-3.6391668,-2.495576,-0.20211232,1.7434415,0.29550868,-2.4116843,0.876213,1.5202807,0.23788819,-4.1118073,1.1649566,-0.85671353,-3.3765476,-0.94834673,-1.6744404,-2.9676874,-2.3188987,0.52019924,-2.7908914,-1.4706075,-0.6796524,1.8120282,-1.8513219,-0.56163996,2.888563,-2.0938296,-3.1738656
1,/data_nas/huangyj/data/placePulse/rawData/googleviews-110802files/5140d9f9fdc9f04926003d05.jpg,-1.6105659,-2.7182162,2.73766,-0.58743113,1.4894261,-1.9406577,-1.986882,-1.1526761,-5.4226804,-0.886693,1.9596393,1.2550157,-3.15718,-0.8984514,2.7348557,0.77906674,-1.1264561,1.9807347,-1.4579145,-1.4556329,-1.9488828,1.8895025,0.8944755,-3.0634274,-1.7134767,-0.7017007,1.8250113,-0.22175339,-2.098021,1.683789,0.2445422,-0.39450952,-4.3078027,-0.25968322,-1.7024419,-5.2804866,-1.1460335,-1.0580812,-1.8797302,-2.1063032,1.3334168,-2.185186,-2.564012,-0.26236612,2.1112788,-2.3618553,0.55778795,5.0005,-2.8072414,-2.5404022
1,/data_nas/huangyj/data/placePulse/rawData/googleviews-110802files/513e5d2cfdc9f0358700ad0b.jpg,-0.23087637,-2.5748205,1.6843104,0.15235315,0.12435951,-0.7363907,-1.1129959,-0.0026098453,-5.265391,-0.3764449,0.8220371,0.8729188,-1.9802642,-0.8282044,2.6736398,-0.033321913,0.0056501115,0.50380504,-0.36624414,-0.58977544,-1.0324589,0.9030712,-0.28015897,-1.45005,-1.451778,-0.5959288,1.1108974,-0.08490229,-0.9983135,1.4258704,0.35241908,-0.8628277,-3.1322162,-0.41957828,-1.5138093,-4.854242,-0.62127554,-1.0722576,-0.35684842,-1.9440577,1.3085964,-1.2668823,-3.0251486,0.01682704,1.8217194,-2.1007762,0.12796272,4.9905424,-0.9382829,-2.0568907
0,/data_nas/huangyj/data/placePulse/rawData/googleviews-110802files/50f5ead4fdc9f065f0007db4.jpg,-1.1294583,-1.8721484,2.099995,0.3420212,-0.35961685,-0.9733477,-0.76677495,-1.0174851,-4.433914,-0.18363167,1.1468537,0.7658139,-2.704214,0.7710377,1.768571,0.7104161,-1.1220326,2.0992649,-0.5144787,-1.413296,-1.1871285,0.8379986,-0.4933039,-0.3146051,-0.7196349,1.2994643,0.40959808,0.2544306,-1.6711646,0.8211745,-0.23753907,-3.7200217,-1.4159905,-0.16914032,-1.3312107,-4.628319,0.52623993,-0.23385221,-0.85377043,-1.4563211,3.9905622,-1.2366157,-1.0054975,2.180131,0.5173186,-1.6501993,0.77416754,3.9135695,-2.4358022,-1.5247525
1,/data_nas/huangyj/data/placePulse/rawData/googleviews-110802files/513d6b8dfdc9f03587004d4d.jpg,1.1955683,-0.3071415,-0.49015015,1.1765825,-1.633036,0.5665401,0.2153301,0.7494137,-2.6167045,0.17846924,-1.1819109,0.3648426,-0.04344026,0.96598613,0.65818906,0.008871694,1.0071192,0.49568695,0.44818255,0.48623893,0.47460598,-0.4155763,-1.5995454,1.2380651,0.7480999,1.3182065,-0.44449314,0.22910067,0.40210164,0.081896424,-0.5609715,-3.4377992,0.17538816,-0.8748947,-0.63003665,-2.5236313,1.3597757,0.23465407,1.0802963,-0.5645257,3.035995,1.0142692,-0.4620982,1.9084079,-0.38839665,-0.75351435,0.44092643,2.4718294,-0.28207654,0.47178784
0,/data_nas/huangyj/data/placePulse/rawData/googleviews-110802files/5140cc37fdc9f04926002d47.jpg,-1.0583369,-1.7270372,2.3958952,-0.79365766,-0.0014844611,-1.4325656,-1.6447684,-0.2864985,-3.0711222,-0.15373445,1.138942,0.7147864,-2.831072,-0.057567053,2.1699162,-0.44838017,-0.96111095,0.7044753,-1.150992,-0.74488324,-1.4595003,1.0185289,1.2728531,-0.70910686,-1.4745214,0.060666405,1.6021134,0.49183735,-1.4075297,0.52596813,1.8797411,-3.1168752,-1.3960329,0.4881698,-0.22402549,-3.3224537,-0.63867134,-1.6751463,-1.1020384,-2.5941727,3.343958,-1.5382183,-0.83709097,2.0485413,1.1554799,-1.61331,-0.2513797,2.3510025,-1.820981,-1.5179411
0,/data_nas/huangyj/data/placePulse/rawData/googleviews-110802files/50f5e68ffdc9f065f0006d47.jpg,0.21053798,-0.1380966,0.2848173,-0.039208565,-0.4869019,-0.8962161,-1.235532,0.14802246,-2.4440267,-0.53053916,-0.49442902,0.94285107,-0.96011436,0.34334284,0.87228346,0.4306788,0.40961248,1.4538672,-1.071455,0.21187508,-0.4580821,0.7706386,0.39532265,-0.4081583,0.47072625,0.40288022,0.95798284,0.047401905,-0.3102932,0.35371113,0.050863855,-2.8241515,-1.0506268,-0.8487448,-0.39904782,-2.5790138,0.21855426,-0.27673727,-0.1498514,-1.2026087,2.892523,0.34559256,-0.085338935,1.586022,0.29009068,-1.0323169,0.6078873,2.0943034,-1.939056,0.41984487
0,/data_nas/huangyj/data/placePulse/rawData/googleviews-110802files/50f44811fdc9f065f0003d4e.jpg,0.8682288,-0.44163552,0.53044665,0.15347388,-1.3430623,0.098721944,-0.42455164,1.293689,-1.2708551,0.63597983,-0.7975565,0.057285234,-0.7778807,0.68885994,1.1386836,-1.4876748,0.65428305,-1.0475559,0.08012698,0.8489575,-0.003945589,-0.5883914,0.046379507,1.1104915,-0.34747964,0.68886,0.4956511,0.90418607,0.22226603,-0.48210192,2.0916743,-3.8159328,0.42972854,0.5682175,0.71565443,-1.4134995,0.49256244,-1.4581032,0.46276343,-2.0886045,3.2634768,0.27883247,0.06267349,2.568562,0.022256888,-0.86733454,-0.8815079,0.8012725,0.2187669,0.0932431
0,/data_nas/huangyj/data/placePulse/rawData/googleviews-110802files/50f5eacefdc9f065f0007d4e.jpg,-0.6888457,-1.2821461,1.5355847,-0.308624,-0.69826907,-1.2962092,-1.4675412,-0.48121187,-2.4800608,-0.68305314,0.6895057,1.2015976,-2.1479623,0.18034714,1.5937399,0.5228964,-0.64531267,1.6321692,-1.182751,-0.70735705,-1.1497153,0.99717945,0.5957483,0.11951184,-0.5833223,0.47996345,1.2641748,-0.12917513,-1.1516697,0.7269139,0.19335543,-2.9667535,-0.6369639,-0.5095203,-0.8700443,-2.5809848,-0.120339595,-0.24915025,-0.26381093,-1.2216369,3.0704346,-0.7736275,-0.46116057,1.6650131,0.71904296,-0.8177124,0.6150092,1.9956447,-2.2149043,-0.8533419
0,/data_nas/huangyj/data/placePulse/rawData/googleviews-110802files/51413d78fdc9f04926005d49.jpg,1.279649,-0.59646446,-0.3719665,-0.83023405,0.08439169,-1.263477,-2.4197423,1.4377784,-3.1780093,-1.2339792,-1.2073015,1.4662917,0.013616125,-1.9105289,1.9229443,-0.26864523,2.0630434,-0.14323731,-1.7323242,1.5978543,-0.5022985,1.305562,1.6761992,-2.116126,-0.23714708,-2.4643395,2.4917686,-0.4185891,0.5610104,1.1581013,1.1652792,0.7936803,-3.400633,-1.3604174,-0.37727836,-2.6816244,-1.6853569,-1.5751467,0.44618008,-2.1681628,-0.4060008,0.4596974,-2.3198395,-1.0379416,2.1068492,-1.7371794,-0.008800831,3.108477,-0.94382113,0.20196855
0,/data_nas/huangyj/data/placePulse/rawData/googleviews-110802files/50f5eacefdc9f065f0007d40.jpg,-2.1330826,-1.6915158,2.3611872,-0.9133489,2.416649,-2.6807222,-2.4702296,-1.9777311,-4.120757,-1.5565164,2.094143,1.7184227,-3.013161,-0.436504,1.6916375,1.9392835,-1.4884045,3.6829123,-2.4552934,-1.5753288,-2.17698,2.3874657,1.6366293,-4.162446,-0.72807854,-0.2735635,2.0246923,-0.6356702,-2.445217,1.4955568,-0.87245554,0.2539444,-4.6805797,-0.7251121,-1.7305862,-4.227787,-0.91710657,-0.0077093635,-2.7428787,-1.1485963,0.9429328,-1.7821229,-1.0102319,-0.86926144,1.5463156,-1.7535481,1.3132375,3.797783,-4.5249834,-1.6698176
0,/data_nas/huangyj/data/placePulse/rawData/googleviews-110802files/5141506efdc9f04926007d4b.jpg,-2.3217518,-2.277329,3.5151455,-0.4639203,1.696623,-1.6249365,-1.2051553,-1.5638139,-2.9367497,0.053026237,2.6558232,0.49807352,-3.8510869,0.8174717,1.941464,0.19705196,-2.4016838,1.8438603,-0.9753399,-1.926599,-1.926499,0.9894108,0.77801085,-2.1338422,-1.7464902,1.2043228,1.0432341,0.57734114,-2.5716348,0.41401199,1.0324852,-2.3891048,-2.3644288,1.1893556,-0.6867954,-3.3704767,0.024354799,-1.0284362,-2.8002205,-1.9476142,2.8945603,-2.4345658,-0.17350234,1.3202695,0.74961704,-1.5192337,-0.07853138,2.2872984,-2.8248749,-2.483121
0,/data_nas/huangyj/data/placePulse/rawData/googleviews-110802files/513d9f51fdc9f035870086dd.jpg,-1.6328299,-1.5704514,1.9147999,-0.6190013,2.654005,-2.3431869,-2.2577171,-1.6345801,-4.8943853,-1.4144206,1.6665854,1.5572447,-2.542858,-0.4918719,1.6940826,1.8046039,-0.9242394,3.3888419,-2.1858432,-1.200033,-1.8447416,2.3022082,1.2353573,-4.658069,-0.49605507,-0.44386712,1.8238053,-0.50764847,-2.0348299,1.5322684,-0.942143,0.53652537,-5.3591146,-0.8679345,-1.768183,-4.9461193,-0.800599,-0.23046659,-2.7192843,-1.3427879,0.7061559,-1.4203345,-1.4747591,-1.1647478,1.6001116,-2.2207317,1.2343324,4.699814,-4.10375,-1.4732987
1,/data_nas/huangyj/data/placePulse/rawData/googleviews-110802files/513e6280fdc9f0358700b6de.jpg,-0.05556068,-2.3610804,1.5016798,0.14727691,1.2039174,-0.9399482,-1.3471208,0.14525393,-6.7583194,-0.3506357,0.48492658,0.75509185,-1.7312223,-0.9988089,2.7217207,-0.050797474,0.5787348,0.6317926,-0.6081977,-0.16021487,-1.0432581,1.2153798,-0.031184347,-3.3360553,-1.1953084,-1.1085938,1.2690597,0.23323569,-0.879015,1.496923,0.62825626,-0.0968053,-5.2239447,-0.33897087,-1.4159372,-6.4300046,-0.8215138,-1.7444091,-1.1766542,-2.7467089,0.9164734,-1.1126658,-3.5215893,-0.5410916,2.1228623,-3.2542288,0.034147236,6.5885696,-1.3815615,-1.8442025
1,/data_nas/huangyj/data/placePulse/rawData/googleviews-110802files/5140929cfdc9f049260006d1.jpg,-0.06620972,-1.2188883,1.3938096,0.5994502,-1.6558813,0.13907173,0.0636973,0.20691665,-2.0252223,0.6576933,0.22012027,0.07634583,-1.763714,1.2731621,1.280741,-0.7211285,-0.5383897,0.079219855,0.4413916,-0.46168062,-0.33687449,-0.50881404,-0.87897354,1.8598975,-0.63390195,1.7612318,-0.14220962,0.73184747,-0.6622045,-0.20451508,0.9696918,-4.807108,1.0497905,0.5256644,-0.14066018,-2.2174962,1.0833775,-0.5858807,0.30331877,-1.4160724,4.298138,-0.45488575,0.008665262,3.1742108,-0.27639523,-0.6647531,-0.2857314,1.4457084,-0.3921829,-0.79547554
0,/data_nas/huangyj/data/placePulse/rawData/googleviews-110802files/51408a52fdc9f0358700e6d5.jpg,-0.05683311,-1.1087465,0.14658342,-0.31352514,1.0458279,-1.7425185,-2.2341003,-0.5569149,-4.7729964,-1.9133658,0.075606965,2.0070765,-0.844475,-1.3241441,1.6191468,1.9253868,0.7650956,2.7710242,-2.0008326,-0.08503762,-1.0299648,2.096578,0.67925644,-3.2346895,0.23946019,-1.2983829,1.8478844,-1.1719053,-0.7400886,1.8979534,-1.7237759,1.2187747,-4.5271626,-2.2880175,-2.0778768,-4.339543,-0.96848285,0.3421267,-0.5354227,-0.6397637,-0.27385998,-0.09717064,-2.3612814,-1.7748652,1.7788254,-1.7326812,1.6473083,4.86923,-3.0859222,-0.4676612
0,/data_nas/huangyj/data/placePulse/rawData/googleviews-110802files/513d7a0cfdc9f035870066d0.jpg,-1.527272,-3.0416412,3.017718,-0.41684145,1.1145304,-1.4586782,-1.5350882,-0.9221543,-4.1935515,-0.45903695,2.2507055,0.97480756,-3.2595391,-0.5797592,2.8302703,0.14190574,-1.432364,1.1169078,-0.8727387,-1.51069,-1.808795,1.2718703,0.5486563,-2.041115,-2.1552901,-0.25282773,1.5441601,-0.063247666,-2.0381753,1.311315,0.6705163,-0.68819064,-3.1132965,0.2816092,-1.4390627,-4.027099,-0.83253574,-1.0781243,-1.5844483,-1.8821533,1.2857844,-2.3364737,-2.1781945,-0.075290464,1.8471173,-1.7239383,0.019726552,3.7571924,-1.8840665,-2.8968792
0,/data_nas/huangyj/data/placePulse/rawData/googleviews-110802files/5140c9d7fdc9f04926002664.jpg,-1.1862483,-2.9081132,2.7639215,0.1627013,-0.3939539,-0.80499524,-0.76335025,-0.7156263,-4.5062337,0.02011236,1.7343826,0.62708175,-3.0946474,0.099089265,2.6195123,-0.027401745,-1.3128903,0.96615493,-0.14599684,-1.565413,-1.3867419,0.6682375,-0.44323355,-0.12328701,-1.8695017,0.6558876,0.69175076,0.228047,-1.7856008,1.0419797,0.5443874,-2.8087628,-1.4823239,0.2908884,-1.3742651,-4.41346,-0.033869967,-0.8308235,-0.6417483,-1.8120816,3.037915,-1.9751719,-2.0207498,1.5672609,1.1972158,-1.6117262,0.108844884,3.939786,-1.4186928,-2.5908022
1,/data_nas/huangyj/data/placePulse/rawData/googleviews-110802files/513cc322fdc9f03587001632.jpg,1.312189,-1.6231662,-0.33269715,1.0698944,-1.2605907,-0.013848966,-0.6297596,0.7607455,-6.569847,-0.6173332,-1.095906,1.0166947,-0.17258742,-0.9081464,2.1021276,0.59644896,1.8025467,0.80971813,0.028069118,0.39140204,-0.028075207,0.7667865,-1.5330191,-0.5097596,0.08199129,-0.7401344,0.41451183,-0.35548168,0.2724526,1.6994377,-1.1026089,-1.1991897,-2.9109948,-1.8652744,-1.998239,-5.90182,-0.06372772,-0.29046893,1.2972487,-1.3263865,1.5077257,0.40196487,-3.7148597,0.1444203,1.4940504,-2.4001846,0.98659384,6.581871,-0.6278669,-0.5795131
0,/data_nas/huangyj/data/placePulse/rawData/googleviews-110802files/51422741fdc9f0492600863e.jpg,-1.3200483,-2.2080956,2.4926515,0.06849153,-0.23441848,-1.3013365,-1.146929,-0.9995738,-5.2260537,-0.2622415,1.339631,0.8294331,-3.065091,0.32535517,2.226578,0.60039675,-1.1384032,2.0397732,-0.75376576,-1.4763628,-1.4877006,1.1937959,-0.0605803,-0.7156834,-1.1159697,0.743219,0.82664204,0.3182591,-1.8395569,1.0956311,0.2294379,-3.5375903,-2.0223842,-0.07103745,-1.367697,-5.380323,0.011130982,-0.7578964,-1.0470054,-2.0394988,3.985634,-1.6234525,-1.632477,2.1379511,1.026927,-2.1455467,0.6839309,4.608553,-2.6205273,-1.8719759
0,/data_nas/huangyj/data/placePulse/rawData/googleviews-110802files/513d79dffdc9f03587006631.jpg,-1.0322164,-1.171381,1.0326926,0.4211632,2.9693398,-1.3289955,-1.1419523,-1.5776879,-4.0517607,-1.0221032,1.2722831,1.2080053,-1.5992289,0.48929912,0.90061235,1.9828625,-0.63301677,3.4221606,-1.2668686,-1.0066063,-1.0766679,1.4403056,-0.29517895,-4.5476313,0.36298656,0.7767555,0.6278553,-0.49773538,-1.6130989,1.025414,-2.1594553,0.8867778,-5.015877,-1.0017753,-1.9451045,-4.089618,0.51456755,0.79677373,-2.5952127,-0.14659616,0.09435286,-0.5777031,-0.683154,-1.7433374,0.59321564,-1.6442549,1.346425,4.223689,-3.5160768,-0.9923393
1,/data_nas/huangyj/data/placePulse/rawData/googleviews-110802files/50f46482fdc9f065f0004677.jpg,0.9111234,-2.0187323,-0.16478904,1.5561632,1.0720404,0.55263835,0.12315461,0.109566316,-5.063276,-0.40895817,0.014175494,0.71983415,0.0041336594,-0.37674358,1.644488,0.8095416,1.0468048,0.81947744,0.6206564,-0.052048314,0.13270666,0.20420349,-2.3759859,-2.3882668,-0.059224673,0.015250064,-0.26475817,-0.59912825,-0.13569394,1.3283633,-2.150423,1.6837571,-4.0802846,-1.3991749,-2.3326921,-4.2932835,0.63903135,0.5663193,-0.026496539,0.015542919,-1.2281709,0.109657645,-3.0222569,-2.361131,1.0311265,-1.6356152,0.6932804,5.5456347,-0.19956023,-1.3486369
0,/data_nas/huangyj/data/placePulse/rawData/googleviews-110802files/50f5e51efdc9f065f000667c.jpg,-1.423839,-1.9601593,2.1178439,-0.32917526,1.081595,-1.9292182,-1.8621587,-1.3019954,-5.0626388,-1.0530221,1.4632934,1.379269,-2.727638,-0.323429,2.037509,1.3441858,-0.9232187,2.8021705,-1.6188061,-1.3199996,-1.7163007,1.8641205,0.67465705,-2.6285992,-0.824705,-0.091127425,1.4989015,-0.2993474,-1.9191068,1.4752808,-0.5340593,-1.1819918,-3.7469878,-0.69824743,-1.7298158,-5.0641575,-0.5676951,-0.35450658,-1.665089,-1.5615804,2.0453103,-1.5045512,-1.7329832,0.22521752,1.4896576,-2.0785742,1.0731099,4.679297,-3.442051,-1.6833336
0,/data_nas/huangyj/data/placePulse/rawData/googleviews-110802files/50f42bb4fdc9f065f000162d.jpg,1.4781367,0.24150643,-1.563363,0.46414804,-1.4523224,-0.7596982,-1.4280528,0.5945099,-4.519009,-1.5183256,-1.9123019,1.673967,0.6235231,-0.78192455,0.7856839,1.6591591,2.1589837,2.2154548,-1.2758864,0.94422066,0.1021062,1.3682535,-0.33094496,-0.43633142,1.5916151,-0.7769787,0.98309594,-0.91634715,0.68068504,1.478593,-1.9992626,-1.3929961,-2.03654,-2.945781,-1.6438059,-4.092945,-0.10611525,0.7203547,1.4476813,-0.35221058,1.7231952,1.5843091,-1.9319247,0.27604803,0.8695886,-1.4125001,1.8758763,4.5476975,-2.0089204,1.3123435
0,/data_nas/huangyj/data/placePulse/rawData/googleviews-110802files/51413460fdc9f0492600462e.jpg,-0.8990103,-1.3908916,0.91741467,-0.72381884,2.7088184,-2.0324717,-2.362916,-1.1678199,-2.7931306,-1.9258841,1.339045,1.9838921,-1.4438227,-1.1972811,1.464582,1.8801864,-0.33255684,2.7616217,-2.2369576,-0.6213235,-1.4334747,2.1239657,1.25602,-4.447205,-0.3209105,-1.1176767,2.1029186,-1.306117,-1.3572282,1.6530788,-1.5999824,2.813992,-4.850745,-1.604831,-1.934069,-2.4461555,-1.1200752,0.52536035,-1.8322023,-0.08053044,-1.7660317,-0.8246318,-1.4133377,-3.0343015,1.7411201,-0.96598077,1.2575563,2.964264,-3.1405616,-1.1703831
1,/data_nas/huangyj/data/placePulse/rawData/googleviews-110802files/50f5e901fdc9f065f0007629.jpg,-1.1970886,-2.5528321,2.6457856,-0.58192647,0.5189118,-1.6936058,-1.8443521,-0.5903679,-5.5458546,-0.5191608,1.4113702,1.0045669,-3.040395,-0.6847882,2.831275,0.12447051,-0.7533748,1.2983229,-1.2168432,-1.0425694,-1.7585889,1.5297236,0.9204456,-2.023365,-1.7407204,-0.5797907,1.7201475,0.2127102,-1.7478473,1.3714238,1.145619,-1.8325245,-3.4690053,0.04073467,-1.1793281,-5.502077,-1.0035627,-1.6414068,-1.3213712,-2.7964392,2.5251465,-1.9430312,-2.5048094,0.95863897,1.9426823,-2.580801,0.18787615,4.956927,-2.362435,-2.2323732
1,/data_nas/huangyj/data/placePulse/rawData/googleviews-110802files/50f433c2fdc9f065f0002628.jpg,-0.96557665,-2.589013,2.3274362,-0.63998514,0.14202076,-1.7277377,-2.0373585,-0.4548379,-5.4630256,-0.86365503,1.2090325,1.2935914,-2.7614312,-1.1741107,2.9121726,0.32398388,-0.46682525,1.2741989,-1.3543252,-0.92215097,-1.7006422,1.6773723,0.9591062,-1.7112578,-1.7147981,-1.0584879,1.9501626,-0.17183295,-1.5459874,1.6839224,0.8032146,-1.2782655,-3.3249948,-0.46132666,-1.4445086,-5.205362,-1.3177993,-1.378524,-0.7512732,-2.4761567,1.9658712,-1.7956492,-2.9106078,0.51501834,2.223148,-2.3202229,0.39781865,4.9310675,-2.1923056,-2.160106
1,/data_nas/huangyj/data/placePulse/rawData/googleviews-110802files/513d79ddfdc9f0358700662a.jpg,0.5587177,-0.7056959,0.07687256,1.3950757,-1.1098888,0.8171288,0.735307,0.09851531,-1.3372707,0.36163846,-0.16894941,0.20185046,-0.5180334,1.5055465,0.4297817,0.18385683,-0.054550305,0.6901609,0.8559805,-0.28397584,0.36797747,-0.7866788,-2.101306,1.4350959,0.41737276,2.1865878,-0.91508853,0.05653107,-0.13804835,-0.1729947,-1.1454309,-3.0020823,0.8194415,-0.44688943,-0.8421869,-1.2460005,1.8592869,0.9554842,0.60916036,0.37005427,2.5082152,0.49082065,0.27388704,1.4742833,-0.8463828,0.13576111,0.37230992,1.2190937,-0.12661284,-0.18856421
1,/data_nas/huangyj/data/placePulse/rawData/googleviews-110802files/513d6928fdc9f03587004624.jpg,0.24791594,-0.66454685,0.02862787,0.44531646,-1.155171,-0.9037547,-1.1619618,-0.29057586,-4.280077,-1.0617799,-0.5488849,1.4283346,-0.86766285,0.09086145,1.1260166,1.4704977,0.60348064,2.5047967,-1.019473,-0.21065146,-0.49773356,1.1258533,-0.4636791,-0.086226955,0.7160446,0.407898,0.6776033,-0.522459,-0.47652143,1.1505675,-1.5220788,-2.6246915,-1.4527189,-1.8767654,-1.6159211,-4.133523,0.34399667,0.63493085,0.56426185,-0.58659935,2.8827565,0.39889076,-1.2368114,1.2258348,0.5390238,-1.2923543,1.5875865,4.0660353,-2.5118604,0.13158235
0,/data_nas/huangyj/data/placePulse/rawData/googleviews-110802files/513f1077fdc9f0358700c6e3.jpg,-1.1534351,-2.2677467,2.6584706,-0.53206855,0.33647773,-1.4385687,-1.5557053,-0.4496699,-4.18634,-0.19294022,1.3834366,0.76309234,-3.0074065,-0.1964939,2.506484,-0.28468207,-0.9451379,0.85853636,-0.98045987,-0.9528383,-1.5901108,1.0784348,0.8694198,-1.3659809,-1.7012389,-0.06501402,1.5042099,0.43229628,-1.6478366,0.86300105,1.5286673,-2.439524,-2.447222,0.4819989,-0.69245,-4.2936645,-0.66622496,-1.6412207,-1.2977821,-2.658144,2.8518345,-1.8107089,-1.5938075,1.4361948,1.4706773,-2.0395246,-0.1670049,3.5627582,-1.9423472,-2.0157757
0,/data_nas/huangyj/data/placePulse/rawData/googleviews-110802files/513e6288fdc9f0358700b6e7.jpg,0.98129416,-0.90216905,0.52002245,0.5501808,-1.9519652,0.43048662,-0.07712266,1.269652,-1.9196142,0.64375293,-0.737643,0.049996458,-0.75932974,0.5471053,1.3698796,-1.3384914,0.6500885,-1.0795798,0.53026706,0.5851334,0.105062336,-0.71135926,-0.673614,1.8277111,-0.523574,0.7488291,0.17651859,0.69115007,0.22903194,-0.19464368,1.5313712,-3.8769162,0.75011367,0.29042444,0.20701142,-1.849053,0.6164516,-1.1087317,1.0492191,-1.7445588,3.2681372,0.19323198,-0.6187337,2.5505624,0.13089943,-0.7686147,-0.7223251,1.4627702,0.63932204,-0.2666235
0,/data_nas/huangyj/data/placePulse/rawData/googleviews-110802files/5140b66afdc9f049260016ee.jpg,-0.10707583,0.28292483,-0.4335736,-1.2938204,2.099932,-2.8681529,-3.4472413,-0.50872946,-4.4670334,-2.5625117,-0.55354345,2.3660927,-0.48378807,-1.7673662,0.97614497,2.3259072,1.3151945,3.5588748,-3.5061228,0.6504924,-1.2907711,3.0592136,2.5835254,-5.169552,1.0757097,-2.3165636,2.9208584,-1.1783915,-0.52983546,1.8534176,-1.218041,1.870273,-5.932998,-2.5947762,-1.4181848,-4.305716,-1.8102968,-0.1761499,-1.5071328,-1.2776761,-0.50316536,0.41278693,-1.6045387,-2.041051,2.0066464,-2.2334292,1.8827317,4.4913125,-4.4852004,0.8179357
0,/data_nas/huangyj/data/placePulse/rawData/googleviews-110802files/51414de4fdc9f049260076ee.jpg,-0.8893074,-2.1687257,1.8299016,0.2142754,-0.6449862,-0.9696395,-1.0119903,-0.84766227,-3.5781462,-0.6459193,1.1935098,1.1701568,-2.358905,0.085613266,1.9699688,0.85401475,-0.9242101,1.8566365,-0.6242081,-1.3018751,-1.1906327,0.88309866,-0.40240455,0.10088417,-0.94680464,0.66853404,0.77865,-0.3728917,-1.5046841,1.125299,-0.68235195,-2.2801948,-1.0993694,-0.6675107,-1.6699792,-3.407784,0.09581294,0.23373985,-0.12724732,-0.7474022,2.4770699,-1.2035507,-1.3918569,1.0087965,0.9073414,-0.9054515,0.8331382,3.1977508,-2.0350006,-1.71418
1,/data_nas/huangyj/data/placePulse/rawData/googleviews-110802files/51413495fdc9f049260046e9.jpg,-0.25208253,-2.3813524,1.2090887,-0.8306397,1.1712633,-1.7490513,-2.494818,-0.08539609,-4.366426,-1.6501545,0.8735682,1.8596061,-1.5329504,-2.277793,2.7917688,0.7100858,0.41442847,1.03738,-1.7536544,-0.19705564,-1.4492068,1.9417828,1.2499896,-3.1248639,-1.4131013,-2.3378372,2.5383716,-1.0885738,-0.9259368,2.095397,-0.13126944,2.306226,-4.560079,-1.4143243,-1.8404425,-3.638445,-1.9738883,-0.7702539,-0.4682385,-1.40528,-1.4411739,-1.196651,-3.3874738,-2.3971088,2.7944193,-1.6652638,0.5495014,4.3417606,-1.7306491,-1.8415731
0,/data_nas/huangyj/data/placePulse/rawData/googleviews-110802files/513d6962fdc9f035870046e8.jpg,-1.7464497,-0.8540487,1.7485108,-1.2670373,2.5217705,-2.5919063,-2.615863,-1.58367,-1.439631,-1.6557326,1.738775,1.7971343,-2.3814418,-0.28133905,1.0676214,1.6352928,-1.3086231,3.1601186,-2.707615,-0.96381,-1.8666805,2.089624,2.22795,-3.7887747,-0.3543036,-0.23018172,2.2821991,-0.7570106,-1.9300942,0.920591,-0.5378561,0.6181939,-3.5369697,-0.7071152,-1.0300107,-1.6457376,-0.8748992,0.17937246,-2.5622659,-0.61359876,0.2747091,-1.1716033,0.36678806,-1.140247,1.0871708,-0.67835104,1.0059202,1.2056997,-4.0699296,-0.88012576
0,/data_nas/huangyj/data/placePulse/rawData/googleviews-110802files/50f5e527fdc9f065f00066ea.jpg,-1.4620302,-3.1242359,3.1392195,-0.30110502,0.431405,-1.3562844,-1.3809509,-0.7695222,-5.099566,-0.20923455,1.9853234,0.7925511,-3.4017074,-0.4597894,3.0007544,-0.08136656,-1.2970243,0.9680992,-0.6554403,-1.5139184,-1.7931387,1.1698358,0.3441662,-1.4270456,-2.212573,-0.13525838,1.3558645,0.24341069,-2.016612,1.3121353,1.0693214,-1.8506733,-2.8441782,0.45000887,-1.3369635,-4.9909897,-0.7491884,-1.4410949,-1.2911646,-2.4493003,2.393728,-2.3842435,-2.4880257,0.9374132,1.8309116,-2.193422,-0.023295425,4.504959,-1.8276148,-2.889547
0,/data_nas/huangyj/data/placePulse/rawData/googleviews-110802files/50f5ebd4fdc9f065f0008616.jpg,-1.3108813,-2.277834,2.6872346,-0.7705503,-0.44071937,-1.5923715,-1.7514006,-0.5778774,-2.8046818,-0.5326103,1.6177428,1.0967945,-3.1179805,-0.38278908,2.4431193,-0.03679232,-1.2903876,1.0059651,-1.1953043,-1.179052,-1.6927742,1.1457472,1.1201148,-0.08529089,-1.8210169,-0.07285243,1.7549202,-0.009864656,-1.7000097,0.9733438,1.2449462,-2.5718737,-0.954709,0.17091958,-0.8110035,-2.7930195,-0.8404559,-1.0626916,-0.6408485,-1.9464368,2.7918277,-1.8778712,-1.2328618,1.5520135,1.434581,-1.0638053,0.081764825,2.1043541,-1.9282802,-2.0259058
1,/data_nas/huangyj/data/placePulse/rawData/googleviews-110802files/50f5e900fdc9f065f0007615.jpg,-1.0878037,-2.996806,2.460489,0.216763,0.30338258,-0.8488446,-0.9098924,-0.8191436,-4.471591,-0.3607647,1.8393035,0.901172,-2.787217,-0.30987865,2.5975718,0.39802414,-1.141966,1.1877596,-0.30585852,-1.5368972,-1.3491563,0.89693093,-0.5229326,-0.96397924,-1.769916,0.23501426,0.85847336,-0.20396869,-1.71291,1.3630909,-0.16805623,-1.2372864,-2.3063288,-0.14665183,-1.826472,-4.145813,-0.25322467,-0.44642848,-0.7728242,-1.3011724,1.6381433,-1.9012861,-2.365181,0.23733392,1.4812164,-1.4923341,0.36516994,4.1099243,-1.4419746,-2.7012644
0,/data_nas/huangyj/data/placePulse/rawData/googleviews-110802files/514089f3fdc9f0358700e61a.jpg,-1.4368492,-1.4522066,2.4511402,-0.5776921,2.6881073,-1.081305,-1.0477341,-0.78511524,0.095629476,0.13097025,2.0532436,0.38643634,-2.5013137,0.8932382,1.18848,-0.519427,-1.7066488,0.57005143,-0.8663793,-0.7587188,-1.2875057,0.16905391,1.0715867,-2.8896947,-1.344541,1.052893,1.0799375,0.44770977,-1.7570591,-0.41933364,1.4010764,-0.19647086,-2.3643749,1.4116266,0.18250285,-0.25273803,0.19179067,-0.9242969,-2.8094099,-1.273773,0.39360645,-1.5410658,1.0682032,-0.42458335,0.29632345,-0.40803128,-0.8741537,-0.34062916,-1.6548893,-1.6842357
0,/data_nas/huangyj/data/placePulse/rawData/googleviews-110802files/513d2ffbfdc9f035870026c7.jpg,0.40481067,-0.5751602,0.32734424,0.5578408,-1.1652477,0.12824892,-0.1380339,0.3097771,-0.57288516,0.048289936,-0.16302572,0.5121122,-0.7883081,0.9706393,0.6867191,-0.10358597,-0.02933471,0.44936174,0.0647482,-0.004971985,-0.01997425,-0.37652415,-0.76433283,1.3550831,0.091547415,1.4128147,0.046412855,0.03484202,-0.17667942,-0.13502567,-0.1328243,-2.9199665,0.93360263,-0.34865806,-0.36264715,-0.5612042,1.0374832,0.32711503,0.5781951,-0.21702787,2.4452887,0.310607,0.46160492,1.572565,-0.38928002,0.20155911,0.13262685,0.3332321,-0.46863958,-0.08348911
0,/data_nas/huangyj/data/placePulse/rawData/googleviews-110802files/513d8042fdc9f035870076c1.jpg,-1.3985711,-2.352364,2.7676125,-0.6689705,1.9377968,-1.6914748,-1.8008206,-0.71501684,-4.0957007,-0.37426224,1.85064,0.8354366,-3.018238,-0.44156978,2.4782267,-0.082998954,-1.0809206,1.0779467,-1.2633235,-0.98194724,-1.7667646,1.3654892,1.1785307,-3.281037,-1.7674145,-0.42362413,1.770602,0.29263163,-1.8532283,0.9901409,1.2958522,-0.56929404,-4.0572457,0.54942983,-0.8426182,-4.1711845,-0.9232608,-1.651467,-2.324185,-2.4883082,1.2970905,-2.0103822,-1.6616564,-0.096730374,1.7588633,-2.189614,-0.22827703,3.6734617,-2.2091475,-2.282118
1,/data_nas/huangyj/data/placePulse/rawData/googleviews-110802files/50f46485fdc9f065f00046c5.jpg,0.8687264,-2.443865,0.2949937,0.52253497,0.9170909,-0.4988922,-1.2673495,0.5980344,-7.0469165,-0.9153635,-0.16718225,1.1213161,-0.47305268,-2.0404873,2.7719724,0.4381052,1.6286341,0.38604245,-0.3899992,0.30719098,-0.526192,1.3265791,-0.7131551,-3.2820315,-0.854725,-2.1510582,1.2506785,-0.5788797,-0.122025065,2.1849043,-0.6677662,2.157227,-5.6244555,-1.5430593,-2.2110655,-6.113863,-1.2000083,-1.0106058,0.011275703,-1.7187704,-1.3073854,-0.490757,-4.8213267,-2.373801,2.6394753,-2.9356253,0.49137533,7.2640743,-0.5549605,-1.6748683
1,/data_nas/huangyj/data/placePulse/rawData/googleviews-110802files/513cb2b6fdc9f0358700069d.jpg,1.3849412,-0.75824744,-1.1497921,0.9882325,-0.54199195,-0.362538,-0.9607082,0.41880524,-6.096438,-1.2408116,-1.3945844,1.4195243,0.47116446,-0.8639574,1.3373516,1.5613327,2.0767024,1.9724602,-0.6125481,0.6214182,0.056975935,1.1629972,-1.229875,-1.6060894,1.0646443,-0.7719805,0.5487554,-0.8432707,0.378911,1.7307893,-2.314624,-0.069363445,-3.6674907,-2.65091,-2.2247927,-5.446083,0.049965806,0.59578925,0.95904803,-0.45976803,0.6348853,1.0714418,-3.0529683,-0.87520933,1.2097851,-2.0733364,1.6475346,6.3060074,-1.6041518,0.28590387
1,/data_nas/huangyj/data/placePulse/rawData/googleviews-110802files/5140b64dfdc9f0492600169d.jpg,0.45458165,-0.04005231,0.35067067,0.81608456,-0.81002367,0.4616442,0.35376653,0.453462,-0.61210674,0.74882,-0.42331833,-0.11191504,-0.7311358,1.8091682,0.22987281,-0.61390513,-0.04393907,0.17559178,0.44518375,0.20683563,0.24344595,-0.85486114,-0.9776939,1.0763465,0.40335673,2.1646793,-0.5043112,0.7764781,-0.10809803,-0.83176214,0.53730583,-4.083113,0.8808752,0.42262647,0.33856064,-0.91902786,1.6773577,-0.15332226,-0.08124325,-0.79423094,3.5109413,0.51986873,1.237047,2.562908,-1.0293609,-0.24313216,-0.2960758,0.25573346,-0.3615363,0.32985607
1,/data_nas/huangyj/data/placePulse/rawData/googleviews-110802files/50f433ccfdc9f065f0002696.jpg,1.16275,-0.91078675,-1.0070822,0.14627394,0.94542146,-0.80812496,-1.7075634,0.41833213,-3.7384963,-1.7574022,-0.719456,1.8161029,0.5819459,-1.7058781,1.4176669,1.3944402,1.8307351,1.4167478,-1.3114822,0.8484374,-0.23494819,1.4019245,-0.0010535214,-2.9283993,0.48353773,-1.7937592,1.5345216,-1.3689382,0.30386072,1.7465787,-1.9180714,2.9038956,-4.2882004,-2.5191822,-1.9972981,-2.90586,-0.874826,0.5309937,0.35612148,0.0070456658,-2.23744,0.7022409,-2.6938734,-3.1357236,1.7676297,-1.2015796,1.1885498,4.197355,-1.3544347,-0.11699123
0,/data_nas/huangyj/data/placePulse/rawData/googleviews-110802files/5140d69ffdc9f04926003693.jpg,-0.88714314,-1.8727839,1.5441735,-0.9093079,2.7627115,-1.9687334,-2.413883,-0.7056603,-3.380498,-1.4289151,1.4367758,1.6154099,-1.8659561,-1.3463877,2.095716,0.86593235,-0.30554655,1.6784924,-1.9961184,-0.42683464,-1.5825,1.8694634,1.5696253,-4.5988927,-1.0945456,-1.4429209,2.3329668,-0.7553139,-1.3934915,1.4686819,-0.10298657,2.4269152,-5.238505,-0.76314014,-1.4176756,-3.0726647,-1.4384509,-0.6726843,-2.0548995,-1.2909892,-1.4239613,-1.3008482,-1.8848989,-2.5737908,2.119207,-1.5935391,0.42275223,3.3791356,-2.5431235,-1.682172
0,/data_nas/huangyj/data/placePulse/rawData/googleviews-110802files/50f5ec11fdc9f065f0008697.jpg,-1.3179784,-2.1962717,1.7530055,-0.3650624,2.264528,-1.9712999,-2.0608592,-1.4373177,-5.010137,-1.537709,1.6997856,1.7074828,-2.267232,-0.98024523,2.0943804,1.7892827,-0.7113533,2.9455218,-1.7872123,-1.2365761,-1.7032198,2.143008,0.64542305,-4.1271324,-0.8153763,-0.76005346,1.7386148,-0.89700735,-1.8687627,1.8908615,-1.404154,1.4432836,-5.1718054,-1.2381443,-2.2839959,-4.7057247,-0.9199818,0.10373474,-1.9528655,-0.85598683,-0.28526345,-1.4735379,-2.321658,-1.9481581,1.9319355,-1.9178046,1.2716619,4.962223,-3.3619378,-1.9460436
1,/data_nas/huangyj/data/placePulse/rawData/googleviews-110802files/513e1c33fdc9f0358700969b.jpg,0.93483514,-0.29958698,0.17041628,0.6586333,-1.2146727,0.30058333,-0.06875171,1.0098109,-1.9772612,0.5745688,-0.89061224,0.054620996,-0.558782,0.98751414,0.83192474,-0.8853785,0.7161311,-0.3090099,0.2823043,0.6690667,0.17972587,-0.5533768,-0.6758332,0.8422918,0.17125572,1.1213238,0.010114212,0.7462878,0.23141593,-0.35235333,0.9952259,-3.758908,0.0675447,0.118418984,0.2202353,-2.088579,0.9845037,-0.81809485,0.40718034,-1.5363656,3.3247793,0.5832331,-0.029838862,2.348356,-0.2555697,-0.9396675,-0.3907893,1.6157079,-0.079087116,0.28847474
1,/data_nas/huangyj/data/placePulse/rawData/googleviews-110802files/50f42bbafdc9f065f0001694.jpg,1.2849202,-0.51324767,-0.57093966,1.0934649,-1.8452404,0.52729744,0.06507015,0.808948,-2.63132,-0.05414952,-1.1128613,0.5511423,0.049689695,0.51272106,0.8494874,0.119323686,1.1085755,0.41986758,0.39324296,0.47761303,0.4301286,-0.29941636,-1.5404583,1.4263387,0.5877539,0.8865634,-0.23381212,-0.10044635,0.45725885,0.35067776,-0.8121718,-2.7899768,0.19471052,-1.1663221,-0.8752972,-2.3377995,1.0407069,0.39424598,1.4393853,-0.3266998,2.4225588,0.9567645,-0.9135137,1.3950857,-0.085103855,-0.54696685,0.51337475,2.5302997,-0.089627914,0.31300095
0,/data_nas/huangyj/data/placePulse/rawData/googleviews-110802files/51408a63fdc9f0358700e6fd.jpg,-0.5384034,-2.068976,1.8149796,-0.34103742,0.7510875,-1.4162676,-1.7609408,-0.1865701,-5.249588,-0.60364693,0.78563607,1.0467473,-2.209794,-0.758309,2.4819849,0.13630126,-0.042723738,1.0766188,-1.154103,-0.43286884,-1.3419217,1.4002625,0.7034842,-2.4524753,-1.1858346,-0.7784407,1.6526017,0.10140063,-1.1758461,1.2990912,0.789965,-1.0680592,-3.8512297,-0.31287363,-1.1406727,-5.1224213,-0.89004195,-1.4596578,-1.136127,-2.490036,1.7258097,-1.2478739,-2.4319932,0.23964554,1.847418,-2.4967651,0.20246847,4.881563,-1.9842579,-1.6375251
1,/data_nas/huangyj/data/placePulse/rawData/googleviews-110802files/513d7a19fdc9f035870066fd.jpg,0.62061936,-0.6058552,0.053136848,0.76082623,-1.3423665,0.120150484,-0.1851895,0.3395903,-1.936606,-0.12150314,-0.46341458,0.6489467,-0.61911696,0.72281396,0.82535523,0.23341034,0.37351027,0.79792374,0.04538601,0.04414103,0.04712663,-0.104402974,-1.0470725,1.1470553,0.3335849,1.1622776,0.020104723,-0.08215535,-0.04548568,0.25525692,-0.59939694,-2.9719157,0.32256976,-0.8381602,-0.78122705,-1.8196661,0.9632194,0.3931904,0.7868176,-0.33362648,2.655914,0.48752028,-0.28355607,1.5499662,-0.14506632,-0.3220199,0.521413,1.72008,-0.6405813,0.022343077
0,/data_nas/huangyj/data/placePulse/rawData/googleviews-110802files/513d9a88fdc9f035870076f7.jpg,-1.569452,-2.0869617,2.5732343,-0.39566866,-0.089683354,-1.68489,-1.5403726,-1.1931732,-4.3683915,-0.5829628,1.5825458,1.0811718,-3.1796896,0.118766285,2.1360552,0.76942277,-1.383914,2.2403278,-1.2281256,-1.5509659,-1.7116134,1.4227262,0.59553385,-0.82273185,-1.2002461,0.51391065,1.2534595,0.049033195,-2.0026376,1.1032474,0.24596846,-3.0931427,-1.8658211,-0.16490027,-1.2786798,-4.535364,-0.31026694,-0.60538834,-1.1471021,-1.82347,3.579053,-1.7493545,-1.2710556,1.826593,1.1156888,-1.7064127,0.7406426,3.7092676,-2.9391897,-1.8354348
0,/data_nas/huangyj/data/placePulse/rawData/googleviews-110802files/5140ca0dfdc9f049260026fe.jpg,-1.049125,-0.59921795,0.43373373,0.11388618,2.4732647,-1.908168,-1.7318267,-1.922043,-4.291146,-1.8304111,0.8911462,1.8453639,-1.3051789,0.16605812,0.5600788,3.0492308,-0.3886045,4.6834474,-2.073583,-1.0053005,-1.1965525,2.1356525,0.16899084,-4.4261594,1.0598036,0.4429583,0.9971701,-1.0890298,-1.5706259,1.4463232,-3.2054808,0.902148,-4.9543858,-2.0932767,-2.3657117,-4.3063393,0.2535871,1.5491567,-2.1390958,0.4070702,0.27417526,-0.14262338,-0.6408182,-1.7850324,0.6320981,-1.4603076,2.2950108,4.470248,-4.6231766,-0.28677675
0,/data_nas/huangyj/data/placePulse/rawData/googleviews-110802files/513d3040fdc9f035870026fc.jpg,-0.7868236,-3.1606348,2.5534005,-0.39687544,1.4881115,-1.2875048,-1.6828736,-0.13795523,-5.90566,-0.3809248,1.5144956,0.83578855,-2.63335,-1.3842134,3.2975454,-0.38897842,-0.3063091,0.23569646,-0.77522117,-0.7129205,-1.5807662,1.3315718,0.59834933,-3.2466776,-2.2653458,-1.3973376,1.7929249,0.13560149,-1.4647464,1.6044228,1.338345,0.4304751,-4.921741,0.21162067,-1.351621,-5.5201964,-1.4041128,-2.0677469,-1.4850917,-2.8682334,0.38552237,-2.1090143,-3.60951,-0.82796407,2.5770319,-2.85821,-0.3463003,5.596477,-1.2542894,-2.8527455
1,/data_nas/huangyj/data/placePulse/rawData/googleviews-110802files/50f433c6fdc9f065f0002682.jpg,1.7448469,0.21453895,-1.995996,0.8342339,-0.74437976,-0.5988339,-1.2697887,0.5531406,-5.1552844,-1.6517875,-2.0241182,1.7101557,1.1328405,-0.860507,0.6827271,2.0362303,2.5625317,2.5170286,-1.153614,1.1052192,0.25759667,1.3897758,-0.8006383,-1.5263464,1.9218462,-0.909619,0.7694075,-1.1101273,0.7947044,1.6334174,-2.8240757,0.06678735,-3.2911983,-3.267452,-2.0636866,-4.555508,0.059184253,1.0867687,1.2419319,0.05080475,0.47913566,1.8636903,-2.361108,-1.007154,0.9229042,-1.633247,2.0571778,5.4540615,-2.1141498,1.3466122
0,/data_nas/huangyj/data/placePulse/rawData/googleviews-110802files/513f2b42fdc9f0358700d68e.jpg,1.3649757,-0.030375885,-0.15627104,0.084781766,0.13876233,0.04518971,-0.6727788,1.5924071,-1.3760161,0.43709,-1.2518463,0.10210809,0.08172128,0.37599313,0.8969223,-1.5075544,1.4722326,-1.1858832,-0.20744006,1.6390966,0.16372098,-0.50466794,0.39438236,-1.1434902,0.05986221,0.0150044765,0.7349794,0.85279685,0.5867048,-0.5671743,2.0260408,-1.5469975,-1.7328941,0.43635902,0.87005526,-1.45003,0.27230823,-1.7108071,-0.2055953,-2.1796033,1.2783046,0.78234005,-0.06721085,0.7346046,0.25005525,-1.2898502,-1.1380457,1.2499714,0.19012275,0.5268946
0,/data_nas/huangyj/data/placePulse/rawData/googleviews-110802files/50f5ec11fdc9f065f000868f.jpg,-1.462075,-2.0368307,2.178498,0.047760792,1.2961583,-1.4675896,-1.2593704,-1.4265645,-4.736623,-0.6548467,1.6678818,1.0728561,-2.7489347,0.2373445,1.8322321,1.2168878,-1.2162727,2.65514,-1.0614002,-1.5242805,-1.5046753,1.4083855,-0.008651869,-2.4863982,-0.78786427,0.6557887,0.88806915,-0.14746839,-1.9813415,1.2050453,-0.7546645,-1.4220614,-3.4136324,-0.4104586,-1.726832,-4.8113236,0.030365622,-0.10694785,-1.8422194,-1.2283114,2.1652088,-1.5013969,-1.377928,0.3301417,1.0234001,-1.8750914,0.9717842,4.422408,-3.051834,-1.835216
0,/data_nas/huangyj/data/placePulse/rawData/googleviews-110802files/50f5ec10fdc9f065f000868a.jpg,-0.82533425,-2.0649524,2.0674455,-0.25854686,-1.132706,-1.1224791,-1.304254,-0.3945863,-3.1224606,-0.4702224,1.0504578,1.053771,-2.5810812,-0.1387449,2.203573,0.1547672,-0.87303376,1.0921818,-0.7783641,-1.0210855,-1.2831346,0.8545002,0.32084358,0.67027366,-1.3121152,0.29393026,1.2240678,-0.09537367,-1.3441359,0.9568578,0.5575607,-3.059946,-0.44176957,-0.27368662,-1.0431468,-3.0292711,-0.33960047,-0.5655709,0.056011982,-1.5133728,3.1229532,-1.3280612,-1.3106188,1.8269596,1.0936983,-0.9395919,0.35693496,2.5128462,-1.6446182,-1.6257818
1,/data_nas/huangyj/data/placePulse/rawData/googleviews-110802files/514145d0fdc9f04926006680.jpg,0.036822766,-1.8317899,1.6511114,-0.32169703,0.23035914,-0.95265913,-1.4671003,0.6413714,-4.1155515,-0.045255873,0.30072686,0.62697756,-1.850001,-0.6021904,2.4494383,-0.9486848,0.3641203,-0.30744246,-0.7087373,0.20996629,-1.024739,0.714894,0.7600696,-1.6061317,-1.3574775,-0.77301264,1.5740244,0.5564248,-0.6610919,0.7602069,1.9828008,-1.6038388,-2.9074218,0.35421988,-0.32790372,-4.034869,-0.8157842,-2.1022055,-0.7179715,-2.9280107,1.871116,-0.96482235,-2.0449646,0.7755808,1.6584617,-2.2612312,-0.629719,3.7080498,-0.8349634,-1.3526473
0,/data_nas/huangyj/data/placePulse/rawData/googleviews-110802files/514145d5fdc9f0492600668b.jpg,-0.81896394,-1.2331803,1.1105925,-0.5566723,0.90183616,-1.5934051,-1.872284,-0.8796694,-1.6813515,-1.413695,1.1151735,1.6774201,-1.7090795,-0.4910097,1.3543754,1.3256629,-0.6561102,2.243325,-1.7106622,-0.74379045,-1.2100611,1.4562988,0.8943527,-1.707045,-0.41209912,-0.19678381,1.6758795,-0.96862257,-1.2254891,1.1188793,-0.9943153,0.15196133,-2.0547497,-1.2124661,-1.4192781,-1.4842609,-0.54295254,0.54380846,-0.82649827,-0.11357315,0.31489548,-0.72386384,-0.5667072,-0.8723857,1.0650858,-0.26819277,1.0097473,1.5434995,-2.5641143,-0.9386677
0,/data_nas/huangyj/data/placePulse/rawData/googleviews-110802files/51409223fdc9f04926000657.jpg,-1.026623,-0.2664042,0.47017992,-0.8262324,2.2099597,-2.4167109,-2.5425034,-1.5019399,-2.3736427,-2.13622,0.8342938,2.1419983,-1.3292826,-0.43931258,0.6159961,2.5344458,-0.3767809,3.9847097,-2.7914677,-0.5564637,-1.4167918,2.332087,1.6247013,-3.9693274,0.7177268,-0.37488157,1.9977778,-1.2412164,-1.3698635,1.2947911,-2.0591595,1.1548183,-4.0416274,-1.9517912,-1.6523554,-2.393247,-0.61572415,1.0549686,-1.8888144,0.13870078,-0.13401274,-0.19192249,-0.07810456,-1.7577517,0.95723563,-0.7889119,1.8690705,2.388931,-4.399955,-0.012769025
0,/data_nas/huangyj/data/placePulse/rawData/googleviews-110802files/5140c9d2fdc9f04926002651.jpg,-0.10963894,-2.8851948,1.7175826,0.38804373,-0.40311098,-0.61086744,-1.003445,0.088897884,-6.4744635,-0.33545917,0.6400052,0.84746164,-2.012544,-1.0182068,2.99914,0.017034646,0.22246149,0.50238615,-0.15406722,-0.6749047,-0.96537584,0.9817896,-0.69726217,-1.041017,-1.5515023,-0.7515851,0.9706949,-0.0245345,-0.9447463,1.7225114,0.2916478,-1.3130713,-3.2091305,-0.60184956,-1.7981292,-5.9584846,-0.66795677,-1.2286979,0.054416746,-2.2374885,1.7798111,-1.3387512,-3.8186269,0.41582653,2.0430758,-2.5814419,0.2990995,6.153593,-0.88673955,-2.2445524
0,/data_nas/huangyj/data/placePulse/rawData/googleviews-110802files/513d7fe0fdc9f0358700765f.jpg,-0.10296995,-1.3635719,0.937547,0.6915361,-1.0596156,-0.53216505,-0.6080777,-0.3097825,-4.4468417,-0.32351634,0.07772839,0.8646031,-1.5845541,0.5335005,1.5135093,0.71338046,-0.017577192,1.7610401,-0.31544533,-0.61722434,-0.61550003,0.60396063,-0.91828877,0.19669545,-0.053640686,0.9749262,0.2640516,0.02639345,-0.8250987,0.8658786,-0.6889347,-3.3856177,-1.1904339,-0.8574016,-1.3868138,-4.4041853,0.64512885,0.06854704,0.15551013,-1.1101236,3.5096729,-0.2757342,-1.3053677,1.8521959,0.4425883,-1.4929256,0.9209918,4.0966244,-1.8435874,-0.72032845
0,/data_nas/huangyj/data/placePulse/rawData/googleviews-110802files/51413a35fdc9f0492600565f.jpg,-1.3076345,-2.2120588,1.716602,0.4215129,2.1936755,-1.2878264,-1.0855865,-1.6856441,-5.644341,-0.9450779,1.7269361,1.2015092,-2.2419522,-0.03139472,1.7642782,1.8763473,-0.9354376,3.1752977,-0.9385874,-1.5820272,-1.3575823,1.5718279,-0.61149794,-3.7940457,-0.49081308,0.42803487,0.631595,-0.5731269,-1.9366597,1.588754,-2.029642,0.4651838,-4.909677,-1.0104418,-2.459125,-5.472831,0.12781684,0.52181405,-2.079375,-0.53375196,0.58195513,-1.3307455,-2.0694323,-1.3277518,1.189043,-2.0626469,1.3584061,5.663424,-3.132521,-1.9831591
1,/data_nas/huangyj/data/placePulse/rawData/googleviews-110802files/51413483fdc9f049260046a6.jpg,0.04589039,-1.5772469,1.2138276,-0.59662336,0.5516565,-1.3219936,-1.9354236,0.4427338,-3.9161282,-0.68281054,0.22754532,1.1076186,-1.5559565,-1.0798509,2.2879038,-0.272765,0.52913404,0.33603176,-1.2975448,0.27016804,-1.059073,1.2094785,1.1521918,-2.154795,-1.0601782,-1.2829019,1.9764239,-0.0038509425,-0.5845488,1.0999196,1.2570121,-0.5257887,-3.353838,-0.4026175,-0.66761434,-3.7148776,-1.171155,-1.6285578,-0.6532245,-2.4131482,0.97724974,-0.7509168,-2.141069,-0.119617365,1.8921126,-2.0163918,-0.118277706,3.6389546,-1.3601186,-1.0702835
1,/data_nas/huangyj/data/placePulse/rawData/googleviews-110802files/5140d6adfdc9f049260036a3.jpg,0.96380854,0.030512976,-0.60730135,0.6180158,-0.4829951,0.29199034,-0.15155613,0.5596677,0.26413375,-0.23461081,-0.6343228,0.621297,0.21992281,0.818294,0.13493666,0.11434449,0.61489516,0.42095512,-0.08777561,0.65305144,0.35924688,-0.4964923,-0.7061753,0.41590843,0.6829393,1.1137358,0.06905149,-0.27805495,0.32663086,-0.28959975,-0.68960655,-1.210248,0.22741063,-0.7631632,-0.30714214,0.40486374,1.1046411,0.73708075,0.5427936,0.3987032,0.8061022,1.0196836,0.73671556,0.14387012,-0.5266939,0.5625121,0.16303815,-0.20499179,-0.31732655,0.54439753
0,/data_nas/huangyj/data/placePulse/rawData/googleviews-110802files/51413a51fdc9f049260056a1.jpg,0.97639847,-0.45231235,-1.0088423,1.0894067,-0.06789312,-0.1336273,-0.5263596,-0.06072966,-3.52693,-1.0664194,-0.817708,1.3000414,0.35103938,0.09208518,0.6206821,1.6734549,1.2166657,2.2146976,-0.45857027,0.26002887,0.150377,0.6574189,-1.4360204,-1.1809863,1.2550325,0.42680717,0.10902866,-0.8975959,0.10985729,1.0529896,-2.7246451,-0.13617113,-2.3465915,-2.2753313,-1.9581145,-3.107229,0.8302363,1.4281993,0.52847016,0.62453556,0.42111668,1.1101776,-1.2738928,-0.97336066,0.28180715,-0.8057182,1.5537162,3.8368244,-1.6394123,0.36741883
0,/data_nas/huangyj/data/placePulse/rawData/googleviews-110802files/50f5ec12fdc9f065f00086ab.jpg,-2.1163948,-2.0311534,3.1282964,-0.73430985,0.9057708,-1.9239265,-1.6487547,-1.4579363,-2.879375,-0.43104798,2.246352,0.93438005,-3.6221101,0.4190837,1.9403193,0.5092713,-2.074653,2.1376503,-1.416795,-1.7393558,-1.9731939,1.313212,1.1709465,-1.5139967,-1.5006074,0.77235204,1.4417586,0.20169845,-2.383654,0.6763773,0.76506555,-2.5607202,-1.9114293,0.5427451,-0.8111287,-3.226117,-0.31896868,-0.76033425,-2.088657,-1.7771754,3.0585759,-2.139363,-0.28872272,1.4737506,0.922884,-1.2814319,0.302251,2.1958077,-3.1085181,-2.0538895
0,/data_nas/huangyj/data/placePulse/rawData/googleviews-110802files/5140b64ffdc9f049260016a4.jpg,-0.31974664,-2.0446348,1.7915794,-1.2492123,0.4371944,-1.791955,-2.5580504,0.40036148,-3.2152886,-0.96913254,0.75762326,1.3991113,-2.0770087,-1.6692655,2.7959437,-0.46469995,0.14059094,0.059906468,-1.7412009,0.07030657,-1.5230216,1.566375,2.0171676,-1.9001606,-1.751485,-1.9036899,2.7274086,-0.19886456,-0.83303356,1.3130893,1.8454334,-0.1585095,-2.9641483,-0.29439038,-0.61438775,-2.9630516,-1.9143233,-1.9211903,-0.56186706,-2.5718927,0.6257088,-1.3224673,-2.2891095,-0.30518517,2.4198613,-1.6903769,-0.29463506,2.8310025,-1.3652118,-1.5835348
1,/data_nas/huangyj/data/placePulse/rawData/googleviews-110802files/513d2ef8fdc9f03587002602.jpg,0.29019207,-2.0717933,1.0864414,-0.03241782,0.30122262,-0.69144547,-1.3450366,0.47227857,-3.8982813,-0.5482254,0.3443842,1.0133151,-1.2863603,-0.8814561,2.4032226,-0.24417293,0.55449206,0.1284917,-0.6158342,0.13296378,-0.77738404,0.73680615,0.13840838,-1.5968686,-1.1409307,-0.84485257,1.4030842,-0.15884046,-0.50008595,1.0930152,0.6013776,-0.08148976,-3.0006578,-0.53473884,-1.0797533,-3.4685183,-0.646053,-1.0906084,-0.15084367,-1.7810155,0.3968076,-0.6875597,-2.42443,-0.62830937,1.6841855,-1.6627374,-0.11335628,3.7763605,-0.7859559,-1.4663762
0,/data_nas/huangyj/data/placePulse/rawData/googleviews-110802files/50f5ebd3fdc9f065f0008601.jpg,-1.9879258,-2.1327913,2.8318045,-1.1381047,0.42327693,-2.113582,-2.1112456,-1.387891,-1.9573112,-1.038356,2.2048204,1.4805182,-3.3586123,-0.26808766,2.070592,0.75138,-1.9459069,2.070384,-1.815044,-1.6324489,-2.0398095,1.5086535,1.6055933,-0.910568,-1.6445668,0.14081158,1.9583602,-0.44578817,-2.2470806,0.99407417,0.44982165,-1.6277624,-1.3036804,-0.08264352,-1.0507765,-2.028903,-0.84487754,-0.32042566,-1.3016652,-1.197961,2.0623019,-2.0849,-0.47496283,0.7489178,1.2676305,-0.5380211,0.5316059,1.3437935,-2.971152,-2.0666385
1,/data_nas/huangyj/data/placePulse/rawData/googleviews-110802files/513d9f13fdc9f0358700860f.jpg,-1.5080955,-1.6673939,2.7412982,-0.47288084,0.007191427,-1.5091047,-1.3543098,-0.8368087,-3.2227645,-0.020191474,1.4504004,0.64068586,-3.2434933,0.71137136,1.8664478,-0.03115641,-1.471227,1.5287647,-1.03255,-1.2165807,-1.598335,0.9313535,0.87019813,-0.60675347,-1.2020499,0.98492646,1.137906,0.65346134,-1.8613211,0.39178136,1.3528565,-4.0123353,-1.2115155,0.6874942,-0.38511178,-3.6748137,-0.013405435,-1.1966444,-1.5080194,-2.317309,4.2567444,-1.6328192,-0.24671164,2.6432347,0.6474479,-1.6098166,0.07219309,2.4576616,-2.567161,-1.5151618
1,/data_nas/huangyj/data/placePulse/rawData/googleviews-110802files/51422704fdc9f0492600860b.jpg,0.18066125,-0.91897553,0.31994846,0.65553916,-0.35969207,-0.3196269,-0.55318874,-0.1759514,-2.3415596,-0.55188656,0.09120466,0.9744076,-0.89103884,0.37608325,0.96072465,0.8386471,0.07632622,1.5192515,-0.3654063,-0.32199866,-0.27926013,0.41892406,-0.86098915,-0.12204872,0.22571729,0.8153922,0.33179602,-0.43634945,-0.46417907,0.67116225,-1.2464437,-1.6349615,-0.9178685,-1.1034077,-1.3136824,-2.1339762,0.6571309,0.69911766,0.14256711,-0.023490041,1.6441803,0.1365753,-0.61345565,0.41608638,0.24767193,-0.44786036,0.852752,2.257342,-1.3418988,-0.38009804
0,/data_nas/huangyj/data/placePulse/rawData/googleviews-110802files/5140c9f2fdc9f049260026b3.jpg,-0.7722147,-2.3597364,1.3241128,0.98706067,1.7682928,-0.57877296,-0.47326076,-1.3243293,-5.070844,-0.6917859,1.451103,1.029254,-1.722138,0.19597179,1.699867,1.6133875,-0.63132507,2.56339,-0.24901654,-1.3754927,-0.906006,0.96365523,-1.5286632,-2.9785185,-0.41918898,0.7810301,0.100136675,-0.57952213,-1.550006,1.4172891,-2.3106246,0.61310816,-4.1983004,-1.0201263,-2.5439382,-4.741025,0.6121449,0.8458543,-1.4196035,-0.030393174,0.14001839,-0.99290043,-2.089742,-1.5661308,0.91150963,-1.6275791,1.1982008,5.255147,-2.2485442,-1.9957895
1,/data_nas/huangyj/data/placePulse/rawData/googleviews-110802files/513e1c15fdc9f03587009642.jpg,-0.22494416,-2.3788996,1.909118,-0.9875644,-0.33299345,-1.4554365,-2.2089877,0.52452075,-3.707673,-0.7409587,0.6863857,1.2489216,-2.1661088,-1.6337087,3.0379903,-0.6496792,0.122374274,-0.23584078,-1.2824563,-0.087059006,-1.4030012,1.289292,1.4813926,-0.92395806,-1.9793273,-1.7107464,2.3928483,-0.12790266,-0.8223541,1.3729613,1.8970348,-0.8904998,-2.3134816,-0.27302867,-0.7264243,-3.3503351,-1.7480592,-1.9342501,0.010580279,-2.6377428,1.2013493,-1.4274495,-2.7104144,0.32391965,2.3984895,-1.7193444,-0.35221335,3.2317443,-0.9123785,-1.8384955
1,/data_nas/huangyj/data/placePulse/rawData/googleviews-110802files/50f433c4fdc9f065f000264e.jpg,1.711037,-0.71345544,-1.5912325,1.4493034,-0.4071694,0.17142846,-0.42978325,0.5041022,-5.860831,-1.0986264,-1.5815291,1.2604961,0.99758416,-0.7102028,1.0872047,1.6350579,2.29631,1.7800896,-0.13598707,0.709497,0.4681884,0.8076903,-1.9999889,-1.5145057,1.3093158,-0.52899987,0.028942501,-0.9219919,0.6386727,1.6677575,-2.8612885,0.48564976,-3.578508,-2.7883341,-2.4026082,-5.092424,0.4379229,0.9909911,1.1713567,0.0681532,-0.022636738,1.3639352,-3.098865,-1.3712951,0.9630737,-1.8712194,1.6960428,6.276565,-1.0704947,0.34146655
0,/data_nas/huangyj/data/placePulse/rawData/googleviews-110802files/51408a0cfdc9f0358700e64c.jpg,1.0872133,1.057494,-1.2462798,0.23086739,-0.04306503,-0.74607897,-1.2323717,0.47981042,-1.8345667,-0.9194005,-1.5734692,1.1716937,0.46104172,0.47780564,-0.10044722,1.0022703,1.4860629,1.9307336,-1.3506025,1.1581323,0.118992984,0.73463506,0.29241613,-1.2953175,1.814413,0.34131372,0.7978937,-0.25838768,0.47103205,0.1908435,-0.98934597,-1.6587809,-1.6959577,-1.659249,-0.400379,-1.9351034,0.5848609,0.44722182,-0.01004572,-0.41805837,1.7836324,1.6692978,0.50412506,0.51780677,-0.1662215,-0.8182037,1.0658333,1.8463045,-2.2049534,1.7765929
1,/data_nas/huangyj/data/placePulse/rawData/googleviews-110802files/50f433c4fdc9f065f0002649.jpg,0.8947665,-2.454538,0.9205559,0.8211953,-1.1728646,0.35290033,-0.31508306,1.0392262,-4.7824097,0.194831,-0.13200228,0.43817437,-1.0282137,-0.71642977,2.6240044,-0.84660023,0.8656547,-0.91556513,0.6510964,0.103938445,-0.20062533,-0.039001893,-1.3151486,0.36794683,-1.3313439,-0.46843478,0.47655827,0.16763635,-0.07591605,1.0778345,0.6860612,-1.5334541,-1.6769315,-0.3475265,-1.1980623,-4.147072,-0.15340404,-1.2095957,1.0213373,-1.8750997,1.4366993,-0.57765025,-3.2460847,0.5686729,1.5091244,-1.8180583,-0.3623563,4.5837855,0.73183227,-1.7018156
1,/data_nas/huangyj/data/placePulse/rawData/googleviews-110802files/50f561bcfdc9f065f0005645.jpg,-0.20467398,-2.930926,1.6280773,0.39537176,-0.6726328,-0.81027347,-1.1664242,-0.14175192,-6.7267895,-0.6473748,0.6135065,1.1380326,-2.0002804,-1.117909,2.9889975,0.48836792,0.23076642,1.0527147,-0.36330348,-0.82317674,-1.098977,1.1812848,-0.72532517,-0.86031896,-1.3930826,-0.7886598,1.0241189,-0.29802024,-1.0935069,1.9561988,-0.28013396,-1.2152672,-3.1979978,-0.98590976,-2.1454918,-6.1442976,-0.70620024,-0.7874999,0.3126199,-1.9160242,1.7379402,-1.3095229,-3.924434,0.29067987,2.1032,-2.4894254,0.6974349,6.4447513,-1.3683606,-2.2091293
1,/data_nas/huangyj/data/placePulse/rawData/googleviews-110802files/50f433c4fdc9f065f000264a.jpg,2.178643,0.40177533,-1.8712894,0.3292609,-1.4633522,-0.33821175,-1.3403927,1.5875856,-3.3206298,-1.1094614,-2.44309,1.3180178,1.2439859,-1.0158094,0.8292771,0.4753482,2.8052428,0.5456164,-0.9691665,1.8514298,0.44930407,0.704159,-0.0069412347,-0.30623704,1.2961679,-1.2927916,1.1451881,-0.5836714,1.2931983,0.96483654,-0.6483563,-0.7012764,-1.8279275,-2.30854,-0.7740061,-2.768817,-0.3470554,-0.11681296,1.7553021,-0.8807693,0.7503475,1.8514831,-1.8210853,-0.079406835,0.9557026,-1.2329206,0.8491074,3.4026735,-0.7422488,1.5005388
0,/data_nas/huangyj/data/placePulse/rawData/googleviews-110802files/513e212afdc9f0358700a3d7.jpg,-1.1625453,-1.8435539,2.1485987,0.013071425,-0.04047252,-1.2663574,-1.1583802,-0.9466211,-4.2432847,-0.37465954,1.2204174,0.91954136,-2.7225962,0.43157634,1.8692536,0.6658812,-1.053833,2.048236,-0.8676399,-1.2743129,-1.3428906,1.0682224,0.060404547,-0.79893726,-0.83954865,0.8464162,0.8542238,0.15272486,-1.6872131,0.89154637,0.012619617,-3.1006036,-1.8349427,-0.18484865,-1.2299412,-4.3892617,0.13718925,-0.43259522,-1.0361271,-1.6152048,3.4704528,-1.3162915,-1.061857,1.7427838,0.79045486,-1.6712136,0.6850112,3.714964,-2.5879369,-1.5188481
1,/data_nas/huangyj/data/placePulse/rawData/googleviews-110802files/50f560fbfdc9f065f00053dc.jpg,-0.38975647,-2.1229272,2.1638727,0.44100526,-0.7843469,-0.1279185,-0.24411939,0.16260386,-3.6773314,0.7333868,0.78658575,0.027098179,-2.3855808,0.6596226,2.1529582,-1.0157377,-0.6569947,-0.22682045,0.41270778,-0.69252104,-0.74538374,-0.14682768,-0.66793466,0.4991472,-1.4481186,1.043888,0.26197618,0.90107,-1.0406202,0.23688942,1.5709624,-3.9422057,-0.69286513,0.87165695,-0.38456777,-3.7634199,0.4625579,-1.4399575,-0.38218763,-2.3249369,3.775866,-1.2383657,-1.2440803,2.5524697,0.5852021,-1.6540233,-0.5881437,3.087064,-0.38158688,-1.7583075
1,/data_nas/huangyj/data/placePulse/rawData/googleviews-110802files/513d5a2bfdc9f035870033df.jpg,1.3422458,-0.8445121,-0.814706,1.1118283,0.46258897,0.008097721,-0.549183,0.54438025,-5.158144,-0.6623953,-1.0680853,0.9297476,0.4103265,-0.32516277,1.2232425,0.82890004,1.8251058,1.1828789,-0.18293482,0.7510794,0.16748828,0.5649016,-1.3554896,-2.3479733,0.7776624,-0.3092587,0.2500944,-0.37260634,0.31746402,1.1197711,-1.574332,0.36585993,-3.9987156,-1.7125312,-1.6729554,-4.665112,0.41739184,0.1688739,0.16816185,-0.6725212,0.08954708,0.9072694,-2.39712,-1.2327759,0.8902249,-2.0120244,0.85650694,5.4666104,-1.0033053,0.018847525
0,/data_nas/huangyj/data/placePulse/rawData/googleviews-110802files/51414cb6fdc9f049260073d8.jpg,-1.9673266,-2.722915,3.1597831,-0.69856465,1.3612645,-1.9679022,-1.8796265,-1.3485272,-4.253184,-0.708099,2.3565454,1.1340867,-3.5378168,-0.4537121,2.58617,0.5925122,-1.7038842,1.9204289,-1.4210552,-1.7105123,-2.0725865,1.6496788,1.0540222,-2.4539897,-1.9296045,-0.17223617,1.7458917,-0.075665615,-2.358575,1.313141,0.57050025,-1.0013477,-3.355741,0.21435285,-1.389268,-4.2650666,-0.91006917,-0.9886131,-2.0374613,-1.9735053,1.7650954,-2.4245982,-1.7345567,0.2353495,1.7621262,-1.840648,0.33119524,3.712108,-2.8652833,-2.671124
1,/data_nas/huangyj/data/placePulse/rawData/googleviews-110802files/51414312fdc9f0492600636d.jpg,1.998853,-0.5278565,-1.5722265,0.38980317,1.1435148,-0.39110166,-1.4324083,1.3303133,-5.0014515,-1.2234753,-1.7049237,1.2817397,1.3045702,-1.8414029,1.4225571,0.5789719,2.9338582,0.3677246,-0.90492666,1.7780837,0.22229731,1.0635421,-0.16295661,-3.7555795,0.69850445,-2.305174,1.3411149,-0.75140375,0.99484277,1.5452422,-0.9664687,2.9747698,-5.5113673,-2.1492746,-1.431286,-4.164818,-0.92687637,-0.5443501,0.31455106,-1.0988511,-2.2680683,1.2070247,-3.3804476,-3.0215497,1.9196693,-2.2979984,0.6113443,5.507797,-0.5771058,0.37995932
0,/data_nas/huangyj/data/placePulse/rawData/googleviews-110802files/513d7e3afdc9f0358700736f.jpg,-1.8779178,-1.947543,2.4113429,-0.4334026,1.6667048,-1.991248,-1.7792346,-1.7566981,-3.7200594,-1.0563203,2.0618267,1.3882458,-2.9933016,0.08597194,1.7324315,1.4898342,-1.5996861,3.058526,-1.6596354,-1.6633824,-1.8497204,1.7159176,0.77636087,-2.8199635,-0.8790072,0.45802423,1.4060909,-0.40575528,-2.2766047,1.1715467,-0.7787085,-0.79119074,-3.3955064,-0.4184369,-1.6524355,-3.817918,-0.29721043,0.093056865,-2.1831505,-0.97576296,1.6181109,-1.7204195,-0.8211976,-0.14154217,1.1082599,-1.4096781,1.03047,3.3700686,-3.6474712,-1.8561306
1,/data_nas/huangyj/data/placePulse/rawData/googleviews-110802files/513e2107fdc9f0358700a36f.jpg,0.44392073,-0.8864249,0.5278979,-0.013082122,-1.8007778,-1.0837615,-1.5340853,0.48360687,-5.1355,-0.6397369,-0.8518444,1.1258813,-1.2633542,-0.36848107,1.8419324,0.336076,0.96646017,1.3065453,-1.0620112,0.24431005,-0.6970657,1.1394806,0.31241775,0.27750963,0.0057671256,-0.37553743,1.2464947,0.12768629,-0.27423412,1.0947291,0.44125617,-3.7626932,-1.4666288,-1.1637782,-0.87047255,-5.079753,-0.35468984,-0.97555447,0.73864096,-2.2764876,3.9523842,0.06752603,-1.9529908,2.379944,1.1310643,-2.1693757,0.7955923,4.6085587,-1.9872007,-0.035706934
1,/data_nas/huangyj/data/placePulse/rawData/googleviews-110802files/513e1b04fdc9f03587009364.jpg,-1.2809758,-2.9432638,2.9912071,-0.6641623,0.46578652,-1.291819,-1.5442559,-0.45065796,-3.2119706,-0.26160496,2.013068,0.84886557,-3.1893306,-0.62232214,2.9071786,-0.49350664,-1.323136,0.2928372,-0.796333,-1.2132474,-1.6792285,0.9661574,0.8329815,-1.041678,-2.4050226,-0.33256045,1.692565,0.10741036,-1.7399471,1.03868,1.5701786,-1.3533326,-1.9696172,0.5546101,-0.906008,-3.0707672,-0.9710229,-1.5095526,-1.0666234,-2.1872716,1.6639153,-2.2653103,-1.901036,0.5734166,1.7866004,-1.3777053,-0.41196397,2.6597106,-1.225144,-2.7699971
1,/data_nas/huangyj/data/placePulse/rawData/googleviews-110802files/513d7e35fdc9f03587007364.jpg,-0.954809,-0.8396542,1.5427325,0.050991252,-1.1012489,-0.9641985,-0.8003892,-0.85651773,-1.6465948,-0.2878518,0.7262549,0.8666915,-2.2588484,1.2756662,0.89884365,0.69377434,-1.1856796,2.0976484,-0.7874342,-1.0612388,-0.93597406,0.49345583,0.0024334174,1.1035625,-0.12791279,1.837486,0.4386035,0.13091075,-1.3354086,0.16126421,-0.16845456,-4.518593,0.7183315,-0.22638948,-0.642243,-2.0238607,0.84898555,0.32395443,-0.32640272,-0.72570527,4.37931,-0.5872682,0.7710484,2.862931,-0.29733738,-0.32828733,0.78824395,1.0550969,-2.4403584,-0.50947696
0,/data_nas/huangyj/data/placePulse/rawData/googleviews-110802files/513d6857fdc9f03587004333.jpg,-0.6582706,-0.2576278,0.9773709,-0.42311448,0.49226928,-1.2127295,-1.3400455,-0.58625376,-0.930435,-0.57476574,0.5160465,0.9628518,-1.5966452,0.7686729,0.6462231,0.60783935,-0.67170715,1.9013776,-1.3440063,-0.38392192,-0.85079587,0.80682576,0.87978464,-0.97143966,0.17773199,0.97394514,1.035778,-0.025794143,-0.9870192,0.049473114,0.010282409,-2.320812,-0.89083695,-0.39165258,-0.2630631,-1.2790304,0.34175575,0.039358936,-1.1008188,-0.7120679,2.4509428,-0.20354965,0.99265724,1.1748986,-0.026065852,-0.38182622,0.5194042,0.5750294,-2.4619107,-0.00584157
0,/data_nas/huangyj/data/placePulse/rawData/googleviews-110802files/50f43baffdc9f065f000333e.jpg,-1.8110058,-2.0916936,3.2740943,-0.28062162,0.3491972,-0.9821751,-0.70543927,-0.9473901,-1.7049352,0.54352283,2.133695,0.19245358,-3.531335,1.2210124,1.804615,-0.6022322,-2.2294657,0.7603782,-0.3573403,-1.5866804,-1.4911988,0.18979526,0.39835232,-0.10287809,-1.7742302,1.709221,0.6320341,0.8680354,-2.1133933,-0.11229484,1.7320522,-3.8569624,-0.29033256,1.5387217,-0.10061886,-2.1531055,0.43035913,-1.136399,-1.7752743,-1.9515263,3.8112836,-2.0944908,0.41158953,2.5738015,0.23054096,-0.898522,-0.5394526,0.93971556,-1.7103269,-2.1772265
0,/data_nas/huangyj/data/placePulse/rawData/googleviews-110802files/513d58d3fdc9f03587003330.jpg,-0.22604595,-0.026551258,-0.4661479,-0.7842986,2.6966388,-2.4999237,-2.930637,-0.9454791,-4.445656,-2.534675,-0.12070738,2.3236322,-0.37420818,-1.4341022,0.807931,2.7510176,1.0043663,3.9347312,-3.069178,0.27038133,-1.1779824,2.8345284,1.7204002,-5.5865126,1.1701993,-1.7469606,2.348617,-1.4148387,-0.73660815,1.8879712,-2.314208,2.7813191,-6.293824,-2.712682,-1.9687222,-4.185897,-1.2524375,0.6165295,-1.763156,-0.38530725,-1.3681611,0.3703889,-1.5800523,-2.980624,1.735755,-1.9411147,2.0887825,4.7000155,-4.3988204,0.44540223
0,/data_nas/huangyj/data/placePulse/rawData/googleviews-110802files/5141338afdc9f0492600433b.jpg,-1.7855512,-1.8296722,2.5895932,-0.48027247,1.3513755,-1.8331311,-1.6259392,-1.4145674,-3.5053794,-0.61950386,1.8860127,1.0576369,-3.1165013,0.32883596,1.772195,0.8476492,-1.5784967,2.4238932,-1.4497212,-1.4835321,-1.7679535,1.4240737,0.8810906,-2.3249848,-1.0431149,0.62178206,1.3255299,0.047804967,-2.1519432,0.8563143,0.15424377,-1.8062015,-2.848346,0.11137618,-1.1133668,-3.7597864,-0.23063093,-0.5061971,-2.1612842,-1.5669403,2.447607,-1.7413524,-0.57220495,0.7679769,0.96661645,-1.563309,0.5828829,3.007861,-3.2313335,-1.7652744
1,/data_nas/huangyj/data/placePulse/rawData/googleviews-110802files/50f42eb2fdc9f065f0002377.jpg,2.2604284,-0.52438337,-1.4991684,0.7730123,-1.3752992,0.14535126,-0.8773307,1.6768991,-4.8182464,-0.75617784,-2.1360726,1.0493364,1.0300713,-1.2444943,1.5080113,0.17877272,2.8009062,-0.00019770674,-0.24479066,1.5676596,0.5184634,0.55043507,-0.8828752,-0.43694755,0.70437,-1.390378,0.7866916,-0.45198038,1.2457604,1.3127899,-0.65834993,-0.43994257,-2.4626207,-2.1535656,-1.2436222,-4.087296,-0.32682347,-0.43081337,1.8185947,-1.1544527,0.5377505,1.4124267,-3.0930116,-0.35202488,1.3538824,-1.8250767,0.6600174,4.9592757,0.050982133,0.61235446
1,/data_nas/huangyj/data/placePulse/rawData/googleviews-110802files/51421a96fdc9f04926008372.jpg,0.36810806,-1.3324771,0.24308391,0.88774836,-1.0732309,-0.19302559,-0.46332586,-0.14026959,-3.801121,-0.6385701,-0.109033816,1.0741405,-0.8542511,0.13327476,1.3560836,1.0197304,0.37310523,1.6414869,-0.16420788,-0.40700433,-0.25664702,0.49351752,-1.3342481,0.33192447,0.13318634,0.6570718,0.18950275,-0.53453076,-0.42440814,1.0607382,-1.5780114,-1.9213928,-1.0898153,-1.503969,-1.7799445,-3.4257152,0.63772523,0.7383424,0.76838636,-0.17637537,1.9891334,0.11328736,-1.5932093,0.5920289,0.50396305,-0.8784594,1.1261302,3.7029433,-1.304033,-0.6103738
0,/data_nas/huangyj/data/placePulse/rawData/googleviews-110802files/513d7903fdc9f03587006371.jpg,-0.5194175,-2.017051,2.1001947,0.040380083,0.038425505,-0.76411796,-0.94898415,-0.004601082,-4.0354724,0.198374,0.838639,0.4530602,-2.3996077,0.22120541,2.2426758,-0.5866702,-0.4722102,0.364502,-0.35199982,-0.5692914,-1.0548518,0.5090383,0.05969751,-0.8674647,-1.3195179,0.37774816,0.90276563,0.65527517,-1.1477041,0.57282346,1.4062126,-2.834084,-1.9982991,0.512325,-0.5648322,-4.112838,-0.05949807,-1.5203812,-0.8892342,-2.462878,2.9948838,-1.2430505,-1.4427475,1.6442606,1.0431408,-1.9724892,-0.32647488,3.5336995,-1.2226031,-1.6430902
0,/data_nas/huangyj/data/placePulse/rawData/googleviews-110802files/513d9e4bfdc9f03587008375.jpg,-0.057585552,-0.37976387,0.61836857,0.37682626,-1.4245152,-0.5121901,-0.57100105,-0.15743205,-1.7528448,-0.19312133,-0.17646857,0.75227565,-1.3292176,1.1453034,0.7010127,0.47179234,-0.23674133,1.5981708,-0.5140942,-0.3397932,-0.39924726,0.24401152,-0.37824616,1.2391682,0.38790405,1.5729437,0.2490468,0.15125594,-0.581008,0.08957103,-0.28766608,-4.260351,0.68482363,-0.5973743,-0.5172106,-1.9759157,0.9956037,0.31635755,0.29369766,-0.64921594,3.9990869,0.20923297,0.5090779,2.6368306,-0.37303695,-0.3995992,0.7181966,1.3066895,-1.7967869,0.16391006
0,/data_nas/huangyj/data/placePulse/rawData/googleviews-110802files/5141339afdc9f0492600437a.jpg,1.0128655,-1.1161194,0.08047965,0.19774319,-1.3647,-0.10884636,-0.88081723,1.0461007,-2.1597435,-0.4131062,-0.6478521,0.8949613,-0.4044466,-0.60549253,1.638524,-0.38714445,1.0055367,-0.34335953,-0.25830978,0.60225064,-0.093296975,0.13298933,-0.23913221,0.8019419,-0.44491172,-0.4534705,0.9632335,-0.27798417,0.25797248,0.6738409,0.41120183,-1.4284563,-0.43075082,-0.8941255,-0.65110177,-1.6829772,-0.22134747,-0.48940688,1.2768564,-1.0329542,1.1843606,0.21997991,-1.537381,0.53746086,0.96375734,-0.58539695,-0.015369553,1.9692143,0.067835696,-0.3771575
1,/data_nas/huangyj/data/placePulse/rawData/googleviews-110802files/50f463c6fdc9f065f0004322.jpg,1.195625,-0.83569527,-0.35617954,0.6276852,-2.1073987,-0.40689245,-0.99768406,0.8102978,-5.2514544,-0.6743196,-1.4334444,1.1201034,-0.30735734,-0.4602756,1.6432146,0.513665,1.6583227,1.0585297,-0.51070666,0.5824075,-0.11672503,0.782135,-0.7042308,0.60007125,0.4399538,-0.3783786,0.70091563,-0.15314409,0.2781204,1.2139778,-0.482609,-2.936421,-1.4269507,-1.7308273,-1.2891262,-4.9026604,0.0075755557,-0.36603048,1.512356,-1.5405737,3.0074048,0.6903217,-2.412983,1.6076378,1.0073438,-1.9399648,0.98885095,5.0028577,-1.2466905,0.21558586
0,/data_nas/huangyj/data/placePulse/rawData/googleviews-110802files/513ce9effdc9f03587002322.jpg,-0.8232962,-1.4500312,0.56732494,-0.559611,4.146393,-2.1515675,-2.4884753,-1.3733765,-4.5299273,-2.233264,1.2919989,2.0371237,-1.0086473,-1.6647241,1.4956757,2.4421322,0.13913065,3.2977157,-2.3986158,-0.47972217,-1.4362245,2.5744393,1.1187422,-6.7330766,-0.044320002,-1.7890267,2.1238453,-1.4968512,-1.348004,2.0740933,-2.367124,4.916287,-7.412901,-1.9901334,-2.4823737,-4.0018253,-1.3472562,0.5294332,-2.6213527,-0.11376972,-3.3319843,-0.76202655,-2.362692,-4.7047553,2.191988,-1.8804952,1.5216554,4.973808,-3.5713146,-1.2694288
0,/data_nas/huangyj/data/placePulse/rawData/googleviews-110802files/513d5a34fdc9f035870033e3.jpg,-0.743098,-2.4136107,1.898416,0.1333864,0.71938825,-1.2255133,-1.3506491,-0.61903703,-6.3309946,-0.58796096,1.0457872,1.0018972,-2.3737845,-0.6080133,2.5415964,0.70088404,-0.27353156,1.7331561,-0.8160103,-0.98997587,-1.3015296,1.4848851,-0.15636651,-2.3823862,-1.0978173,-0.397595,1.1316826,-0.038421653,-1.4162167,1.6352392,-0.1856165,-1.1784052,-4.0394893,-0.6243631,-1.8187737,-6.1288857,-0.5337941,-0.91427463,-1.1138425,-2.0512307,1.9488556,-1.393193,-2.950981,0.22167206,1.7789671,-2.691169,0.7013585,6.035297,-2.2245562,-1.9669464
1,/data_nas/huangyj/data/placePulse/rawData/googleviews-110802files/51421b05fdc9f049260083e7.jpg,-0.7866374,-2.1375327,1.3392632,-0.105179146,-0.19539696,-1.4104985,-1.6549201,-0.97580576,-3.6561618,-1.5104363,1.1691409,1.8006035,-1.9348165,-0.8477934,2.0023737,1.5812932,-0.5554055,2.3874803,-1.2948909,-1.151379,-1.3120253,1.5233325,0.085212916,-0.83009493,-0.7848584,-0.36428,1.414838,-1.1622247,-1.3927842,1.735967,-1.551613,-0.21635583,-2.1065369,-1.5911034,-2.2366662,-3.1599283,-0.60376287,0.7240414,0.017067133,-0.16758306,0.7337123,-1.0637879,-2.0075812,-0.65172154,1.5075426,-0.70181,1.3260311,3.474479,-2.4291806,-1.6354729
1,/data_nas/huangyj/data/placePulse/rawData/googleviews-110802files/513cc0befdc9f035870013e7.jpg,2.0515137,-0.9717831,-0.52112705,0.9184331,0.15671635,0.6917335,-0.22851755,1.980289,-4.5391297,0.4894763,-1.5081941,0.003696546,0.5492229,-0.58606225,1.7116889,-1.371381,2.3441954,-1.6125027,0.5908815,1.663047,0.55687284,-0.35579726,-1.0001976,-1.7189082,-0.20851597,-0.89835584,0.36494663,0.64578986,0.9951139,0.41474634,1.2210262,-0.31366318,-3.4462276,-0.23145308,-0.24110526,-4.0589957,0.020213429,-1.8689001,0.35335568,-2.3649025,0.309489,0.74109626,-2.699418,-0.34101582,1.1629859,-2.466099,-0.8801261,4.649617,1.1604502,-0.20206925
0,/data_nas/huangyj/data/placePulse/rawData/googleviews-110802files/514090f9fdc9f049260003ee.jpg,0.65869766,0.0727775,-0.49912864,-0.427034,0.41446102,-1.6017901,-2.2317598,0.29514557,-3.6433337,-1.523027,-1.0156214,1.687308,-0.22196199,-0.79952776,1.0155581,1.1417289,1.4872822,2.038435,-2.0796723,0.92000186,-0.62518847,1.6723828,1.2136718,-2.5397568,0.8705041,-1.1338625,1.8800656,-0.56021947,0.00932019,1.1221066,-0.5496186,-0.30096835,-3.5364006,-1.8556149,-0.932732,-3.5016532,-0.7223643,-0.29062372,-0.28716913,-1.2998464,0.90135425,0.774982,-1.195191,-0.46954587,1.223045,-1.7108227,1.1045157,3.5985765,-2.71859,0.80600053
1,/data_nas/huangyj/data/placePulse/rawData/googleviews-110802files/50f42eedfdc9f065f00023e9.jpg,-0.38773704,-1.4836795,1.0345184,-0.5812648,2.2697198,-1.6252242,-2.1126766,-0.35588032,-3.680596,-1.2217412,0.80942273,1.4500347,-1.4025595,-1.0807759,1.8584237,0.7555503,0.19306171,1.5365318,-1.7175745,-0.072666064,-1.2075169,1.6216273,1.1433349,-4.150642,-0.62824893,-1.1983944,1.9859592,-0.56603736,-0.9866565,1.3119886,-0.19838451,1.6677749,-4.941997,-0.9081742,-1.2944664,-3.426054,-1.0534629,-0.6562288,-1.6650147,-1.3482229,-0.800531,-0.75301754,-1.8311802,-2.0427806,1.8219861,-1.7656285,0.46251243,3.7222846,-2.2904787,-1.1507527
1,/data_nas/huangyj/data/placePulse/rawData/googleviews-110802files/513e212ffdc9f0358700a3e5.jpg,-1.0584884,-2.6487746,2.2521095,-0.29486448,0.92518383,-1.6177355,-1.7834265,-0.7528598,-6.0083733,-0.8233422,1.4044971,1.2238886,-2.6965396,-0.95531094,2.787552,0.69465107,-0.5311033,1.7411813,-1.1854823,-1.108903,-1.6601156,1.736111,0.4486386,-2.6247635,-1.463459,-0.7868234,1.619048,-0.21140446,-1.667448,1.7774867,0.08910504,-0.62650615,-4.2040143,-0.5563533,-1.8146951,-5.7707744,-1.0102054,-1.0550989,-1.2729404,-2.1372757,1.501108,-1.7596726,-3.0006592,-0.13167071,2.108573,-2.553512,0.63374007,5.666597,-2.4256976,-2.2707152
0,/data_nas/huangyj/data/placePulse/rawData/googleviews-110802files/51409e37fdc9f049260013ea.jpg,-1.9586535,-2.2726011,3.1697912,-0.71621263,0.60995823,-1.6574944,-1.5286194,-1.2412608,-2.2707746,-0.3336496,2.278407,0.899375,-3.530708,0.3325689,2.0851638,0.15879136,-2.0761454,1.5202887,-1.1784381,-1.6600729,-1.8692995,1.0170691,1.0649273,-0.9125305,-1.8058962,0.7283559,1.4072123,0.18367818,-2.2597578,0.5796221,1.0369703,-2.4509342,-1.3172666,0.6993931,-0.720372,-2.515884,-0.34745178,-0.815142,-1.7116077,-1.6836122,2.7396584,-2.2135022,-0.3050917,1.3932595,0.9556379,-0.9431856,0.008707371,1.6201272,-2.4784524,-2.290905
0,/data_nas/huangyj/data/placePulse/rawData/googleviews-110802files/51414cc0fdc9f049260073eb.jpg,-0.987763,-1.4154458,1.7910432,0.22921276,-0.29231888,-0.78788614,-0.66746867,-0.8461234,-2.087592,-0.17809714,1.1514424,0.75134885,-2.3297875,0.96363825,1.2500248,0.5228382,-1.2483243,1.7171526,-0.504688,-1.1788989,-0.9690452,0.43809348,-0.29722494,0.20509854,-0.5700736,1.5249716,0.4277483,0.07278328,-1.4476329,0.35008866,-0.22807619,-3.1990695,-0.30639622,-0.04565876,-0.9119703,-2.264606,0.69236106,0.17959073,-0.69859445,-0.70629203,3.1901312,-0.9362245,0.094024636,1.7733136,0.08985069,-0.52619725,0.51741725,1.6327671,-1.9936633,-1.1642867
0,/data_nas/huangyj/data/placePulse/rawData/googleviews-110802files/5140c8bafdc9f04926002312.jpg,-0.6581567,-2.1336973,1.9485502,0.0069585387,-1.1035286,-0.88110846,-1.0514685,-0.3463199,-3.7513058,-0.3276836,0.93260056,0.9253782,-2.4546921,-0.029366698,2.228727,0.15584466,-0.71119314,1.065251,-0.51982886,-1.0068489,-1.1207163,0.7772521,-0.10714673,0.56053966,-1.2209141,0.4271002,0.9483144,0.006487474,-1.2333812,0.9934054,0.37618202,-3.1853297,-0.69936097,-0.32118943,-1.1750787,-3.6592758,-0.1237885,-0.5759814,0.0698185,-1.5611206,3.2620888,-1.2225757,-1.5892352,1.8552222,1.0396482,-1.2320461,0.39751044,3.201203,-1.4849074,-1.6503524
0,/data_nas/huangyj/data/placePulse/rawData/googleviews-110802files/513e5ffcfdc9f0358700b311.jpg,-0.8913362,-3.2899125,2.652943,-0.18946484,0.70199573,-1.0290796,-1.3443247,-0.31746313,-5.1965737,-0.30274504,1.7049651,0.8357214,-2.7900767,-1.057944,3.2099028,-0.26911578,-0.7034631,0.3173847,-0.4690082,-1.0941253,-1.4777128,1.0838099,0.11461599,-1.850141,-2.3199363,-0.8079799,1.4456286,0.0050519817,-1.560941,1.5345191,0.9576852,-0.45294023,-3.4463804,0.11483269,-1.5077136,-4.8051047,-1.0354644,-1.535382,-0.9397332,-2.3044028,0.9973015,-2.1488912,-3.256139,-0.20927086,2.224198,-2.2081368,-0.20658906,4.8312774,-1.0057591,-2.9739466
0,/data_nas/huangyj/data/placePulse/rawData/googleviews-110802files/51409095fdc9f0492600031c.jpg,-0.45019406,-1.0872324,0.84636843,0.11568943,3.3604424,-0.666922,-0.90334165,-0.5690503,-0.25503904,-0.5718878,1.3251617,0.8420368,-0.92853254,0.25479907,0.7727383,0.5167001,-0.50958294,1.1217932,-0.799588,-0.20945719,-0.6372982,0.43782878,0.11855228,-3.9457312,-0.2919507,0.38413492,0.8641889,-0.43571725,-0.9409667,0.22006665,-0.7390558,2.5995061,-3.630674,-0.07175846,-0.8674956,-0.09131801,0.27495158,0.32745576,-2.2944782,0.20434852,-2.1631231,-0.47433016,0.26313168,-2.8903165,0.4951252,-0.20016317,-0.038901787,0.574382,-1.4508076,-1.0827619
1,/data_nas/huangyj/data/placePulse/rawData/googleviews-110802files/50f42eaefdc9f065f000231c.jpg,0.7293449,-0.18343614,-0.8160961,0.46429923,-1.2938417,-1.0048219,-1.4099243,-0.08986011,-4.506073,-1.5267444,-1.1607612,1.7525113,-0.14425476,-0.40809125,0.88124925,1.9998426,1.3154044,2.8747735,-1.3322462,0.20026942,-0.28236324,1.4644424,-0.41795373,-0.31769028,1.3097425,-0.19568165,0.877302,-0.9390831,-0.018404972,1.504799,-2.2726302,-1.8348575,-1.8340307,-2.7154124,-1.9071444,-4.193261,0.09231802,1.0294229,1.0184156,-0.17056774,2.214678,1.0045102,-1.6122996,0.5648959,0.73067355,-1.281327,2.0748038,4.4492006,-2.660756,0.76055616
0,/data_nas/huangyj/data/placePulse/rawData/googleviews-110802files/513e6002fdc9f0358700b31b.jpg,-0.19058919,-2.041179,1.2417135,0.24412805,0.7645926,-0.9501165,-1.2748879,-0.26642168,-5.4093328,-0.67570394,0.62462234,1.076329,-1.6533352,-0.6007232,2.2248783,0.6083036,0.20588362,1.4014078,-0.743559,-0.47140142,-0.9722248,1.246364,-0.23808815,-2.386773,-0.72883123,-0.45285803,1.0997624,-0.20271203,-0.9446965,1.4442003,-0.41267818,-0.49491772,-3.888081,-0.85438466,-1.69936,-5.1189394,-0.38906056,-0.6353375,-0.80857843,-1.5920551,1.1218585,-0.81987506,-2.6113973,-0.4273022,1.5898181,-2.250618,0.5987259,5.2805676,-1.7648607,-1.5049024
0,/data_nas/huangyj/data/placePulse/rawData/googleviews-110802files/5140c8bafdc9f04926002314.jpg,0.4814955,-0.228475,-1.164356,0.47559285,1.1121805,-1.2926799,-1.6284082,-0.7803239,-5.294119,-2.1033077,-0.6796403,2.0230353,0.24145108,-0.8106634,0.6346245,2.9928718,1.3557165,3.8890352,-1.7562709,0.07211886,-0.40726262,2.0608215,-0.41527972,-3.5126338,1.6641628,-0.6781946,0.9583586,-1.4881471,-0.2721692,1.9500186,-3.6869442,1.4524236,-4.7989035,-3.271638,-2.6684964,-4.836234,-0.083838485,1.630884,-0.32352996,0.5686265,-0.40757817,0.97872984,-2.0831177,-2.1858416,1.0562557,-1.6569592,2.5644586,5.6887956,-3.4275765,0.53822017
0,/data_nas/huangyj/data/placePulse/rawData/googleviews-110802files/5140d36bfdc9f049260033c7.jpg,0.42163345,-1.5683359,0.076079234,0.24083069,1.3448558,-1.1602777,-1.7303116,-0.106820494,-5.8255944,-1.4711365,-0.061052505,1.6188331,-0.55582446,-1.4538269,1.9700788,1.4335276,1.2252163,1.9643644,-1.2667104,0.12973642,-0.7354273,1.7604811,-0.114886254,-3.7012115,0.010454599,-1.497259,1.4658661,-0.89965296,-0.4345135,2.0008008,-1.5873487,1.8220837,-5.3906384,-2.0348113,-2.240746,-5.217254,-0.8603871,-0.061767317,-0.5409068,-0.9307053,-0.8642366,-0.08995277,-3.2962868,-2.297003,2.0299082,-2.312335,1.2364469,6.066525,-2.114096,-0.85387236
0,/data_nas/huangyj/data/placePulse/rawData/googleviews-110802files/50f5eba4fdc9f065f00083c5.jpg,-1.4778539,-2.1447835,2.317463,-0.1440955,1.1772956,-1.6901418,-1.5559082,-1.3177022,-5.4958577,-0.7442876,1.5586039,1.1242424,-2.8694916,-0.08109945,2.1227741,1.1279032,-1.0339898,2.5967226,-1.274781,-1.4097828,-1.6524096,1.6493732,0.3443342,-2.688847,-0.96051896,0.20571013,1.1887984,-0.04187143,-1.9831443,1.3512613,-0.33422184,-1.5215621,-3.8694282,-0.39015186,-1.6666187,-5.5699477,-0.3303244,-0.5758109,-1.8514729,-1.812944,2.3695807,-1.6467311,-1.8338379,0.49106166,1.3696516,-2.358035,0.9183852,5.09953,-3.237801,-1.903245
0,/data_nas/huangyj/data/placePulse/rawData/googleviews-110802files/50f5e897fdc9f065f00073c5.jpg,-0.4745082,-2.364813,2.0887794,-0.3051634,0.22095329,-1.1736934,-1.5359192,0.052948184,-5.457051,-0.26290628,0.76589006,0.7957366,-2.3729987,-0.6908711,2.7573977,-0.39850867,-0.06648399,0.44953206,-0.8058706,-0.43401667,-1.3070469,1.1001545,0.566577,-1.768866,-1.5756464,-0.69012296,1.4922597,0.38365084,-1.1501609,1.1717925,1.4502397,-1.791684,-3.3621244,0.083925635,-0.9192073,-5.3445253,-0.8525323,-1.8915834,-0.85389537,-2.9406924,2.287073,-1.4460249,-2.6519773,0.8956955,1.8659459,-2.6501055,-0.1694038,4.9847345,-1.470859,-1.9005194
0,/data_nas/huangyj/data/placePulse/rawData/googleviews-110802files/5141435bfdc9f049260063c4.jpg,-2.152592,-2.7172008,3.4537785,-0.8598163,2.4172862,-1.9069071,-1.8044076,-1.3662087,-3.7322967,-0.3947775,2.694713,0.83454365,-3.6707287,-0.20312701,2.516901,0.14395657,-1.9613054,1.5092443,-1.35851,-1.6402632,-2.104976,1.436605,1.317721,-3.487361,-2.1556418,-0.023319583,1.7331709,0.22640176,-2.4893074,0.92168766,1.1824014,-0.43484887,-3.995638,0.8511134,-0.9536376,-3.8866935,-0.8355026,-1.4310167,-2.900671,-2.2704058,1.2518626,-2.6300762,-1.2897195,-0.18181503,1.6468173,-1.9388231,-0.2014667,3.2314825,-2.666416,-2.8635182
0,/data_nas/huangyj/data/placePulse/rawData/googleviews-110802files/50f5eba4fdc9f065f00083c4.jpg,-0.69219226,-1.4865705,2.165702,-0.07397463,0.219188,-0.3065738,-0.4305893,0.018675981,-0.72008276,0.6874485,1.1630114,0.010199185,-2.2620358,1.069886,1.4308503,-1.2079641,-1.165981,-0.3600691,0.0014613766,-0.5086861,-0.7728993,-0.42238,0.20596896,0.03292757,-1.3577391,1.3795847,0.5182785,0.86311454,-1.1268088,-0.53016704,1.988882,-3.0110395,-0.12893035,1.3996656,0.3900057,-0.9898462,0.5656237,-1.2536174,-1.1210008,-1.7827007,2.7004836,-1.174155,0.5525361,1.8774505,0.040733434,-0.543898,-1.0318017,0.1565125,-0.52780014,-1.427516
1,/data_nas/huangyj/data/placePulse/rawData/googleviews-110802files/513d6873fdc9f03587004393.jpg,-0.08672704,-2.3368447,1.479917,0.0028280634,-1.4578792,-1.0169597,-1.4725016,0.15013026,-5.964323,-0.6702792,0.23569651,1.1798617,-2.0174963,-1.0977447,2.812611,0.2771878,0.32049984,0.93477863,-0.6962666,-0.55843717,-1.0600271,1.301486,-0.0802941,0.11165666,-1.1912082,-0.86789995,1.3652645,-0.17558001,-0.81966674,1.7590241,0.32103077,-2.5293403,-1.9878008,-1.0347052,-1.6216897,-5.5516486,-0.8778192,-1.052862,0.67667156,-2.202117,2.87238,-1.0435109,-3.3496785,1.4282581,1.9503815,-2.2576492,0.6657187,5.4667606,-1.4064207,-1.593007
1,/data_nas/huangyj/data/placePulse/rawData/googleviews-110802files/51414c9efdc9f04926007397.jpg,1.0470803,-0.4020086,-1.2605397,0.33718473,1.3744338,-0.8709757,-1.5840833,0.08700154,-3.5695794,-1.8318603,-0.7357187,1.8184799,0.6662324,-1.2225413,0.87245417,1.9061679,1.7011583,2.220469,-1.4217716,0.72669786,-0.1433217,1.5237283,-0.17851251,-3.404607,1.1117451,-1.256912,1.2740864,-1.4147068,0.24956374,1.6294869,-2.6266623,2.7262037,-4.4401693,-2.7440734,-2.095406,-2.89394,-0.42810762,1.0547153,-0.091001764,0.4769021,-1.9563333,1.0305526,-2.0454197,-3.1077552,1.3136085,-1.0802375,1.5821855,4.061223,-1.9641172,0.35291955
0,/data_nas/huangyj/data/placePulse/rawData/googleviews-110802files/513cec17fdc9f03587002390.jpg,0.990597,0.25071543,-1.5666625,0.07233854,3.838457,-0.85708773,-1.5633936,0.02921673,-1.7968658,-1.7307115,-0.4850239,1.4908403,1.2819586,-1.0265887,0.11978545,1.6905694,1.6927192,1.9016665,-1.6396438,1.2403563,0.028801259,1.2817807,0.43024388,-6.0097213,1.3427314,-1.3655745,1.3174748,-1.2928532,0.3566334,0.9461677,-2.348538,5.3981543,-6.126408,-2.109872,-1.4142325,-1.2350137,-0.37347806,0.8724041,-1.681745,0.73456,-4.4126205,1.209997,-0.9364486,-5.1212664,1.0093199,-0.8604827,0.9514916,2.604525,-1.8770812,0.61785764
1,/data_nas/huangyj/data/placePulse/rawData/googleviews-110802files/50f560f9fdc9f065f0005390.jpg,-0.5686473,-2.6164737,1.9989436,0.6748268,-1.2031442,-0.31695002,-0.36055246,-0.41202846,-4.8906198,0.033996385,1.0187901,0.6080134,-2.4188468,0.17792562,2.3907864,0.16620728,-0.714176,0.95706916,0.24644452,-1.2854038,-0.9088163,0.43415695,-1.2313497,0.7422192,-1.3175108,0.8099763,0.24693578,0.1114442,-1.2803355,1.1086009,-0.10590077,-3.2490559,-0.9386467,-0.24903257,-1.6107556,-4.66329,0.3339813,-0.40784398,0.21050587,-1.4293517,3.3177452,-1.3431482,-2.255923,1.8243141,0.9530967,-1.5640697,0.42460173,4.4132447,-1.0149434,-2.1063242
0,/data_nas/huangyj/data/placePulse/rawData/googleviews-110802files/513d5a50fdc9f035870033f1.jpg,-1.5470603,-2.3082829,3.0323298,-0.24761868,0.36835673,-1.3926927,-1.2030102,-0.84480125,-4.932359,0.12561218,1.6313955,0.47306377,-3.435556,0.36517742,2.3706722,-0.1349758,-1.3822144,1.3175315,-0.7388931,-1.3949102,-1.6594129,1.0230451,0.46929398,-1.3494217,-1.6318467,0.6064553,1.0143076,0.76011556,-1.9972206,0.7573662,1.4134196,-3.4750378,-2.4467354,0.8093006,-0.7558283,-5.228195,-0.21819298,-1.6156803,-1.738034,-2.8124533,3.9404385,-2.044783,-1.429163,2.2615576,1.1408303,-2.412401,-0.032982904,4.197546,-2.3321776,-2.1607375
0,/data_nas/huangyj/data/placePulse/rawData/googleviews-110802files/50f5eba7fdc9f065f00083fb.jpg,-1.4830095,-1.8293208,2.6110218,-1.0203701,2.6253624,-1.9336808,-2.0620008,-0.75073946,-2.7490032,-0.49913266,1.8658493,0.9043116,-2.8447397,-0.2886812,2.0290499,-0.12014605,-1.1509427,1.1182693,-1.699559,-0.7108693,-1.786336,1.3473316,1.8396096,-3.9344811,-1.559909,-0.4060128,2.0185575,0.2830788,-1.8331009,0.61321694,1.5615945,0.039946884,-4.1815863,0.7424082,-0.38135582,-2.9367638,-0.9538647,-1.6434455,-2.831884,-2.3741171,0.6858693,-1.8459402,-0.72751665,-0.5311749,1.5305896,-1.8189505,-0.3836952,2.3668468,-2.523297,-1.8913407
1,/data_nas/huangyj/data/placePulse/rawData/googleviews-110802files/513e2137fdc9f0358700a3fb.jpg,0.35697642,-2.3893504,1.098911,0.011774311,0.5552068,-0.8611859,-1.5355489,0.502762,-5.691445,-0.6615868,0.23465712,1.0762951,-1.2823151,-1.4659909,2.7954638,-0.12295435,0.9049509,0.17512427,-0.66985047,0.1396511,-0.9062856,1.1217391,0.10053089,-2.4828062,-1.2605551,-1.5636032,1.5620806,-0.18666722,-0.5351348,1.5974044,0.51077044,0.5235321,-4.4002595,-0.7324511,-1.4577549,-5.1197076,-1.1110457,-1.4384506,-0.2703975,-2.2509704,0.08950772,-0.8653951,-3.6013734,-1.0349693,2.2999053,-2.5334096,0.020409103,5.6067324,-0.86460376,-1.7246544
1,/data_nas/huangyj/data/placePulse/rawData/googleviews-110802files/513e210ffdc9f0358700a386.jpg,1.0169753,-1.148372,-0.18064238,1.2978945,-0.15913662,0.44571313,0.049020134,0.4424622,-3.9004688,-0.08871385,-0.57354873,0.5533665,-0.13563603,0.45269793,1.1903781,0.27399513,1.0301739,0.655493,0.4154253,0.3155711,0.20727469,-0.14110982,-1.7758789,-0.8183835,0.30637747,0.74452865,-0.25191975,-0.035207883,0.053069722,0.55646485,-1.0454139,-1.0648903,-2.193258,-0.9229314,-1.3115536,-3.546526,1.0331317,0.19072232,0.3091465,-0.58634055,1.11531,0.5344632,-1.5471314,-0.11027772,0.30200684,-1.3433672,0.40039042,4.025847,-0.43154252,-0.41085744
1,/data_nas/huangyj/data/placePulse/rawData/googleviews-110802files/513e1b12fdc9f03587009387.jpg,0.99538034,-0.5358912,0.06372888,0.8300344,-1.5274948,0.5303732,0.12543954,0.94136804,-1.6038895,0.45506474,-0.7460599,0.15254839,-0.41134083,0.8299515,0.8560602,-0.6985269,0.62870944,-0.36639678,0.5142416,0.47618598,0.30520356,-0.6408004,-1.082269,1.4567267,0.07959937,1.1286793,-0.14822857,0.41908234,0.2803494,-0.179522,0.45345476,-3.367775,0.6203383,-0.15419495,-0.11979632,-1.5399586,1.0187776,-0.32300457,0.8691429,-0.909659,2.8320482,0.5598034,-0.21556416,1.9901333,-0.2431415,-0.45804211,-0.24827714,1.3175744,0.31800437,0.070626125
0,/data_nas/huangyj/data/placePulse/rawData/googleviews-110802files/5141390ffdc9f0492600538a.jpg,-1.0196934,-1.9027525,1.9307394,-0.15729302,1.3767822,-1.5986743,-1.6235108,-0.87487,-5.5049806,-0.7037041,1.155989,1.0626916,-2.433873,-0.29719117,2.082352,0.82746327,-0.49857694,2.1160464,-1.2867886,-0.90691346,-1.4594077,1.6061141,0.48049492,-3.1343133,-0.8279353,-0.21132694,1.3360977,0.033200048,-1.5865794,1.315034,-0.039672285,-1.0616293,-4.3368044,-0.3971929,-1.4620061,-5.5338717,-0.5058668,-0.89599925,-1.8273599,-2.0462544,1.9133335,-1.3183248,-2.010356,0.12686864,1.5168467,-2.5390046,0.67726326,5.1836476,-2.8489234,-1.6023709
1,/data_nas/huangyj/data/placePulse/rawData/googleviews-110802files/51413392fdc9f0492600435d.jpg,-0.9949443,-2.9481823,2.36577,0.16179205,0.9935081,-1.109838,-1.1831703,-0.7617894,-5.8579087,-0.44754413,1.5999464,0.9181532,-2.6531892,-0.5444564,2.757539,0.44865954,-0.68675864,1.389614,-0.5461304,-1.2303294,-1.469034,1.2171037,-0.2635333,-2.4627588,-1.6143962,-0.2259486,1.0584902,-0.047734685,-1.6991646,1.5303248,-0.03519293,-0.5531148,-4.0631886,-0.20284723,-1.8434733,-5.5914164,-0.4870506,-0.9016693,-1.2992951,-1.8931156,1.2901052,-1.8227867,-2.9363382,-0.2964673,1.8159558,-2.3987954,0.36355603,5.5875483,-1.8940187,-2.5924256
0,/data_nas/huangyj/data/placePulse/rawData/googleviews-110802files/50f43bb0fdc9f065f0003356.jpg,-0.939974,-1.8002754,2.0756967,-0.08564506,-0.8171691,-0.8906621,-0.942798,-0.5695697,-2.2499397,-0.20150912,1.2053765,0.81477827,-2.5431964,0.49606308,1.7474232,0.12017332,-1.1897085,1.1617815,-0.56957763,-1.1144606,-1.1189389,0.49972728,0.08836624,0.7415954,-1.1147788,1.013018,0.8097859,0.0918894,-1.411671,0.4954451,0.4686353,-3.3544633,-0.0072511435,0.059433468,-0.7968876,-2.3117166,0.21481994,-0.31607005,-0.29919896,-1.1975068,3.2961838,-1.2328279,-0.42565304,2.018461,0.50606114,-0.6212419,0.23782556,1.6667,-1.6479933,-1.4976122
1,/data_nas/huangyj/data/placePulse/rawData/googleviews-110802files/50f560f4fdc9f065f0005358.jpg,0.48014104,-3.1550088,1.3585408,0.85764956,-0.65499455,0.3207436,-0.26414987,0.6020117,-5.213668,0.042598937,0.57314014,0.53067213,-1.4056394,-0.9642488,2.9814088,-0.55863804,0.42149392,-0.676102,0.75134736,-0.4279539,-0.4368981,0.14926551,-1.567647,-0.16792585,-1.7742187,-0.54731786,0.45476678,-0.12120046,-0.4642661,1.4375637,0.19461422,-0.5095272,-2.2684011,-0.4313188,-1.7503842,-4.435268,-0.29124987,-0.94894636,0.7428458,-1.535042,0.6152812,-1.108281,-3.8229518,-0.29544315,1.8135339,-1.7795912,-0.22432408,5.102945,0.6811609,-2.4803705
0,/data_nas/huangyj/data/placePulse/rawData/googleviews-110802files/513d7912fdc9f035870063a7.jpg,0.2707094,-0.48393902,-0.2863844,0.20109439,2.3022935,-1.4050218,-1.7601689,-0.41852152,-5.2220373,-1.4387172,-0.31021598,1.4960839,-0.3324152,-0.6028953,1.0266513,1.7741312,1.172366,2.808198,-1.6999131,0.35884947,-0.6609078,1.8073982,0.25751325,-4.852673,0.93426937,-0.80476475,1.28881,-0.61028713,-0.47270018,1.4039204,-1.7533715,1.4708902,-5.9292874,-1.8745399,-1.7453591,-5.0293956,-0.29936326,0.11327973,-1.5773814,-0.87772954,-0.40520242,0.43661365,-1.8422282,-2.0882695,1.2809098,-2.4019902,1.3829187,5.495147,-3.128777,0.08364587
0,/data_nas/huangyj/data/placePulse/rawData/googleviews-110802files/50f42b7bfdc9f065f00013ab.jpg,-1.0414089,-1.9833405,2.1716225,0.23029658,-0.77169484,-0.80021113,-0.6847156,-0.7797007,-3.5379856,-0.06530551,1.1970139,0.69570875,-2.6924105,0.6962163,1.825955,0.30332714,-1.2075039,1.4840562,-0.33122674,-1.3371421,-1.1525143,0.518035,-0.40551457,0.43614903,-1.0238105,1.272153,0.45990005,0.21296966,-1.5846473,0.6386396,0.14289582,-3.72821,-0.59313655,0.06082525,-1.0961202,-3.6426327,0.46123895,-0.282758,-0.47491544,-1.3606515,3.7858016,-1.3204004,-0.8362748,2.2540705,0.4872451,-1.1547296,0.43761888,2.95906,-1.8516251,-1.6471072
0,/data_nas/huangyj/data/placePulse/rawData/googleviews-110802files/5140c8edfdc9f049260023ab.jpg,0.7518426,-1.1867245,0.005480973,0.8074634,-0.4996485,-0.17181578,-0.61480355,0.29493162,-4.4119735,-0.54206574,-0.4835775,0.9492876,-0.53068346,-0.14372258,1.479203,0.6276677,0.9404368,1.1402032,-0.21319325,0.11679299,-0.1496836,0.5547994,-1.0923139,-0.7294781,0.18363647,0.11389348,0.39069274,-0.31389013,-0.099151306,1.0638894,-1.0526184,-1.320943,-2.2179067,-1.3891164,-1.5295826,-4.047561,0.3675451,0.1121307,0.47073287,-0.76404214,1.5281461,0.3161831,-1.9980369,0.16118748,0.7966094,-1.4788848,0.80219954,4.399388,-1.0283523,-0.41573757
1,/data_nas/huangyj/data/placePulse/rawData/googleviews-110802files/513d78e0fdc9f03587006301.jpg,1.3637533,0.0837073,-0.7433819,1.0938523,-1.2289432,0.7944578,0.36910748,0.95215875,-0.42676097,0.2923028,-1.1243051,0.24681945,0.35654056,1.1665998,0.16923773,-0.2995446,0.92066264,-0.05301845,0.5349996,0.78623664,0.7000128,-0.8645903,-1.4173715,1.3246756,0.81700337,1.4856308,-0.46215025,0.16929705,0.63798726,-0.43248004,-0.3966034,-2.6310928,0.8322105,-0.5450191,-0.15471108,-0.35401043,1.5045425,0.44726273,0.9882892,0.016521053,1.9905701,1.2529151,0.55212843,1.2881675,-0.76912516,0.16301067,0.033835102,0.4088028,0.2650284,0.7282473
0,/data_nas/huangyj/data/placePulse/rawData/googleviews-110802files/50f5eb6dfdc9f065f000830f.jpg,-0.9236381,-1.3939066,0.8521574,0.19711113,1.2194161,-1.7016561,-1.6531483,-1.5764608,-5.500852,-1.6562943,0.849148,1.7904354,-1.6594537,-0.31203264,1.3826792,2.5769708,-0.28429356,3.956117,-1.6744852,-1.1625271,-1.2488992,2.0743475,-0.14716475,-3.079441,0.34240478,0.0402308,1.0356994,-0.98072785,-1.5355875,1.8344043,-2.6089623,-0.071546525,-4.2929626,-2.0204601,-2.5678415,-5.312166,-0.10020237,1.0115192,-1.235809,-0.2447748,1.0963591,-0.57521623,-1.8577601,-0.91071683,1.1713353,-1.8474568,2.1071508,5.4941015,-3.9037585,-0.9312806
0,/data_nas/huangyj/data/placePulse/rawData/googleviews-110802files/513f292bfdc9f0358700d304.jpg,1.1718458,-0.5229247,-0.5806494,-0.81214994,2.0355377,-1.1567245,-2.288733,1.1808667,-1.8489144,-1.3533299,-0.701331,1.4270611,0.46038797,-1.9622369,1.4695547,-0.10607946,1.9011588,-0.21479113,-1.7409557,1.6784606,-0.4072123,1.1547121,1.6959858,-4.0959396,-0.18063836,-2.575163,2.4205155,-0.7103361,0.49936017,0.98937964,0.62195754,3.6299255,-4.7728686,-1.1850467,-0.43433887,-1.2277621,-1.6602185,-1.1580744,-0.5825919,-1.3251125,-3.0374665,0.44543564,-1.8703771,-3.3212123,2.0407598,-1.2410027,-0.23513299,2.155531,-0.73975015,0.0133580305
0,/data_nas/huangyj/data/placePulse/rawData/googleviews-110802files/51409e13fdc9f049260013bd.jpg,-2.279684,-2.2742865,3.497305,-0.3423112,1.696007,-1.1407696,-0.7375488,-1.5278747,-1.1922815,0.3233495,2.897607,0.2913196,-3.692934,1.2379483,1.6583804,-0.14932801,-2.745769,1.2834256,-0.5297173,-1.9613127,-1.6815743,0.36999804,0.45657557,-1.4744601,-1.8740065,1.7961277,0.6881677,0.55821794,-2.5096397,-0.080114186,1.0602531,-2.208217,-1.2890806,1.5346017,-0.41092736,-1.6313154,0.4665397,-0.6943489,-2.656399,-1.3248186,2.4062812,-2.3893003,0.6409423,1.1328257,0.24322423,-0.6066674,-0.44265738,0.6108207,-2.099047,-2.5776007
0,/data_nas/huangyj/data/placePulse/rawData/googleviews-110802files/51414ca8fdc9f049260073b2.jpg,-2.0013263,-2.3293288,2.9481559,-0.8779147,1.981754,-2.1498837,-2.0787172,-1.4578549,-3.8412578,-0.87648404,2.3260212,1.2296594,-3.358866,-0.37195936,2.273524,0.79516774,-1.6624149,2.2479343,-1.7466124,-1.5489848,-2.087856,1.7886684,1.4098645,-3.2421134,-1.6007105,-0.17809792,1.8953663,-0.15240632,-2.344338,1.1929122,0.39888746,-0.44635227,-3.8491623,0.106479846,-1.2713865,-3.9337776,-0.8981738,-0.86038864,-2.4776645,-1.8124567,1.3342983,-2.2103162,-1.2797049,-0.24896786,1.6308897,-1.7681111,0.41518724,3.3758333,-3.2459238,-2.3372424
1,/data_nas/huangyj/data/placePulse/rawData/googleviews-110802files/50f42b7bfdc9f065f00013b2.jpg,2.1853292,1.0609099,-2.586088,-0.03453576,-0.5470984,-0.9640162,-2.0316164,1.2262923,-3.3267896,-1.9851655,-2.6726685,1.9241495,1.790662,-1.4890448,0.3952821,1.5423207,3.192398,1.7332599,-1.9132074,2.0813034,0.353753,1.5183963,0.64332896,-1.8210672,2.047564,-1.9436216,1.6789438,-1.1944232,1.386833,1.3587346,-1.7094579,0.94585276,-3.1337025,-3.272697,-1.1565436,-2.7510424,-0.75171894,0.4684294,1.3619038,-0.3180866,-0.5047128,2.3103929,-1.7357022,-1.4409262,1.160557,-1.2486314,1.6096634,3.6315365,-1.8441241,2.1631708
0,/data_nas/huangyj/data/placePulse/rawData/googleviews-110802files/513d9e62fdc9f035870083be.jpg,-1.5488546,-2.366588,2.197255,-0.9310276,1.4980445,-2.0830185,-2.3014052,-1.3270023,-2.9186723,-1.5599097,2.096775,1.8279157,-2.6639996,-1.0457777,2.2429962,1.2838273,-1.2711526,2.291078,-1.9287571,-1.3520631,-1.8949777,1.8952655,1.3234038,-2.625296,-1.4436458,-0.72838706,2.1612988,-1.0219758,-1.9681457,1.5970981,-0.60196596,0.95161724,-3.2892911,-0.88785726,-1.8153414,-2.6188536,-1.1933163,0.04479225,-1.4229128,-0.70262873,-0.14803588,-1.8209362,-1.5851429,-1.4499638,1.8639916,-0.8449758,0.84743786,2.6793272,-2.9011054,-2.1918066
0,/data_nas/huangyj/data/placePulse/rawData/googleviews-110802files/513f2991fdc9f0358700d3bc.jpg,-0.034819134,-0.74385536,0.73745716,0.15723443,-0.30095935,-0.66532344,-0.925462,-0.081898235,-2.3923864,-0.34133863,0.090257816,0.81987536,-1.303878,0.4733505,1.1474276,0.34245896,-0.046725288,1.3088087,-0.69023776,-0.20552047,-0.518351,0.5902142,-0.049775846,-0.32745942,0.014938995,0.71112543,0.69745415,0.04846126,-0.5766016,0.39294866,-0.10125721,-2.568179,-0.96397376,-0.6227216,-0.6397521,-2.4756906,0.413653,-0.1582694,-0.26642412,-0.95343125,2.6014302,-0.055645034,-0.29190257,1.2823912,0.29597315,-0.87635255,0.4736126,2.100489,-1.6312283,-0.25585645
0,/data_nas/huangyj/data/placePulse/rawData/googleviews-110802files/513d7e5efdc9f035870073bc.jpg,1.1918268,-0.43957052,-0.94821864,1.0320203,-1.2609452,0.084348746,-0.39101225,0.36998793,-3.32989,-0.7817502,-1.1139385,1.1110048,0.2893347,0.06278793,0.7551938,1.1175476,1.2968562,1.5006803,-0.19431654,0.37780502,0.2824334,0.38025773,-1.4237003,0.32992983,1.0137969,0.42196682,0.06912579,-0.6786399,0.34425983,0.9105952,-1.9939737,-1.4949847,-0.9999246,-2.0512419,-1.5908936,-2.906701,0.7665931,1.0504056,1.2816046,0.2379426,1.4758121,1.1123527,-1.3320563,0.24166411,0.23493212,-0.67937005,1.279624,3.4147196,-1.0080036,0.43950674
0,/data_nas/huangyj/data/placePulse/rawData/googleviews-110802files/51409e12fdc9f049260013bc.jpg,0.33557585,0.6330122,0.22161682,-0.1092618,0.51147234,-0.5244847,-0.7622947,0.5154989,-0.60623115,0.30278787,-0.6573074,0.20537397,-0.6802202,1.3867295,0.10846471,-0.604479,0.33567154,0.4944574,-0.77636117,0.8270295,-0.18161017,-0.11865324,0.7354295,-1.1533612,0.6570331,1.2504983,0.5710458,0.864772,-0.1100947,-0.8839587,1.3704994,-3.0450935,-0.9891533,0.45468265,0.9122936,-1.1831989,0.85053736,-0.9800977,-1.1571482,-1.6800368,2.8769104,0.6501654,1.6038096,1.841272,-0.6017694,-0.8893165,-0.4281397,0.27969363,-1.4184767,0.93360287
1,/data_nas/huangyj/data/placePulse/rawData/googleviews-110802files/50f42eb3fdc9f065f00023b4.jpg,-0.4034599,-1.2102985,1.0914868,0.8505653,-0.5763751,-0.31779447,-0.19788577,-0.6760024,-3.5889208,-0.07373833,0.4300412,0.6396371,-1.70735,1.238987,1.0804216,0.7705521,-0.54935205,1.9683169,-0.08427792,-0.90955895,-0.5344638,0.2842228,-1.2125199,0.09430684,0.08299735,1.8313489,-0.20121163,0.15813012,-1.051201,0.42799038,-0.92386407,-3.5919669,-0.85256666,-0.50025296,-1.2348021,-3.7284458,1.2532072,0.41244566,-0.35679415,-0.7001637,3.6240573,-0.3204215,-0.37773523,1.9451013,-0.17047101,-1.1300145,0.863702,3.2751353,-1.9296756,-0.72596526
1,/data_nas/huangyj/data/placePulse/rawData/googleviews-110802files/513e20f6fdc9f0358700a342.jpg,-0.5883612,-2.9895332,2.1932678,-0.51113194,-0.5100739,-1.1059334,-1.6494782,-0.029518986,-3.7212272,-0.7092691,1.3167516,1.2454935,-2.4588768,-1.342223,3.0747094,-0.20887706,-0.51405066,0.17193688,-0.77159536,-0.8378164,-1.3909098,1.0638617,0.5183225,-0.26462698,-2.1801612,-1.014407,1.8059677,-0.4267848,-1.2218058,1.5306855,0.89199585,-0.7842995,-1.7424054,-0.4043591,-1.395781,-3.199554,-1.2429167,-1.0793437,0.18840356,-1.7741226,1.0289143,-1.7883084,-2.845504,0.08154635,2.1522655,-1.2294934,-0.011671979,3.3066888,-0.8454415,-2.5096796
0,/data_nas/huangyj/data/placePulse/rawData/googleviews-110802files/50f560f1fdc9f065f0005340.jpg,1.0713098,-1.2071539,-0.25321743,0.8743933,-1.9496142,-0.1480585,-0.65768117,0.572516,-5.452026,-0.62395203,-1.073373,1.068828,-0.396886,-0.4157392,1.7181231,0.69374996,1.3852222,1.15579,-0.15492865,0.22195126,-0.079466745,0.66526324,-1.2567291,0.60686004,0.29431528,-0.122377604,0.37704396,-0.3443889,0.14309347,1.3544526,-1.0757971,-2.5351744,-1.4560497,-1.8215371,-1.6880702,-4.9910784,0.23535067,0.05065652,1.5080597,-1.060904,2.6332157,0.5133797,-2.6709285,1.2007886,0.9574627,-1.7698008,1.112604,5.294192,-0.994627,-0.18636528
0,/data_nas/huangyj/data/placePulse/rawData/googleviews-110802files/50f433dbfdc9f065f00027d6.jpg,-0.443708,-1.6777097,0.7135292,-0.32319438,2.9511793,-1.7505299,-2.1536965,-0.78860664,-4.916783,-1.6908069,0.9020366,1.7400987,-1.136111,-1.4825547,1.8511589,1.6560631,0.36409414,2.4150987,-1.8499247,-0.3085638,-1.2646203,2.0918062,0.7287672,-5.335616,-0.3351031,-1.5525447,1.8877046,-1.0522399,-1.1179353,1.9235667,-1.5222151,3.230104,-6.373465,-1.6255035,-2.1597233,-4.4188213,-1.1660417,-0.012539914,-1.8687321,-0.7577824,-1.9815371,-0.72192186,-2.6744072,-3.3634684,2.1439471,-2.0785866,1.119065,5.182705,-2.80278,-1.3059629
0,/data_nas/huangyj/data/placePulse/rawData/googleviews-110802files/50f42c0efdc9f065f00017d3.jpg,1.316895,0.08567003,-1.1966888,0.6586994,-1.4051324,-0.5483938,-1.092394,0.5173338,-4.4636555,-1.106043,-1.7140967,1.3792139,0.33394435,-0.24006401,0.7940177,1.3430966,1.8485967,2.0198195,-0.9350592,0.76333815,0.10419233,1.0395074,-0.62253475,-0.22708924,1.441639,-0.18622094,0.6295358,-0.54990673,0.49832684,1.1645182,-1.6503514,-2.133847,-1.7585862,-2.410001,-1.4440074,-4.188564,0.2845771,0.53401744,1.1858228,-0.57063484,2.3411005,1.3997276,-1.5743113,0.8356566,0.56339335,-1.5057913,1.5931696,4.4435296,-1.8791059,1.0911465
0,/data_nas/huangyj/data/placePulse/rawData/googleviews-110802files/513f112afdc9f0358700c7d3.jpg,-1.6325674,-2.6139095,2.425342,-0.38118118,0.94140124,-1.9016577,-1.8715676,-1.5091413,-5.0780735,-1.2285559,1.9560257,1.571353,-2.9848654,-0.70528114,2.4470303,1.4836817,-1.2428207,2.7392817,-1.5005968,-1.7123572,-1.8651105,1.9474951,0.48786044,-2.3104515,-1.3216825,-0.28308332,1.5816586,-0.6478945,-2.1373253,1.8329853,-0.8660742,-0.55766314,-3.5661054,-0.8918553,-2.1811917,-4.8834023,-0.797433,-0.09497233,-1.3725827,-1.1932575,1.4410672,-1.9228339,-2.3079731,-0.30193955,1.8024719,-1.7942176,1.1850606,4.7380733,-3.1843133,-2.3475347
1,/data_nas/huangyj/data/placePulse/rawData/googleviews-110802files/51414665fdc9f049260067d5.jpg,-0.40642872,-2.0123742,1.5252641,0.3776217,-0.9521217,-0.8490016,-0.9819321,-0.36747918,-4.9896274,-0.46934354,0.5722201,0.99885017,-2.1046221,-0.12783556,2.1567752,0.6143728,-0.23015231,1.5579404,-0.49770212,-0.8978755,-0.97949284,0.9894993,-0.5538086,-0.023796331,-0.76758415,0.27971008,0.76984143,-0.07704228,-1.0913637,1.30327,-0.31187725,-2.8473868,-1.6296939,-0.77931327,-1.6005839,-4.8045974,-0.035894163,-0.37277827,0.089076094,-1.4920726,3.1135828,-0.9156168,-2.1580973,1.5070131,1.1472962,-1.7523313,0.8150139,4.5563693,-1.8063011,-1.4209181
1,/data_nas/huangyj/data/placePulse/rawData/googleviews-110802files/513d7a5afdc9f035870067d5.jpg,-0.10167175,-0.747863,0.7143902,0.046486244,-1.9119718,-0.95335376,-1.1579666,-0.17908901,-2.7782927,-0.6750206,-0.19695605,1.1953926,-1.498907,0.39887986,1.2146686,0.7432544,-0.048429683,1.8200711,-0.96142894,-0.38541478,-0.72090703,0.77640384,0.06580351,1.333905,0.11859149,0.76780957,0.82378054,-0.17259474,-0.6726793,0.6700878,-0.35052496,-4.0397677,0.30981,-1.0736458,-0.9141543,-2.8285823,0.31425646,0.1968664,0.7280232,-0.9303559,3.946007,-0.025761457,-0.42392936,2.483821,0.30455568,-0.7168378,1.0026459,2.2772946,-2.118002,-0.085556716
1,/data_nas/huangyj/data/placePulse/rawData/googleviews-110802files/50f433dbfdc9f065f00027da.jpg,1.63656,0.5111795,-1.4981295,0.61208814,-2.105301,-0.19009796,-0.83343834,0.946819,-2.6117435,-0.87457544,-1.993601,1.1968873,0.6902201,-0.040069588,0.41566297,0.8657483,1.8905684,1.2828094,-0.6854542,1.0904198,0.42534,0.4903177,-0.57347834,1.0740063,1.4983046,0.05056555,0.51419836,-0.5083198,0.87725604,0.668543,-1.2521569,-2.5898402,-0.13124548,-2.1795304,-0.87781227,-2.3445148,0.477774,0.63759243,1.7728479,-0.23401827,2.3994105,1.7311631,-0.75936645,1.2796384,0.1301899,-0.61976486,1.235076,2.5394955,-1.1116579,1.500299
1,/data_nas/huangyj/data/placePulse/rawData/googleviews-110802files/50f433dbfdc9f065f00027d4.jpg,1.2028428,-0.8366794,-0.4112401,1.1736115,-1.842041,0.33113983,-0.102223754,0.6689319,-4.066143,-0.19885933,-1.1494334,0.7135338,-0.14879708,0.33613902,1.1969981,0.36533925,1.2376146,0.7889483,0.27876097,0.35014686,0.25783962,0.027233955,-1.6527292,1.0253221,0.53107756,0.69292957,-0.14985496,-0.06791352,0.28767717,0.71152085,-0.9417508,-2.9389658,-0.6156526,-1.3689384,-1.2479526,-3.7543807,0.90674937,0.23090157,1.3883384,-0.7255747,2.744873,0.79498667,-1.608917,1.473667,0.24795961,-1.2355435,0.7692528,3.9471347,-0.53793657,0.086599074
1,/data_nas/huangyj/data/placePulse/rawData/googleviews-110802files/50f4648efdc9f065f0004761.jpg,1.0663083,-2.2619696,0.10443546,0.010045094,1.3589426,-0.63172966,-1.665935,0.95887333,-5.4825025,-1.1101329,-0.19480063,1.288155,-0.17124042,-2.5224037,2.7649624,0.0859963,1.8002276,-0.2572684,-0.7262009,0.76313037,-0.5060135,1.3092669,0.03958776,-3.6097763,-1.0602527,-2.7692204,1.8329532,-0.7834301,0.14207843,2.0661347,-0.13583945,3.3722162,-5.558052,-1.5049763,-1.823059,-4.473759,-1.6991229,-1.2162906,0.015210303,-1.6187261,-2.5855312,-0.40085474,-4.5375376,-3.2456641,2.8706279,-2.3968542,0.13249193,5.799155,-0.12906614,-1.5373085
0,/data_nas/huangyj/data/placePulse/rawData/googleviews-110802files/513e1c82fdc9f0358700976a.jpg,-0.5867697,-0.9979626,1.072615,-0.3999164,1.0535556,-1.4870846,-1.7669318,-0.5775465,-2.3750641,-1.0330443,0.8761317,1.3136599,-1.7127479,-0.35755932,1.4073315,0.9718079,-0.40848148,2.0014415,-1.5580051,-0.525822,-1.046811,1.596354,0.85288775,-2.0257058,-0.26934254,-0.2591681,1.6227517,-0.4633104,-0.9443658,0.99225324,-0.48494047,-0.6576144,-2.3567488,-0.98306614,-1.1232287,-2.4054806,-0.48255688,-0.1188552,-1.1596663,-0.7579759,1.151891,-0.5559673,-0.6788031,-0.24732074,1.0624504,-0.9206203,0.79320186,2.1680605,-2.4020975,-0.68534553
0,/data_nas/huangyj/data/placePulse/rawData/googleviews-110802files/5140b680fdc9f04926001737.jpg,0.32790068,-1.657042,0.79442096,-0.45242694,-0.47606996,-1.13404,-1.89268,0.52512836,-3.428106,-1.0287955,0.035945807,1.4490243,-1.2095343,-1.3402361,2.2989073,0.080928266,0.6786944,0.43984714,-1.1829629,0.21939684,-0.8896892,1.1859499,0.7791348,-0.81546015,-0.90174603,-1.3339845,1.9341356,-0.5264043,-0.3618766,1.3630053,0.4664874,-0.509898,-2.1685975,-1.1066484,-1.1042204,-2.9683447,-1.1467501,-0.8457843,0.44793656,-1.5718989,0.7825527,-0.48571944,-2.3207896,-0.19968283,1.8703876,-1.2837542,0.3072215,3.18459,-1.0963694,-0.97095245
1,/data_nas/huangyj/data/placePulse/rawData/googleviews-110802files/513cc432fdc9f0358700173c.jpg,-0.82099175,-2.0659935,2.2430751,-0.7185887,0.085606046,-1.5404544,-1.8577335,-0.17004779,-4.2885394,-0.444776,0.98352593,0.95949507,-2.6352427,-0.6463272,2.541451,-0.23228933,-0.49589312,0.75799876,-1.2341721,-0.6137154,-1.497665,1.2597227,1.1632613,-1.3093907,-1.5675683,-0.6183978,1.820565,0.2418681,-1.3496617,1.0306528,1.5490588,-2.1588728,-2.5117645,0.070828386,-0.6835314,-4.2797976,-1.0124271,-1.7117517,-0.88303584,-2.7146077,2.5841007,-1.5433518,-1.9057405,1.2579023,1.7212476,-2.064178,-0.08462354,3.6755204,-1.8521454,-1.7149584
1,/data_nas/huangyj/data/placePulse/rawData/googleviews-110802files/513d3086fdc9f03587002734.jpg,1.0229341,-1.4738708,0.13939644,-0.21464328,-0.6349884,-0.87850523,-1.810229,1.0262973,-5.010467,-0.9662241,-0.8073243,1.3321804,-0.5578469,-1.5965477,2.3944738,-0.013921288,1.6618055,0.21222503,-1.0537016,0.82223594,-0.54859954,1.2045223,0.48169637,-1.268028,-0.54551756,-1.7876536,1.7853907,-0.340466,0.1842484,1.5379515,0.5262683,-0.4334257,-3.1234176,-1.4435943,-1.1484253,-4.458102,-1.1899972,-1.2892534,0.76575,-2.1488128,0.8280834,0.016326344,-3.2155414,-0.23704195,2.07309,-2.1897814,0.34923905,4.874983,-0.86601365,-0.5859242
0,/data_nas/huangyj/data/placePulse/rawData/googleviews-110802files/50f4648efdc9f065f0004776.jpg,-1.5224057,-3.2715714,2.7123363,-0.29183558,2.3853989,-1.6246889,-1.7179978,-1.2307359,-5.4557567,-0.90799445,2.3528912,1.231639,-2.915163,-1.1046402,2.9070601,0.82684636,-1.1041082,1.7504951,-1.1036805,-1.524785,-1.8704892,1.7177149,0.3653152,-4.0189643,-1.9749542,-0.84568095,1.6190679,-0.4600624,-2.1395233,1.8438,-0.32096106,1.5393552,-5.3211985,-0.27902323,-2.1339374,-5.0604725,-1.0755559,-0.7642262,-2.1258163,-1.5756702,-0.48070967,-2.337853,-3.0979426,-1.9248174,2.3222592,-2.2582092,0.42755315,5.321518,-2.3741317,-3.1249218
0,/data_nas/huangyj/data/placePulse/rawData/googleviews-110802files/513d30d6fdc9f03587002772.jpg,0.0742658,-1.7826571,1.4028062,0.13169806,0.2944377,-0.5465909,-0.9700939,0.3940946,-3.919257,0.03933464,0.34164044,0.54529274,-1.6354694,-0.13556212,2.1237922,-0.61777866,0.20683436,0.02063487,-0.33007059,-0.016997162,-0.73075026,0.4502382,-0.017003337,-1.3805038,-1.0327152,-0.09711929,0.9724586,0.44890082,-0.6519748,0.6165878,1.1638715,-1.6762769,-2.5754812,0.1453479,-0.59090966,-3.8342044,-0.17810856,-1.4481626,-0.6394745,-2.2406907,1.8513652,-0.75389564,-1.7158159,0.68110734,1.1810603,-1.9382224,-0.37734818,3.641875,-0.78247154,-1.2972771
0,/data_nas/huangyj/data/placePulse/rawData/googleviews-110802files/513d7a41fdc9f0358700677e.jpg,1.1372734,0.40361515,-0.64631325,-0.1788482,0.2336902,-0.2929463,-1.0430663,1.0512582,0.52777886,-0.39130607,-0.9536198,0.75750065,0.34340897,0.13518402,0.35395372,-0.40002123,1.1043713,-0.13985829,-0.8116594,1.3075534,0.1494815,0.019018587,0.65713596,-0.7422514,0.57380265,-0.0150785,1.0604633,-0.063594475,0.5947982,-0.2840941,0.5510483,-0.5531783,-0.71931124,-0.56637245,0.34727332,0.5471929,0.15190767,-0.3232821,0.071767986,-0.5438608,0.297599,1.0593156,0.719391,-0.17199886,0.07622071,0.043585047,-0.27759212,-0.5042405,-0.3617041,0.9115513
0,/data_nas/huangyj/data/placePulse/rawData/googleviews-110802files/50f5ec1dfdc9f065f000877e.jpg,-0.4508424,-2.7209866,1.664113,0.87564486,0.50754225,-0.30137587,-0.40094227,-0.60785604,-5.556559,-0.21273656,1.1766583,0.7205237,-1.9743146,-0.03919108,2.335226,0.5851213,-0.4074811,1.3111696,0.16858523,-1.1266781,-0.84384596,0.6549432,-1.4396151,-1.557071,-1.0657988,0.4863294,0.21859233,-0.12661186,-1.2597317,1.3275168,-0.916643,-0.8916022,-3.1772425,-0.528179,-2.0682144,-5.196414,0.33465874,-0.16720566,-0.66233385,-1.0735421,1.3692677,-1.2058998,-2.6990185,-0.2017596,1.1910756,-1.9712113,0.5723782,5.4586835,-1.2413597,-2.251335
0,/data_nas/huangyj/data/placePulse/rawData/googleviews-110802files/50e5faeed7c3df413b00077c.jpg,-0.9949699,-2.1603696,2.6264908,-1.0605476,-0.22391078,-1.6548003,-2.022933,-0.058393665,-3.1963763,-0.36179543,1.2291855,0.94292194,-2.9621282,-0.66493976,2.6711323,-0.643865,-0.82450324,0.30855823,-1.3207808,-0.644273,-1.6570865,1.1497139,1.6465294,-0.645126,-1.9751259,-0.6262869,2.0911891,0.334655,-1.4169375,0.84117436,2.249039,-2.5440774,-1.597538,0.44938868,-0.3066938,-3.2552068,-1.2040902,-1.9678233,-0.7766529,-2.842609,2.790919,-1.795276,-1.4928823,1.6616597,1.7214196,-1.6395817,-0.41445196,2.4633443,-1.6346493,-1.87083
0,/data_nas/huangyj/data/placePulse/rawData/googleviews-110802files/50f5ec1dfdc9f065f0008775.jpg,-1.3614668,-2.619122,2.9155436,0.47973076,0.5365445,-0.3020881,-0.06563252,-0.8930654,-3.1520436,0.66981447,2.0195243,0.060548194,-3.0703566,1.2290102,2.0183105,-0.42931733,-1.7967448,0.6845828,0.364802,-1.6004395,-1.149592,-0.108087584,-0.8658638,-0.5285529,-1.7059847,1.8508148,-0.012727728,0.7271022,-1.9325427,0.15507597,0.7958843,-2.990787,-1.25795,1.1870031,-0.8104831,-3.3485763,0.8874943,-0.77329445,-1.5218116,-1.611789,3.0260768,-1.9150653,-0.6130417,1.6252031,0.2909858,-1.282465,-0.42801937,2.667706,-1.1370721,-2.5510159
1,/data_nas/huangyj/data/placePulse/rawData/googleviews-110802files/5141463bfdc9f0492600677b.jpg,2.147766,-0.40249416,-0.9378566,0.5991115,-1.7643945,0.31666577,-0.6355129,2.0240126,-3.7328818,-0.02969587,-2.060819,0.504072,0.5776536,-0.6296241,1.4718764,-0.89770466,2.4337933,-0.98440087,0.048785333,1.6880902,0.49916682,-0.04479701,-0.5448021,0.4266097,0.27750164,-0.84276766,0.68759686,0.27615285,1.2109668,0.5554164,0.89815795,-2.0628512,-1.2698603,-1.0149739,-0.24067348,-3.300202,-0.08971741,-1.2725269,1.6320444,-1.9565005,1.812328,1.1939222,-2.1831808,1.0773182,0.9451646,-1.6979103,-0.2099456,3.6021793,0.59410733,0.6060629
1,/data_nas/huangyj/data/placePulse/rawData/googleviews-110802files/5141461afdc9f0492600672d.jpg,2.1688,0.3821539,-1.5019346,0.7966522,-1.8067756,0.69552726,-0.1441181,1.7666744,-1.180586,-0.029015472,-2.0843275,0.4593699,1.0923744,0.19437397,0.43680564,-0.5436213,2.0752082,-0.6508552,0.20956007,1.6557014,0.8954948,-0.55870587,-0.88108855,1.2911903,0.9771729,0.19728523,0.1424714,0.02746626,1.3607442,-0.08645524,0.055715803,-2.117,0.36639532,-1.1256511,-0.019664893,-0.87842625,0.7301739,-0.13099307,1.7749535,-0.5613658,1.5474212,1.7621537,-0.4356381,1.0114301,-0.112873815,-0.29345885,-0.02808543,1.1750284,0.6741048,1.2677566
0,/data_nas/huangyj/data/placePulse/rawData/googleviews-110802files/5140ca1bfdc9f0492600272e.jpg,0.09798235,-2.6416101,1.6220382,0.6569238,-0.29488918,-0.04260748,-0.42928496,0.30562714,-5.1918106,0.20903806,0.6337902,0.40329874,-1.7776815,-0.38900563,2.6493711,-0.5243913,0.08286298,-0.1678041,0.4235801,-0.51883453,-0.62106484,0.31556854,-1.0935096,-0.6088678,-1.4849621,-0.05213592,0.49681875,0.2872756,-0.73023385,1.0742158,0.58828753,-1.6907573,-2.381675,-0.056783125,-1.3092265,-4.821371,-0.073067866,-1.2119368,-0.037868142,-1.9829812,1.8573581,-1.1189944,-2.934239,0.64693266,1.4271845,-2.094678,-0.222232,4.9069915,-0.07996786,-2.1040704
0,/data_nas/huangyj/data/placePulse/rawData/googleviews-110802files/514134a8fdc9f0492600472e.jpg,-0.40019926,-1.4173934,1.1544869,-1.178069,2.9883962,-1.9562643,-2.626447,-0.02708848,-2.8429062,-1.3240219,0.88677347,1.4758103,-1.3800182,-1.6787859,2.030883,0.26663166,0.31038257,0.86127585,-2.1428812,0.31109387,-1.3720114,1.7989669,2.1255102,-5.0102096,-1.0298309,-2.0786953,2.6883805,-0.534881,-0.8734245,1.2575213,0.8028303,2.8930697,-5.519528,-0.57207984,-0.7885801,-2.5281494,-1.8105208,-1.3913033,-2.0551093,-1.8265734,-1.9408823,-0.9586985,-1.8464999,-2.769701,2.3047082,-1.7552986,-0.051098447,2.8602765,-2.059201,-1.2180849
0,/data_nas/huangyj/data/placePulse/rawData/googleviews-110802files/50f6145abeb2fed910000725.jpg,0.06632472,-0.55339515,0.6536898,0.4823456,-1.4995898,-0.11451804,-0.23896356,0.025608532,-1.2687453,0.06803936,-0.113537274,0.52931523,-1.2195258,1.2173824,0.72589236,0.06793987,-0.284901,0.951805,-0.09698508,-0.28234664,-0.21444231,-0.18509036,-0.6613191,1.628851,0.13206951,1.7063437,0.011952726,0.22456206,-0.47255605,-0.11879147,-0.019011177,-4.1095586,1.0946527,-0.28539374,-0.35654786,-1.4240019,1.1270634,0.22022036,0.45969513,-0.599743,3.6932342,0.12906417,0.55221283,2.5492647,-0.48705915,-0.16222027,0.35768622,0.8478902,-1.0831721,-0.062033907
0,/data_nas/huangyj/data/placePulse/rawData/googleviews-110802files/513d9a97fdc9f03587007725.jpg,-0.79008836,-0.5685222,0.41445553,-0.3610081,2.271851,-2.2741532,-2.351649,-1.405352,-5.033083,-1.9728785,0.5012514,1.9545592,-1.2542069,-0.5722315,0.98629075,2.6216052,0.15980962,4.1600356,-2.4879022,-0.50610703,-1.3546497,2.4844768,1.0175443,-4.7321706,0.81891024,-0.60955375,1.7072116,-0.98318994,-1.3332865,1.6547091,-2.270111,1.0007446,-5.5567565,-2.0778136,-2.064354,-4.9759045,-0.55029505,0.6728934,-2.0002277,-0.53974634,0.27738416,-0.17150868,-1.3200616,-1.6826819,1.2950606,-2.0684288,2.000224,5.0888376,-4.532412,-0.16877359
0,/data_nas/huangyj/data/placePulse/rawData/googleviews-110802files/513e1c6bfdc9f0358700972a.jpg,0.9133861,-0.882995,-0.10072463,0.8869883,-0.32654613,0.20336126,-0.25318614,0.59246635,-2.4926941,-0.15031537,-0.45083535,0.63009405,-0.28800702,0.20905387,1.0531975,0.07863173,0.79617023,0.37824723,0.11966533,0.34736443,0.116514936,-0.054884475,-1.1257559,-0.3051892,0.16635102,0.46530586,0.18110837,-0.15153074,0.11520723,0.47358155,-0.64105195,-1.1546404,-1.2996086,-0.8191684,-0.9649237,-2.1456563,0.6499351,0.13263714,0.39504468,-0.4379968,1.0491611,0.4669999,-1.0496199,0.08631629,0.3534693,-0.7292196,0.269977,2.5163364,-0.27186215,-0.25003925
0,/data_nas/huangyj/data/placePulse/rawData/googleviews-110802files/513d5cf5fdc9f035870037ed.jpg,-2.3586836,-2.2372751,3.6511385,-0.74619883,2.3091145,-1.5817299,-1.2513697,-1.423606,-1.4115571,0.18623851,2.9218493,0.37087673,-3.7941365,0.8702058,1.8237168,-0.33713874,-2.5967882,1.1571379,-0.98532045,-1.7099038,-1.9538264,0.68329895,1.2295196,-2.5345857,-2.0348961,1.1699328,1.2208862,0.636217,-2.5698495,-0.03572362,1.6498314,-1.5222007,-2.2987273,1.7383968,-0.17349479,-1.8691148,-0.06424706,-1.2615653,-3.175756,-1.9070637,1.9275767,-2.5407653,0.5003484,0.7104445,0.65444773,-1.0071881,-0.6943167,0.805214,-2.3514686,-2.5873468
1,/data_nas/huangyj/data/placePulse/rawData/googleviews-110802files/513cc4e0fdc9f035870017e6.jpg,-0.40214393,-1.3434105,1.9353772,-0.05405321,-0.87439066,-0.6398089,-0.7901105,0.26037833,-2.668551,0.49188176,0.436177,0.2334408,-2.3054605,0.7565849,1.7419882,-0.9633325,-0.5374477,0.07108938,-0.3033053,-0.32262525,-0.8596186,0.09199485,0.29235137,0.50166494,-1.0358499,0.9294491,0.75076264,0.9531578,-0.92956877,-0.016318608,2.0088956,-4.43667,-0.28642118,0.83986163,0.15752742,-2.9686668,0.25512922,-1.574161,-0.49748608,-2.5111353,4.235959,-0.8990884,-0.3294698,3.0305347,0.41019338,-1.4247147,-0.53572226,1.9639789,-1.0481813,-0.98765355
1,/data_nas/huangyj/data/placePulse/rawData/googleviews-110802files/50f42c0efdc9f065f00017e2.jpg,0.7447575,-0.8786836,0.2613202,0.89054984,-1.0526588,0.28054282,-0.033478543,0.58546,-2.799151,0.2281044,-0.49730593,0.33692288,-0.6706604,0.6946592,1.1129524,-0.25274256,0.5604703,0.2680529,0.3357816,0.20229676,0.05630993,-0.28943864,-1.1861011,0.5706666,0.049586214,0.99972636,-0.078474395,0.27878168,-0.029299222,0.19041796,-0.027854167,-2.8513057,-0.51685685,-0.40859336,-0.6107633,-2.696392,0.93853515,-0.22475404,0.5221183,-0.96351355,2.5969088,0.3301261,-0.7886178,1.4815007,0.049994923,-0.93077534,0.07373116,2.5908525,-0.29997778,-0.2504359
0,/data_nas/huangyj/data/placePulse/rawData/googleviews-110802files/513e644cfdc9f0358700b7ee.jpg,-0.9934413,-3.7830405,2.9970684,-0.4119677,-0.33903214,-0.9976597,-1.4217331,-0.22323787,-4.326064,-0.3929777,1.969784,0.995521,-3.0809877,-1.3487935,3.5778682,-0.5357493,-1.0272269,-0.19445775,-0.37504154,-1.3166741,-1.6218886,0.93792325,0.2464167,-0.32025865,-2.919894,-0.9283906,1.6560426,-0.21392652,-1.6321998,1.6142728,1.2684231,-0.8372792,-1.9848905,0.1648313,-1.5225453,-3.786857,-1.294998,-1.4376414,-0.10606816,-2.1074889,1.1160423,-2.5030365,-3.3408442,0.16596767,2.3957012,-1.5090911,-0.3537591,3.830891,-0.5080157,-3.407858
1,/data_nas/huangyj/data/placePulse/rawData/googleviews-110802files/513f2c0cfdc9f0358700d7e1.jpg,1.2615776,-0.11276813,-0.9177257,-0.28409922,-1.064807,-0.5825651,-1.5087032,0.98791045,-0.4124454,-1.2275811,-1.0718962,1.4599123,0.4489168,-0.9050173,0.87690693,0.34923562,1.4204731,0.3764238,-1.1661171,1.1160578,-0.013640929,0.5808495,0.63121474,0.31849742,0.40990758,-0.9274134,1.496214,-0.90730214,0.6318261,0.65105724,-0.38959655,0.0072048176,-0.35639036,-1.7553636,-0.5749637,0.084036335,-0.5004961,0.28722298,1.419011,-0.0526015,-0.1622746,0.99334383,-0.65586054,-0.628606,0.8057331,0.27739382,0.4739525,0.433887,-0.6197723,0.64970887
0,/data_nas/huangyj/data/placePulse/rawData/googleviews-110802files/50f42c0ffdc9f065f00017e9.jpg,-0.24536754,-1.6389296,0.2907069,-0.5144984,2.1139855,-1.9341445,-2.5125463,-0.7504697,-4.8285685,-2.2741106,0.62348187,2.2348013,-0.8456429,-2.0999513,1.9452088,2.1499064,0.66430724,2.717027,-2.184397,-0.2605396,-1.2539705,2.453131,0.8828672,-4.5081997,-0.19204159,-2.1189308,2.2268186,-1.6303629,-0.9129848,2.3772757,-2.1158106,3.515126,-5.7735605,-2.464634,-2.556071,-4.107062,-1.5798274,0.468825,-0.95466864,-0.28135595,-2.2893806,-0.5253377,-3.0948572,-3.5632796,2.4381287,-1.6923023,1.6320509,5.1347504,-2.910198,-1.1093954
1,/data_nas/huangyj/data/placePulse/rawData/googleviews-110802files/513f1135fdc9f0358700c7e0.jpg,-1.5617877,-2.4248316,3.0402203,-0.7567913,0.44471484,-1.5526574,-1.6131525,-0.72267354,-3.0504258,-0.2371995,1.9306396,0.8113579,-3.3627384,-0.14247137,2.4771786,-0.28040597,-1.553836,0.8618573,-1.0665505,-1.297488,-1.756699,1.0619502,1.1112825,-1.0452806,-2.0184135,0.114374414,1.6095573,0.30619466,-1.9206339,0.76535696,1.6086495,-2.3364475,-1.752699,0.6773294,-0.6256591,-3.187027,-0.72725,-1.4534063,-1.4353113,-2.299575,2.6599283,-2.158917,-1.1142013,1.3899983,1.3867679,-1.4341236,-0.23967712,2.3687356,-1.9322568,-2.3242025
0,/data_nas/huangyj/data/placePulse/rawData/googleviews-110802files/513e6446fdc9f0358700b7e4.jpg,-0.88888204,-2.1151993,2.2905447,-0.3619301,-0.9264934,-1.1184541,-1.3225706,-0.30640018,-2.8144107,-0.3049644,1.1647185,0.91244864,-2.7105846,-0.07177707,2.2649388,-0.16746357,-0.9679997,0.7684302,-0.75296646,-0.96636146,-1.3189502,0.7525663,0.49800944,0.5610793,-1.5270292,0.3033008,1.3015666,0.11154635,-1.3862858,0.7701477,1.0659394,-3.1185763,-0.42846715,0.09390614,-0.7626915,-2.7882564,-0.3775227,-0.8975228,-0.17140618,-1.7978282,3.1348886,-1.4676526,-1.1311072,1.9211657,1.09234,-0.97625804,0.037907165,2.1557257,-1.5135769,-1.7358265
0,/data_nas/huangyj/data/placePulse/rawData/googleviews-110802files/513d9f60fdc9f03587008715.jpg,0.22565387,-1.9184985,0.578785,0.33440655,0.5816017,-0.47500604,-1.026114,-0.018845981,-2.9061143,-0.9300937,0.59204394,1.2783747,-0.89211726,-0.86140907,1.8696117,0.6807328,0.29015908,0.8827068,-0.48821247,-0.28145325,-0.5481468,0.780531,-0.56768334,-1.4520646,-0.652945,-0.5296434,1.0300806,-0.8811823,-0.5246867,1.3446957,-1.1524631,1.0897973,-2.5405104,-1.2909355,-1.807866,-2.2611117,-0.31884348,0.33869395,0.057094928,-0.12025195,-0.78199404,-0.42420807,-2.121632,-1.714152,1.3893524,-0.6723414,0.57329553,3.046877,-0.7839236,-1.3623551
1,/data_nas/huangyj/data/placePulse/rawData/googleviews-110802files/513d9a94fdc9f0358700771b.jpg,2.3385127,0.61551034,-2.4373088,0.15198126,0.19801289,-0.76395303,-1.8981272,1.4411892,-4.3016124,-1.7241971,-2.592251,1.6785271,1.8316077,-1.6958925,0.7794666,1.152674,3.423182,1.1994356,-1.5944428,2.2150307,0.38187185,1.4351788,0.3916849,-2.89491,1.7422016,-2.2681422,1.6114424,-0.94629574,1.4193727,1.4326888,-1.374058,1.820053,-4.4303946,-2.9481583,-1.2072911,-3.6255815,-0.8680278,-0.069913246,0.9472318,-0.78957653,-1.2212595,2.0959105,-2.47415,-2.1153362,1.5092564,-1.9148155,1.2389628,4.710605,-1.4392422,1.70508
0,/data_nas/huangyj/data/placePulse/rawData/googleviews-110802files/51408acafdc9f0358700e7cd.jpg,-0.6889998,-1.8259317,1.8823601,-0.06132871,-1.2466086,-0.95766926,-1.0924127,-0.344532,-3.302595,-0.30999652,0.8277013,0.91008645,-2.434396,0.12822707,1.9960846,0.16912869,-0.7624532,1.1476219,-0.6278661,-0.94879484,-1.0999923,0.7496297,0.06618009,0.81805694,-1.0454755,0.5726121,0.96982884,0.06364546,-1.2181414,0.8246784,0.48030844,-3.6234672,-0.29808274,-0.26093793,-0.97338486,-3.3049052,-0.059334226,-0.5403644,0.062946275,-1.5437398,3.6303701,-1.1067841,-1.1423956,2.2391634,0.84079236,-1.0769863,0.4106957,2.6914332,-1.6288862,-1.3818475
0,/data_nas/huangyj/data/placePulse/rawData/googleviews-110802files/51408ac5fdc9f0358700e7c1.jpg,1.4267915,0.069114394,-1.4424125,0.49365577,-0.8219423,-0.72752386,-1.4006968,0.554143,-4.571125,-1.45197,-1.7574766,1.6142203,0.62545687,-0.7437787,0.83093315,1.5387747,2.1353467,2.0792077,-1.2313215,0.9888181,0.060067672,1.2540458,-0.33919948,-1.1786041,1.4591148,-0.78631365,0.96042496,-0.8504236,0.56091803,1.3864677,-1.890299,-0.6868939,-2.7590234,-2.6983635,-1.6147907,-4.127305,-0.08384138,0.60126096,1.0407015,-0.45411915,1.0963833,1.4545332,-1.9519185,-0.29819423,0.91639906,-1.5592324,1.671271,4.6912394,-2.0053484,1.0945252
0,/data_nas/huangyj/data/placePulse/rawData/googleviews-110802files/51414e41fdc9f049260077cc.jpg,-1.9045954,-2.210912,3.217798,-0.56606436,0.4161302,-1.6710733,-1.4442813,-1.1411712,-3.7766,-0.10196004,1.9837722,0.6798981,-3.6655471,0.44733638,2.209875,0.07676599,-1.8351591,1.6475028,-1.0751144,-1.6043173,-1.8768235,1.13212,0.9154983,-1.1058666,-1.6643981,0.76956856,1.2593501,0.552975,-2.233153,0.6592222,1.3096172,-3.4038653,-1.8261795,0.78246695,-0.6859928,-4.1343827,-0.27285054,-1.27529,-1.8449855,-2.4000556,3.8325264,-2.1718454,-0.7572637,2.1966593,0.9997304,-1.7957603,0.06352459,2.9929307,-2.6819692,-2.1622078
0,/data_nas/huangyj/data/placePulse/rawData/googleviews-110802files/50f5ec34fdc9f065f00087cc.jpg,-1.5828285,-1.370675,2.2886827,-0.046585158,0.68682945,-1.0182106,-0.7349821,-1.3297497,-0.8833688,-0.12909499,1.8405067,0.6616453,-2.7177548,1.4117453,0.97261643,0.52283764,-1.9671203,1.9439304,-0.73870164,-1.4570864,-1.2426482,0.3769921,0.17194155,-0.5586709,-0.7442282,1.9608854,0.48270237,0.16356534,-1.8970662,-0.08665055,-0.019050818,-2.7067866,-0.47054392,0.543362,-0.60938406,-1.2614393,0.8380833,0.22861531,-1.6649597,-0.54859185,2.7527924,-1.301179,1.1060089,1.3963642,-0.22306564,-0.1430015,0.2482082,0.42361563,-2.4112139,-1.3874692
0,/data_nas/huangyj/data/placePulse/rawData/googleviews-110802files/50f5ec34fdc9f065f00087c8.jpg,-0.99774724,-1.7250408,1.5510472,-0.61955637,1.7996995,-1.8589436,-2.105266,-0.9063012,-3.1121702,-1.3804976,1.3760526,1.6327273,-2.015393,-0.8935569,1.8274015,1.1580071,-0.56708777,2.1175158,-1.8031654,-0.7573578,-1.5172724,1.7297057,1.1040549,-3.244693,-0.82902277,-0.76117027,1.9496763,-0.79912186,-1.4966344,1.4245958,-0.6124569,1.0603851,-3.9116473,-0.9140377,-1.5704458,-2.8729653,-0.9814382,-0.08547855,-1.5567583,-0.83879554,-0.26860097,-1.1709354,-1.4643517,-1.5610178,1.6796587,-1.1777627,0.78869957,3.0032144,-2.7336898,-1.4671721
1,/data_nas/huangyj/data/placePulse/rawData/googleviews-110802files/50f5e561fdc9f065f00067c5.jpg,2.010814,0.15755619,-1.2938691,0.9123219,-1.3227867,0.5097735,-0.22622861,1.5569139,-2.3884597,-0.049876787,-1.9510543,0.4948477,0.8741817,0.19463018,0.62308604,-0.32962164,2.0877728,-0.22884262,0.13992019,1.5060477,0.729239,-0.32504112,-0.99544406,0.41394097,0.96688294,0.16750307,0.13654207,0.111009814,1.1217068,0.12771049,-0.11605306,-1.9465266,-0.7569896,-1.1400739,-0.28778893,-2.1050212,0.7325484,-0.25838688,1.3350327,-0.86726385,1.6094154,1.5965904,-0.887852,0.82262355,0.073038094,-0.9289561,0.13849498,2.4115438,0.17889881,1.059972
0,/data_nas/huangyj/data/placePulse/rawData/googleviews-110802files/513e6432fdc9f0358700b7ca.jpg,-0.4215744,-2.6847005,2.0906203,0.24329391,-1.4991788,-0.7212645,-0.95170546,-0.04315555,-5.8875265,-0.109844506,0.67514664,0.7572665,-2.5154731,-0.43128684,2.8706486,-0.13575406,-0.2592796,0.6449289,-0.17284214,-0.9278448,-1.1149572,0.8265307,-0.5013533,0.51927143,-1.5529705,-0.04996067,0.8563779,0.26344997,-1.1559811,1.380607,0.76082563,-3.4782956,-1.5031173,-0.27634397,-1.4117918,-5.6538506,-0.37249485,-1.2520273,0.35851935,-2.4273727,3.674994,-1.4379829,-2.9872394,2.1755438,1.5702323,-2.286939,0.29842922,5.2851896,-1.152056,-2.0630536
0,/data_nas/huangyj/data/placePulse/rawData/googleviews-110802files/5140b6a2fdc9f0492600179f.jpg,1.2820128,-1.4792194,-0.24660967,0.7485757,-0.25897428,-0.03067162,-0.7719301,0.95712495,-4.688266,-0.5372138,-0.7959634,0.93611014,-0.07021337,-0.9540564,1.8921088,0.10326077,1.6278713,0.13449475,-0.1075354,0.67443866,-0.02870432,0.48732206,-0.954845,-1.248323,-0.17445256,-0.91508543,0.73750913,-0.3478337,0.30076623,1.2869766,-0.51346225,0.12272565,-3.0640845,-1.3412486,-1.4637331,-4.0066323,-0.24439748,-0.48731554,0.7240449,-1.177871,0.105540566,0.33049402,-2.965099,-0.8504091,1.4670258,-1.7896442,0.35953194,4.8087535,-0.21166596,-0.624545
0,/data_nas/huangyj/data/placePulse/rawData/googleviews-110802files/50f561f1fdc9f065f0005794.jpg,-0.49686256,-1.0247005,1.6401788,-0.6387754,-0.68688476,-1.3758391,-1.6927277,0.07430979,-2.815682,-0.3348474,0.3113366,0.8729367,-2.1743464,0.0387483,1.741163,-0.25709984,-0.29702675,0.87706083,-1.2701288,-0.19553068,-1.1246276,0.9401887,1.2240016,-0.13608049,-0.76498586,0.06790243,1.5662923,0.41494656,-0.9236489,0.43558004,1.5921652,-3.5936584,-0.92770386,0.026191274,-0.09728905,-3.0559103,-0.4513622,-1.3961545,-0.4796883,-2.4003155,3.6709511,-0.76920867,-0.52451354,2.380527,0.8850152,-1.4558619,0.015040107,2.1341834,-1.9740523,-0.6302369
1,/data_nas/huangyj/data/placePulse/rawData/googleviews-110802files/513d7a65fdc9f035870067fd.jpg,0.5928706,-1.2786914,0.38745373,0.78016925,-1.7033333,-0.089459114,-0.4389677,0.3753239,-3.6989684,-0.267157,-0.41250563,0.8070958,-0.9337163,0.14824441,1.5369196,0.2799337,0.5615488,0.8220139,0.008388826,-0.10665141,-0.2098583,0.25019652,-1.1042309,1.0421671,-0.11199431,0.5438572,0.2768925,-0.11239305,-0.20594974,0.8238003,-0.5145566,-2.9329882,-0.46241063,-1.0212865,-1.2195814,-3.4107459,0.50913906,0.018409627,1.0608023,-0.8864381,2.791837,0.11303857,-1.5883961,1.5310081,0.54624873,-1.0499159,0.62082386,3.4259672,-0.78451777,-0.50999004
1,/data_nas/huangyj/data/placePulse/rawData/googleviews-110802files/50f46497fdc9f065f00047f2.jpg,0.12375629,-2.2856414,1.073989,0.22636032,-0.53563464,-0.54322606,-1.0951914,0.14446592,-4.158793,-0.6919777,0.46800995,1.1591932,-1.4364383,-0.919076,2.390166,0.2780415,0.24987842,0.6015611,-0.40634924,-0.41539878,-0.739174,0.800227,-0.47040254,-0.3879223,-1.0934901,-0.58119553,1.0895118,-0.5189263,-0.6445948,1.4391475,-0.27360472,-0.7058419,-1.9881923,-1.024646,-1.6701396,-3.5836642,-0.51033497,-0.38483083,0.50292283,-1.1318878,0.92857075,-0.7929452,-2.7008216,-0.16213799,1.6128592,-1.3011354,0.449145,3.9908001,-0.76569194,-1.6433238
1,/data_nas/huangyj/data/placePulse/rawData/googleviews-110802files/513e1cbcfdc9f035870097f9.jpg,-1.0239513,-3.098578,2.32941,0.11706628,0.34498435,-1.2379957,-1.3462719,-0.85513836,-6.122374,-0.7266962,1.5632647,1.1914423,-2.7228284,-0.86603546,2.9233694,0.7928667,-0.6899083,1.6688476,-0.67539155,-1.4307772,-1.5387964,1.4701288,-0.32220852,-1.7413136,-1.6402452,-0.45547184,1.1946543,-0.3390491,-1.7279625,1.9129692,-0.4353989,-0.8140651,-3.5656452,-0.6593314,-2.2188356,-5.744671,-0.7120929,-0.5985151,-0.7404266,-1.6565044,1.5315527,-1.871232,-3.335385,-0.08789704,2.0238576,-2.270633,0.75851715,5.827428,-2.0122862,-2.6502984
0,/data_nas/huangyj/data/placePulse/rawData/googleviews-110802files/51408adefdc9f0358700e7f8.jpg,-1.3001168,-2.276342,3.0653193,-0.6285535,1.32016,-1.5034922,-1.5491633,-0.31239802,-5.208602,0.31511876,1.4820381,0.25524718,-3.295324,-0.090985104,2.660425,-0.8590861,-0.92438334,0.46447077,-0.9162739,-0.7980157,-1.6895268,1.0948075,1.1751461,-2.7692335,-1.9264706,-0.20854786,1.5117265,1.1142813,-1.7449154,0.6458566,2.565947,-2.495288,-3.8057356,1.2443556,-0.20305188,-5.5254807,-0.7733098,-2.7183394,-2.3442266,-3.767146,3.1144059,-2.099211,-1.8288119,1.6194032,1.618089,-3.0822344,-0.7023264,4.5100746,-1.968631,-2.1951683
0,/data_nas/huangyj/data/placePulse/rawData/googleviews-110802files/513d7a62fdc9f035870067f4.jpg,0.92450196,-2.1256843,0.07054468,0.5610093,0.79376507,-0.20511082,-1.0228637,0.5692528,-4.002257,-0.9556448,0.07080391,1.2423946,-0.20721632,-1.5352875,2.2350566,0.41573858,1.2108306,0.20577179,-0.25180894,0.31018975,-0.29080108,0.8004899,-0.8271536,-2.2035158,-0.6875626,-1.4191043,1.1043571,-0.9050231,-0.0019336091,1.6672584,-1.0549222,2.4025414,-3.7680736,-1.5246788,-1.9843527,-3.081004,-0.70115143,-0.08778172,0.35531056,-0.43775347,-1.9627837,-0.17308833,-3.3235137,-2.7169313,1.9497788,-1.2917106,0.38944852,4.3358984,-0.10156452,-1.4084641
1,/data_nas/huangyj/data/placePulse/rawData/googleviews-110802files/51408adcfdc9f0358700e7f4.jpg,-0.59908277,-1.4788799,1.2739991,-0.931758,1.7140626,-1.7701157,-2.2701857,-0.38631552,-2.322117,-1.3134832,1.007607,1.5693735,-1.6281166,-1.0667075,1.8290744,0.5950998,-0.17293407,1.3388677,-1.8976244,-0.18033183,-1.351104,1.4887873,1.5913411,-3.140115,-0.91695714,-1.1291478,2.218105,-0.679639,-1.1061094,1.1156602,0.18927176,1.3291999,-3.7074869,-0.73002934,-1.0012689,-2.0584733,-1.1964483,-0.57391334,-1.3201482,-1.1929466,-0.6736162,-0.9462495,-1.2555038,-1.6642658,1.7175976,-1.0423604,0.31036633,2.2275345,-2.2362971,-1.2021688
0,/data_nas/huangyj/data/placePulse/rawData/googleviews-110802files/50f61461beb2fed910000787.jpg,-1.1528558,-2.4299948,2.100054,-0.5788288,0.5369537,-1.8622197,-2.0978668,-0.9173049,-4.629835,-1.2741609,1.4688678,1.6261588,-2.6218483,-1.047131,2.5650494,1.0378705,-0.7246247,2.070452,-1.5927525,-1.1665703,-1.7303169,1.8750646,0.8510126,-1.9498842,-1.3380984,-0.7901348,1.9232427,-0.6391259,-1.6973274,1.7698342,-0.2826542,-0.49552217,-3.233718,-0.9413481,-1.8469918,-4.3456063,-1.1172316,-0.4543639,-0.88330984,-1.4721199,1.2372607,-1.637209,-2.3899124,-0.2758702,1.9985023,-1.6842549,0.8890505,4.2737246,-2.7067885,-2.0306385
0,/data_nas/huangyj/data/placePulse/rawData/googleviews-110802files/513f10e9fdc9f0358700c782.jpg,-1.3138536,-2.313835,1.7881148,-0.36152276,2.8021328,-1.9997538,-2.107545,-1.460949,-5.4211435,-1.5529425,1.7953625,1.6710622,-2.2230525,-1.0932753,2.1932027,1.7903917,-0.62251997,2.9342976,-1.8039767,-1.183493,-1.7420689,2.212651,0.6782924,-4.9097958,-0.89028615,-0.964972,1.7826028,-0.872294,-1.9050417,1.9492323,-1.4103464,2.1297145,-6.013076,-1.1835732,-2.349111,-5.0867066,-1.0089196,-0.042318143,-2.2861276,-0.9844508,-0.8293385,-1.5484201,-2.575196,-2.5032513,2.0944247,-2.1946805,1.1739813,5.452401,-3.4055884,-2.0931144
1,/data_nas/huangyj/data/placePulse/rawData/googleviews-110802files/514134c2fdc9f0492600478e.jpg,1.5196162,0.5126081,-1.6087463,0.02751798,-1.1645334,-0.6664356,-1.5043212,0.86004925,-1.5928158,-1.4901646,-1.6781362,1.6392643,0.8674565,-0.75111496,0.4489667,1.1113642,1.9017936,1.3638417,-1.3604095,1.2556943,0.17310397,0.9163686,0.31045038,-0.06304655,1.354931,-0.80553216,1.2899033,-1.053618,0.84553707,0.88758713,-1.3977177,-0.41404942,-0.9320995,-2.4718826,-0.95553213,-1.1513174,-0.22326697,0.79147476,1.4470212,0.16519225,0.4486747,1.6300861,-0.747541,-0.4116763,0.59896535,-0.1578596,1.2280304,1.6773502,-1.3366789,1.4159167
0,/data_nas/huangyj/data/placePulse/rawData/googleviews-110802files/513d5cbdfdc9f03587003789.jpg,-0.30059925,-1.3453776,0.5103962,-0.6430355,1.2177999,-2.1722739,-2.7095263,-0.56804675,-5.614065,-2.078773,0.24549313,2.1184542,-1.2437599,-1.8744828,2.0291312,1.936732,0.73371726,2.8392205,-2.3725517,-0.21058421,-1.3399831,2.6181588,1.2041258,-3.6526718,-0.09007996,-1.9876448,2.3587573,-1.1611338,-0.8817088,2.2873988,-1.3181299,1.2969633,-5.1125975,-2.298227,-2.179908,-5.1428647,-1.6133065,-0.17926486,-0.7827129,-1.2337822,-0.1520793,-0.4990517,-2.9898477,-1.7028396,2.3710828,-2.2742126,1.6698315,5.58724,-3.3490925,-0.7532206
1,/data_nas/huangyj/data/placePulse/rawData/googleviews-110802files/513cc486fdc9f0358700178f.jpg,1.781956,-0.69025165,-1.3559654,0.14488575,-0.69120973,-0.8168827,-1.8924903,1.1506828,-5.2562013,-1.6898673,-1.7626308,1.7896746,0.79542357,-2.0786264,1.7659986,1.0467472,2.714597,1.0332232,-1.3018496,1.3445429,-0.068060204,1.5353171,0.077531815,-1.697002,0.63712376,-2.3519802,1.7053542,-1.0790108,0.8227082,1.9706712,-1.2267282,1.1445345,-3.7780073,-2.8247623,-1.7769594,-4.39063,-1.1921775,-0.17890051,1.46593,-0.994505,-0.5986799,1.0906087,-3.5670433,-1.5914301,2.085373,-1.9472989,1.2348224,5.46278,-1.1937537,0.4351308
0,/data_nas/huangyj/data/placePulse/rawData/googleviews-110802files/513cc47efdc9f03587001788.jpg,-1.6530353,-2.1053116,1.7809699,-0.77471995,3.2136304,-2.188495,-2.3262239,-1.8058331,-3.0178535,-1.886797,2.317264,1.9423448,-2.2288399,-1.0550482,1.8043954,2.0478368,-1.2085116,3.121518,-2.1854703,-1.371379,-1.8369327,2.232423,1.1940236,-4.7211933,-0.9161379,-0.8165956,2.0617785,-1.316323,-2.0389986,1.7264942,-1.726165,3.062925,-5.079815,-1.2613616,-2.2332,-2.6873264,-1.0686741,0.59594566,-2.419912,-0.010730004,-1.8807874,-1.6132363,-1.4920155,-3.2726038,1.8350844,-0.97303504,1.2211301,3.1330779,-3.5006363,-2.076361
0,/data_nas/huangyj/data/placePulse/rawData/googleviews-110802files/51414e25fdc9f04926007785.jpg,-0.7901643,-2.2877493,1.6976657,0.10521544,1.0661668,-1.453818,-1.5596166,-0.8231942,-6.6760855,-0.89608747,0.97122747,1.2304413,-2.206718,-0.7362305,2.3996606,1.131958,-0.14028049,2.2511883,-1.1035116,-0.9498456,-1.4056058,1.7340598,-0.030756595,-3.061632,-0.8167696,-0.56378126,1.2410527,-0.25183168,-1.4980094,1.8094646,-0.6808436,-0.5078093,-4.785425,-0.9321972,-2.0606828,-6.4281406,-0.619115,-0.63257766,-1.303561,-1.8514415,1.4584605,-1.2858379,-3.028577,-0.34855333,1.8666567,-2.8161764,1.0051382,6.4701366,-2.7267191,-1.8272748
1,/data_nas/huangyj/data/placePulse/rawData/googleviews-110802files/51409357fdc9f04926000780.jpg,-1.4510419,-2.6676123,3.2156975,0.082273714,-0.18977451,-0.7534759,-0.56403756,-0.6856656,-3.9423373,0.5826096,1.8550084,0.16315413,-3.471776,0.7245618,2.431154,-0.6118861,-1.6996062,0.5796258,0.004561172,-1.5745379,-1.40672,0.32238567,-0.22633903,-0.05662008,-1.9932095,1.2098408,0.5084025,0.86286604,-1.9466383,0.45214722,1.5472028,-3.948605,-1.0664424,1.1877917,-0.64853424,-4.164674,0.2416016,-1.4285877,-1.2331632,-2.4227707,4.043743,-2.1561072,-1.1795986,2.604516,0.78271306,-1.7540768,-0.3968451,3.197538,-1.3601298,-2.5352945
1,/data_nas/huangyj/data/placePulse/rawData/googleviews-110802files/513cc450fdc9f0358700175d.jpg,0.13089183,-1.1301738,0.047068685,0.6650449,0.5374622,-0.8406845,-1.0910342,-0.61533624,-4.244208,-1.2525887,0.07237595,1.5317483,-0.71665823,-0.19494252,1.217513,1.8221436,0.48830932,2.6536741,-0.9428745,-0.39248133,-0.5518079,1.2666512,-0.81949,-1.9426086,0.5575613,0.13676083,0.6743597,-0.8775599,-0.64373696,1.4450167,-2.3577583,-0.06962917,-3.1448576,-1.9759766,-2.2002282,-3.9058514,0.27079478,1.0236726,-0.24474438,0.087531224,0.6156913,0.17770809,-1.6548352,-0.98492646,0.85976017,-1.2580459,1.6126145,4.4152894,-2.4173946,-0.46399823
0,/data_nas/huangyj/data/placePulse/rawData/googleviews-110802files/51414e12fdc9f04926007757.jpg,-1.6411977,-2.8711114,2.7704692,-0.35608754,1.5903364,-1.725753,-1.7335244,-1.2576073,-4.787787,-0.84666395,2.1899848,1.230149,-3.1151688,-0.6888055,2.6438212,0.8339909,-1.3133461,1.9667395,-1.2224675,-1.591718,-1.8801737,1.655859,0.53670007,-2.861937,-1.7514902,-0.38695523,1.5896456,-0.31470993,-2.145058,1.5878115,-0.090279266,-0.014024911,-3.9934402,-0.18498166,-1.8347882,-4.5799356,-0.8664453,-0.68308556,-1.8569728,-1.6079341,0.8672454,-2.2067878,-2.3199632,-0.6536581,1.9241416,-1.9381214,0.5315865,4.460073,-2.639796,-2.7243278
0,/data_nas/huangyj/data/placePulse/rawData/googleviews-110802files/513d7a35fdc9f03587006757.jpg,-1.4196326,-1.6362259,2.8854094,-0.6874086,2.0257409,-1.0653522,-1.082095,-0.43364567,-0.8605636,0.55677736,1.8955129,0.081809305,-2.892676,0.8655646,1.6296816,-1.2058275,-1.6413814,-0.050563075,-0.67907435,-0.695091,-1.3686887,0.12357879,1.2508385,-2.2479522,-1.7400117,0.9265908,1.1703634,0.99651986,-1.7347829,-0.50622225,2.5514884,-1.7041465,-2.0510542,1.9160559,0.5962851,-1.3352345,0.00017800368,-1.8734262,-2.6743934,-2.37446,1.8173165,-1.8067276,0.70672005,0.921269,0.48358777,-1.0905467,-1.2970661,0.336988,-1.3441958,-1.8420507
1,/data_nas/huangyj/data/placePulse/rawData/googleviews-110802files/50f433d4fdc9f065f0002751.jpg,1.9849215,-0.9522498,-1.151876,0.075168505,-0.49620175,-0.53636026,-1.7590916,1.6520811,-5.4362464,-1.2508826,-1.8206695,1.4095614,0.7719893,-2.2822752,2.096009,0.18511629,2.8842847,-0.08273078,-0.9606446,1.6453973,0.03475023,1.1994264,0.16138421,-1.8939453,0.114313245,-2.6790247,1.745883,-0.70598733,1.009083,1.798658,-0.13811554,1.27519,-4.056504,-2.2324634,-1.3469303,-4.5218754,-1.4194196,-1.0633073,1.3528534,-1.7640158,-0.7934187,0.8708781,-3.9719293,-1.5340403,2.329255,-2.3211033,0.5272389,5.593485,-0.31222916,0.11978634
0,/data_nas/huangyj/data/placePulse/rawData/googleviews-110802files/5140ca28fdc9f0492600275c.jpg,-1.2244081,-3.1438107,2.6346507,-0.11671466,0.72032154,-1.3260486,-1.4378661,-0.8384356,-5.5950837,-0.61149925,1.8252946,1.0757678,-2.947391,-0.8622349,2.9541318,0.46708268,-0.9402161,1.3484229,-0.7589061,-1.4452276,-1.6483195,1.390019,0.051757336,-2.002206,-1.9466933,-0.5130435,1.3572834,-0.21436511,-1.8596207,1.7063473,0.14411162,-0.63989264,-3.6024888,-0.23516323,-1.898924,-5.249471,-0.8548376,-0.93894166,-1.1088701,-1.9173532,1.3485874,-2.1341772,-3.0572827,-0.122708015,2.0642385,-2.1864655,0.4008065,5.2202606,-1.9222443,-2.8322341
0,/data_nas/huangyj/data/placePulse/rawData/googleviews-110802files/50f5e55dfdc9f065f0006759.jpg,0.10330094,-0.25066572,0.86093396,-0.39813796,-0.96031713,-1.193416,-1.5187795,0.43640566,-3.3518543,-0.1690212,-0.637528,0.7275559,-1.4967616,0.42000005,1.2688315,-0.2816753,0.45568264,0.96754706,-1.2227501,0.4180169,-0.7555273,0.7788809,1.0529168,-0.26579976,0.059899595,0.28885722,1.2404926,0.7192682,-0.43875077,0.17390607,1.5331051,-4.324487,-1.1584815,-0.15581341,0.20032714,-3.7428994,-0.039946243,-1.4479016,-0.31261057,-2.6345973,4.386203,0.04032588,-0.27772608,2.9346025,0.47699097,-1.9079338,0.13885975,2.730247,-2.1020906,0.32044566
0,/data_nas/huangyj/data/placePulse/rawData/googleviews-110802files/5140b689fdc9f04926001759.jpg,-1.0046811,-1.7318422,2.3180828,-0.74505514,0.17841691,-1.1158587,-1.359968,-0.23717013,-0.8145263,-0.1109832,1.4016739,0.7278508,-2.5569756,0.18838753,1.8354456,-0.6630687,-1.2433503,0.18649317,-0.8868707,-0.69034034,-1.284867,0.40784147,1.1226733,-0.24184966,-1.5987617,0.43469483,1.4296256,0.26670656,-1.3658706,0.14424643,1.7381294,-2.166876,-0.4722984,0.74756414,-0.0396015,-0.95048255,-0.35523242,-1.1039178,-0.93334657,-1.6715636,2.095263,-1.4698279,0.04422205,1.2542752,0.7758763,-0.43369067,-0.57865983,0.2651424,-1.202051,-1.603488
1,/data_nas/huangyj/data/placePulse/rawData/googleviews-110802files/50f4648efdc9f065f000475f.jpg,-1.2976022,-2.5363407,2.6449764,-0.41834795,0.8554356,-1.1076363,-1.232911,-0.7264262,-1.9701415,-0.29337978,2.0840225,0.8736137,-2.8597383,-0.07956948,2.251971,-0.1333478,-1.531933,0.6908049,-0.6997531,-1.260048,-1.4921372,0.6818259,0.5140112,-1.1292092,-1.8993317,0.3344415,1.2951906,-0.08191865,-1.7558497,0.7161366,0.7363565,-0.90908825,-1.6397574,0.46073148,-0.94537956,-1.8916004,-0.37844157,-0.6647093,-1.273664,-1.2243321,1.1246266,-1.9220963,-0.9247356,0.064030245,1.184878,-0.67394936,-0.23883036,1.5950794,-1.3531628,-2.4358144
0,/data_nas/huangyj/data/placePulse/rawData/googleviews-110802files/50f5e55dfdc9f065f0006750.jpg,-1.1898541,-3.3047955,2.8436086,0.02147433,0.37825578,-1.073252,-1.1594071,-0.67081887,-5.631692,-0.25097704,1.8655919,0.79692763,-3.1121075,-0.71903455,3.0948918,0.085384384,-1.0340532,0.8945255,-0.38922372,-1.511125,-1.570109,1.1731968,-0.21320905,-1.4060639,-2.1575415,-0.32976836,1.1584833,0.053480603,-1.8039045,1.603396,0.55065143,-1.3537464,-3.048459,0.0984023,-1.7452009,-5.3352947,-0.74527687,-1.2304246,-0.97927266,-2.166706,1.9154894,-2.2636118,-3.1382296,0.47470292,1.9997466,-2.266369,0.15542206,5.1707716,-1.4382609,-3.012933
1,/data_nas/huangyj/data/placePulse/rawData/googleviews-110802files/513d30b8fdc9f0358700275b.jpg,0.79699117,-1.6080029,0.107819706,1.5570062,-1.2570506,0.9636764,0.6770682,0.25020015,-2.2430584,0.11401129,-0.03194535,0.45675963,-0.3854307,0.7044567,1.1603508,0.22543833,0.26399997,0.31730118,1.0861485,-0.33788186,0.3287035,-0.6770951,-2.5261583,1.4117336,-0.12062068,1.4456553,-0.7502882,-0.32613924,-0.098062366,0.45210266,-1.5038016,-1.6343689,0.19730164,-0.84264195,-1.5246258,-1.7370509,1.4222909,1.0014453,1.2112119,0.50391054,1.2327578,0.22508556,-1.1414441,0.32657406,-0.10609606,-0.023570906,0.40519965,2.3065462,0.39846686,-0.92990553
0,/data_nas/huangyj/data/placePulse/rawData/googleviews-110802files/5140ca25fdc9f04926002754.jpg,0.74172145,0.0449318,-0.76521534,-0.0893068,-0.47166115,-1.5728104,-2.1096272,0.13645956,-5.5036597,-1.6788096,-1.3876972,1.7997221,-0.20183171,-0.9223102,1.1091454,1.7817988,1.732089,2.7972152,-1.9846413,0.6447845,-0.5320575,1.9933665,0.6042363,-1.9219975,1.2564253,-1.0952108,1.5913545,-0.71041656,0.030823868,1.6234417,-1.3823745,-1.3229169,-3.4886816,-2.5934083,-1.5486766,-5.2771826,-0.62017626,0.05057749,0.3103164,-1.2788186,2.0389998,0.9347032,-2.0463762,0.32547763,1.2919852,-2.2355647,1.8582693,5.3663754,-3.1364427,0.9516567
1,/data_nas/huangyj/data/placePulse/rawData/googleviews-110802files/50f433d8fdc9f065f00027a6.jpg,2.354516,-0.57232267,-1.1898375,1.010241,-1.3001935,0.82519406,-0.13916083,2.030895,-3.6830425,0.13166605,-2.016786,0.3286215,0.99389905,-0.53103495,1.3513292,-0.8822219,2.5404656,-1.2225729,0.5578212,1.7048297,0.7886952,-0.43298197,-1.2571632,0.09606729,0.32410902,-0.6553719,0.21287927,0.17073804,1.3152379,0.48366413,0.37319034,-1.0500573,-1.652082,-1.0065233,-0.4606805,-3.087974,0.24723864,-0.94165254,1.60719,-1.4687386,0.7875348,1.2933713,-2.3372097,0.19979987,0.79975075,-1.5726855,-0.30268562,3.7689328,1.1489942,0.407551
0,/data_nas/huangyj/data/placePulse/rawData/googleviews-110802files/5140b6a2fdc9f049260017a1.jpg,-0.7902751,-2.4380915,2.6963031,-0.97055787,0.11438682,-1.1292948,-1.6251729,0.30113158,-1.8400799,-0.0007417971,1.4693002,0.63787305,-2.7502387,-0.66130966,2.7158408,-1.3751138,-0.90011835,-0.83578014,-0.7776179,-0.45455468,-1.4368473,0.50129235,1.4258047,-0.5357888,-2.438879,-0.5968038,1.931228,0.39641032,-1.2376485,0.48486897,2.74654,-1.5354079,-1.2467822,1.0183258,0.017923681,-1.7377732,-1.1316936,-2.1096683,-0.76188296,-2.6115453,1.5585287,-1.9203274,-1.3116238,0.8996219,1.6442981,-1.0491092,-1.1151744,1.2119699,-0.48173657,-2.2594807
0,/data_nas/huangyj/data/placePulse/rawData/googleviews-110802files/50f5e560fdc9f065f00067ac.jpg,-1.2031225,-2.709735,2.4919417,0.04867059,0.90131676,-1.3209201,-1.3088299,-0.9044217,-5.9905744,-0.42883563,1.5741544,0.9034478,-2.8701205,-0.39319068,2.623966,0.5683184,-0.8258128,1.7098008,-0.76523846,-1.3307898,-1.5480264,1.370355,-0.054477587,-2.3423953,-1.4904989,-0.115727514,1.1006354,0.09885647,-1.8341967,1.4896141,0.11708973,-1.3210145,-3.8820686,-0.12855391,-1.7139648,-5.8630786,-0.49181974,-1.0146564,-1.4730564,-2.145593,2.0731335,-1.8653439,-2.6763177,0.37931818,1.7151176,-2.5768332,0.5002422,5.611132,-2.3251758,-2.4113858
0,/data_nas/huangyj/data/placePulse/rawData/googleviews-110802files/50f5ec17fdc9f065f0008706.jpg,-0.91878176,-2.9865203,2.4738421,-0.35189497,0.20401078,-1.152802,-1.4940236,-0.38684052,-3.778963,-0.55781186,1.6257432,1.1155132,-2.7047157,-0.85365313,2.895382,-0.08618151,-0.85922545,0.5511758,-0.72226036,-1.069129,-1.5139385,0.99469286,0.36239752,-1.0170828,-2.0950513,-0.5196149,1.5649587,-0.23431015,-1.5382063,1.3383029,0.730017,-0.75072455,-2.3177598,-0.061068572,-1.397608,-3.42321,-0.897944,-0.99222773,-0.53845036,-1.7339312,1.0959973,-1.9191393,-2.3914607,-0.020065613,1.9026884,-1.3744894,-0.03821107,3.4106455,-1.2422403,-2.611541
1,/data_nas/huangyj/data/placePulse/rawData/googleviews-110802files/513cb326fdc9f03587000707.jpg,1.4476835,-0.044081684,-0.8893482,-0.031692747,-1.4840394,-0.33143902,-1.2242258,1.2255911,-1.0902535,-0.8356761,-1.3881538,1.2020327,0.37409377,-0.59300643,0.9407682,0.023710065,1.5652424,0.10705212,-0.8256772,1.2004857,0.15165788,0.3747651,0.27958828,0.759964,0.49189222,-0.59988326,1.1966032,-0.5105473,0.77298427,0.5270716,-0.013701166,-1.3079196,-0.08223416,-1.5300663,-0.40439957,-0.7207025,-0.22094195,-0.053301886,1.5221521,-0.5542641,1.0291845,1.1093893,-0.7238966,0.4200434,0.6350271,-0.16771038,0.38661873,1.0099726,-0.36671728,0.79590976
1,/data_nas/huangyj/data/placePulse/rawData/googleviews-110802files/513d6968fdc9f03587004702.jpg,1.439739,-0.19758478,-0.9260216,0.98849154,-0.9166887,0.38993597,-0.16512682,0.86957616,-2.3320827,-0.26226452,-1.2370759,0.6771355,0.41654912,0.31086284,0.62621146,0.26773876,1.3807107,0.5062872,0.09730544,0.7947135,0.51130515,-0.12057942,-1.2607485,0.22305676,0.86054593,0.53271973,0.0004825238,-0.22640397,0.6292013,0.37088606,-0.9799385,-1.6092901,-0.7811125,-1.3372009,-0.84611505,-2.029125,0.87455547,0.41875896,0.992986,-0.17568073,1.387645,1.2071738,-0.7975,0.4331228,0.026287623,-0.5999126,0.55679595,2.4067454,-0.24448156,0.58869976
0,/data_nas/huangyj/data/placePulse/rawData/googleviews-110802files/513e1c5efdc9f0358700970e.jpg,-0.52207035,-1.2105883,0.5990239,-0.7316504,2.005964,-1.8083442,-2.2907486,-0.7816548,-1.8436164,-1.9026477,0.97711724,2.0068884,-1.081639,-1.1699667,1.3811973,1.5978404,-0.0819974,2.28393,-2.1083746,-0.28350452,-1.224919,1.7906415,1.2537411,-3.4616077,-0.26587534,-1.0866232,2.1129463,-1.3507273,-1.0229367,1.4251018,-1.4120224,2.5833,-3.842933,-1.6468642,-1.6761146,-1.4306201,-1.0239298,0.62274873,-1.1452547,0.116234526,-1.7970871,-0.50384617,-1.1011043,-2.8408334,1.5657829,-0.44523245,1.071772,2.0106628,-2.6772094,-0.8744612
1,/data_nas/huangyj/data/placePulse/rawData/googleviews-110802files/513d3044fdc9f03587002700.jpg,0.5112036,-1.4744343,0.52817357,0.918851,0.6511694,0.061475433,-0.27045393,0.26454118,-4.02204,0.019506857,0.033438865,0.48811048,-0.8246063,0.25851962,1.5331126,0.031700328,0.5558086,0.5478531,0.16829017,0.028242797,-0.19844404,0.15755674,-1.217674,-1.7006454,-0.21932878,0.4689429,0.16062191,0.12778933,-0.33786887,0.6532743,-0.40672845,-0.8381911,-2.8828554,-0.4688716,-1.175915,-3.7942972,0.59633046,-0.38743794,-0.5085422,-1.1042496,1.0354432,-0.0686633,-1.6559954,-0.2312155,0.6744765,-1.6663843,0.12317095,4.0767155,-0.60026723,-0.91650295
1,/data_nas/huangyj/data/placePulse/rawData/googleviews-110802files/513d5cd6fdc9f035870037b3.jpg,-1.8340697,-1.8073188,2.535802,-0.43850338,2.0256464,-1.8187006,-1.6017582,-1.5605807,-2.9086251,-0.7084706,2.1046746,1.1169116,-2.9939518,0.40796685,1.6201862,0.98877865,-1.681539,2.5362375,-1.4873273,-1.490289,-1.7390101,1.4090012,0.841663,-2.9376063,-0.9744774,0.701257,1.3063717,-0.07995127,-2.1966965,0.7954864,-0.16003934,-0.92630476,-3.2129192,0.10355848,-1.1839896,-3.15135,-0.12181305,-0.24572964,-2.5117767,-1.1736801,1.6117454,-1.7002027,-0.29556185,-0.004912555,0.89231014,-1.3139434,0.5829913,2.5660534,-3.2847667,-1.8076102
1,/data_nas/huangyj/data/placePulse/rawData/googleviews-110802files/50f4648ffdc9f065f00047b1.jpg,2.179812,-0.19595473,-1.5995716,0.6930971,-0.5627898,0.27857888,-0.7136736,1.5818,-2.741623,-0.67201626,-1.8570374,0.95032406,1.2726333,-0.8452153,0.9688118,0.04375412,2.499769,-0.2246445,-0.234709,1.670843,0.62242067,0.16207124,-0.72786003,-0.7912369,0.79431295,-0.99171805,0.69659305,-0.5110457,1.229808,0.7636974,-0.6730383,0.49740845,-2.1373572,-1.756715,-0.8742929,-2.0794816,-0.032096483,-0.09553206,1.3507764,-0.5343965,-0.5301064,1.5213065,-1.8983141,-1.125838,0.88699067,-0.9898036,0.3219335,3.032134,0.2735402,0.7433025
0,/data_nas/huangyj/data/placePulse/rawData/googleviews-110802files/50f5ec33fdc9f065f00087bc.jpg,-0.8334794,-1.6574471,1.9068128,-0.10505693,-0.5211287,-1.2415181,-1.2950944,-0.55336434,-3.8837993,-0.38835582,0.84334576,0.95515394,-2.4810631,0.21317983,1.8987659,0.40633878,-0.71238023,1.637175,-0.9295284,-0.93707997,-1.2308984,1.0462116,0.26710144,-0.29402977,-0.8203572,0.5201834,1.0516433,0.17657694,-1.3640368,0.8595114,0.3853434,-3.3327148,-1.3717467,-0.25536305,-0.9917291,-4.010626,-0.075210765,-0.66051745,-0.5808553,-1.77259,3.57673,-1.0860767,-1.0865023,1.987782,0.889529,-1.5648669,0.5406212,3.3202934,-2.2573898,-1.2378598
0,/data_nas/huangyj/data/placePulse/rawData/googleviews-110802files/50f5e561fdc9f065f00067b9.jpg,-0.49772158,-0.736006,0.84561354,-0.116846226,-0.91017854,-1.4486421,-1.5455468,-0.6557067,-3.172956,-1.064023,0.16957441,1.46471,-1.6950606,0.1926517,1.1668683,1.3345251,-0.23189089,2.6214573,-1.456935,-0.61683476,-1.015351,1.3209188,0.39882007,-0.05064811,0.25213647,0.50472546,1.1203632,-0.4253403,-1.0080707,0.9825787,-0.86938286,-3.0159564,-0.94556934,-1.3122196,-1.2504098,-3.2467763,0.04797642,0.41028568,-0.031178406,-0.75350547,3.2703207,-0.20548336,-0.508372,1.6269124,0.55663675,-0.9324869,1.3713509,2.7649007,-2.9581685,-0.17221093
0,/data_nas/huangyj/data/placePulse/rawData/googleviews-110802files/513e62c5fdc9f0358700b744.jpg,0.6132665,-0.22387962,-0.28220487,0.29368326,-1.5190289,-0.31472388,-0.75842595,0.30379683,-0.9768918,-0.69950736,-0.593837,1.0950656,-0.37599993,0.24817832,0.61949766,0.6392547,0.46295375,1.151195,-0.6086008,0.19183983,-0.04462936,0.28071204,-0.32821625,1.3187004,0.5389417,0.61380035,0.5752815,-0.5512129,0.052382737,0.40707278,-0.8744355,-2.3639889,0.6927179,-1.3740094,-0.78226715,-0.77852005,0.49998793,0.76198167,1.1035942,0.11789951,2.0749137,0.67752045,-0.0059454422,1.1402177,0.010327939,0.23285168,0.8297128,0.7765154,-1.0621958,0.41937214
0,/data_nas/huangyj/data/placePulse/rawData/googleviews-110802files/51413372fdc9f049260042dd.jpg,-1.9927104,-2.4675176,2.9992115,-0.7629207,1.5226333,-2.1685536,-2.038713,-1.4674913,-4.8112698,-0.840899,2.196473,1.2152462,-3.4806523,-0.4491066,2.455178,0.879169,-1.5609976,2.3780646,-1.6749884,-1.6645098,-2.1256568,1.8962761,1.2071574,-2.927445,-1.6170118,-0.23638666,1.8044895,-0.09053913,-2.3772924,1.4048892,0.35806054,-1.0451512,-3.862588,0.0034588818,-1.4533243,-4.882484,-0.9343019,-0.9550286,-2.237094,-2.0789046,1.9675007,-2.279361,-1.7760516,0.26033103,1.7595959,-2.1488783,0.58388716,4.283737,-3.340796,-2.403531
1,/data_nas/huangyj/data/placePulse/rawData/googleviews-110802files/513e20d0fdc9f0358700a2d6.jpg,0.18649851,-0.7902404,-0.23530912,0.13041632,2.5408864,-1.418932,-1.830547,-0.51740795,-4.9683356,-1.6461822,0.004224117,1.6518667,-0.35458663,-0.9989795,1.1978258,1.9305943,1.0376405,2.758922,-1.707362,0.1784885,-0.71527714,1.9166486,0.2203834,-5.007864,0.690891,-1.1211169,1.433496,-0.9621634,-0.53552157,1.6785502,-2.0963762,2.441877,-6.0442567,-2.0885582,-2.0596855,-4.586568,-0.55981123,0.36724523,-1.5082347,-0.4661887,-1.3100686,0.23483208,-2.1858263,-2.8569973,1.5564013,-2.0990276,1.4690593,5.3296804,-2.9155939,-0.26061183
1,/data_nas/huangyj/data/placePulse/rawData/googleviews-110802files/50f42eabfdc9f065f00022d6.jpg,1.7648122,-0.55238587,-1.4421623,1.4995239,-1.1546708,0.52277654,-0.066040896,0.72770715,-4.325321,-0.6677296,-1.5678838,0.9881889,0.8770941,-0.0769375,0.8616266,1.058018,1.9698874,1.1991129,0.23639828,0.73259574,0.6227157,0.18804584,-2.1022222,-0.07698998,1.2101797,0.22172387,-0.25439987,-0.6384184,0.7288851,1.0559736,-2.3143134,-0.8172847,-1.8060269,-2.26665,-1.848133,-3.710431,0.9252501,1.0073028,1.5328488,0.20268832,0.8532075,1.4532123,-2.0890434,-0.35684678,0.35615367,-1.1419284,1.2689772,4.6077466,-0.5322893,0.48498526
0,/data_nas/huangyj/data/placePulse/rawData/googleviews-110802files/5140d270fdc9f049260032de.jpg,-0.9095006,-1.3471274,1.4012992,-0.4639552,0.36535484,-1.5243015,-1.6913025,-0.89561945,-2.1516488,-1.129421,1.0542357,1.494043,-2.0027466,-0.006373138,1.4297911,1.0634971,-0.78231764,2.2007952,-1.5370498,-0.80992407,-1.2711698,1.212186,0.7829581,-1.1819377,-0.49144757,0.33734202,1.415739,-0.58652824,-1.3821374,0.8722556,-0.5198723,-1.1709249,-1.6978478,-0.85242987,-1.1983873,-2.1287534,-0.2218029,0.25921533,-0.76875716,-0.6215564,1.5370309,-0.8234373,-0.38698974,0.17538807,0.7978674,-0.5496484,0.86229223,1.860798,-2.705284,-1.0048344
1,/data_nas/huangyj/data/placePulse/rawData/googleviews-110802files/5140c8abfdc9f049260022de.jpg,0.60262656,-1.1932436,0.74333507,0.6078427,-1.0184674,-0.08583322,-0.456626,0.7115623,-4.001609,0.280309,-0.4872036,0.3552946,-1.1418712,0.36504075,1.6775577,-0.57667536,0.6510799,0.06300675,0.08060392,0.2311976,-0.24771225,0.058233343,-0.69454825,0.15559193,-0.36001652,0.4993034,0.36730775,0.5994579,-0.19405116,0.40544656,0.85011446,-3.363058,-1.2244205,-0.13723983,-0.48909873,-3.9648185,0.4313751,-1.1092211,0.25908995,-2.0576634,3.244545,-0.0504276,-1.4176451,2.0014646,0.5807051,-1.7992356,-0.1066342,3.64323,-0.54221475,-0.52577627
1,/data_nas/huangyj/data/placePulse/rawData/googleviews-110802files/5140c8aafdc9f049260022da.jpg,1.1307093,-0.8492805,0.061008297,0.4528915,-1.2369467,0.081873305,-0.57234734,1.1510211,-2.4760633,0.023461593,-0.8422293,0.5516997,-0.4108547,-0.0031275945,1.4437343,-0.6674754,1.0925022,-0.425417,-0.015150807,0.7595396,0.048432466,-0.09427291,-0.47918114,0.5976869,-0.17768253,0.071155295,0.5973585,0.22179613,0.34892443,0.3289266,0.7297721,-2.3442855,-0.54936266,-0.5076253,-0.3319967,-2.2406425,0.24144161,-0.8002746,0.8994748,-1.437831,2.0479636,0.43454942,-1.1677753,1.2032827,0.5796606,-0.995159,-0.19648878,2.2728229,0.0682461,-0.12077806
1,/data_nas/huangyj/data/placePulse/rawData/googleviews-110802files/51409073fdc9f049260002d0.jpg,-0.74127305,-1.7941859,2.123061,0.24429029,-1.1548022,-0.49186045,-0.4725951,-0.31740725,-2.8100767,0.32679802,0.92402995,0.38170218,-2.529499,0.88726026,1.770781,-0.36656094,-1.0460416,0.6573725,-0.048850324,-1.0031018,-0.91609615,0.11452499,-0.39496052,1.0933235,-1.1179228,1.3773285,0.35578993,0.57162076,-1.272296,0.24745148,0.9432075,-4.391805,0.18462248,0.5088324,-0.5244528,-3.0116332,0.56069034,-0.7380339,-0.2441043,-1.6974767,4.1970015,-1.1587399,-0.4840155,2.8591084,0.28509435,-1.0284734,-0.06972452,2.1665845,-1.1581044,-1.4515638
0,/data_nas/huangyj/data/placePulse/rawData/googleviews-110802files/50f5eb6afdc9f065f00082db.jpg,-1.772664,-1.8618988,2.7166436,-0.24153444,0.5722624,-1.6627007,-1.3444642,-1.3411665,-4.0747223,-0.3229479,1.7080199,0.84703034,-3.308182,0.6137606,1.8427516,0.72182447,-1.6104759,2.3968544,-1.1478654,-1.6100211,-1.694,1.2782845,0.4959641,-1.4074496,-1.0274371,0.98556024,1.0079874,0.34096286,-2.144188,0.80245125,0.3466079,-3.2228231,-2.150637,0.23977947,-1.0537655,-4.4321036,0.032509737,-0.66261685,-1.8225416,-1.8705959,3.7368383,-1.7467259,-0.6679844,1.9261073,0.785242,-1.7997845,0.6269537,3.4470937,-3.1800141,-1.7317239
0,/data_nas/huangyj/data/placePulse/rawData/googleviews-110802files/50f5eb64fdc9f065f000826d.jpg,-0.8240237,-0.86889756,1.4993267,-0.2278825,-0.24321413,-0.8351227,-0.8732188,-0.5463122,-0.18304075,-0.22881435,0.96353334,0.76588285,-1.9879031,0.9149661,0.8694257,0.17399395,-1.1823862,1.210529,-0.7812959,-0.7576218,-0.8531811,0.25537392,0.4067205,0.461001,-0.48976648,1.3647311,0.7337655,0.025002103,-1.1576029,-0.06989663,0.32783204,-2.866106,0.48486644,0.13084951,-0.27535525,-0.39660582,0.5103351,0.103260055,-0.6304066,-0.5556635,2.6774888,-0.6818718,0.99227405,1.6583846,-0.11779436,0.17695363,0.18269575,-0.29373643,-1.6697886,-0.6957743
0,/data_nas/huangyj/data/placePulse/rawData/googleviews-110802files/50f607d1beb2fed6f8000267.jpg,0.5119042,0.74627596,-0.98397,0.15883185,-0.16255194,-0.97955394,-1.3092753,-0.25213113,-0.958317,-1.3894906,-0.85447425,1.5713409,0.11806101,0.44908264,-0.16557813,1.7849643,0.743592,2.757036,-1.5551265,0.425339,-0.14495826,0.9809205,0.20163493,-0.7362226,1.7024354,0.60922766,0.8279528,-0.8630822,-0.005284953,0.4769887,-2.0423028,-1.182355,-0.9419375,-2.078969,-1.0074041,-0.9658905,0.60109526,1.4546392,0.13983008,0.67722195,1.3142045,1.3275121,0.7800895,0.033356313,-0.2296716,0.063720465,1.6122849,1.0138391,-2.685866,1.3733685
0,/data_nas/huangyj/data/placePulse/rawData/googleviews-110802files/51392d90818ede1296001265.jpg,-1.2173005,-2.1761594,2.6412385,-0.30886713,-0.46096668,-1.2771988,-1.2869061,-0.5882325,-4.1406956,-0.09786715,1.3323697,0.70105314,-3.1204836,0.13314119,2.3609507,-0.08246239,-1.1612015,1.1647835,-0.7746975,-1.2234129,-1.4872,0.9938655,0.4675131,-0.24295804,-1.5235773,0.45394787,1.1626177,0.44923478,-1.6713767,0.82197374,1.2008194,-3.6505833,-1.3228357,0.32591677,-0.7971483,-4.307918,-0.29809815,-1.2796584,-0.8669579,-2.3743403,3.903538,-1.718535,-1.3694991,2.3710294,1.1185971,-1.799661,0.115722574,3.4107273,-2.0104434,-1.8822869
1,/data_nas/huangyj/data/placePulse/rawData/googleviews-110802files/50f56092fdc9f065f000523c.jpg,0.44329327,-1.4526745,0.8128769,0.7939483,-1.8261003,0.15915203,-0.14602216,0.444836,-2.9293525,0.16994517,-0.1259738,0.4854052,-1.2341505,0.49731153,1.57817,-0.26604617,0.1600803,0.24033327,0.36397782,-0.23442365,-0.18624124,-0.16827005,-1.1814207,1.644976,-0.48192114,0.9735911,0.076008864,0.2094869,-0.3059118,0.44416437,0.1374286,-3.5771616,0.33851078,-0.38931558,-0.83456093,-2.7490025,0.72726804,-0.26354894,0.96790606,-1.0647539,3.2153933,-0.15435825,-1.1452969,2.104556,0.2884872,-0.81554425,0.16287747,2.5613618,-0.30379957,-0.78631014
0,/data_nas/huangyj/data/placePulse/rawData/googleviews-110802files/513e2093fdc9f0358700a23f.jpg,-0.6352529,-3.156267,2.269545,-0.24284403,-0.14429477,-1.0850333,-1.5314114,-0.18699877,-4.9371886,-0.63834304,1.373851,1.1454794,-2.510933,-1.3143277,3.1900718,-0.0127327,-0.42594433,0.4703374,-0.64080274,-0.9501404,-1.4319541,1.2097472,0.17438751,-0.9803623,-2.095287,-1.028414,1.6085768,-0.31652898,-1.3244998,1.7202346,0.57521194,-0.58502436,-2.7057576,-0.42422047,-1.6812335,-4.427308,-1.166288,-1.1484026,-0.15701234,-1.9276962,1.0332357,-1.8543161,-3.34958,-0.14197087,2.28041,-1.8243862,0.10111496,4.583942,-1.0351062,-2.6767466
1,/data_nas/huangyj/data/placePulse/rawData/googleviews-110802files/513cbf14fdc9f03587001235.jpg,0.697987,0.008665407,-1.3057162,0.33134097,1.2849989,-1.1332927,-1.6078372,-0.42986688,-3.845248,-1.9717051,-0.7300067,1.9075587,0.49958235,-0.78110933,0.45266202,2.5103714,1.4126248,3.2240384,-1.7107521,0.42285067,-0.2542903,1.7258123,-0.13623852,-3.400669,1.5894186,-0.73343915,1.0804636,-1.4516526,-0.027763758,1.5689192,-3.203682,1.9134932,-4.327837,-2.9673195,-2.1924813,-3.3649647,-0.09314033,1.515542,-0.3217916,0.7013749,-1.0572956,1.1422181,-1.5025826,-2.5150824,0.913408,-1.1037706,2.0787115,4.272512,-2.8777835,0.71165335
0,/data_nas/huangyj/data/placePulse/rawData/googleviews-110802files/51409d0cfdc9f0492600127d.jpg,-1.5010896,-1.8658785,2.658735,-0.34994736,0.17392266,-1.5956942,-1.4235784,-0.93539596,-4.3576393,-0.2032513,1.4082503,0.7486397,-3.2065685,0.36037707,2.055324,0.3040554,-1.2770789,1.8416371,-1.0999668,-1.3136414,-1.6372253,1.21794,0.6749013,-1.1008962,-1.1840035,0.61179733,1.1687127,0.49606675,-1.9000989,0.80450124,0.9529443,-3.5092962,-2.0403526,0.35080853,-0.82277954,-4.6662927,-0.22403203,-1.1623131,-1.5152042,-2.3782969,3.9544387,-1.7060055,-1.0225441,2.2491448,1.0000951,-2.0463333,0.35798725,3.651299,-2.766166,-1.6755452
0,/data_nas/huangyj/data/placePulse/rawData/googleviews-110802files/513d78bafdc9f03587006273.jpg,-1.1790352,-0.5914264,0.9335657,-0.39603725,1.165566,-2.1761348,-2.0773447,-1.5706125,-3.3994007,-1.68023,0.8537331,1.8573377,-1.8632905,0.058163587,0.85896957,2.390193,-0.635285,4.0387287,-2.2679741,-0.99060756,-1.4233255,2.1073024,0.91188145,-2.6910443,0.57936674,0.3059624,1.4869869,-0.8434883,-1.5800645,1.288429,-1.9186932,-0.9154577,-3.1565118,-1.6750785,-1.7466892,-3.5433555,-0.1645455,0.9336458,-1.5203191,-0.24157025,1.7562153,-0.41218048,-0.29402044,-0.14570242,0.7355821,-1.135774,1.9402153,3.2085426,-4.380156,-0.25721452
1,/data_nas/huangyj/data/placePulse/rawData/googleviews-110802files/513d78b9fdc9f03587006272.jpg,-0.6692167,-1.5746638,2.0404782,-0.34123558,-0.65498435,-1.1074216,-1.3078784,-0.08328786,-3.3023055,-0.06592783,0.70427656,0.6640426,-2.479078,0.19612099,2.0151103,-0.39517567,-0.6064951,0.68738073,-0.8031074,-0.56679714,-1.1666927,0.74379945,0.6693954,-0.02390942,-1.1266485,0.35755262,1.2270521,0.5336602,-1.1489128,0.48479864,1.5314755,-3.672547,-0.9615949,0.32383692,-0.32814896,-3.4899442,-0.24532183,-1.3914835,-0.57095724,-2.3913927,3.7474668,-1.1354522,-0.8607188,2.406284,0.90003014,-1.5776541,-0.12517151,2.6076584,-1.6300049,-1.2178631
1,/data_nas/huangyj/data/placePulse/rawData/googleviews-110802files/513e1aa5fdc9f0358700927c.jpg,-0.49222752,-3.5251536,2.488062,-0.48964354,0.32871774,-1.0620877,-1.6885812,0.23395328,-5.320357,-0.48190406,1.4288743,0.9976588,-2.538116,-1.8535563,3.6586158,-0.6585192,-0.19950092,-0.44833812,-0.5636396,-0.66868585,-1.491081,1.1561956,0.51951414,-1.7034533,-2.6798363,-1.7463975,1.9539869,-0.16518757,-1.2157094,1.7942213,1.4772862,0.26713824,-3.5753815,-0.035052754,-1.4513817,-4.6728,-1.6966951,-1.9659848,-0.35491276,-2.6339726,0.2761539,-2.15182,-4.035113,-0.6459846,2.818472,-2.2535584,-0.45541254,4.95253,-0.4063927,-3.07502
0,/data_nas/huangyj/data/placePulse/rawData/googleviews-110802files/5140904afdc9f04926000279.jpg,-1.3125215,-2.9573648,2.7238574,-0.064851694,1.0316296,-1.0558878,-1.1385236,-0.8848384,-3.962458,-0.35990587,2.0780053,0.8478482,-2.9057176,-0.28405982,2.578766,0.18206857,-1.304534,1.0657457,-0.5382578,-1.4248701,-1.5265383,0.9042494,0.0016715657,-1.8130503,-1.9263097,0.1332203,1.1147932,-0.074689075,-1.8820226,1.1020216,0.32475913,-0.6206975,-2.8944237,0.24894817,-1.4830458,-3.7488248,-0.39565608,-0.76132613,-1.4032133,-1.5421758,1.119316,-2.0881279,-1.9656069,-0.20435953,1.520395,-1.5009804,0.0061414205,3.6187913,-1.6280489,-2.7777302
0,/data_nas/huangyj/data/placePulse/rawData/googleviews-110802files/51392de2818ede1296001279.jpg,-0.76446784,-1.387246,1.7903099,-0.99680555,-0.22824061,-1.6002471,-2.0059502,-0.14911239,-1.5954437,-0.758484,0.88421214,1.2220993,-2.2588732,-0.42651647,1.868474,-0.079868704,-0.64871025,0.8365871,-1.5707676,-0.39696515,-1.3678397,1.0628881,1.6297922,-0.39124358,-1.1737021,-0.33768055,1.9864044,-0.12651776,-1.1253723,0.6347291,1.3196666,-1.9503545,-0.906182,-0.12619072,-0.34066767,-1.6067866,-0.8881897,-0.98578256,-0.49795768,-1.7402115,2.0830307,-1.1046993,-0.48800352,1.0816817,1.1870042,-0.68044955,0.007178981,1.0395484,-1.8836769,-1.0921206
1,/data_nas/huangyj/data/placePulse/rawData/googleviews-110802files/51409046fdc9f04926000270.jpg,1.0852319,-0.4704469,-0.18063039,0.7175938,-1.1167747,0.34311658,-0.16427216,0.92381275,-1.4281387,0.09768868,-0.82929206,0.44457448,-0.20362945,0.6058449,0.86206186,-0.41144586,0.8529864,-0.08259716,0.17722997,0.6391703,0.27251455,-0.41301405,-0.88148504,0.8475501,0.2527588,0.8314749,0.13561459,0.1660435,0.35127467,-0.03787612,0.14423646,-2.4612095,0.070084766,-0.508137,-0.2840899,-1.2879704,0.86316264,-0.1463956,0.81654555,-0.70687413,2.0230603,0.7143657,-0.25249162,1.2087086,-0.07304556,-0.38784787,-0.045860197,1.2978878,-0.041549824,0.20236114
0,/data_nas/huangyj/data/placePulse/rawData/googleviews-110802files/50f42ddffdc9f065f0002274.jpg,1.177976,-0.35673326,0.14135647,0.22304933,-1.5510017,-0.12749875,-0.74451256,1.4423808,-3.0734203,0.3297816,-1.3436041,0.28509724,-0.5465761,0.19076698,1.3736459,-1.1065449,1.3277881,-0.61059123,-0.20046745,1.0740596,-0.014302645,-0.05142945,0.046424717,0.63695747,-0.033879034,0.025610069,0.7295146,0.8022873,0.44409978,0.05831684,1.7576348,-3.8030598,-0.56409436,-0.08014511,0.31381005,-3.111257,0.13029021,-1.6474745,0.7042422,-2.49784,3.4913332,0.5502615,-0.9438387,2.5377793,0.5093377,-1.6958326,-0.45758566,2.6311803,-0.14627016,0.37226248
0,/data_nas/huangyj/data/placePulse/rawData/googleviews-110802files/513d78a5fdc9f0358700622d.jpg,0.7861654,-1.4124688,-0.41646898,0.18785743,0.7505796,-1.1026058,-1.8373793,0.13922706,-6.097962,-1.7311012,-0.53205764,1.7962197,-0.13435346,-1.8346651,1.9622926,1.5734544,1.6854135,1.911732,-1.3603847,0.39660236,-0.57074004,1.8629271,-0.10329395,-3.231933,0.19875865,-1.9057435,1.5647025,-1.1470675,-0.0851058,2.219576,-1.7872427,1.8841301,-5.143894,-2.5347116,-2.381354,-5.3226423,-1.0685799,0.054122433,0.117593855,-0.8510633,-0.941164,0.21349162,-3.700335,-2.2978897,2.1793916,-2.292177,1.4599354,6.3399005,-1.9451597,-0.5681681
0,/data_nas/huangyj/data/placePulse/rawData/googleviews-110802files/50f43b91fdc9f065f0003227.jpg,0.45405927,-2.3936179,1.2861056,0.60507965,-1.8981564,-0.03200592,-0.54592246,0.67250615,-4.801419,0.060633413,0.026202317,0.61587113,-1.5429311,-0.48240542,2.614564,-0.5567117,0.4397622,-0.27464724,0.33553395,-0.2736851,-0.5102064,0.20234832,-1.0182441,1.2298267,-1.3108772,-0.14088435,0.5863983,0.17801574,-0.4376287,1.085732,0.68422705,-2.8681493,-0.8278545,-0.39352742,-1.1918231,-4.3363433,-0.12706527,-1.0487561,1.1681578,-1.9464034,2.7327917,-0.77366215,-2.857353,1.6433814,1.3545258,-1.7044854,-0.058732707,4.384712,-0.009124562,-1.6346681
0,/data_nas/huangyj/data/placePulse/rawData/googleviews-110802files/513d7d9dfdc9f0358700722a.jpg,0.0948807,-0.9121744,1.0994786,0.055284873,-0.32821545,-0.5997768,-0.9152924,0.41769776,-2.5034738,0.102192044,-0.018446533,0.49931014,-1.4809426,0.5061052,1.4205555,-0.55659693,0.112174116,0.31583768,-0.5102026,0.17587009,-0.5969553,0.2267229,0.25646022,-0.40299731,-0.4397102,0.5710037,0.85202175,0.569218,-0.5218715,0.09970182,1.2368375,-2.9865506,-1.1709224,0.19431382,-0.074196704,-2.681644,0.24904211,-1.1203346,-0.45584986,-1.9606609,2.9216244,-0.26150402,-0.37778568,1.7336795,0.4508228,-1.3103285,-0.27216765,2.0873277,-1.1205165,-0.45728633
1,/data_nas/huangyj/data/placePulse/rawData/googleviews-110802files/5140d283fdc9f049260032ed.jpg,0.5977772,-1.8481209,1.1335745,0.852214,-0.9042795,0.36841783,-0.02398214,0.84150475,-4.1407943,0.68454015,-0.13693385,0.018718768,-1.287845,0.36420918,2.0496526,-1.1060901,0.4706622,-0.7201633,0.7144432,0.083199054,-0.19608569,-0.39198315,-1.2056704,0.29136372,-0.9681866,0.5786304,0.07312242,0.7698238,-0.272997,0.32132044,1.2170724,-2.9961236,-1.2503477,0.38600582,-0.49757692,-3.964985,0.5202169,-1.3881276,0.2749771,-2.189575,2.784087,-0.45593023,-1.8499277,1.7444801,0.6901888,-1.8352402,-0.61895,3.7955308,0.31429726,-1.247381
1,/data_nas/huangyj/data/placePulse/rawData/googleviews-110802files/513e20d5fdc9f0358700a2e6.jpg,0.69742155,-0.6620061,0.50341433,0.8931409,-1.2258878,0.59700966,0.3337134,0.7887251,-1.5768028,0.7911368,-0.457456,-0.11807747,-0.78941745,1.2599825,0.86470956,-0.94802344,0.2477654,-0.43523866,0.7032201,0.27368176,0.21932925,-0.8536145,-1.1735493,1.2863877,-0.09540242,1.6052697,-0.36329392,0.76453906,0.008697421,-0.46432424,0.8223847,-3.8515851,0.5912933,0.3736248,0.10315355,-1.673346,1.3056797,-0.55492413,0.38684276,-1.1799508,3.2887387,0.297074,0.12587582,2.3858917,-0.4752718,-0.6030912,-0.4913972,1.2362779,0.22622359,-0.15565759
0,/data_nas/huangyj/data/placePulse/rawData/googleviews-110802files/513d78dafdc9f035870062e2.jpg,1.6939976,0.0044696797,-1.182232,1.3302076,-1.8050213,0.6901536,0.2055187,1.0050331,-2.4675934,-0.078923576,-1.6425182,0.5348494,0.6418397,0.68462664,0.42835784,0.26540565,1.5877036,0.5218102,0.4247348,0.8798908,0.73292387,-0.41313186,-1.753438,1.254248,1.161323,0.97371686,-0.42701516,-0.09395542,0.80657476,0.22566405,-1.1392032,-2.6415606,0.05487812,-1.3949451,-0.8134124,-2.1939251,1.2974578,0.61552024,1.5508276,-0.1022258,2.2359557,1.5290287,-0.66290057,1.225149,-0.3424662,-0.5318872,0.64045924,2.4873328,-0.0948113,0.90212816
0,/data_nas/huangyj/data/placePulse/rawData/googleviews-110802files/513d7dfafdc9f035870072ec.jpg,1.676891,0.34105945,-1.9948665,0.86274904,0.31027666,-0.4315655,-1.090768,0.48230448,-4.2220454,-1.4880242,-1.779645,1.5386634,1.2512577,-0.60155,0.39610758,1.8709164,2.363854,2.29042,-1.0468761,1.1654216,0.37890372,1.175117,-0.83411175,-2.398175,1.9469862,-0.67440903,0.6258021,-1.0250539,0.79477996,1.3387549,-2.7538478,0.8847616,-3.7015889,-2.931851,-1.8509542,-3.7199411,0.25836346,1.097994,0.55978775,0.29460305,-0.34240583,1.8652598,-1.7804874,-1.6963419,0.69294333,-1.4198892,1.7888049,4.6758614,-1.876874,1.3013966
1,/data_nas/huangyj/data/placePulse/rawData/googleviews-110802files/51414295fdc9f049260062ef.jpg,1.1312388,-0.9536354,-0.7256419,0.6391693,1.4567715,-0.51376903,-1.1714643,0.4293944,-5.0577183,-1.1043144,-0.73350394,1.237371,0.3382235,-1.0500075,1.4027619,1.0383669,1.8205512,1.3313956,-0.78480494,0.77180403,-0.12874329,1.1289918,-0.5968856,-3.680036,0.5576672,-1.191792,0.935908,-0.6842835,0.1920384,1.4853982,-1.5532372,2.0362852,-5.1759934,-1.8978536,-1.8110201,-4.4389925,-0.32144013,-0.005007105,-0.37112135,-0.6974673,-1.2867869,0.64133483,-2.771929,-2.479618,1.5064834,-2.1081643,0.90152293,5.4550476,-1.3471249,-0.2007353
0,/data_nas/huangyj/data/placePulse/rawData/googleviews-110802files/513d585dfdc9f035870032eb.jpg,0.4867773,0.94762254,-1.3784192,0.38997477,-0.0523358,-1.3502944,-1.5126848,-0.6645352,-3.535821,-1.8129754,-1.2315264,1.8578496,0.21933785,0.26608473,-0.22165598,2.8282082,1.1618623,4.151753,-1.9231405,0.2693054,-0.22878885,1.7154444,-0.069910556,-1.7474313,2.4008582,0.39761454,0.7407798,-1.0546409,-0.10026991,1.1324531,-3.1846097,-1.3080345,-2.485974,-2.9616463,-1.7653351,-3.5305781,0.5775682,1.7806526,-0.02959334,0.56454694,1.9120823,1.5827976,-0.13697797,0.05271008,0.00067739934,-0.99020106,2.5910263,3.6222265,-3.8556712,1.7160841
1,/data_nas/huangyj/data/placePulse/rawData/googleviews-110802files/513d7df6fdc9f035870072e4.jpg,-1.5156208,-2.3490884,2.3342881,-0.34242228,1.7433453,-1.8216348,-1.7913766,-1.3393652,-4.69829,-1.0036724,1.8468945,1.3362176,-2.7689962,-0.452258,2.209947,1.1340775,-1.085395,2.4140701,-1.4504012,-1.3798138,-1.769814,1.7035497,0.619523,-3.2291098,-1.184305,-0.20434327,1.5213226,-0.37073216,-2.054828,1.4555899,-0.45602876,-0.05208204,-4.2466054,-0.4409127,-1.7707809,-4.5930495,-0.65256727,-0.3881059,-1.968914,-1.41995,0.9443894,-1.7790886,-1.8558204,-0.679644,1.6411364,-1.9274051,0.7815395,4.4359694,-3.1055145,-2.1553042
1,/data_nas/huangyj/data/placePulse/rawData/googleviews-110802files/50f43b90fdc9f065f0003216.jpg,-0.50821745,-1.5539932,1.8714937,0.17337488,-0.46312475,-0.5650975,-0.6677614,-0.087692425,-2.549239,0.27673545,0.75483197,0.41544342,-2.2175338,0.7241038,1.6758761,-0.46787068,-0.71672165,0.5031956,-0.21577123,-0.62649953,-0.831931,0.17262033,-0.1322835,0.19649726,-0.9599419,1.0566316,0.5751596,0.5893418,-1.0707095,0.19473784,1.0773156,-3.5101066,-0.5699749,0.49464026,-0.36393324,-2.7162976,0.41466656,-0.90785795,-0.5698055,-1.7498934,3.3950377,-0.9287192,-0.41878006,2.1557474,0.39443454,-1.1363207,-0.21526943,2.0298758,-1.1375933,-1.2145102
1,/data_nas/huangyj/data/placePulse/rawData/googleviews-110802files/5141387bfdc9f0492600521e.jpg,1.0946277,-1.8937469,-0.24908015,0.8779685,1.3966819,-0.2099827,-0.9018512,0.50538296,-6.8187294,-0.82601863,-0.46873254,1.0012372,0.041633025,-1.432009,2.1522238,0.72739553,1.8275831,0.79879314,-0.23967546,0.5287085,-0.18359159,1.0476829,-1.1545758,-3.7895272,-0.15928538,-1.5076209,0.75317216,-0.5314302,0.05403802,1.8334295,-1.2853136,2.261807,-5.9171386,-1.6579597,-2.1801703,-6.0044074,-0.5089178,-0.54066,-0.28896955,-1.2923299,-1.4011008,0.06792154,-4.1608596,-2.6095026,2.0191243,-2.8765469,0.6719682,7.204817,-0.7726982,-1.1237199
0,/data_nas/huangyj/data/placePulse/rawData/googleviews-110802files/513d7d96fdc9f0358700721c.jpg,0.3084398,-0.61164576,-0.5265604,0.01271048,1.2397606,-1.6597874,-2.1338427,-0.49631742,-5.0956993,-2.0518541,-0.42571712,2.062114,-0.25864473,-1.2009636,1.204887,2.3343594,1.261664,3.2083998,-2.0368924,0.20176125,-0.7711423,2.1909494,0.37836373,-3.6851974,0.96126837,-1.2642834,1.6328615,-1.2516061,-0.41774982,1.9587588,-2.4319975,1.5031502,-4.9950104,-2.708182,-2.277194,-4.6481147,-0.72249144,0.7413216,-0.5500757,-0.29027295,-0.47703516,0.48172247,-2.2766192,-2.0922742,1.5950339,-1.8875637,1.9991837,5.348455,-3.2989714,0.11865837
1,/data_nas/huangyj/data/placePulse/rawData/googleviews-110802files/50f42dddfdc9f065f000221f.jpg,1.274591,-0.5513122,-1.2305379,0.2589671,-0.2613969,-1.2276727,-2.006714,0.43842235,-6.751142,-1.9217978,-1.5880324,1.926152,0.4174589,-1.8128983,1.5698934,1.9271498,2.4367018,2.4209154,-1.6562897,0.8545716,-0.31007275,2.0837352,-0.0284647,-2.5434635,1.0879799,-2.0218089,1.551191,-1.1173092,0.38042244,2.2718875,-2.0399868,0.661274,-4.7093787,-3.1762078,-2.2735305,-6.0375943,-1.0104318,0.15454972,0.8072999,-1.0149577,0.24200891,0.9910066,-3.642205,-1.2699313,1.9922309,-2.584988,1.9716308,6.902571,-2.4543848,0.5127672
0,/data_nas/huangyj/data/placePulse/rawData/googleviews-110802files/50f5eb60fdc9f065f0008218.jpg,-2.1716413,-2.9954908,3.2832582,-0.5318908,3.0132957,-1.4939724,-1.3735306,-1.5914769,-2.1917403,-0.5067561,3.1839006,0.9023983,-3.3451078,-0.19785826,2.2749965,0.3921961,-2.2669325,1.3894671,-0.9708879,-1.8808767,-1.9177873,1.0748594,0.68033695,-3.5365255,-2.22561,0.22149718,1.4023281,-0.28765756,-2.5246356,0.91298515,0.22994277,1.34879,-3.7073631,0.73618,-1.3667996,-2.0681689,-0.57500243,-0.4953309,-2.8645365,-0.9527717,-0.6339143,-2.6636732,-1.0048885,-1.700036,1.4718183,-0.89749724,-0.17052598,1.9622275,-2.080212,-3.2458692
0,/data_nas/huangyj/data/placePulse/rawData/googleviews-110802files/513f289bfdc9f0358700d215.jpg,0.6909171,-0.5945647,-0.5062223,0.64344937,-0.4353461,-0.27693638,-0.6926079,0.004901411,-2.8847146,-0.92965144,-0.5736742,1.2252442,-0.09615286,0.078461185,0.7924615,1.1802822,0.8402283,1.733796,-0.56974787,0.1871073,-0.06081726,0.48542246,-0.86077607,-0.54893434,0.72697884,0.4368189,0.37085447,-0.73775315,-0.08360335,0.8236077,-1.7883667,-0.7736869,-1.6062142,-1.7883948,-1.4991738,-2.5392826,0.6067974,0.9624809,0.5752454,0.15464479,0.91237926,0.71521163,-0.98134226,-0.30832294,0.30771622,-0.6028021,1.1471943,3.0019908,-1.4799507,0.11597131
0,/data_nas/huangyj/data/placePulse/rawData/googleviews-110802files/513d789efdc9f03587006210.jpg,0.30076373,-0.5219215,0.7177504,0.7906921,-0.600273,0.56982005,0.45302647,0.41426313,-0.63353425,0.87659645,-0.01123801,-0.22575867,-1.0057414,1.7043518,0.5412232,-0.860869,-0.31019944,-0.17429353,0.6523274,-0.0032137558,0.12993973,-0.9625153,-1.0514524,0.95709956,-0.080846496,2.1211388,-0.5059334,0.7840044,-0.26724574,-0.7953525,0.7430752,-3.6678724,0.75680625,0.67253995,0.28307074,-0.8521177,1.5825163,-0.31980756,-0.19639312,-0.84997845,3.1119676,0.14300898,0.94541436,2.2402492,-0.85753334,-0.19025132,-0.56387043,0.26388323,-0.0007487014,-0.20879745
0,/data_nas/huangyj/data/placePulse/rawData/googleviews-110802files/513d57cbfdc9f03587003214.jpg,-1.3359596,-1.8346486,1.9868102,-0.7166446,0.8463847,-2.2423232,-2.3351653,-1.1185998,-5.019023,-1.3518631,1.2444059,1.6249138,-2.6424408,-0.8431817,2.1687925,1.3406574,-0.6705779,2.721968,-2.0149713,-1.0834879,-1.8388195,2.1553986,1.268301,-2.6137311,-0.84705895,-0.7277038,2.0083737,-0.47660178,-1.8031639,1.6659876,-0.27973983,-0.9098695,-3.7941692,-0.9469521,-1.642516,-4.946159,-1.1048523,-0.54551244,-1.4093375,-1.7569786,1.8209039,-1.458913,-1.9740514,0.116361454,1.8338757,-2.0830834,1.1100082,4.581929,-3.53682,-1.5100058
0,/data_nas/huangyj/data/placePulse/rawData/googleviews-110802files/514138c3fdc9f049260052ce.jpg,-1.0949379,-1.0243384,0.7206124,-0.06928174,2.9359446,-2.065654,-1.9879498,-1.791567,-5.1952114,-1.8370781,1.0766178,1.8218828,-1.4847577,-0.43334678,1.0603164,2.809652,-0.27373546,4.3051944,-2.1319888,-0.9792144,-1.3758905,2.3994632,0.42566204,-5.2195964,0.5993311,-0.296387,1.3450122,-1.0492966,-1.6365852,1.7710032,-2.7757974,1.6846235,-5.9770384,-1.9606068,-2.4516306,-5.0862403,-0.31385905,0.9642487,-2.4207435,-0.14083757,-0.30886185,-0.52094895,-1.5235298,-2.303365,1.2679713,-2.0316613,2.05797,5.375519,-4.416601,-0.7512101
0,/data_nas/huangyj/data/placePulse/rawData/googleviews-110802files/513ce809fdc9f035870022c1.jpg,-1.263946,-1.9887947,1.3422639,-0.2017346,3.0980163,-2.0571735,-2.0904326,-1.7026572,-5.751633,-1.795814,1.5969913,1.8081635,-1.8932076,-1.076115,1.8442917,2.3920238,-0.44374114,3.6062334,-1.9505247,-1.1836311,-1.6451027,2.424888,0.47659415,-5.442962,-0.3495022,-0.92511994,1.6248984,-1.0883913,-1.8573371,2.111919,-2.25054,2.6084335,-6.525114,-1.6572218,-2.666651,-5.4038577,-0.87318563,0.45706522,-2.402366,-0.53378105,-1.1529306,-1.2402321,-2.5805855,-2.9428327,1.973067,-2.2645268,1.6673615,5.9247713,-3.8554802,-1.7464027
1,/data_nas/huangyj/data/placePulse/rawData/googleviews-110802files/513e5fccfdc9f0358700b2c9.jpg,0.1990329,-2.4081457,1.5394481,0.7736086,-0.60842234,0.16713727,-0.1760142,0.44913223,-3.9697664,0.40294105,0.55473405,0.2822953,-1.6784753,0.01270561,2.3267636,-0.7522746,-0.013073323,-0.42371106,0.60374135,-0.42994785,-0.4683409,-0.11793783,-1.218225,0.12283078,-1.3840774,0.38118058,0.27454308,0.36737582,-0.644728,0.70218927,0.7025021,-2.063744,-1.4131302,0.20317073,-1.0037154,-3.62446,0.2615104,-1.0000172,0.1701985,-1.6899242,1.9704618,-0.93680394,-2.1967065,0.9493093,1.016825,-1.5011327,-0.4157762,3.6913764,0.16526833,-1.8708385
0,/data_nas/huangyj/data/placePulse/rawData/googleviews-110802files/513d78cffdc9f035870062c0.jpg,0.9480622,-0.51230764,0.15653265,0.39804715,-1.7732781,-0.043632023,-0.55685794,1.0334128,-2.1197267,0.09097053,-0.9219406,0.49713296,-0.61464864,0.3211258,1.1750468,-0.5985489,0.8557845,-0.15566106,-0.10679472,0.61799765,-0.014737379,-0.10667445,-0.33364135,1.3320233,0.00082767755,0.4315861,0.5328027,0.34469286,0.24919672,0.14110762,0.8407845,-3.501647,0.3036828,-0.39257059,-0.113093585,-2.0413098,0.38275352,-0.72651666,0.9944731,-1.4604726,3.0939777,0.47182527,-0.59313667,2.192634,0.27077308,-0.8129186,-0.10084239,1.7339185,-0.22481614,0.17862341
1,/data_nas/huangyj/data/placePulse/rawData/googleviews-110802files/5140d255fdc9f049260032c4.jpg,-0.59306216,-0.9529422,1.6524729,0.44007385,-0.088312626,-0.15319847,-0.034895703,-0.26742756,-1.2085447,0.6690169,0.7415265,0.011236887,-2.0002484,1.7033567,0.8779446,-0.5120789,-1.0437438,0.6117783,0.11362112,-0.65349364,-0.5210282,-0.41648597,-0.5192778,0.30200684,-0.4775526,2.1323895,-0.11166934,0.82268155,-1.0652463,-0.54263943,0.9041038,-3.9329376,0.13161616,0.91014385,0.07387199,-1.5973958,1.2773169,-0.50622374,-0.9914129,-1.257157,3.624987,-0.6160637,0.9565269,2.4728718,-0.5474664,-0.5781484,-0.35258988,0.7122717,-1.110744,-0.77680093
0,/data_nas/huangyj/data/placePulse/rawData/googleviews-110802files/50f60c4dbeb2fed910000291.jpg,2.0871937,-0.079036586,-1.6270136,0.28319559,-0.061936706,-0.24277008,-1.3303912,1.5314933,-3.3389518,-1.068649,-1.892139,1.221191,1.2291021,-1.3617376,1.1187375,0.2840972,2.6932096,0.1229405,-0.8437022,1.8202568,0.40171057,0.7282792,-0.014309386,-1.8392615,0.8235382,-1.6862797,1.2802997,-0.6466281,1.196616,1.0585439,-0.56685776,1.1431699,-3.2240782,-2.0553489,-0.9116037,-2.687203,-0.5945065,-0.3817337,0.9911877,-0.87540466,-0.8942915,1.4822036,-2.2734916,-1.5877694,1.3416151,-1.4066219,0.48753235,3.6191428,-0.3153201,0.85616183
1,/data_nas/huangyj/data/placePulse/rawData/googleviews-110802files/50f5609afdc9f065f0005299.jpg,1.3335512,-0.4810017,-0.24471708,0.4083015,-1.3604194,0.14629084,-0.5502428,1.3217627,-2.238996,0.050545778,-1.167371,0.47397298,-0.111095585,-0.0034033842,1.2152725,-0.73144454,1.3155805,-0.5401706,-0.022967486,0.98672765,0.19726856,-0.1442658,-0.38647097,0.70555085,0.052909628,0.0134633295,0.5855843,0.25437388,0.5817061,0.19183438,0.8215137,-2.4781487,-0.3716917,-0.56112754,-0.11658379,-2.0467913,0.23674816,-0.8538714,1.0337975,-1.4374211,2.1376371,0.7017832,-0.96549535,1.362325,0.45521757,-0.9453211,-0.245589,2.0078514,0.21041015,0.2618549
1,/data_nas/huangyj/data/placePulse/rawData/googleviews-110802files/50f42de0fdc9f065f0002295.jpg,1.2006239,-0.23866662,-0.465845,1.37668,-2.2735102,1.01203,0.7402684,0.77728885,-1.4144275,0.48933443,-1.0298218,0.08478202,-0.0020149583,1.3743523,0.34262213,-0.22716488,0.6540412,0.10611941,0.9459243,0.33602375,0.681422,-0.97881144,-1.9849144,2.5379133,0.66380954,1.9093161,-0.88481027,0.25353566,0.45826718,-0.32274997,-0.58117634,-4.0115886,1.6610429,-0.5480076,-0.40817395,-1.306813,1.7753226,0.5596264,1.4788222,-0.07909069,3.2997057,1.0197641,0.14981234,2.3937476,-0.9088827,0.029756013,0.2150686,1.1703445,0.34027013,0.44912013
1,/data_nas/huangyj/data/placePulse/rawData/googleviews-110802files/513e5fa8fdc9f0358700b290.jpg,-0.85721374,-3.056889,2.7578847,-0.027020747,-0.21784398,-0.4848634,-0.73323315,-0.14347535,-3.140727,0.24817652,1.7487998,0.47803974,-2.8683429,-0.18505873,2.8019326,-0.86400676,-1.1888864,-0.32956868,0.10046298,-1.1493105,-1.2205807,0.2443879,-0.21476622,0.05075294,-2.3404176,0.2860216,0.9197521,0.27933362,-1.4525157,0.77769786,1.401635,-2.0234492,-1.0671115,0.72212297,-0.90642357,-2.9257946,-0.30808476,-1.2767287,-0.46466342,-1.8942558,2.021184,-2.016712,-1.9070297,1.0260764,1.3466537,-1.1548492,-0.6148852,2.6464684,-0.2637887,-2.7971888
1,/data_nas/huangyj/data/placePulse/rawData/googleviews-110802files/50f463bcfdc9f065f00042f2.jpg,0.78468364,-0.27537984,0.044257253,1.0124211,-1.6828327,0.4040316,0.20181331,0.57900196,-2.0761008,0.41740537,-0.8460414,0.20629276,-0.5604408,1.3359611,0.58968604,-0.23081365,0.48971957,0.4710619,0.39577934,0.25863135,0.26656625,-0.51952666,-1.2986419,1.564199,0.53102493,1.706794,-0.4191726,0.5217569,0.086929806,-0.22105649,0.009675411,-4.326746,0.723035,-0.31149086,-0.25695482,-2.1872656,1.4426501,-0.024234958,0.7274877,-0.86402446,3.8371656,0.7008289,0.16501325,2.681695,-0.60591894,-0.6632335,0.2024944,1.7532083,-0.47688192,0.3582322
1,/data_nas/huangyj/data/placePulse/rawData/googleviews-110802files/50f463bcfdc9f065f00042fe.jpg,2.0886314,-0.2591223,-2.0973828,0.97370905,0.6163312,-0.16611065,-1.042946,0.9320809,-5.597928,-1.4313985,-1.9406075,1.4206915,1.5805295,-1.4204361,0.9936082,1.4972999,2.9720411,1.4676168,-0.7155664,1.4612066,0.47642252,1.147084,-1.0721582,-3.1760023,1.483657,-1.6286873,0.7188353,-1.052378,1.0385436,1.7472624,-2.4992301,2.3497725,-5.052615,-2.9458382,-2.1021898,-4.738595,-0.2561919,0.53891075,0.7241526,-0.18275096,-1.6354699,1.6833861,-3.287819,-2.7453802,1.4403538,-2.1134412,1.4548165,6.1878996,-1.0680121,0.7774589
1,/data_nas/huangyj/data/placePulse/rawData/googleviews-110802files/50f42b50fdc9f065f00012f1.jpg,0.8596086,-0.48769778,-0.30318007,0.4760688,0.40891084,-0.048931696,-0.6123863,0.5491904,-1.2314746,-0.42828438,-0.43413755,0.80177253,-0.03938506,0.13513073,0.76085305,0.13640878,0.81078434,0.43760374,-0.36015266,0.6135918,0.08447472,0.06229165,-0.4680725,-1.034637,0.33294272,0.26630086,0.54725844,-0.30246034,0.16747795,0.276703,-0.5009469,-0.18125868,-1.5386782,-0.8622882,-0.658946,-0.9734632,0.46104306,0.18424778,0.007420623,-0.21348928,0.10914227,0.6237442,-0.3712345,-0.6671714,0.29649988,-0.35040098,0.1818956,1.3705189,-0.54948103,0.04525403
0,/data_nas/huangyj/data/placePulse/rawData/googleviews-110802files/50f43babfdc9f065f00032f1.jpg,-2.1134036,-2.6380622,3.215567,-0.6540261,1.18778,-1.7991385,-1.6327288,-1.5217253,-2.981553,-0.6231609,2.596079,1.1061102,-3.5914266,-0.04701177,2.289354,0.61010796,-2.118643,1.9339458,-1.2732401,-1.9027431,-2.0038788,1.3375355,0.9023928,-1.7559305,-1.9023314,0.41157666,1.5093265,-0.15895581,-2.4528244,1.0281726,0.38035142,-1.2689272,-2.3132486,0.34094605,-1.296673,-3.0394359,-0.5475272,-0.5293367,-1.9426017,-1.4079301,1.8308588,-2.4129848,-0.97558236,0.4025799,1.3182026,-1.1172404,0.316765,2.4465442,-2.7156332,-2.6675785
0,/data_nas/huangyj/data/placePulse/rawData/googleviews-110802files/5140d291fdc9f049260032fb.jpg,-1.1986135,-1.5018998,2.408012,0.14337489,-0.0033520386,-0.6783859,-0.4450014,-0.6959944,-2.3032365,0.5028168,1.3362502,0.18063249,-2.8101666,1.3968552,1.3905408,-0.31653216,-1.5200456,1.0509866,-0.21924546,-1.1685799,-1.0516742,0.112009674,-0.116885096,-0.06160113,-0.97939324,1.8520521,0.28153092,0.81646585,-1.6122502,-0.13029823,1.0597408,-4.1509123,-0.4491548,0.97829986,-0.22017357,-2.7425678,0.83338374,-0.78964174,-1.3691574,-1.7187285,4.0897903,-1.2991906,0.3533649,2.6632926,-0.07071601,-1.0707111,-0.19737802,1.6633729,-1.7197319,-1.397859
1,/data_nas/huangyj/data/placePulse/rawData/googleviews-110802files/514219bafdc9f04926008286.jpg,1.026809,0.07557331,-1.112333,0.68405676,-1.6123717,-0.3805542,-0.8393807,0.17571317,-2.3509097,-1.21712,-1.2259073,1.4827515,0.30985627,0.1264559,0.39579,1.5717503,1.2042704,2.1748056,-0.8132118,0.42639574,0.13758582,0.65496343,-0.7949999,0.76181203,1.3785975,0.4637047,0.4240554,-0.91094184,0.28952277,0.8416818,-2.183767,-1.8290585,-0.31236762,-2.3771665,-1.4704746,-2.0228474,0.67137975,1.4155586,1.4340343,0.5304515,1.7886821,1.3295492,-0.5557008,0.5325139,0.043544166,-0.18779127,1.6286099,2.3488789,-1.7660558,0.9645881
0,/data_nas/huangyj/data/placePulse/rawData/googleviews-110802files/50f43ba5fdc9f065f0003283.jpg,-1.3979967,-2.4962304,2.2304618,-0.55672604,1.7933648,-1.7925034,-1.9375558,-1.2241687,-4.000754,-1.1709517,2.0016367,1.5098101,-2.6481075,-0.8441286,2.3377798,1.0847317,-1.0919213,2.117973,-1.5158414,-1.3264014,-1.7597554,1.7538428,0.7943478,-3.140182,-1.4130325,-0.54937965,1.7709646,-0.67846256,-1.9208108,1.5948147,-0.5513964,0.74275786,-4.0082936,-0.6569626,-1.8611994,-3.7536647,-0.92791224,-0.24891405,-1.721849,-1.0639063,0.11055717,-1.8004198,-2.009197,-1.3464019,1.8500679,-1.4836886,0.7214646,3.8271246,-2.6620026,-2.2982583
0,/data_nas/huangyj/data/placePulse/rawData/googleviews-110802files/50f42b49fdc9f065f0001282.jpg,0.91436046,-0.5103106,-0.40837932,0.6147743,-1.62424,-0.21673909,-0.7024487,0.48164263,-2.5962064,-0.702837,-0.8718471,1.1250051,-0.25618008,0.008466317,0.9727579,0.6908637,0.94417787,1.1473738,-0.42930713,0.30686206,0.0041226707,0.41936982,-0.74767935,0.9564874,0.5748166,0.31816086,0.5051255,-0.5029324,0.19077078,0.7860162,-1.0659443,-2.2839794,-0.20826662,-1.60594,-1.1696974,-2.2691917,0.43253565,0.566875,1.2603804,-0.24068975,2.134468,0.7527045,-0.99127406,1.0026832,0.36667266,-0.4938323,0.9648755,2.4561636,-0.9835269,0.30426776
0,/data_nas/huangyj/data/placePulse/rawData/googleviews-110802files/50f42b49fdc9f065f000128c.jpg,1.4045218,-0.8941082,-0.68723756,0.7822571,-1.3876609,-0.2897311,-0.9514169,0.8300849,-6.10185,-0.8029554,-1.48822,1.130942,0.053401966,-0.7967682,1.6561934,0.73726726,1.9932516,1.1241074,-0.4272404,0.7168037,0.0080440305,0.9122028,-0.94113415,-0.5216426,0.57447064,-0.76422846,0.65319586,-0.35097343,0.43559355,1.4827243,-1.0084044,-1.6659857,-2.7018034,-2.034838,-1.6310931,-5.5850387,-0.10082882,-0.27174607,1.2550719,-1.3834124,1.9686923,0.81141084,-3.0613222,0.5398662,1.254031,-2.2870967,1.10187,6.0343337,-1.0911961,0.14741784
0,/data_nas/huangyj/data/placePulse/rawData/googleviews-110802files/513e6d46fdc9f0358700c28f.jpg,-0.24125586,-2.0568943,1.9424025,-0.14764631,-0.4877755,-0.8771853,-1.2420189,0.33379897,-4.62363,0.052766595,0.4848918,0.5886696,-2.254775,-0.308943,2.5352113,-0.713007,-0.04283911,0.08552735,-0.49104437,-0.29481366,-1.0679259,0.7074877,0.33019048,-0.61628807,-1.4149722,-0.26277408,1.2454946,0.5806171,-0.916109,0.82145107,1.6856632,-2.8703394,-2.0760672,0.26660967,-0.55904454,-4.5975437,-0.51581067,-1.8559222,-0.4041305,-2.8438203,3.057227,-1.1648296,-2.078386,1.7601345,1.4465075,-2.2500656,-0.34356755,4.066362,-1.0308776,-1.5512795
1,/data_nas/huangyj/data/placePulse/rawData/googleviews-110802files/513d6e2efdc9f03587005285.jpg,2.012477,-1.4937104,-0.3962084,0.8225646,-0.7617748,0.66862845,-0.33855584,1.9690728,-4.3780255,0.19839656,-1.3585488,0.3041367,0.37632245,-1.0060879,2.14823,-1.2286899,2.2357144,-1.6626924,0.6145193,1.384406,0.40968046,-0.25535524,-1.1089875,-0.54358643,-0.56624115,-1.1627002,0.54921657,0.234978,0.9421471,0.80018884,0.94504386,-0.29078728,-2.4844744,-0.62983173,-0.64658576,-3.6644728,-0.27708727,-1.54036,1.2430063,-1.9941398,0.19298124,0.51654524,-3.20731,-0.3410469,1.4723864,-1.9783622,-0.6795234,4.444128,1.3853126,-0.5825754
1,/data_nas/huangyj/data/placePulse/rawData/googleviews-110802files/51414232fdc9f04926006285.jpg,1.0853963,-1.6412954,-0.12586704,0.543476,1.1111945,-0.3588084,-1.1215492,0.7272763,-5.358761,-0.7685686,-0.4794697,1.0320663,-0.08354242,-1.3162833,2.06026,0.30688554,1.6886346,0.3860219,-0.44680864,0.69716203,-0.2561454,0.91856295,-0.5808176,-3.1505783,-0.27954686,-1.4638847,1.078722,-0.4220769,0.12379697,1.5076365,-0.5735715,1.7521248,-4.918082,-1.3335422,-1.6366199,-4.656821,-0.6286066,-0.7416866,-0.16756418,-1.3829665,-1.119102,0.096588016,-3.3802164,-2.1438644,1.8896542,-2.3323455,0.346574,5.6270456,-0.6298135,-0.8951025
1,/data_nas/huangyj/data/placePulse/rawData/googleviews-110802files/50f42ddffdc9f065f000225c.jpg,1.897665,-0.36185881,-1.4960606,1.2677653,-0.910014,0.6780261,-0.032550305,1.0361601,-2.8708541,-0.50613505,-1.5230917,0.8066891,1.095116,-0.11534935,0.6712086,0.5262622,1.9436495,0.43446943,0.2958762,1.0474124,0.74688435,-0.17318621,-1.7292145,-0.047119398,1.0051743,0.096706524,-0.12943038,-0.6060687,0.9189642,0.6561134,-1.7220714,-0.21826372,-1.4132373,-1.8596969,-1.3118489,-2.239011,0.821982,0.8024807,1.4566474,0.28100935,0.09192248,1.4904754,-1.5588291,-0.74133897,0.2480152,-0.5980339,0.6971236,3.168524,0.116175056,0.54740816
0,/data_nas/huangyj/data/placePulse/rawData/googleviews-110802files/513d7db5fdc9f03587007255.jpg,-1.0924883,-0.8428709,0.7626422,-0.505993,3.4389336,-2.1451623,-2.2393072,-1.5588008,-3.1741624,-1.8932425,1.2555895,1.8704113,-1.3803021,-0.5373068,0.9064009,2.3326643,-0.40837273,3.6398969,-2.370361,-0.6556799,-1.4096453,2.1838307,1.1508759,-5.429106,0.35217637,-0.5024155,1.7661142,-1.129658,-1.5267253,1.3906771,-2.0876715,2.6000159,-5.6257997,-1.5701303,-1.8995765,-3.062566,-0.58508295,0.80241805,-2.642213,0.004321972,-1.364775,-0.5527173,-0.7145539,-2.9371684,1.2420784,-1.2889196,1.534933,3.3789482,-4.008847,-0.6966432
0,/data_nas/huangyj/data/placePulse/rawData/googleviews-110802files/51409ceefdc9f0492600125a.jpg,-1.0001714,-2.936682,2.2148225,-0.5093162,2.531278,-1.405026,-1.7975475,-0.6530327,-4.0783086,-0.90074605,1.9904778,1.2233094,-2.300702,-1.4090773,2.7769997,0.32122344,-0.6575968,0.83632195,-1.1203045,-0.8887301,-1.5650429,1.4355042,0.6960557,-4.010826,-1.9895118,-1.306369,1.8853661,-0.5483584,-1.6041626,1.6042712,0.19803151,2.420653,-5.042177,-0.24187557,-1.6759402,-3.5810995,-1.3324088,-0.9935951,-1.8380444,-1.486533,-1.5307624,-1.969966,-2.8313854,-2.56076,2.3675985,-1.7702069,-0.019550968,4.077954,-1.5230663,-2.7969892
1,/data_nas/huangyj/data/placePulse/rawData/googleviews-110802files/5141420bfdc9f0492600625b.jpg,-1.2947384,-1.9039899,2.7012143,-0.14043812,-0.5082668,-1.0299302,-0.90031797,-0.61543643,-2.988941,0.24646513,1.3971145,0.4321367,-3.1355526,0.7624225,1.9340143,-0.32095283,-1.4705343,0.9726008,-0.49749875,-1.2651824,-1.3446007,0.52593076,0.26942223,0.27893275,-1.3956383,1.15555,0.7770502,0.69065297,-1.6967489,0.32825097,1.3693565,-4.2556105,-0.4473663,0.81547236,-0.4225446,-3.2984884,0.18671961,-1.1198058,-1.009419,-2.1316788,4.27839,-1.6464996,-0.4225114,2.8613112,0.55380684,-1.3408843,-0.113947146,2.2188869,-1.8035725,-1.7255927
0,/data_nas/huangyj/data/placePulse/rawData/googleviews-110802files/50f43ba7fdc9f065f00032ae.jpg,-1.8376356,-3.8371458,3.6213224,-0.38895756,1.208432,-1.2328725,-1.2825236,-1.0701585,-4.0429096,-0.25275007,2.9026704,0.8407433,-3.6699395,-0.6614224,3.243019,-0.14248964,-1.9308126,0.6536075,-0.48869264,-1.9250815,-1.9648042,0.9866928,0.2531248,-1.778794,-2.899987,-0.15683681,1.4056805,-0.076444335,-2.3731148,1.3640907,0.8589387,-0.22464375,-2.930804,0.6839013,-1.6003711,-3.7353446,-0.85222864,-1.1453935,-1.5911183,-1.8233441,0.77440697,-2.9629803,-2.5354736,-0.42150825,2.017813,-1.5486131,-0.30297035,3.6140532,-1.3515835,-3.802107
1,/data_nas/huangyj/data/placePulse/rawData/googleviews-110802files/51413362fdc9f049260042a9.jpg,0.79088855,-2.36464,0.21301688,0.73404056,-0.1399242,-0.48450184,-1.0977817,0.34633574,-7.4717865,-0.9997897,-0.34771267,1.2645628,-0.60795146,-1.7019343,2.6533751,0.90655744,1.5084636,1.0731909,-0.34590787,-0.013417833,-0.5057895,1.3354086,-1.1383425,-2.0638373,-0.5487126,-1.5849614,0.9314204,-0.6797503,-0.22566526,2.2960582,-1.2623732,0.7204383,-4.629273,-1.9343204,-2.5133657,-6.5783267,-0.80179095,-0.46206284,0.6299237,-1.44435,0.014847149,-0.34912395,-4.7301245,-1.3103849,2.3169937,-2.8097873,1.0590371,7.5662985,-1.0207623,-1.4560568
0,/data_nas/huangyj/data/placePulse/rawData/googleviews-110802files/514138b0fdc9f049260052a5.jpg,0.2308898,-1.9090587,0.6521974,-0.15327735,0.09115852,-1.295512,-1.9224671,0.07292386,-5.503003,-1.3401828,0.01343385,1.6013259,-1.0827926,-1.5095457,2.3908842,0.85778713,0.9478853,1.4052033,-1.3145703,0.045547657,-1.0032662,1.5680249,0.37493703,-2.1667192,-0.6224708,-1.5152899,1.7273529,-0.70783037,-0.6174274,1.8305626,-0.52348447,0.43825677,-4.0282598,-1.6172421,-1.823843,-4.9351516,-1.1065654,-0.5773498,0.09439305,-1.5626305,0.27227178,-0.49810147,-3.260158,-1.0431359,2.1321228,-2.1282551,0.84359336,5.4425883,-1.9259881,-1.1486514
0,/data_nas/huangyj/data/placePulse/rawData/googleviews-110802files/50f5eb67fdc9f065f00082a0.jpg,-0.8526073,-3.343353,2.5815752,0.28460974,-0.67421985,-0.57008183,-0.72869366,-0.45787343,-4.696659,-0.114870004,1.6392473,0.7857689,-2.8479164,-0.35309595,3.0029821,-0.08689839,-1.0088326,0.5634152,0.07096745,-1.4658612,-1.2676713,0.6148141,-0.77475846,0.18236807,-2.0990238,0.27173626,0.757474,-0.037808053,-1.56529,1.3521914,0.33661407,-2.1038244,-1.4696981,-0.041419365,-1.72029,-4.335304,-0.22595268,-0.7377166,-0.030323697,-1.6139137,2.2952383,-1.9521157,-2.7489219,0.9702687,1.5332311,-1.5135765,0.13690677,4.250295,-0.8598517,-2.8770835
1,/data_nas/huangyj/data/placePulse/rawData/googleviews-110802files/51413361fdc9f049260042a4.jpg,0.33754537,-1.2497227,0.3855214,-0.054255366,-1.2255883,-0.8849333,-1.4689765,0.19131683,-3.0998933,-1.0823774,-0.18254311,1.4849994,-1.0050802,-0.72133344,1.7452267,0.7187385,0.538016,1.2546419,-1.0112059,-0.054021027,-0.6278943,1.0270393,0.09888745,0.3245332,-0.24678718,-0.46320555,1.325033,-0.7086027,-0.3331102,1.249653,-0.572335,-1.5729305,-0.9542638,-1.5941409,-1.3733088,-2.7102964,-0.423028,0.094443545,0.9526618,-0.73928994,1.6800677,-0.059674963,-1.6885018,0.51599663,1.1744189,-0.7759595,0.9121866,2.865623,-1.4529269,-0.5046295
1,/data_nas/huangyj/data/placePulse/rawData/googleviews-110802files/514141b9fdc9f04926006201.jpg,1.5285183,-0.29014266,-1.4134259,-0.1743285,0.61263484,-1.0643417,-2.118985,0.90002286,-4.122247,-1.8373653,-1.4433879,1.8379512,0.8600774,-1.9991219,1.3267758,1.195908,2.4444475,1.255414,-1.7133452,1.4080693,-0.13445742,1.6624324,0.63613594,-2.9757574,0.8022721,-2.3652945,1.9395281,-1.1989168,0.72128356,1.7425263,-1.2801532,2.2879105,-4.406311,-2.686185,-1.5518843,-3.368875,-1.2654197,-0.0616937,0.5476584,-0.6966042,-1.5914314,1.1031392,-2.7725785,-2.484039,1.9330642,-1.6487476,1.1580813,4.4425735,-1.4942105,0.60132533
0,/data_nas/huangyj/data/placePulse/rawData/googleviews-110802files/513d6802fdc9f0358700420b.jpg,0.13961627,0.29030746,-0.3443266,-0.48267922,0.4301358,-1.1854795,-1.6344783,-0.1968078,-0.027192794,-1.3366557,-0.21858244,1.5160415,-0.31647888,0.013747185,0.1970274,1.1444415,0.29326305,1.9231621,-1.7473664,0.38313547,-0.4615912,0.9028547,1.0314376,-1.1826822,0.8022599,0.09952855,1.3566877,-0.84753484,-0.26660442,0.34972298,-0.96644384,-0.21164164,-1.116181,-1.4426433,-0.588821,0.029298108,-0.011903377,0.824924,-0.28227732,0.2665824,0.37068835,0.6408827,0.7688342,-0.54807436,0.17213932,0.29852948,0.9310902,0.0011655241,-2.2346253,0.6878171
0,/data_nas/huangyj/data/placePulse/rawData/googleviews-110802files/51409013fdc9f04926000204.jpg,0.21550162,0.23178786,-0.3302121,0.3393143,-0.495939,-0.9740471,-1.1271441,-0.3663542,-2.34853,-1.0407186,-0.5809635,1.325095,-0.56611943,0.5752087,0.2672957,1.5811793,0.44170296,2.7323985,-1.2718966,0.003947405,-0.34499377,0.9857693,-0.09869516,-0.4887073,1.2808849,0.8140423,0.64142543,-0.5106035,-0.34335107,0.61859965,-1.6693126,-2.336716,-1.071577,-1.7115918,-1.1185986,-2.4119275,0.6458798,1.0142555,0.019663397,0.0098346155,2.5087607,0.8316386,0.18285936,0.9769131,-0.06700495,-0.5741617,1.5330046,2.2040515,-2.7302697,0.84800756
0,/data_nas/huangyj/data/placePulse/rawData/googleviews-110802files/513d6833fdc9f035870042b2.jpg,-1.6726947,-1.8678492,2.0640156,-0.8125264,2.8957345,-2.266117,-2.3078327,-1.5636743,-3.3898828,-1.4782007,2.0330195,1.673318,-2.5224414,-0.6932266,1.8051891,1.5340636,-1.1658541,2.8217058,-2.1357808,-1.2060688,-1.8954526,2.0517335,1.4226685,-4.484526,-0.9170711,-0.5704793,2.026027,-0.7582462,-2.0751557,1.4289616,-0.77789074,1.556709,-4.9100933,-0.6816591,-1.690284,-3.3045316,-0.9812351,-0.058217242,-2.6102495,-0.8843991,-0.47736898,-1.629163,-1.1780032,-1.9520675,1.6880509,-1.4640332,0.9088061,3.2959802,-3.5590308,-1.8283004
1,/data_nas/huangyj/data/placePulse/rawData/googleviews-110802files/513e5fc6fdc9f0358700b2be.jpg,-0.5004614,-2.9184096,2.3423054,0.13138938,-0.52241814,-0.54662615,-0.8472538,0.03879007,-4.2672215,0.05436563,1.2339802,0.6130338,-2.5166626,-0.48396462,2.8530397,-0.59491074,-0.58297014,-0.081376985,0.007654459,-0.9022241,-1.1276629,0.46191505,-0.35635874,-0.10680267,-2.019604,-0.11321616,0.9639934,0.19216526,-1.2257599,1.0878077,1.0504235,-1.9326435,-1.6678439,0.2623359,-1.1570346,-3.9352016,-0.4490719,-1.274018,-0.12191389,-2.0475557,2.0552416,-1.6980845,-2.5585468,0.94684047,1.5909468,-1.6266145,-0.33105123,3.814572,-0.4489501,-2.4853995
0,/data_nas/huangyj/data/placePulse/rawData/googleviews-110802files/50f5eb68fdc9f065f00082b1.jpg,-1.2566482,-1.5524828,2.2358236,-0.41278952,0.025585048,-1.1817452,-1.1664916,-0.7782658,-1.2470679,-0.26653472,1.4969008,0.8294876,-2.6768703,0.6150527,1.5090094,0.12546735,-1.5073297,1.2935119,-0.91180575,-1.1346184,-1.2961257,0.58936656,0.63554186,-0.05432042,-1.0998769,1.0432218,1.052345,0.097202815,-1.6188655,0.25567076,0.677907,-2.7603881,-0.2967398,0.33964556,-0.49417427,-1.4542837,0.12157942,-0.35318992,-0.99337214,-1.1207072,2.7785347,-1.3453754,0.29442093,1.6005272,0.41235682,-0.3613908,0.09150078,0.684363,-1.9812298,-1.4082737
1,/data_nas/huangyj/data/placePulse/rawData/googleviews-110802files/50f60c4fbeb2fed9100002bb.jpg,0.5019882,-1.5255313,0.21173076,0.75126433,1.5725052,-0.11718833,-0.56183624,0.046539433,-3.571769,-0.5143892,0.25250068,0.8312811,-0.43283796,-0.25691974,1.4395242,0.51824,0.6374321,0.85339266,-0.16914785,0.07918413,-0.23692307,0.43585297,-1.0037566,-2.8429196,-0.15762426,-0.073195115,0.45435894,-0.43189663,-0.35253075,0.90253776,-1.153823,1.3470788,-3.868725,-0.94534945,-1.5508014,-3.1243799,0.28466168,0.11476275,-0.73397416,-0.39211664,-0.9166957,-0.036500923,-1.8416553,-2.0094254,0.9599307,-1.3191433,0.33261985,3.872825,-0.8015125,-1.0178813
1,/data_nas/huangyj/data/placePulse/rawData/googleviews-110802files/50f56099fdc9f065f000524e.jpg,-0.11032467,-2.60858,1.4583347,0.8311615,-0.1715542,-0.16887005,-0.39301223,-0.18101078,-5.0260305,-0.15558876,0.82853186,0.7007335,-1.7619414,-0.19177067,2.355506,0.22974123,-0.12788445,0.7628063,0.24690983,-0.8454146,-0.68626714,0.4608234,-1.3656595,-0.72868615,-1.1267316,0.2966435,0.30160853,-0.10699957,-0.95091826,1.2573425,-0.5254396,-1.2375246,-2.4118636,-0.53886586,-1.8250043,-4.585281,0.20946789,-0.31205538,-0.05478287,-1.1547422,1.4891251,-1.0197282,-2.7081132,0.1420758,1.2284055,-1.6932924,0.36828884,4.8689985,-0.75991905,-2.0355399
0,/data_nas/huangyj/data/placePulse/rawData/googleviews-110802files/513d9df2fdc9f0358700824a.jpg,0.36464977,-0.3248058,-0.43919873,-0.7968176,0.58786815,-1.7352629,-2.4897623,-0.0028925557,-2.0769892,-2.0634341,-0.3996037,2.1196613,-0.2330701,-1.4050329,1.0960197,1.4962201,1.0293646,2.0600913,-2.3124802,0.5812755,-0.79152423,1.7856773,1.4876786,-2.279021,0.47540694,-1.5243556,2.2414372,-1.341472,-0.1965392,1.3962543,-1.1467891,1.4054413,-2.9623966,-2.2542825,-1.3107653,-1.632666,-1.1713982,0.4509641,0.025333088,-0.22984652,-0.81959796,0.43254676,-1.1502575,-1.7752233,1.4741125,-0.5794398,1.2674735,2.1633916,-2.5210967,0.31087416
1,/data_nas/huangyj/data/placePulse/rawData/googleviews-110802files/50f5e6fffdc9f065f0006ed3.jpg,1.0972552,-0.6207803,-0.3729612,0.9243619,-0.061161608,0.3812253,-0.096216545,0.67670274,-1.8110713,-0.07042883,-0.6439364,0.5119476,0.11130823,0.6090588,0.7370719,-0.07371076,0.96066195,0.23272811,0.19182244,0.6768313,0.27018598,-0.42012578,-1.1233116,-0.59427315,0.40934598,0.8215149,-0.024643501,-0.025027225,0.23658305,0.021957586,-0.54229856,-0.81677806,-1.3748232,-0.6380791,-0.6431973,-1.5404152,1.006617,0.2038063,0.27350312,-0.3251519,0.6547864,0.76759833,-0.4202131,-0.2120482,-0.05262766,-0.52793705,0.018109705,1.9231691,-0.24106216,0.016918048
0,/data_nas/huangyj/data/placePulse/rawData/googleviews-110802files/514150e2fdc9f04926007e66.jpg,-1.5073116,-1.996424,2.78088,-0.1232985,1.0732814,-1.1353077,-0.9302333,-0.95502484,-3.4430838,0.21901922,1.8076715,0.3922766,-3.1403737,0.85941344,1.8723414,-0.10704817,-1.5753601,1.3357704,-0.61077493,-1.3235928,-1.4629623,0.6753018,0.30420288,-1.7307544,-1.3335572,1.1698246,0.7560401,0.6831845,-1.9378242,0.31724378,1.0156167,-2.7755957,-2.264013,0.9058293,-0.5812764,-3.819568,0.27646223,-1.1115454,-2.1008058,-2.058045,3.1256738,-1.750624,-0.45777777,1.5271437,0.61117107,-1.7237655,-0.16733742,2.9155974,-2.1793892,-1.9558038
0,/data_nas/huangyj/data/placePulse/rawData/googleviews-110802files/50f43aa5fdc9f065f0002e63.jpg,-0.2158241,-0.6361497,0.59483206,0.8765049,0.4717688,0.09305818,0.16364476,-0.57473826,-0.6241292,0.04872145,0.6045094,0.43003976,-1.0396591,1.6656704,0.2715767,0.575084,-0.72066575,1.5148498,0.087531015,-0.5729374,-0.13330507,-0.34425005,-1.1966767,-0.32167178,0.3575673,2.2640522,-0.4287648,-0.013782816,-0.7629789,-0.30076018,-1.1566024,-1.9447435,-0.3224972,-0.20937127,-0.746692,-0.76733816,1.6992098,0.9925457,-0.75312185,0.44450107,1.7635865,0.10680997,1.0787007,0.5867902,-0.83812964,0.18401144,0.41245994,0.5739306,-1.3144875,-0.37082714
1,/data_nas/huangyj/data/placePulse/rawData/googleviews-110802files/513d9ccbfdc9f03587007e6f.jpg,1.2036659,-1.464421,0.14316331,0.329658,-0.5731204,-0.34579086,-1.1808908,1.1654763,-4.871399,-0.43599343,-0.879875,0.8914731,-0.4105431,-0.9796797,2.1843204,-0.383111,1.6570826,-0.18317641,-0.41451576,0.8960734,-0.26587206,0.59999686,-0.21161008,-1.1049961,-0.4748122,-1.1233385,1.1688082,0.042345554,0.25434452,1.0919243,0.64429474,-0.8535882,-2.9669693,-0.94151723,-0.93399787,-4.4058695,-0.55313015,-1.3313216,0.63797235,-2.1490397,1.063041,0.15553671,-2.86737,0.015136708,1.6248431,-2.1931171,-0.02169662,4.7637477,-0.3988567,-0.6008047
0,/data_nas/huangyj/data/placePulse/rawData/googleviews-110802files/513d6190fdc9f03587003e6a.jpg,-1.5473676,-2.3823388,2.9362507,-0.21928483,0.6550745,-1.0972255,-0.9849685,-0.9371404,-2.4365606,0.04769496,2.0963795,0.60217965,-3.217134,0.6058497,2.074894,-0.14828564,-1.801287,1.056417,-0.56961596,-1.4699122,-1.5267318,0.54207844,0.30654877,-0.88080794,-1.7439473,1.0591435,0.9275643,0.357116,-1.9947457,0.4286137,0.9436525,-2.363475,-1.4032476,0.8315717,-0.74172944,-2.6167622,0.110369645,-0.80693585,-1.5722009,-1.602437,2.5476437,-1.9664296,-0.48529318,1.2094476,0.75173455,-1.0078214,-0.20973517,1.900679,-1.8312304,-2.3148477
0,/data_nas/huangyj/data/placePulse/rawData/googleviews-110802files/513e5d9bfdc9f0358700ae3d.jpg,1.3822218,-0.23161253,-0.5600687,0.80149406,-1.2549382,0.62793607,0.009526933,1.1565584,-0.85330456,0.18762767,-1.1043676,0.36543733,0.23355368,0.6080505,0.62922645,-0.55000794,1.0587189,-0.45439327,0.36616528,0.8980711,0.5528358,-0.66133475,-1.0223874,1.2010509,0.42381805,0.84189063,-0.016192341,0.14567715,0.645788,-0.20135081,0.10548657,-2.3242276,0.509217,-0.5386722,-0.14654237,-0.66139174,0.9710016,-0.025689272,1.077977,-0.4710574,1.7554907,0.99607074,-0.050800495,1.129311,-0.24965546,-0.14234582,-0.14030294,0.7949628,0.45145485,0.43514168
0,/data_nas/huangyj/data/placePulse/rawData/googleviews-110802files/514099a3fdc9f04926000e3d.jpg,-0.33466908,-1.8434613,1.4875077,-0.89257234,1.1694794,-1.4470053,-2.1103363,0.14871624,-2.113886,-0.97813684,0.9661621,1.3332877,-1.7045908,-1.2975624,2.2589133,-0.1517746,-0.048889063,0.28650498,-1.4815387,-0.01438079,-1.2475019,1.2171943,1.4836484,-2.2944238,-1.4417142,-1.3927797,2.2724454,-0.4506348,-0.8400708,1.0891027,1.0229405,0.9683927,-2.9921446,-0.34904942,-0.76596284,-1.7512145,-1.4051542,-1.1623753,-0.86605877,-1.6025233,-0.54492694,-1.116998,-1.6669374,-1.2982733,1.9672472,-1.0279577,-0.21354662,1.9256955,-1.2437888,-1.5257152
1,/data_nas/huangyj/data/placePulse/rawData/googleviews-110802files/513d7c42fdc9f03587006e33.jpg,-1.3112476,-1.2336714,2.364486,-1.2739769,4.0863647,-2.0529556,-2.2626603,-0.50030243,-2.316439,-0.3228724,1.6326374,0.6500813,-2.4580023,-0.15677992,1.6888804,-0.52631164,-0.7994648,0.8019975,-1.9711388,-0.06976241,-1.7171851,1.3025569,2.5073245,-5.848141,-1.2880602,-0.63741547,2.243053,0.6658855,-1.6308594,0.12181823,2.2528017,1.1031383,-5.664009,1.2040743,0.32131118,-2.7218266,-1.0259093,-2.2921734,-3.8975937,-2.8832865,-0.20671621,-1.5542449,-0.13827924,-1.3232311,1.4417102,-2.2186148,-0.9222959,2.0741107,-2.6110551,-1.4207034
0,/data_nas/huangyj/data/placePulse/rawData/googleviews-110802files/513cd160fdc9f03587001e32.jpg,0.82839334,-1.4962286,-0.5166131,0.32314715,0.083841585,-1.0999107,-1.8095192,0.1066887,-6.7665234,-1.8360848,-0.74561554,1.8738054,-0.09089335,-1.9311421,2.0503855,1.8118286,1.8243144,2.1756997,-1.3264366,0.3072667,-0.5612883,1.9113083,-0.33320034,-2.6262999,0.27769044,-1.9466854,1.4518336,-1.2436285,-0.09142805,2.3979619,-2.0578294,1.4987915,-4.8921885,-2.8214679,-2.6029248,-5.886767,-1.0614886,0.19158244,0.6324367,-0.84746087,-0.558163,0.24270964,-4.085145,-1.9394332,2.2354317,-2.410773,1.7273622,6.9507775,-2.135714,-0.54565114
1,/data_nas/huangyj/data/placePulse/rawData/googleviews-110802files/513d4c74fdc9f03587002e30.jpg,0.2975934,-0.9666428,0.7121569,0.3877327,-1.9355047,-0.22833335,-0.5360673,0.34301272,-2.1491716,-0.08401921,-0.22491139,0.6968924,-1.2406318,0.53280896,1.3002436,-0.08113143,0.0811187,0.59127975,-0.15962172,-0.14858018,-0.3295065,0.054713875,-0.52371556,1.7839282,-0.24052887,0.9230286,0.41631758,0.10898996,-0.3365738,0.32378507,0.22684379,-3.8635843,0.7776369,-0.5013571,-0.5780652,-2.1022756,0.56671906,-0.15197791,0.9294141,-0.99581623,3.4961395,-0.013284462,-0.47943142,2.3719444,0.16923785,-0.5088046,0.29656586,1.6954315,-0.78755075,-0.33854946
0,/data_nas/huangyj/data/placePulse/rawData/googleviews-110802files/50f5e6fcfdc9f065f0006e7e.jpg,-0.9076437,-3.0096445,2.7161238,-0.034853417,2.6742494,-0.7757708,-1.02389,-0.24016798,-4.2170124,0.19607836,1.9755124,0.321352,-2.5838366,-0.51874286,2.7752342,-0.7905766,-0.7924422,-0.17910376,-0.24937038,-0.75666535,-1.3204541,0.6304699,0.1494358,-3.841341,-2.2530446,-0.4477395,1.2182512,0.47898427,-1.5568842,0.84771407,1.47043,0.90617925,-4.794337,1.0299658,-0.9283352,-4.014372,-0.6424214,-1.9490178,-2.4016752,-2.4506562,-0.27584675,-2.0949764,-2.389986,-1.3165275,1.8701321,-2.3193123,-0.9328779,4.063345,-0.75646144,-2.9682963
0,/data_nas/huangyj/data/placePulse/rawData/googleviews-110802files/5140ccbbfdc9f04926002e7e.jpg,-1.2622616,-1.9184873,1.6625643,-0.611045,1.8280985,-1.826479,-2.0099156,-1.3092176,-2.893771,-1.5066324,1.737122,1.7342651,-2.154431,-0.74967396,1.800811,1.5027343,-0.95075405,2.5053883,-1.7748196,-1.139272,-1.5810881,1.76399,0.9053723,-3.0589564,-0.86227334,-0.44752735,1.7899253,-1.0126477,-1.7272986,1.4570706,-1.1523317,1.2031217,-3.6220663,-1.0862501,-1.8368622,-2.6371112,-0.79295826,0.37995797,-1.5496547,-0.35416964,-0.39177388,-1.3262675,-1.3076032,-1.7528284,1.5246209,-0.86214095,1.0087832,2.8235714,-2.9051144,-1.7094872
0,/data_nas/huangyj/data/placePulse/rawData/googleviews-110802files/513d7c5afdc9f03587006e7c.jpg,-1.4479105,-1.4872724,2.304613,-0.37019524,-0.23508716,-1.6779215,-1.5097996,-1.0871671,-3.329686,-0.51881665,1.2713346,1.0693371,-2.9851866,0.5806077,1.6638831,0.7458357,-1.3287791,2.3546734,-1.3343512,-1.3067993,-1.5818211,1.244872,0.7180984,-0.48928124,-0.74640054,0.9376382,1.1770577,0.17412864,-1.8327048,0.7135804,0.2881399,-3.6940625,-1.2012095,-0.0829491,-0.9128837,-3.6768417,0.012421527,-0.4213659,-1.1418662,-1.6302475,4.0154185,-1.3340018,-0.31085652,2.2697744,0.63231593,-1.3361846,0.7400622,2.6820292,-3.118073,-1.2229644
1,/data_nas/huangyj/data/placePulse/rawData/googleviews-110802files/50f55eb1fdc9f065f0004e2d.jpg,-1.0664445,-2.2382326,2.3777003,-0.052974492,-0.55401826,-1.2539591,-1.2260842,-0.64120275,-4.847808,-0.26473922,1.169171,0.8482039,-2.9208457,-0.012313179,2.3618045,0.29756784,-0.90580314,1.498207,-0.72930354,-1.2520798,-1.4294497,1.1049688,0.104126886,-0.35180604,-1.2974163,0.35093275,1.0405633,0.24364917,-1.614115,1.1424288,0.550517,-3.3230743,-1.7263688,-0.07236872,-1.2345229,-4.8751373,-0.2776631,-0.94000816,-0.6487669,-2.1109562,3.6666093,-1.5772182,-1.8499459,2.034613,1.2483417,-1.9543902,0.47428858,4.217248,-2.1327195,-1.8508426
0,/data_nas/huangyj/data/placePulse/rawData/googleviews-110802files/513f2fc0fdc9f0358700de23.jpg,-0.39197078,-1.3571212,0.69921404,0.25241196,1.0834264,-1.424658,-1.5368783,-0.8463097,-6.232126,-1.2289683,0.29913703,1.4326351,-1.3890158,-0.48582628,1.6084603,1.7711165,0.35211658,2.9657042,-1.3692414,-0.56464344,-1.0269933,1.7387862,-0.123223364,-3.2573488,0.19351597,-0.34021312,1.0359565,-0.5567614,-1.1271796,1.670553,-1.6115072,-0.28162315,-4.791625,-1.635655,-2.0992844,-6.00548,-0.24732377,0.1177938,-1.0918773,-1.1539649,1.2534536,-0.4132616,-2.3891428,-0.60062736,1.3695383,-2.47132,1.5392106,6.173628,-3.197438,-0.8088412
0,/data_nas/huangyj/data/placePulse/rawData/googleviews-110802files/514150c5fdc9f04926007e22.jpg,-1.6157179,-2.321926,2.8126695,-0.68917465,1.2417793,-1.9241126,-1.918987,-1.0124729,-4.715467,-0.5961017,1.7872901,1.037795,-3.2418425,-0.36646682,2.4790413,0.403052,-1.2075493,1.7948282,-1.473394,-1.2712904,-1.9038495,1.6202873,1.1576934,-2.6029553,-1.5895559,-0.23932877,1.7456911,0.17512524,-2.0482762,1.1827636,0.9142043,-1.5146022,-3.5942404,0.18966061,-1.1021862,-4.819858,-0.8521746,-1.3547426,-1.9926053,-2.4546185,2.266974,-2.0397685,-1.7301788,0.6567595,1.6910108,-2.279847,0.26981032,4.1570563,-2.8870087,-2.1800435
1,/data_nas/huangyj/data/placePulse/rawData/googleviews-110802files/513e5d94fdc9f0358700ae2b.jpg,-0.9075564,-0.79748356,1.307796,-0.0073748175,-0.5033878,-1.0255352,-0.93903065,-0.9263714,-0.9803103,-0.5727631,0.88147765,1.0602436,-1.9730644,1.0263877,0.75780606,0.93820995,-1.1457114,2.2137904,-0.96232575,-0.9963344,-0.91436267,0.5770898,0.11417028,0.4755631,-0.04420211,1.5658461,0.6073919,-0.23089083,-1.298975,0.23441978,-0.64604026,-3.1047795,0.27946514,-0.47740313,-0.8104942,-1.1936393,0.7151289,0.7134956,-0.46383893,-0.15423788,3.0498533,-0.49824417,0.85040504,1.6963532,-0.20138016,0.07656935,0.85118484,0.5598041,-2.4633822,-0.5097266
1,/data_nas/huangyj/data/placePulse/rawData/googleviews-110802files/513d9cecfdc9f03587007ee1.jpg,-0.2287475,-0.33563396,1.0361444,-0.08932839,-0.2212852,-0.7582184,-0.9237134,0.0421402,-0.81265366,-0.0071847127,0.14624263,0.5713524,-1.5220226,1.0516293,0.7666355,-0.21742296,-0.37045118,0.8825177,-0.7882876,-0.017321695,-0.5996393,0.20309134,0.5045288,-0.04042148,-0.041029327,1.1943026,0.763747,0.49200147,-0.64688504,-0.29299852,0.9307675,-3.3589158,-0.15946427,0.2372618,0.17844178,-1.1894444,0.5822132,-0.5612465,-0.6937632,-1.3053297,3.1506467,-0.10069263,0.977064,2.0265143,-0.16892926,-0.51997584,-0.06657918,0.36614284,-1.6419909,-0.0120659545
1,/data_nas/huangyj/data/placePulse/rawData/googleviews-110802files/513e1f5cfdc9f03587009ee9.jpg,-0.28549197,-2.951861,1.8786254,0.015815267,-0.22945714,-1.0866746,-1.5374093,0.022504978,-6.5580397,-0.66108596,0.76780576,1.1288437,-2.2188373,-1.4635513,3.20629,0.16167986,0.20266585,0.7019252,-0.64063615,-0.68790156,-1.2672615,1.4182397,-0.0820621,-1.4486048,-1.7078732,-1.3126209,1.5168762,-0.18548551,-1.0719572,1.981285,0.4286569,-0.86039555,-3.6208646,-0.73412573,-1.8654784,-6.012246,-1.1990044,-1.3848497,-0.076219894,-2.4066105,1.4795741,-1.536398,-4.0330467,0.124663495,2.4521081,-2.669473,0.3908543,6.206727,-1.2793511,-2.3126786
1,/data_nas/huangyj/data/placePulse/rawData/googleviews-110802files/513cbb7cfdc9f03587000ee4.jpg,1.2923667,-0.46932796,-0.07690438,1.2980378,-0.06204766,0.794979,0.41982797,1.139135,-3.3180475,0.9077993,-1.0636909,-0.29125792,-0.12601836,1.1817021,0.8582674,-1.0058042,1.1962208,-0.528672,0.81234264,0.91882885,0.5231652,-0.7945031,-1.5220463,-0.72817945,0.36479783,1.2391894,-0.528957,1.0415506,0.41068485,-0.36441538,0.78184295,-2.801312,-1.7432452,0.27565473,0.008182034,-3.3894174,1.3876876,-1.0701264,-0.24053605,-1.7922273,2.5497088,0.77411777,-0.60186595,1.4633005,-0.24879935,-1.8105619,-0.5756359,3.2325537,0.24477845,0.1226958
0,/data_nas/huangyj/data/placePulse/rawData/googleviews-110802files/51409989fdc9f04926000e1d.jpg,0.475415,-2.66592,1.0362862,0.8979947,-0.93664837,0.46975383,-0.066363096,0.44365436,-3.263116,-0.031150678,0.5739362,0.6348543,-1.1653806,-0.47396863,2.3454459,-0.33319396,0.112353936,-0.45070195,0.75295347,-0.4837763,-0.2480526,-0.16469744,-1.6576821,0.7670607,-1.3890872,0.11534236,0.22860315,-0.3537913,-0.3961826,1.0527322,-0.32784295,-0.7704344,-0.820228,-0.5481029,-1.6151186,-2.5418825,0.18815972,-0.11615231,1.0180621,-0.5654288,0.5893513,-0.772431,-2.5903785,-0.17168501,1.1518483,-0.6748077,-0.06361359,3.1942503,0.71131384,-2.038468
0,/data_nas/huangyj/data/placePulse/rawData/googleviews-110802files/5140dac0fdc9f04926003e1f.jpg,-0.9699638,-2.2495067,1.7675112,-0.3354924,1.9975098,-1.6670928,-1.8898871,-0.94310576,-4.8298287,-1.1551858,1.4748734,1.4452556,-2.173016,-0.9199953,2.2697742,1.0993822,-0.45960617,2.0885477,-1.467258,-0.8967016,-1.5367849,1.7642792,0.6054281,-3.7840812,-1.0425986,-0.78306794,1.6909571,-0.5777126,-1.5901669,1.6469706,-0.63843435,1.0663718,-4.901927,-0.850782,-1.87753,-4.560974,-0.8862661,-0.42528096,-1.7400401,-1.3052621,-0.1087963,-1.4015443,-2.3825097,-1.6350667,1.915881,-2.0119042,0.7589749,4.770824,-2.648147,-1.9510922
0,/data_nas/huangyj/data/placePulse/rawData/googleviews-110802files/50f563b6fdc9f065f0005e10.jpg,-0.019932425,-2.523076,1.7271765,0.4117524,-0.3576938,-0.06441639,-0.48035878,0.36389625,-3.3097441,0.19202775,0.8767516,0.44199425,-1.8601,-0.28259304,2.448308,-0.75940514,-0.24511147,-0.4882689,0.31691784,-0.508273,-0.6581377,0.07322778,-0.73591787,-0.013955555,-1.6493614,0.084878996,0.6602061,0.17095125,-0.7407646,0.7925108,0.8778255,-1.5032473,-1.3064755,0.19643995,-0.98034024,-2.9278064,-0.105856866,-1.046275,0.04175142,-1.5987918,1.4527961,-1.1764928,-2.1273105,0.5451483,1.2397689,-1.2053838,-0.47516894,3.00945,0.15983492,-2.082758
0,/data_nas/huangyj/data/placePulse/rawData/googleviews-110802files/50f5e6c9fdc9f065f0006e14.jpg,-1.2803876,-2.0944486,2.4690065,-0.7427389,-0.15436685,-1.8995132,-2.0170677,-0.7297448,-4.7210574,-0.7448502,1.2306187,1.2165806,-3.012642,-0.49494314,2.4681764,0.4076356,-0.8716827,1.7280424,-1.5323755,-1.0695074,-1.7815627,1.6076642,1.2135282,-1.1441988,-1.4022108,-0.342528,1.8076739,0.0664233,-1.7429909,1.2489953,0.94463485,-2.653148,-2.410755,-0.20226687,-1.0609854,-4.7861476,-0.9234203,-1.2302457,-0.9742073,-2.460606,3.2126985,-1.7097309,-1.7834469,1.6062938,1.6419636,-2.067087,0.4694626,4.038556,-2.759383,-1.7519717
1,/data_nas/huangyj/data/placePulse/rawData/googleviews-110802files/513e5dcffdc9f0358700aecd.jpg,-0.7309519,-2.812836,2.5891862,0.0012099855,-0.69195926,-0.74439204,-0.9536598,-0.10830414,-4.418709,0.13624355,1.263308,0.58926225,-2.8408976,-0.20394486,2.8418345,-0.59680235,-0.80147386,0.16996793,-0.1583901,-1.0271513,-1.2421812,0.5702119,-0.14124031,0.09899637,-1.9904314,0.17042756,0.9800683,0.44055054,-1.3929468,0.9817446,1.3756545,-2.9880311,-1.3868917,0.41118187,-0.9727633,-4.3058805,-0.3585452,-1.4699949,-0.2934331,-2.3986466,3.0853589,-1.785889,-2.2440279,1.8081853,1.4377804,-1.8426554,-0.26242328,3.8408318,-0.89857036,-2.402392
0,/data_nas/huangyj/data/placePulse/rawData/googleviews-110802files/5141510cfdc9f04926007ec7.jpg,0.10840139,-0.35933062,0.16306922,0.31774703,-1.0907065,-0.85379964,-1.0337355,-0.27594748,-2.921294,-0.83448935,-0.36826703,1.2294556,-0.9927237,0.47193134,0.80009055,1.2037176,0.24967253,2.2929354,-0.9922365,-0.21011315,-0.47168604,0.8548347,-0.23764607,0.24328774,0.7016019,0.81298214,0.62689936,-0.37049404,-0.4810519,0.7241163,-1.1584783,-3.0339725,-0.64698476,-1.4677038,-1.1592568,-2.9413445,0.5516127,0.63419986,0.34800205,-0.4315317,3.124569,0.4151444,-0.35475916,1.5664678,0.14777574,-0.76109314,1.3153973,2.6335878,-2.34464,0.29277813
0,/data_nas/huangyj/data/placePulse/rawData/googleviews-110802files/50f5eaf4fdc9f065f0007ec5.jpg,0.55955255,0.05727596,-0.9666904,0.37801,1.1562039,-0.7456464,-1.1705713,-0.35106626,-1.4781336,-1.4901532,-0.36545786,1.5929778,0.32637876,-0.052293606,0.15745543,1.8701985,0.8074809,2.4969232,-1.2912415,0.348374,-0.12021604,0.9872861,-0.23071994,-2.2981954,1.3145064,0.121734574,0.7890317,-1.1776111,-0.06820166,0.8219892,-2.5939229,1.2993531,-2.633,-2.1529994,-1.5736287,-1.1623541,0.41547993,1.5829479,-0.33809623,1.0453931,-0.8918728,1.0329624,-0.15208419,-2.0359826,0.25927675,-0.10640184,1.4801954,1.8496435,-2.2116387,0.6046763
1,/data_nas/huangyj/data/placePulse/rawData/googleviews-110802files/5141375efdc9f04926004ec0.jpg,0.17296694,-1.5527031,0.5959873,0.71854985,-0.9191767,-0.3224192,-0.56920344,-0.18555702,-4.0742536,-0.5579479,0.11514516,1.0103737,-1.1813064,0.07041855,1.5831618,0.8094891,0.18748108,1.4922874,-0.2070468,-0.5269835,-0.45417562,0.5853688,-1.1024239,0.07570404,-0.14958502,0.56821305,0.31816578,-0.40635684,-0.58850175,1.0878266,-1.1824182,-2.0310998,-1.3194023,-1.2514141,-1.6917381,-3.7622845,0.4613637,0.42143008,0.5121572,-0.51085055,2.1669123,-0.1798196,-1.7382885,0.72784764,0.6667495,-1.077044,0.95160013,3.895201,-1.302566,-0.8740162
0,/data_nas/huangyj/data/placePulse/rawData/googleviews-110802files/513d7c65fdc9f03587006e9d.jpg,0.5045976,-1.0428684,-0.061753727,0.3195887,1.041556,-0.9991969,-1.5103791,0.012781057,-5.702819,-1.1542042,-0.39455178,1.3488135,-0.5256914,-0.9066009,1.5946689,1.2058195,1.2390788,1.9198159,-1.1597766,0.2837499,-0.55985826,1.5362906,-0.13451903,-3.2764266,0.36621487,-0.9873853,1.1868973,-0.553354,-0.29173747,1.5631222,-1.2647841,0.54224217,-4.7929816,-1.7738338,-1.785316,-5.298978,-0.45400092,-0.23011151,-0.6178957,-1.220135,0.29033872,0.20072891,-2.627769,-1.2513427,1.5355647,-2.4027228,1.12475,5.8257556,-2.1178308,-0.35802764
0,/data_nas/huangyj/data/placePulse/rawData/googleviews-110802files/50f5e700fdc9f065f0006ef6.jpg,-1.1351591,-1.3025024,2.5593827,-0.5386871,1.7210599,-0.94174176,-0.9889205,-0.21720228,-0.8757496,0.61889505,1.4691637,0.03662561,-2.6162567,1.0157449,1.4230232,-1.2301972,-1.3401122,-0.0738291,-0.64005804,-0.4473827,-1.1718068,0.03280573,1.1196184,-1.9600096,-1.4015328,1.0422976,1.0345503,1.1061357,-1.4731917,-0.6015907,2.5654466,-2.2477057,-1.7773589,1.8262112,0.70660883,-1.3837584,0.16620004,-1.8646072,-2.4551876,-2.42696,2.2702594,-1.4553144,0.8655126,1.3505136,0.30621144,-1.1468787,-1.2254926,0.33859184,-1.3031312,-1.4282054
1,/data_nas/huangyj/data/placePulse/rawData/googleviews-110802files/5140b9c0fdc9f04926001ef7.jpg,1.0131372,-0.88870525,-0.26095778,1.1725863,-2.2456002,0.42787716,0.058241747,0.5099472,-2.9477158,-0.19244917,-0.8371947,0.7210045,-0.2892538,0.50745696,1.0396216,0.40260634,0.80655307,0.7614026,0.3995782,0.08497103,0.24184334,-0.19253072,-1.7364904,1.9369705,0.3954497,1.0203032,-0.2614348,-0.24254942,0.16321012,0.5752289,-1.1226488,-3.118143,0.49423483,-1.2718203,-1.2388959,-2.6008193,1.0516107,0.6536942,1.6512467,-0.18262464,2.741785,0.6653557,-1.1188194,1.6088307,0.0023358203,-0.48159975,0.753844,2.7850375,-0.34512258,-0.042826474
0,/data_nas/huangyj/data/placePulse/rawData/googleviews-110802files/513d7c7bfdc9f03587006ef0.jpg,-2.03029,-0.96333015,1.8302584,-0.9812613,3.5033133,-2.4915297,-2.3104253,-2.0690906,-1.7070292,-1.5957013,2.1826165,1.6836627,-2.4447587,0.035677582,0.8446439,2.0306513,-1.6467007,3.6769845,-2.54386,-1.3166671,-1.8730946,2.0832646,1.7836488,-4.8194904,-0.22443993,0.18673618,1.8939592,-0.817846,-2.2260175,0.90779835,-1.2774618,1.4199185,-4.4033303,-0.6649026,-1.3588312,-1.9301716,-0.500337,0.59889036,-3.2862837,-0.16344482,-0.3358563,-1.2946397,0.46751627,-1.8993542,0.8871539,-0.74533117,1.1705573,1.6119388,-4.3562875,-1.1264361
1,/data_nas/huangyj/data/placePulse/rawData/googleviews-110802files/513f301bfdc9f0358700de8d.jpg,1.0979238,-1.6218681,0.075614594,1.0860748,-0.39736602,0.5095372,-0.039557643,0.76212007,-3.541654,-0.012814592,-0.4138014,0.5114287,-0.20752205,-0.025144193,1.6168833,-0.24013373,1.0519187,-0.15681057,0.5643443,0.40216702,0.11695953,-0.30883244,-1.5768765,-0.47832754,-0.3253312,0.254483,0.018415837,-0.07488926,0.07836461,0.6016008,-0.4432397,-0.4930202,-2.0161898,-0.680136,-1.1604513,-3.0203075,0.60279155,-0.19134633,0.66696644,-0.76807207,0.43208006,0.21495655,-2.0160651,-0.44558257,0.6862262,-1.1550605,-0.05410929,3.6396756,0.2096155,-0.8725104
0,/data_nas/huangyj/data/placePulse/rawData/googleviews-110802files/513d61a1fdc9f03587003e83.jpg,-0.90174353,-1.7576374,1.9469786,-0.0055567054,-0.3819036,-1.3100065,-1.288639,-0.69699144,-4.7084055,-0.42710805,0.8680657,0.9720239,-2.5723908,0.2518678,1.9964501,0.5918017,-0.6805875,1.9408696,-0.9390041,-1.0234536,-1.3055288,1.1993353,0.13859202,-0.68538666,-0.741494,0.55296445,0.9835892,0.2063064,-1.452484,1.0193863,0.1744666,-3.3637333,-1.8981138,-0.35369867,-1.2062593,-4.8603635,-0.026682222,-0.66094834,-0.7597028,-1.8934554,3.7438178,-1.1206793,-1.3891575,1.9558254,0.96029466,-1.9395483,0.7123298,4.165035,-2.5398498,-1.3156625
0,/data_nas/huangyj/data/placePulse/rawData/googleviews-110802files/50f5e6fcfdc9f065f0006e8e.jpg,-1.3276036,-1.9619828,1.9531031,-0.36572444,0.6562189,-1.6999962,-1.7486744,-1.2232563,-3.1853383,-1.1978859,1.6149273,1.5519894,-2.5339622,-0.40412676,1.8779467,1.3336364,-1.1371057,2.4706628,-1.4820107,-1.3783596,-1.5605943,1.5836173,0.56511986,-1.5324031,-0.9152781,0.014671683,1.516711,-0.71706533,-1.7700151,1.386759,-0.85080314,-0.75460184,-2.3270798,-0.85906976,-1.7533514,-3.0293062,-0.53798145,0.26875654,-1.0514249,-0.64196604,1.3272779,-1.425175,-1.2257985,-0.14287919,1.3051633,-0.9077966,1.062804,2.8762245,-2.8632383,-1.6917496
0,/data_nas/huangyj/data/placePulse/rawData/googleviews-110802files/513d61a6fdc9f03587003e89.jpg,-1.0644656,-1.9668279,2.2453485,0.14727521,0.007999286,-0.83280724,-0.7457394,-0.7545955,-2.8079739,-0.028376559,1.4280752,0.64254546,-2.6462345,0.7336957,1.7776555,0.13321555,-1.2724698,1.3059233,-0.39072102,-1.2229863,-1.1778082,0.45501682,-0.2114534,-0.33260393,-1.1118385,1.2166805,0.5859405,0.24029356,-1.6089302,0.46816167,0.30675587,-2.8243809,-1.063256,0.302129,-0.9106401,-2.9396238,0.4341486,-0.36386496,-0.9571809,-1.2587495,2.9245353,-1.3429505,-0.52481365,1.5006213,0.49167112,-0.9661306,0.1342142,2.3350756,-1.7790114,-1.705001
0,/data_nas/huangyj/data/placePulse/rawData/googleviews-110802files/513f2fdffdc9f0358700de56.jpg,1.0752631,-0.18422791,-0.15546471,0.09393565,0.5589176,0.025468336,-0.63564795,1.1324158,-1.2019101,0.18111302,-0.7799328,0.27045345,0.017044827,0.24459012,0.8184451,-0.9541205,1.0805054,-0.651607,-0.24839172,1.1857257,0.11854665,-0.28031236,0.20168103,-1.3610367,0.05503153,0.07993512,0.6887669,0.41370457,0.3804205,-0.33646888,1.1625011,-0.77342105,-1.8005917,0.052160025,0.40059534,-1.170623,0.2940269,-1.0734675,-0.35256553,-1.4378917,0.6332179,0.6093058,-0.11222995,0.04064965,0.25905508,-0.9122321,-0.76002884,1.1430979,0.043762706,0.28046703
0,/data_nas/huangyj/data/placePulse/rawData/googleviews-110802files/513d4d8bfdc9f03587002e57.jpg,-1.0034097,-1.2653304,1.3672067,-0.44491637,0.99219084,-1.2731999,-1.4092885,-0.99326503,-0.46510002,-1.014998,1.4869479,1.355891,-1.860834,0.10176354,1.0707151,0.97806,-1.1785738,1.8819609,-1.329441,-0.9303674,-1.1358242,0.9493214,0.6737963,-1.2987971,-0.5792682,0.53127855,1.2707253,-0.75395924,-1.3546828,0.606805,-0.77500236,-0.19769382,-1.2467995,-0.6116117,-1.0960548,-0.40368974,-0.06723535,0.67247045,-1.0661578,0.16887955,0.45597735,-0.8650082,0.25464997,-0.6277899,0.5474661,0.28522688,0.6450112,0.27993184,-2.150993,-1.1125383
0,/data_nas/huangyj/data/placePulse/rawData/googleviews-110802files/513d4d6cfdc9f03587002e51.jpg,-0.28243756,-0.8705407,0.86491644,-0.1175233,-1.2451291,-1.4356858,-1.6171398,-0.37231404,-4.2243185,-0.9657487,-0.13847321,1.3934898,-1.6816113,0.0287796,1.4783807,1.0626827,0.13455723,2.349472,-1.4047761,-0.3969538,-1.0083011,1.3527089,0.43470997,-0.023282934,0.1304258,0.23553294,1.1994485,-0.19377336,-0.87269366,1.0703216,-0.3828067,-3.4661076,-1.3059442,-1.2540455,-1.1735123,-4.2873726,-0.10012413,-0.12524553,0.15255207,-1.4445171,3.760176,-0.2049954,-1.0820196,2.0416296,0.79571116,-1.5456645,1.2340039,3.725122,-2.8696423,-0.18708375
0,/data_nas/huangyj/data/placePulse/rawData/googleviews-110802files/50f44854fdc9f065f0003e58.jpg,1.552133,-1.1261632,-0.027235674,0.76179475,-0.52095574,0.49832585,-0.27051288,1.5924071,-3.5035765,0.43104506,-1.0890009,0.1687565,-0.04053788,-0.1556803,1.7032316,-1.2518585,1.6269275,-1.265431,0.49554613,1.1669068,0.26519766,-0.44222736,-0.8742132,-0.4993829,-0.39436287,-0.24201158,0.38749412,0.573403,0.5698198,0.23674403,1.2117794,-1.4056143,-1.9995425,-0.091196515,-0.20744438,-3.1603441,0.23750946,-1.4843928,0.6011658,-2.0523245,1.2060242,0.44271916,-1.9034736,0.5073627,0.8331858,-1.767113,-0.7583791,3.439358,0.774335,-0.37659994
0,/data_nas/huangyj/data/placePulse/rawData/googleviews-110802files/50f5e6cafdc9f065f0006e55.jpg,-1.1770259,-2.4013038,2.282734,0.16077521,-0.7255431,-1.1434227,-1.0667032,-1.0003363,-4.5848274,-0.503165,1.3542697,1.075097,-2.8399398,0.15321165,2.243733,0.791951,-1.1279085,1.9974431,-0.6399028,-1.5444213,-1.4117488,1.0300086,-0.3333404,0.03446264,-1.174313,0.73067236,0.7955067,-0.1172421,-1.7814589,1.2216878,-0.33048296,-3.052356,-1.3748417,-0.4359168,-1.683217,-4.5215354,0.0454339,-0.15839252,-0.3708206,-1.3481734,3.3566332,-1.5422894,-1.6928461,1.6791214,1.0355765,-1.481269,0.83142346,4.0577726,-2.331974,-1.9761637
0,/data_nas/huangyj/data/placePulse/rawData/googleviews-110802files/50f5eaeefdc9f065f0007e50.jpg,-1.3707805,-1.8922352,1.6558359,-0.5047968,3.0337775,-2.094696,-2.1609762,-1.5213424,-4.7369714,-1.5233781,1.7163923,1.6518196,-2.1675355,-0.8434199,1.8274816,1.8111128,-0.7100195,3.0672014,-1.9852823,-1.0963672,-1.7236795,2.1725633,0.9426583,-5.059237,-0.6191846,-0.7359491,1.7899686,-0.8137297,-1.8970455,1.7041938,-1.348366,1.9618678,-5.828366,-1.0912297,-2.0708802,-4.5454154,-0.89213526,0.03429191,-2.54949,-0.888888,-0.7069177,-1.3813511,-1.9270282,-2.36036,1.8101778,-2.007653,1.184725,4.7652197,-3.604136,-1.7396741
0,/data_nas/huangyj/data/placePulse/rawData/googleviews-110802files/513cd20efdc9f03587001e54.jpg,-0.7083234,1.022188,-0.41760772,0.03449639,2.471853,-1.696223,-1.4714915,-1.6512595,-1.352314,-1.5853914,0.20128864,1.5776079,-0.52310574,1.2337126,-0.82548714,2.835371,-0.27424932,4.6212096,-2.2080567,-0.30184275,-0.6744702,1.512333,0.5663747,-3.8965821,2.13555,1.401865,0.68230796,-0.82161653,-1.0391109,0.2858354,-2.9424746,0.019369388,-3.4017751,-1.7662724,-1.2315538,-1.7661619,1.0339757,1.9117526,-2.3004227,0.95631915,0.7652231,0.88959664,1.8172058,-1.0414513,-0.6548359,-0.4088035,2.0650666,1.5289121,-4.6361966,1.2144339
0,/data_nas/huangyj/data/placePulse/rawData/googleviews-110802files/5140cccdfdc9f04926002ea6.jpg,0.035132937,-0.9564596,0.60265535,0.44321504,-1.9379805,-0.4209683,-0.59045297,-0.16550955,-2.319579,-0.47390237,-0.028617565,0.9961793,-1.3016514,0.5507696,1.1157488,0.68268377,-0.16342995,1.5152879,-0.37854335,-0.5313164,-0.43943357,0.356461,-0.67920595,1.724466,0.042250402,1.1150082,0.33603573,-0.30427682,-0.56696475,0.59303164,-0.7951293,-3.6257315,0.74734133,-1.0528067,-1.1020663,-2.2281625,0.68663305,0.61061984,0.96314937,-0.3168087,3.4006877,0.0026158039,-0.4511439,2.096679,0.07671923,-0.25447652,0.92716813,1.9155248,-1.4361063,-0.31717357
0,/data_nas/huangyj/data/placePulse/rawData/googleviews-110802files/513cd3b8fdc9f03587001ea3.jpg,1.0413189,0.28030518,-1.3988725,-0.24849957,4.0576797,-0.9435565,-1.7534517,0.35092428,-1.1684169,-1.5885184,-0.5017876,1.3843805,1.2454745,-1.1769338,0.2506901,1.1156902,1.7696548,1.2223808,-1.74135,1.5570223,-0.047110576,1.1591066,0.9773859,-6.237409,1.0316336,-1.6805595,1.6410279,-1.0787059,0.44331357,0.7252713,-1.4329054,5.647389,-6.20232,-1.6495209,-0.91165787,-0.6628463,-0.6827105,0.27141058,-1.8603181,0.25525263,-4.725123,1.1034393,-0.7683589,-5.2041206,1.1701634,-0.8697776,0.42700642,1.9535013,-1.5459846,0.58937407
0,/data_nas/huangyj/data/placePulse/rawData/googleviews-110802files/5140ccd0fdc9f04926002eac.jpg,-0.55480945,-0.123457365,-0.13045101,-0.020336654,2.5122483,-1.8975186,-1.9384981,-1.4653746,-3.7602406,-1.9496008,0.35757828,1.927483,-0.7273857,-0.070087485,0.3689497,2.8732228,0.18959585,4.338166,-2.2627048,-0.39504835,-0.9756008,2.1390219,0.5039292,-4.6161065,1.370442,0.012028005,1.2459092,-1.1465217,-1.0909308,1.3638269,-3.0057979,1.3608384,-5.032341,-2.2790267,-2.0914683,-3.741104,0.055968143,1.4213383,-1.9448109,0.3903483,-0.23049489,0.34901875,-0.49465832,-2.1190612,0.68450856,-1.3728024,2.1700983,4.0253625,-4.354688,0.26750028
0,/data_nas/huangyj/data/placePulse/rawData/googleviews-110802files/51415100fdc9f04926007eaf.jpg,0.18153992,-1.3887545,-0.022874631,0.21593952,1.4301649,-0.93325394,-1.4418571,-0.44660032,-3.2927837,-1.570138,0.43854627,1.7006761,-0.4623518,-1.0756139,1.4119588,1.6530976,0.55091345,2.041961,-1.1704994,-0.18522505,-0.61322385,1.3956044,-0.25620046,-2.8816664,0.07305995,-0.8518716,1.2445863,-1.3374938,-0.5339072,1.6402631,-2.2411733,2.3419056,-3.8460693,-2.0548449,-2.224309,-2.6389976,-0.4560586,0.9381952,-0.42038068,0.38818732,-1.6527394,-0.04665558,-2.0678604,-2.7978728,1.4435151,-0.82174313,1.2765297,3.6293638,-1.8188413,-0.8517327
1,/data_nas/huangyj/data/placePulse/rawData/googleviews-110802files/50f44857fdc9f065f0003eaf.jpg,1.3297056,-0.2896576,-1.1085284,-0.02322731,1.0835093,-0.67865556,-1.6113876,0.8148898,-1.925571,-1.3753468,-0.91842276,1.5058008,0.7485823,-1.2121775,0.9705936,0.7206243,1.8173982,0.7476068,-1.2544771,1.2915099,-0.038908143,0.9389107,0.40524787,-2.6942627,0.6254444,-1.4285697,1.5493187,-0.99027145,0.5689348,1.01913,-1.0216647,2.427117,-3.4603763,-1.8972911,-1.0933504,-1.3249393,-0.6406381,0.19119129,0.13873015,-0.13100742,-2.0270183,1.0049171,-1.4617598,-2.682911,1.2602019,-0.7012151,0.6039293,2.3151455,-0.97202986,0.41194335
0,/data_nas/huangyj/data/placePulse/rawData/googleviews-110802files/5140997bfdc9f04926000e0d.jpg,0.41393274,-1.6530467,0.4477417,-0.32726395,1.0539496,-1.5530555,-2.2604103,0.31728563,-6.6137104,-1.3839823,-0.28910697,1.5603623,-0.89693826,-1.9313627,2.4501452,0.7685537,1.4567746,1.3309741,-1.6136882,0.4485004,-1.0290445,1.9689339,0.8156347,-3.808832,-0.47432,-2.258746,2.0774937,-0.55086625,-0.40961802,2.0347044,-0.15870285,1.2375562,-5.7576585,-1.6004126,-1.707882,-6.0484495,-1.5794656,-1.2257942,-0.5708245,-2.2577074,-0.21433248,-0.40707618,-3.7887087,-1.5624579,2.571979,-3.034952,0.7665402,6.588621,-2.0685658,-0.91536003
0,/data_nas/huangyj/data/placePulse/rawData/googleviews-110802files/513d7c32fdc9f03587006e02.jpg,-1.6381958,-2.4164035,2.6629205,-0.4170863,1.5096829,-1.7816077,-1.7031074,-1.280815,-4.9508543,-0.68723786,1.933693,1.0931574,-3.1133447,-0.28424114,2.3540149,0.7969335,-1.2811435,2.168198,-1.3289235,-1.4729105,-1.8158829,1.6419829,0.68875617,-2.8889832,-1.4200021,-0.042290997,1.4666673,-0.027546817,-2.1119263,1.3174781,0.13372578,-1.0159817,-3.8982027,-0.07348844,-1.5111089,-4.987396,-0.6190788,-0.8549529,-2.0736828,-1.942451,1.8566233,-1.9816502,-1.845542,0.1407752,1.5921084,-2.2036922,0.55933565,4.5332828,-2.9576938,-2.2788804
0,/data_nas/huangyj/data/placePulse/rawData/googleviews-110802files/514150b6fdc9f04926007e01.jpg,-1.2531693,-2.3934178,2.4895675,0.20487064,-0.5126183,-0.9410223,-0.79199916,-0.9427442,-4.191075,-0.13482125,1.5607994,0.73161143,-2.9939606,0.3966036,2.1661189,0.42413074,-1.3744919,1.6086711,-0.3700876,-1.6180209,-1.325657,0.8080747,-0.41938537,0.046840984,-1.3358754,0.981676,0.5983408,0.15049635,-1.7817369,0.9589885,0.07329784,-3.3295035,-1.1127791,0.013547806,-1.3870199,-4.2172565,0.19363293,-0.41449514,-0.67731655,-1.4808849,3.5595613,-1.6734632,-1.4267845,1.9520735,0.8464933,-1.4270779,0.500079,3.593586,-1.9392421,-2.0928495
0,/data_nas/huangyj/data/placePulse/rawData/googleviews-110802files/50f5ed98fdc9f065f0008e09.jpg,0.19999248,-0.23124729,-0.19218571,1.0470525,0.35205495,-0.22407076,-0.22843523,-0.59013367,-2.938891,-0.49775013,-0.24283576,0.8537098,-0.4977335,1.2419934,0.22792731,1.4413743,0.20881389,2.546474,-0.3661476,-0.261926,-0.0575854,0.36117813,-1.3096523,-1.1879313,1.2119373,1.6869887,-0.30030322,-0.2617495,-0.5034734,0.35151532,-2.1192052,-1.8737347,-1.8058308,-1.301565,-1.3633583,-3.0086474,1.4987772,1.2136451,-0.52600306,0.26647806,2.0656345,0.7124014,0.12044352,0.43584004,-0.48959747,-0.8192529,1.2914329,2.9997869,-2.2006838,0.30641067
0,/data_nas/huangyj/data/placePulse/rawData/googleviews-110802files/51413dc9fdc9f04926005e00.jpg,1.546889,-0.27590576,-1.4959079,0.37468144,0.42331746,-0.9550099,-1.7765543,0.67278594,-5.95718,-1.6831634,-1.7101176,1.706604,0.81143224,-1.5588756,1.2803409,1.6069237,2.6192532,1.9830183,-1.4656256,1.2312136,-0.06855062,1.7266428,-0.10261122,-3.1849985,1.2427398,-1.8520386,1.393125,-0.94738877,0.6211827,1.8879933,-1.8512961,1.3291329,-5.0511327,-2.8577676,-1.9260252,-5.3083205,-0.7454078,0.06268588,0.43987584,-0.91842157,-0.4927396,1.2726381,-3.1758132,-1.8453118,1.7328678,-2.4514813,1.6095325,6.2738233,-2.067809,0.73478717
0,/data_nas/huangyj/data/placePulse/rawData/googleviews-110802files/513e6a67fdc9f0358700bebd.jpg,0.049211964,-1.6623127,1.7535733,-0.21738243,0.13853759,-0.6101811,-1.0713538,0.76266825,-3.2460282,0.42469394,0.32270524,0.25494534,-1.894463,-0.013147526,2.222646,-1.4005718,0.11786636,-0.73958355,-0.32534242,0.23034754,-0.81938535,0.19637232,0.56162107,-1.0753225,-1.3690478,-0.10931687,1.2034991,0.8970597,-0.612171,0.21876723,2.43801,-2.4397442,-2.0616996,0.8524105,0.15943475,-3.3358874,-0.34130293,-2.2299151,-0.78191495,-2.9661236,2.4726667,-0.89514107,-1.2916329,1.4666101,1.1237957,-1.9652423,-0.99183047,2.766848,-0.4405744,-1.2553629
0,/data_nas/huangyj/data/placePulse/rawData/googleviews-110802files/50f5eaf3fdc9f065f0007eb6.jpg,-1.2854449,-2.3274474,2.6090071,-0.15744565,-0.3999471,-1.1951869,-1.1555423,-0.79865974,-3.92526,-0.19575943,1.5000898,0.823105,-3.083235,0.24873886,2.295203,0.17435391,-1.3061583,1.4028807,-0.6890475,-1.4112456,-1.4921484,0.9087161,0.16538543,-0.14286,-1.4707611,0.7008981,0.9881841,0.24505454,-1.7854283,0.8869869,0.66776043,-3.316605,-1.2150108,0.18452592,-1.0910698,-4.0111194,-0.09791633,-0.80691063,-0.7885802,-1.8921088,3.5514667,-1.7378284,-1.2819906,2.0147903,1.0174825,-1.5232102,0.2991751,3.2952158,-2.0567749,-2.0330055
1,/data_nas/huangyj/data/placePulse/rawData/googleviews-110802files/513d9ce0fdc9f03587007eb9.jpg,-0.7423068,-1.2276374,1.121212,0.06575027,-0.28753465,-1.457917,-1.4768027,-0.9949689,-3.9494445,-1.1268361,0.5974403,1.512867,-1.9137647,0.11626063,1.4116143,1.6193633,-0.45398775,2.948828,-1.3607665,-0.96981186,-1.1535871,1.4644477,0.061817393,-0.8094023,0.05016744,0.51071566,1.0221418,-0.5314347,-1.3065087,1.2450923,-1.3393011,-2.2752995,-1.8575563,-1.3651155,-1.7246597,-3.9490733,0.07107832,0.55540043,-0.42549333,-0.62484586,2.7220519,-0.53211147,-1.0003953,0.9515792,0.76795125,-1.2090896,1.5046753,3.6492715,-3.1511674,-0.7024155
0,/data_nas/huangyj/data/placePulse/rawData/googleviews-110802files/513d7c6cfdc9f03587006eb8.jpg,-2.1325488,-2.8924055,3.5738108,-0.7423494,0.629219,-1.7979505,-1.6499588,-1.2880439,-3.577282,-0.3717164,2.5483904,0.9251596,-3.9194388,-0.1661763,2.680525,0.15639803,-2.1080728,1.474216,-1.1278181,-1.9208432,-2.103539,1.3137193,0.99998873,-1.2021085,-2.2888596,0.23792534,1.5871634,0.14921734,-2.4604607,1.0668519,1.1478294,-2.1709604,-2.0119379,0.6613981,-1.0925934,-3.6763947,-0.7661824,-1.1553833,-1.7268164,-2.1024535,2.6642673,-2.6803846,-1.3900456,1.2381482,1.5327625,-1.4921151,0.052937265,2.8623798,-2.4544287,-2.8823404
0,/data_nas/huangyj/data/placePulse/rawData/googleviews-110802files/5140b9a6fdc9f04926001eba.jpg,-1.3177894,-2.2154174,1.9003291,-0.7380835,3.592613,-2.1246483,-2.3290093,-1.2007662,-4.4723625,-1.4500155,1.8907082,1.5709544,-2.1774144,-1.3463297,2.1799405,1.2474489,-0.5966376,2.2319667,-1.9737058,-0.85425436,-1.8194383,2.1179228,1.3192569,-5.7548823,-1.1825716,-1.4008234,2.1575267,-0.7509777,-1.8451107,1.7351,-0.5877759,3.1330893,-6.523294,-0.6799609,-1.8382457,-4.1480017,-1.4026018,-0.5692571,-2.7942905,-1.2874953,-1.8205311,-1.6832497,-2.3367527,-3.159692,2.2946334,-2.1146097,0.6222516,4.541675,-3.037497,-2.1352696
1,/data_nas/huangyj/data/placePulse/rawData/googleviews-110802files/50f563d0fdc9f065f0005eb4.jpg,1.8490695,-1.556985,-0.24937914,1.0003185,-1.0332866,0.5612111,-0.30583733,1.7145029,-5.08614,0.17997302,-1.3194138,0.35658377,0.14791806,-0.7602123,2.1609385,-0.94364095,2.1130054,-1.1439378,0.6086936,1.1531041,0.28618684,-0.12318829,-1.3097917,-0.38460606,-0.42913872,-0.8484608,0.39842272,0.29893658,0.7432742,0.8805631,0.62196356,-0.97873366,-2.5151873,-0.70232004,-0.8656474,-4.462917,-0.06529444,-1.3813442,1.2154918,-2.0305886,0.9365372,0.4734938,-3.2413676,0.11732863,1.3676481,-2.2261024,-0.4010362,5.0994444,0.90486217,-0.5999233
0,/data_nas/huangyj/data/placePulse/rawData/googleviews-110802files/514099b1fdc9f04926000e4b.jpg,-1.2723739,-3.448496,2.871637,-0.73663235,1.3291492,-1.4695162,-1.864684,-0.58894324,-3.681109,-0.8104182,2.3223925,1.2488896,-2.9572597,-1.5235775,3.241234,-0.043527447,-1.1383604,0.424394,-1.0092475,-1.260288,-1.8123385,1.3643483,0.874591,-2.2976604,-2.6656795,-1.2710377,2.0742567,-0.5237136,-1.7996122,1.6596869,0.82745093,1.1218894,-3.4511054,0.026802855,-1.5891364,-3.1630661,-1.5675733,-1.2096183,-1.1839377,-1.7187146,-0.49489197,-2.4856052,-2.9238653,-1.4260149,2.5206249,-1.396669,-0.20797385,3.386438,-1.1966858,-3.2808194
1,/data_nas/huangyj/data/placePulse/rawData/googleviews-110802files/513d57a9fdc9f035870031d3.jpg,-1.0620103,-3.0635822,2.374418,-0.46427074,1.3399804,-1.5570434,-1.8859155,-0.6820375,-5.0397577,-0.97366226,1.8005661,1.3402681,-2.637066,-1.4093856,3.0171769,0.50146633,-0.66062963,1.2140048,-1.1586372,-1.1312016,-1.689516,1.655974,0.59878224,-2.8325565,-1.9619379,-1.203401,1.8876644,-0.5106771,-1.6845708,1.8498596,0.15023732,0.8200682,-4.2631087,-0.51075256,-1.8803658,-4.5694966,-1.3422722,-0.9826543,-1.2245164,-1.7709142,-0.0004163226,-2.0276387,-3.1762068,-1.2709782,2.4265099,-2.023182,0.339269,4.809276,-1.899543,-2.7446196
0,/data_nas/huangyj/data/placePulse/rawData/googleviews-110802files/51392b82818ede12960011d7.jpg,0.47396332,-1.5340273,-0.13417676,0.09968854,2.5609295,-1.1004254,-1.7639562,-0.07852331,-5.333877,-1.5514045,0.08722687,1.5583584,-0.1682675,-1.7393591,1.8284725,1.3774254,1.3441426,1.678091,-1.3383654,0.37344226,-0.67128086,1.707566,0.07910119,-5.070236,-0.061389677,-1.9042603,1.5695391,-1.047278,-0.35353372,1.9266815,-1.630757,3.7759554,-6.5147142,-1.9391941,-2.1740463,-4.6032343,-1.0487397,-0.12281987,-1.1056184,-0.7352865,-2.65435,-0.09550764,-3.3302968,-3.798988,2.184453,-2.2617884,0.97679,5.8007097,-1.8711714,-0.9762406
1,/data_nas/huangyj/data/placePulse/rawData/googleviews-110802files/51408ff9fdc9f049260001d2.jpg,-1.0940819,-1.8253115,2.6462133,-0.5348289,-0.25165716,-1.3247546,-1.3887755,-0.26983956,-3.406241,0.14234404,1.1477919,0.5103728,-3.0432231,0.29748848,2.1954796,-0.62081254,-1.0452778,0.63191324,-0.8793344,-0.834202,-1.4475137,0.8112459,0.9567653,-0.39960954,-1.5253812,0.42593998,1.3195292,0.81435066,-1.5007638,0.42547175,2.0776625,-3.9262857,-1.2160677,0.83926255,-0.15584123,-3.7436905,-0.35503554,-1.81883,-1.1536983,-2.8445835,4.0651245,-1.6128432,-0.80154884,2.6821742,0.99795455,-1.8483044,-0.3459836,2.630101,-1.8339313,-1.6029806
0,/data_nas/huangyj/data/placePulse/rawData/googleviews-110802files/513d7d75fdc9f035870071d2.jpg,-1.0182128,-1.6878141,1.7093525,-0.08316213,1.671894,-1.5429626,-1.563358,-1.0247906,-4.7544103,-0.82623476,1.172867,1.1630403,-2.221488,-0.05026322,1.7742252,1.0711666,-0.5724374,2.407521,-1.3425581,-0.8855905,-1.3634602,1.5027555,0.38934684,-3.3095138,-0.5359186,0.109778404,1.2162858,-0.12484524,-1.5886648,1.1561226,-0.481291,-0.64296937,-4.247538,-0.5648958,-1.4892391,-4.7947626,-0.22330204,-0.42417294,-1.9141452,-1.50454,1.4690932,-1.0978572,-1.4685162,-0.2922471,1.2142833,-2.116921,0.81025416,4.547714,-3.0302014,-1.4045391
1,/data_nas/huangyj/data/placePulse/rawData/googleviews-110802files/513d788afdc9f035870061d1.jpg,-1.5581913,-2.0090911,3.0781167,-0.48395967,0.35428035,-1.3683075,-1.2205267,-0.6623329,-3.4473798,0.29370365,1.6542141,0.34735942,-3.4366379,0.57671124,2.1590645,-0.5310313,-1.5582476,0.8901665,-0.78557783,-1.2336217,-1.6200119,0.77695155,0.84414065,-0.9218067,-1.6719857,0.77580047,1.134457,0.90858394,-1.9039267,0.34513193,1.9842547,-3.7673566,-1.5642828,1.1747566,-0.21245703,-3.8677201,-0.17891401,-1.7485279,-1.7837372,-2.7761922,4.022715,-1.9738306,-0.60146534,2.561595,0.8798262,-1.8887479,-0.38747805,2.651347,-2.0635908,-1.9493988
0,/data_nas/huangyj/data/placePulse/rawData/googleviews-110802files/5140d012fdc9f049260031dc.jpg,-1.2032137,-2.1227403,2.2717283,-0.37512168,-0.5438002,-1.2799715,-1.3826547,-0.84216565,-2.227021,-0.6630925,1.5250336,1.1981912,-2.725459,0.092379645,2.0207205,0.44471338,-1.3190119,1.4985714,-0.98704964,-1.2667422,-1.4392089,0.85983175,0.4725203,0.26685965,-1.3601719,0.5925114,1.2463088,-0.27690014,-1.6713847,0.8072529,0.2367381,-2.3646572,-0.51002276,-0.20289841,-1.1039876,-2.186094,-0.18979451,-0.17296875,-0.3644502,-1.0426599,2.4679143,-1.5005589,-0.6982166,1.2088361,0.89369965,-0.49719673,0.4011662,1.7111181,-2.0802245,-1.80885
0,/data_nas/huangyj/data/placePulse/rawData/googleviews-110802files/50f5eb4bfdc9f065f00081da.jpg,-0.62859356,-1.8161258,1.3115524,0.371702,0.67034954,-1.1208894,-1.1651633,-0.90152925,-5.1748495,-0.850366,0.82900375,1.2098243,-1.864515,-0.022018101,1.7861707,1.268315,-0.27159783,2.420117,-0.9080886,-0.9138906,-1.0877746,1.3043582,-0.40789205,-2.1784377,-0.34318972,0.30485472,0.79101944,-0.32614854,-1.3236612,1.3273191,-1.164615,-1.0805297,-3.5013218,-1.0059637,-1.9024024,-5.0472975,0.08946263,0.086194664,-0.99366117,-1.045792,1.7480614,-0.80004555,-1.8761386,-0.050292186,1.0897245,-1.9309387,1.093756,5.0114026,-2.6269615,-1.3291483
0,/data_nas/huangyj/data/placePulse/rawData/googleviews-110802files/513d57aefdc9f035870031db.jpg,-0.31962186,-1.1040069,1.401527,-0.7536138,-0.9370504,-1.6478558,-2.0701876,0.1790898,-3.6541889,-0.72157526,0.032365005,1.1950386,-2.018575,-0.5388833,1.9837446,0.019262139,0.1262301,1.082267,-1.5832281,-0.060423624,-1.2184962,1.327376,1.4234319,-0.29946747,-0.71390253,-0.6095493,1.914145,0.1488774,-0.8100277,0.9066671,1.3609339,-3.1649272,-1.4571267,-0.48398212,-0.4215743,-3.7198493,-0.91950524,-1.3904264,-0.11642406,-2.5050154,3.4030766,-0.69667244,-1.2667265,2.0752654,1.3682939,-1.7412118,0.32056043,2.9826612,-2.193674,-0.5509291
1,/data_nas/huangyj/data/placePulse/rawData/googleviews-110802files/513d9dd1fdc9f035870081db.jpg,1.4170032,-0.89038944,-0.3208027,-0.7530587,-0.0045341924,-0.9880552,-2.2072537,1.622376,-3.1216724,-1.056698,-1.1462867,1.3313583,0.08358755,-2.0364249,2.1083963,-0.5884067,2.0988922,-0.7078111,-1.4047995,1.6216857,-0.4123662,1.079764,1.4497266,-1.8848897,-0.5303862,-2.5525012,2.3759248,-0.3910069,0.64898574,1.1566718,1.3561769,1.0321803,-3.2523055,-1.1996075,-0.3773539,-2.528154,-1.7273877,-1.7091392,0.6465006,-2.1825078,-0.7368743,0.34263572,-2.6138272,-1.206513,2.2098684,-1.6832083,-0.27720204,3.08726,-0.3073582,-0.09147633
0,/data_nas/huangyj/data/placePulse/rawData/googleviews-110802files/51409c24fdc9f04926001166.jpg,-0.8670397,-2.4470668,2.0455055,-0.19028446,0.050521396,-1.5085609,-1.7053183,-0.6278526,-5.736282,-0.83795583,1.0965018,1.2748028,-2.5708568,-0.8332547,2.663705,0.7496045,-0.40996245,1.7795053,-1.1174593,-1.0488008,-1.4980898,1.6296396,0.29540527,-1.555496,-1.270242,-0.58792526,1.5084463,-0.23014295,-1.4929363,1.7251319,-0.007648769,-1.5512061,-3.209601,-0.76736265,-1.762761,-5.517079,-0.8458203,-0.8449838,-0.64996934,-1.981418,2.2138646,-1.5031059,-2.8251681,0.56323045,1.9075972,-2.280149,0.79003656,5.3197174,-2.3819697,-1.9582307
1,/data_nas/huangyj/data/placePulse/rawData/googleviews-110802files/50f56430fdc9f065f0006162.jpg,1.6633891,-0.110193886,-1.0520809,1.0013506,-1.0644708,0.10186106,-0.49320358,1.0618224,-4.152893,-0.3508892,-1.7355359,0.7611423,0.4700611,0.07215275,0.8830752,0.34888422,1.9811906,0.7707267,-0.15784147,1.0960635,0.41090244,0.27176777,-1.0875561,-0.36084315,1.0802759,0.06195943,0.2327703,-0.009989537,0.72857225,0.65262693,-0.7636376,-2.052973,-1.8741558,-1.5378081,-0.9199807,-3.8973584,0.6142518,-0.111150876,0.96104306,-1.0129226,2.0587833,1.3678617,-1.533,0.79305565,0.39508498,-1.6263695,0.71231747,4.1659007,-0.7559456,0.8370135
0,/data_nas/huangyj/data/placePulse/rawData/googleviews-110802files/5141382bfdc9f0492600516c.jpg,-0.82939273,-1.5323422,0.8824867,-0.1529122,1.3832648,-1.8339825,-2.002347,-1.311284,-4.432852,-1.8351555,0.9875494,1.9789423,-1.6040707,-0.7761529,1.5876015,2.2887638,-0.2446695,3.4344282,-1.8794937,-0.94647855,-1.3405213,2.105746,0.3667669,-3.1182234,0.014311895,-0.48862776,1.5466601,-1.192201,-1.4126345,1.8710341,-2.2289915,0.8590879,-4.1406274,-2.0020983,-2.4143188,-4.1115456,-0.5687841,0.8804844,-1.0973694,-0.1290435,0.104763485,-0.66655546,-1.8363181,-1.598157,1.4864768,-1.3875103,1.8365054,4.469973,-3.5476487,-1.070599
1,/data_nas/huangyj/data/placePulse/rawData/googleviews-110802files/513e1a3dfdc9f03587009160.jpg,0.0013866425,0.20107616,0.50056255,0.8091027,-0.013658486,0.31492755,0.43790543,-0.07707209,0.23330048,0.71382403,0.017464984,-0.14041553,-0.9133258,2.3198571,-0.2402055,-0.26496527,-0.58026916,0.75379324,0.2913463,-0.08873907,0.13096358,-0.86786157,-0.90111804,0.42450505,0.62663335,2.727205,-0.6647106,0.7506833,-0.44562006,-1.0982758,0.13716196,-3.7298574,0.719009,0.6272354,0.3760954,-0.2548694,2.0062745,0.25769567,-0.8421108,-0.32853356,3.2379715,0.43837693,2.1448734,2.216706,-1.4482958,0.11156075,-0.1915385,-0.519,-0.8950266,0.36823243
0,/data_nas/huangyj/data/placePulse/rawData/googleviews-110802files/51414bbffdc9f0492600716b.jpg,-1.6489553,-2.4290013,2.9927745,0.38996705,1.1832447,-0.5805376,-0.20878033,-1.1787671,-3.1425407,0.53953797,2.2487433,0.106046915,-3.2177374,1.2363938,1.8075236,-0.113577306,-2.0062473,1.1798264,0.098318435,-1.7503597,-1.2855227,0.144387,-0.63142234,-1.3572754,-1.5581081,1.8329618,0.08344641,0.6344378,-2.1229556,0.19439626,0.520653,-2.5193653,-1.8700421,1.1700972,-0.87022895,-3.3854177,0.8270408,-0.6385581,-2.0953171,-1.4672126,2.7527478,-1.9896132,-0.4237445,1.2777802,0.28805774,-1.3163803,-0.24238504,2.668331,-1.6409168,-2.4779632
0,/data_nas/huangyj/data/placePulse/rawData/googleviews-110802files/50f5642ffdc9f065f000613d.jpg,-1.1471165,-2.319295,1.7046943,0.24387917,3.1335402,-1.3183267,-1.2861589,-1.4041077,-5.6261616,-0.91849834,1.745434,1.1366931,-2.057168,-0.43252158,1.9527509,1.4854615,-0.6584653,2.5653372,-1.0144297,-1.2170821,-1.3624455,1.6021651,-0.27007714,-5.02811,-0.73794025,-0.18540531,0.9538053,-0.48872006,-1.8000658,1.5874765,-1.4986848,1.7807913,-6.0745716,-0.7528367,-2.2561498,-5.3929787,-0.27371582,-0.035937898,-2.5550997,-0.91221493,-0.6037572,-1.4132895,-2.3892813,-2.310803,1.5823488,-2.3742256,0.9342102,5.7764893,-2.78687,-2.1574316
0,/data_nas/huangyj/data/placePulse/rawData/googleviews-110802files/51408fa9fdc9f04926000131.jpg,-1.710535,-2.7476404,3.3207529,-0.72099483,0.37798563,-1.4842298,-1.5016268,-0.7879284,-3.008165,-0.1338247,2.2223217,0.7515758,-3.5931225,-0.18506362,2.6505325,-0.37445506,-1.7959808,0.7052038,-0.8903905,-1.5270207,-1.8462214,0.97527355,0.9664604,-0.795088,-2.3150802,0.15517548,1.5580083,0.29050073,-2.0770593,0.83013034,1.6317722,-2.2784348,-1.5368909,0.8412306,-0.7342309,-3.075927,-0.74928087,-1.429789,-1.407892,-2.2358983,2.5731945,-2.4339612,-1.2844368,1.3561221,1.4676975,-1.3330457,-0.33815402,2.3022556,-1.7142174,-2.6949456
0,/data_nas/huangyj/data/placePulse/rawData/googleviews-110802files/51409c01fdc9f0492600113c.jpg,0.7108231,-0.99841464,-0.7753119,0.08860603,2.064588,-1.271066,-1.982508,-0.108986214,-5.574337,-1.976881,-0.42460635,1.8869843,0.23380995,-1.8985898,1.5114734,1.9970134,1.7203109,2.3453345,-1.6804285,0.50475204,-0.5442747,2.0820627,0.1285127,-4.7627063,0.61289835,-2.0832245,1.6509498,-1.3836174,-0.095650606,2.1994557,-2.3878424,3.5301464,-6.2508764,-2.720223,-2.4443402,-4.7913947,-1.1069235,0.40094274,-0.6460321,-0.33584267,-2.3434358,0.4136887,-3.3273203,-3.6323705,2.1289039,-2.176416,1.6123033,6.048447,-2.2955797,-0.30642784
1,/data_nas/huangyj/data/placePulse/rawData/googleviews-110802files/514218b0fdc9f04926008176.jpg,0.39303145,0.4027992,-1.1692789,-0.5280214,1.8067293,-1.8113949,-2.4280748,-0.45213252,-2.3511674,-2.3844974,-0.59900236,2.2222626,0.4245965,-1.120578,0.30639052,2.4440181,1.2913164,3.22451,-2.606044,0.73308486,-0.57971305,2.0428987,1.2623136,-3.9469826,1.4534818,-1.2956307,1.950307,-1.563275,-0.12960087,1.3800062,-2.429315,2.6515584,-4.405303,-2.8060489,-1.626785,-1.9772902,-0.7486249,1.1438798,-0.7326097,0.4418183,-1.727144,1.0254604,-0.7547094,-2.918347,1.1016632,-0.768555,1.881261,2.719349,-3.4198425,0.9419639
0,/data_nas/huangyj/data/placePulse/rawData/googleviews-110802files/51392a24818ede1296001176.jpg,0.836148,-0.59308845,0.011670532,0.20596446,-1.5957522,0.055264577,-0.55074644,0.82889265,-0.6951919,-0.17631604,-0.61752564,0.7095175,-0.39320198,0.20504649,1.002483,-0.38188708,0.5730696,-0.13321257,-0.15716773,0.48805797,0.035817426,-0.24426907,-0.29201502,1.5911243,-0.07673231,0.49993256,0.54856724,-0.123664364,0.18687223,0.0672254,0.33029738,-2.4123688,0.8934568,-0.62936914,-0.23914447,-0.47178188,0.41973642,-0.06043747,1.1988791,-0.5679628,1.9231563,0.4385943,-0.18050022,1.305882,0.12187906,0.07937551,-0.021100562,0.45950192,-0.06259147,0.03575464
1,/data_nas/huangyj/data/placePulse/rawData/googleviews-110802files/50f448acfdc9f065f0004173.jpg,0.72050405,-0.5119114,0.52955866,0.72547203,0.15604329,0.35275912,0.04386104,0.8694463,-2.2056618,0.8765863,-0.5080795,-0.23018584,-0.70244884,1.1725389,0.89297944,-1.1889716,0.53664184,-0.5781203,0.42271915,0.6258592,0.10716322,-0.6299336,-0.70614517,-0.67285377,-0.05417227,1.1913364,-0.0688607,1.0742351,0.01360665,-0.5672973,1.4021906,-2.9493415,-1.2815766,0.74319005,0.38900122,-2.4594378,1.0371343,-1.2975905,-0.6572068,-1.9213502,2.6628585,0.26921424,0.06385388,1.6760877,-0.19516328,-1.4275813,-0.8490704,1.9608797,0.008533746,-0.11247701
0,/data_nas/huangyj/data/placePulse/rawData/googleviews-110802files/50f43b78fdc9f065f0003177.jpg,-1.2688792,-2.156412,2.170873,-0.38771254,0.12711892,-1.3685076,-1.4768777,-1.0071611,-2.519085,-0.8319926,1.6701878,1.3048126,-2.6519392,-0.104857676,1.9912914,0.73846567,-1.3190229,1.785137,-1.1226414,-1.3345064,-1.472747,1.0679497,0.46800488,-0.5809016,-1.2739586,0.40656242,1.3189181,-0.46667668,-1.7359425,1.0129225,-0.1890403,-1.5014111,-1.3101467,-0.429446,-1.3739665,-2.3971722,-0.29447812,0.0082930755,-0.71749896,-0.8396172,1.8021916,-1.5304393,-0.92817694,0.48020393,1.0533977,-0.6195812,0.60042995,2.1092064,-2.2550817,-1.8916118
0,/data_nas/huangyj/data/placePulse/rawData/googleviews-110802files/50f448acfdc9f065f0004177.jpg,-0.069067456,-1.6039786,1.4144142,0.13720289,2.1494918,-0.044682108,-0.4218864,0.3134887,-0.37414706,0.39221853,1.1204084,0.1524002,-1.2498494,0.3926004,1.4229755,-1.1016219,-0.41672146,-0.81955546,0.06809058,0.073311344,-0.4648684,-0.41093478,-0.04598438,-2.3718522,-1.2389686,0.47121495,0.6570323,0.38128158,-0.669296,-0.24961537,1.2289299,0.7716924,-2.3919663,1.0376239,-0.02525322,-0.2703825,0.2699014,-1.0096267,-1.6403017,-1.0842867,-0.79085183,-0.7972548,-0.10217835,-1.2458032,0.54197264,-0.4961071,-1.207998,0.40355694,0.17520502,-1.5358039
0,/data_nas/huangyj/data/placePulse/rawData/googleviews-110802files/50f5e76afdc9f065f0007172.jpg,-1.087323,-3.5322447,2.980311,-0.34793213,0.22763807,-1.1595639,-1.4400723,-0.38328674,-5.094534,-0.32221127,1.9204804,0.90932316,-3.1296656,-1.1041346,3.410778,-0.35163668,-0.95529157,0.26708254,-0.50983465,-1.2925597,-1.6947806,1.1165816,0.28417286,-1.2686336,-2.6040802,-0.7918963,1.5751557,-0.008871483,-1.7326908,1.59512,1.1583717,-0.8950948,-2.9077969,0.23942731,-1.5181392,-4.700107,-1.1537576,-1.5656086,-0.728874,-2.3780067,1.3905187,-2.4131947,-3.2915623,0.17017898,2.3113086,-2.0534294,-0.22455178,4.610484,-1.0317705,-3.2056224
0,/data_nas/huangyj/data/placePulse/rawData/googleviews-110802files/50f5e76bfdc9f065f000717e.jpg,-0.66529757,-3.1302493,2.323913,0.1554647,-0.37459293,-0.9465143,-1.1804123,-0.2850209,-6.5448546,-0.33684215,1.1380082,0.883039,-2.6557543,-0.91767097,3.1758995,0.08969723,-0.3340936,0.80789316,-0.33779648,-1.1105103,-1.3551742,1.1949973,-0.3961565,-0.9839009,-1.8502647,-0.6057876,1.121077,0.05182285,-1.4017053,1.7579479,0.489794,-1.7991177,-3.0597928,-0.3329996,-1.8055664,-6.172076,-0.7809869,-1.3275751,-0.28931198,-2.4157166,2.3384256,-1.8204482,-3.658991,0.8329064,2.0954976,-2.6270463,0.3255334,6.090814,-1.3295513,-2.5958364
0,/data_nas/huangyj/data/placePulse/rawData/googleviews-110802files/513d786bfdc9f03587006170.jpg,-0.70730776,-1.941229,1.9366385,-0.6046517,0.29714656,-1.7504122,-2.0951717,-0.26553485,-4.63245,-0.82711494,0.80774075,1.2788275,-2.402099,-0.8066231,2.4690435,0.26565722,-0.19457439,1.336224,-1.5195836,-0.4909214,-1.528384,1.5848721,1.1526436,-1.8556178,-1.1865877,-0.8298534,1.9575433,0.0004357379,-1.2803762,1.3163046,0.90278906,-1.541283,-3.1655195,-0.41401932,-1.054399,-4.5693913,-1.06612,-1.3381697,-0.90840054,-2.4053504,2.117345,-1.2874159,-2.0822268,0.6508693,1.8536413,-2.1712716,0.34581506,4.1732764,-2.402994,-1.4812738
0,/data_nas/huangyj/data/placePulse/rawData/googleviews-110802files/5141380ffdc9f0492600512e.jpg,1.0841067,-0.21368009,-1.2637482,0.5067813,0.5147716,-0.64496064,-1.2616774,0.14405313,-3.426045,-1.5480725,-0.9296311,1.629283,0.57081836,-0.7694224,0.69708186,1.7689582,1.5745813,2.1720924,-1.1490955,0.62910753,-0.0076605715,1.2082201,-0.4686407,-2.230824,1.2438054,-0.68691975,0.91620404,-1.2170626,0.29544258,1.3766385,-2.5405629,1.2463871,-3.296626,-2.6179805,-1.8977019,-2.8651369,-0.023206038,1.1496934,0.32477716,0.46787927,-0.7144157,1.1637403,-1.6495715,-1.9365529,0.8928247,-0.90840507,1.5886822,3.7806084,-1.8200089,0.57505316
0,/data_nas/huangyj/data/placePulse/rawData/googleviews-110802files/513f333cfdc9f0358700e129.jpg,-0.16877599,-2.1062548,0.53204346,0.54835767,1.5877323,-0.86140937,-1.1840248,-0.8105423,-5.6668215,-1.3532671,0.74211985,1.5005312,-0.9956269,-1.0145814,1.8959013,1.8027825,0.35024104,2.3795972,-0.8221042,-0.70730805,-0.7987652,1.5100913,-0.86578476,-3.4097674,-0.2463137,-0.68144745,0.8663195,-1.0915875,-0.97351843,1.9763706,-2.3906906,1.9232637,-4.9686856,-1.9148943,-2.721512,-5.0026774,-0.3339569,0.65190876,-0.77830154,-0.19043934,-0.9823731,-0.5878011,-3.1069362,-2.4818766,1.6809267,-1.8801472,1.4326835,5.941222,-2.116078,-1.5697949
1,/data_nas/huangyj/data/placePulse/rawData/googleviews-110802files/513f3339fdc9f0358700e128.jpg,1.4188958,-1.0188098,-0.119424075,1.4053327,-0.7986304,1.1250895,0.6340413,1.2103522,-2.4995606,0.7511535,-0.7909388,-0.12391476,-0.019935258,0.7223357,1.1217939,-0.95218235,1.0382555,-0.9297517,1.1872522,0.64505035,0.6191647,-0.97178566,-1.9829013,0.528379,-0.06305692,1.0100182,-0.5747306,0.5102421,0.50742525,-0.08269647,0.20747118,-2.0806885,-0.61813146,-0.0672546,-0.4249804,-2.2182574,1.2349674,-0.4585766,0.7354744,-0.89287364,1.6149584,0.60120225,-1.0766436,0.8673722,-0.04910191,-0.90784264,-0.5107565,2.4874551,1.0633502,-0.34735072
1,/data_nas/huangyj/data/placePulse/rawData/googleviews-110802files/513cdf61fdc9f03587002125.jpg,2.0540257,0.42856735,-2.369299,0.47674817,0.41059196,-0.40555093,-1.3644153,0.9426653,-3.1003168,-1.7036012,-2.0141618,1.655386,1.8020519,-1.1630924,0.42825156,1.5103499,2.788438,1.5234028,-1.2256454,1.7341447,0.48503014,1.0291123,-0.2623768,-2.5209565,1.7613999,-1.3923376,1.0553596,-1.2563926,1.1645677,1.2269529,-2.3048706,2.27937,-3.6903725,-2.9621718,-1.5291083,-2.3828702,-0.21623914,0.9125855,0.89760965,0.3591072,-1.7944926,2.0309806,-1.8040258,-2.655892,0.9497351,-0.9845866,1.3905506,3.6619453,-1.2935812,1.4063897
1,/data_nas/huangyj/data/placePulse/rawData/googleviews-110802files/50f607cabeb2fed6f80001ed.jpg,0.6179202,-1.8512157,0.87617505,1.3221295,1.1308028,1.1858215,0.84834033,0.6410838,-1.5987116,1.0122131,0.58211833,-0.37293142,-0.67155063,0.90677387,1.3529505,-1.2249765,0.011747833,-1.2538458,1.4276164,0.029068343,0.2850764,-1.2207205,-1.9988551,-1.055607,-0.9207228,1.2886101,-0.6494751,0.5510666,-0.21653438,-0.30107155,0.40814286,-0.1734906,-1.6794267,0.86257017,-0.46164203,-1.2998166,1.2770241,-0.5320198,-0.67232376,-0.6547254,-0.12430276,-0.35469297,-0.77663565,-0.6710065,0.030419752,-0.63334066,-1.1120495,1.7425593,1.3089217,-1.5737517
0,/data_nas/huangyj/data/placePulse/rawData/googleviews-110802files/513ce357fdc9f035870021e3.jpg,-0.5420523,-2.0466907,1.7771467,0.0035216343,-0.74040616,-0.8855046,-1.0925673,-0.30542803,-3.586703,-0.3823144,0.8472258,0.96577305,-2.2090323,0.009315453,2.093271,0.12738872,-0.5403801,1.0213505,-0.58422834,-0.77508867,-1.1211088,0.65431356,-0.005385669,-0.003112021,-1.1052216,0.39058733,0.96875525,-0.044590153,-1.2099004,0.84407717,0.32397172,-2.49207,-1.2411474,-0.25961268,-1.106895,-3.457084,-0.08364582,-0.5384494,-0.10379615,-1.5158207,2.6296513,-1.0887061,-1.4181957,1.2795253,0.9894262,-1.2072821,0.25159144,3.1363819,-1.5119073,-1.5545895
0,/data_nas/huangyj/data/placePulse/rawData/googleviews-110802files/513e6cc3fdc9f0358700c1e1.jpg,-1.3825982,-2.324994,2.1663022,-0.53920835,2.4908798,-1.9956363,-2.1167178,-1.2213962,-5.237666,-1.1686727,1.7648617,1.4223398,-2.5700085,-0.9257002,2.352208,1.1651998,-0.7505728,2.3546152,-1.7288256,-1.1060843,-1.8010974,2.0159435,0.9602821,-4.4199643,-1.2032665,-0.85730934,1.8703805,-0.4231138,-1.9159082,1.6766944,-0.3638038,1.0156093,-5.478838,-0.6070882,-1.8218888,-5.087317,-1.067062,-0.73146164,-2.3338232,-1.6992049,0.118159674,-1.7437971,-2.362547,-1.5191463,2.0555675,-2.3863606,0.74589735,5.099818,-3.1416368,-2.1521494
1,/data_nas/huangyj/data/placePulse/rawData/googleviews-110802files/50f5608dfdc9f065f00051e5.jpg,1.8937156,-1.0870774,-0.92216593,0.5476856,-0.71519566,-0.108884044,-1.133558,1.4991083,-5.1618686,-0.8022907,-1.5968941,1.1082082,0.54717934,-1.5821407,1.9602127,0.060414482,2.495466,-0.12962802,-0.3764768,1.3162967,0.18248792,0.7511173,-0.599158,-1.2164571,0.10893125,-1.7617636,1.1130548,-0.46747223,0.8847701,1.5222473,-0.3230574,0.33503675,-3.2878597,-1.8781898,-1.364597,-4.3714705,-0.7288962,-0.7956309,1.3423773,-1.4905089,-0.06815682,0.82866395,-3.53819,-0.9105553,1.8171828,-2.0963962,0.4606346,5.318818,-0.016118698,-0.046629407
1,/data_nas/huangyj/data/placePulse/rawData/googleviews-110802files/513e2026fdc9f0358700a111.jpg,-1.4066981,-2.544295,2.8756528,-0.3327457,0.07137596,-1.3770639,-1.363607,-0.7795534,-4.454759,-0.19595055,1.6724262,0.7921092,-3.2711039,-0.052996837,2.569351,0.016841024,-1.2957218,1.2221351,-0.8097591,-1.3866984,-1.6569464,1.1066319,0.47117713,-0.8922012,-1.7619413,0.27585012,1.2568586,0.34567797,-1.8857517,1.0234553,1.0666742,-2.8205502,-2.0565593,0.37359145,-1.0502244,-4.5463324,-0.46735463,-1.2797155,-1.1837597,-2.3469434,3.2177238,-2.0209496,-1.7180212,1.6798725,1.3848064,-1.953735,0.12517819,3.813334,-2.0829914,-2.3108318
1,/data_nas/huangyj/data/placePulse/rawData/googleviews-110802files/51413806fdc9f04926005119.jpg,1.7963568,-1.5807499,-0.5364574,0.82199335,0.20453689,0.20660423,-0.7358133,1.4515189,-5.723437,-0.36878708,-1.189181,0.7016507,0.43061426,-1.3612754,2.1701589,-0.34363112,2.3444085,-0.5938975,0.09867778,1.2366517,0.17919822,0.45188364,-1.0028815,-2.2337892,-0.27416408,-1.5760055,0.776065,-0.10985419,0.70643044,1.3503655,-0.017442316,1.0307977,-4.3563943,-1.2313911,-1.3397335,-4.952242,-0.51324004,-1.2039294,0.61669785,-1.8125633,-0.655927,0.47660127,-3.8271172,-1.5141492,1.8529779,-2.57466,-0.036943126,5.966615,0.3778963,-0.6683532
0,/data_nas/huangyj/data/placePulse/rawData/googleviews-110802files/51414b98fdc9f04926007110.jpg,-0.27798074,-1.0661747,1.031618,-0.16925023,-1.0380307,-1.3549985,-1.5935352,-0.24154991,-3.9370155,-0.8408716,0.047631275,1.309396,-1.7761903,-0.11465676,1.6441022,0.7720685,0.052379966,1.9022347,-1.285008,-0.39331338,-1.0171402,1.2629327,0.46513566,-0.106929965,-0.16666053,0.07708804,1.2886031,-0.1613425,-0.85843986,1.0594537,-0.090738446,-3.1341898,-1.3204029,-1.0388064,-1.0909492,-3.9528253,-0.25002575,-0.33869407,0.07395875,-1.5223246,3.389635,-0.37719032,-1.1985933,1.7993679,0.9441149,-1.4715692,0.9662215,3.4618735,-2.4494476,-0.44175634
0,/data_nas/huangyj/data/placePulse/rawData/googleviews-110802files/513e6caafdc9f0358700c1c5.jpg,-1.0408157,-1.8436022,1.7032546,-0.4412019,-0.1674287,-1.8346891,-1.9617419,-0.9903159,-4.3769636,-1.281995,1.0268656,1.6726397,-2.4194787,-0.57120556,2.0690708,1.3449941,-0.6464404,2.5639277,-1.6329116,-1.1230123,-1.5528184,1.781612,0.6864307,-1.1243111,-0.7265971,-0.23295721,1.6309748,-0.6166751,-1.5782022,1.5833669,-0.66475314,-1.7370676,-2.3455524,-1.213564,-1.7526789,-4.2586327,-0.68204355,-0.018372625,-0.5053554,-1.1956114,2.3368998,-1.1684886,-1.7407287,0.6645236,1.4675096,-1.4635652,1.2675984,3.9632728,-3.0690923,-1.3607794
1,/data_nas/huangyj/data/placePulse/rawData/googleviews-110802files/513d9dc9fdc9f035870081c0.jpg,1.5796083,-0.43344086,-0.75520664,0.1818883,-1.850108,-0.61213714,-1.4847758,1.3416511,-4.4799814,-0.87149465,-1.8485426,1.2539203,0.1377188,-1.0365566,1.6351334,0.19481316,2.1927323,0.5091442,-0.9142027,1.219664,-0.042815175,0.9238349,0.06980745,0.1713032,0.4707626,-1.2311496,1.3188537,-0.24436504,0.7101523,1.1849418,0.10996602,-2.0536323,-1.6898689,-1.8266565,-0.8597348,-4.0562797,-0.58194304,-0.78802496,1.6152992,-1.7763045,2.1204715,0.97815394,-2.3888125,1.0466696,1.3392732,-1.839092,0.7080833,4.2882257,-0.97748905,0.6509645
1,/data_nas/huangyj/data/placePulse/rawData/googleviews-110802files/51414151fdc9f04926006191.jpg,0.010526685,-1.5275493,1.0620676,-0.48604226,0.5769795,-0.5582646,-1.210847,0.37805417,0.49162567,-0.5242862,0.8824466,0.9672366,-1.1399906,-0.5246512,1.5954399,-0.5460799,-0.27860573,-0.46957144,-0.6763723,0.08213922,-0.65615463,0.17463483,0.7071955,-0.61801124,-1.2494575,-0.35258994,1.4737258,-0.45385492,-0.46731576,0.32229632,0.82956487,0.6626649,-0.7626763,-0.029096624,-0.3564339,0.8531165,-0.51987416,-0.423353,-0.20083275,-0.48395348,-0.8003143,-0.6808998,-0.35966563,-1.0866153,0.9728977,0.41525894,-0.5630408,-0.5934705,-0.09627668,-1.2562793
0,/data_nas/huangyj/data/placePulse/rawData/googleviews-110802files/50f5eb47fdc9f065f0008199.jpg,-1.1508242,-1.5421591,2.2143826,-0.22054277,0.3019592,-1.3880316,-1.303921,-0.77201384,-3.955855,-0.19704376,1.087536,0.7269083,-2.7227526,0.6358975,1.7389272,0.26899758,-0.9652384,1.791134,-1.0511693,-0.9423434,-1.3840829,0.9721,0.57279605,-1.3274603,-0.8199069,0.8381819,0.9968766,0.50625736,-1.6448452,0.48819366,0.78437227,-3.271325,-2.154058,0.25599656,-0.6423587,-4.293945,0.10865054,-1.0087703,-1.479361,-2.1899252,3.6500998,-1.2446306,-0.5968119,1.9533755,0.6738033,-1.8943546,0.2591787,3.3649547,-2.7041373,-1.2757502
0,/data_nas/huangyj/data/placePulse/rawData/googleviews-110802files/513ce195fdc9f03587002199.jpg,-0.8582868,-1.4751575,1.2334809,-0.26026234,4.6906815,-1.6251911,-1.7943068,-1.0130323,-4.2625246,-1.0339664,1.4166992,1.0931594,-1.4265934,-0.57334,1.4914865,1.1305528,-0.1443295,2.1932197,-1.6397612,-0.3155488,-1.2700222,1.6592147,0.8306489,-6.9780207,-0.40413344,-0.79315805,1.540618,-0.33476248,-1.4316297,1.0898215,-0.7294521,3.515647,-7.400659,-0.4435462,-1.4343833,-4.1482687,-0.6092437,-0.6006734,-3.5219781,-1.2315755,-2.1896775,-0.96759284,-1.5617421,-3.5771513,1.6018978,-2.3814273,0.37858152,4.574361,-2.9318702,-1.4557307
0,/data_nas/huangyj/data/placePulse/rawData/googleviews-110802files/51408fd8fdc9f04926000190.jpg,-1.5704085,-2.0768468,2.3480384,0.045793988,0.9317144,-1.3489742,-1.1176378,-1.4552127,-3.6698072,-0.54712206,1.8337871,1.0378379,-2.864483,0.47642162,1.7568016,1.0529091,-1.5222557,2.4428082,-0.91287094,-1.6540323,-1.5116229,1.123085,-0.04558021,-1.6685673,-0.92234486,0.99361736,0.7879527,-0.14624709,-2.0503473,0.97173315,-0.6393517,-1.7653524,-2.4022126,-0.18049936,-1.564885,-3.7668734,0.19210663,0.09749273,-1.6203921,-0.9179904,2.2813735,-1.5905137,-0.8380954,0.6000024,0.7772861,-1.2891699,0.81967586,3.3166945,-2.8103755,-1.9131398
0,/data_nas/huangyj/data/placePulse/rawData/googleviews-110802files/51414bcffdc9f04926007194.jpg,-0.3715006,-1.4945881,1.737696,-0.28948244,-0.30000007,-0.6210182,-0.9292831,0.22780487,-1.3398693,0.1375125,0.7659481,0.49544466,-2.0024428,0.26046824,1.7161788,-0.86287206,-0.6167767,-0.18242593,-0.42146215,-0.29588196,-0.8460284,0.079428524,0.49281573,0.10646605,-1.258928,0.48553148,1.0247883,0.377225,-0.8735823,0.08880882,1.5945634,-2.4575849,-0.39660743,0.5875968,-0.025879074,-1.3770305,-0.053630076,-1.1086559,-0.43055797,-1.6956782,2.2806451,-0.9510945,-0.296383,1.4485433,0.6280269,-0.60628396,-0.6113502,0.84821,-0.62005275,-1.2180176
1,/data_nas/huangyj/data/placePulse/rawData/googleviews-110802files/513d7893fdc9f035870061f2.jpg,1.5559397,0.32451335,-1.0185094,0.65922695,-1.718369,0.058136962,-0.5388568,1.1758678,-2.0070958,-0.29171443,-1.724084,0.73238856,0.39321274,0.3067644,0.5257378,0.057454504,1.6273609,0.43286687,-0.3040623,1.1301113,0.4400528,0.033404954,-0.5852325,0.97424287,1.0459136,0.34403166,0.3788018,0.00027660467,0.81337947,0.2202097,-0.2487679,-2.8556273,0.0021738634,-1.2834144,-0.33358887,-1.8688779,0.62722677,-0.011338649,1.3259419,-0.7339689,2.5051248,1.440224,-0.40985832,1.5524154,-0.0026831105,-0.65165746,0.4967721,1.8732209,-0.51959527,1.1747205
1,/data_nas/huangyj/data/placePulse/rawData/googleviews-110802files/513d6dd8fdc9f035870051fe.jpg,-0.24083693,-2.3802304,1.5847842,-0.25364912,0.49273878,-1.3009771,-1.7806466,0.0055063684,-6.015454,-0.7736802,0.5762763,1.1806108,-1.9504762,-1.2162868,2.8070176,0.21667884,0.36170596,0.93898433,-1.0687655,-0.32444927,-1.2643827,1.4691879,0.46566933,-2.396206,-1.3014342,-1.2382019,1.694269,-0.110461205,-0.9910632,1.6609782,0.5528963,-0.49277273,-4.2001843,-0.6890224,-1.4950035,-5.660461,-1.1068592,-1.4394875,-0.63123876,-2.4799926,1.2014865,-1.197293,-3.3005042,-0.2223883,2.2135673,-2.696167,0.32395184,5.747881,-1.7446867,-1.8031218
0,/data_nas/huangyj/data/placePulse/rawData/googleviews-110802files/51421928fdc9f049260081f5.jpg,0.20125847,0.22300988,0.42592147,0.7756876,-1.230327,0.2605974,0.32661906,0.15186307,-0.80549383,0.71877575,-0.51504743,-0.096970476,-0.9447549,2.2071366,0.0068258056,-0.34826237,-0.23233853,0.7514309,0.2509066,0.036129534,0.12341446,-0.7655229,-0.88317144,1.4681479,0.6784619,2.5945976,-0.63876885,0.9099325,-0.31295493,-0.9302256,0.4641659,-5.183242,1.3036075,0.4095108,0.40159315,-1.3120011,1.9077114,-0.036407392,-0.112874374,-0.9065029,4.615598,0.5595868,1.6709337,3.4405935,-1.3370249,-0.34299192,-0.03357378,0.34854308,-0.99653614,0.5921308
0,/data_nas/huangyj/data/placePulse/rawData/googleviews-110802files/50f5eb4cfdc9f065f00081f0.jpg,-2.0041368,-2.582746,3.2234926,-0.3869402,0.15725344,-1.6206079,-1.3778961,-1.4377557,-3.986133,-0.35904264,2.2195556,0.9336491,-3.6876318,0.28996822,2.3528159,0.55140054,-1.9892015,2.040337,-0.9836253,-1.9592825,-1.9085926,1.2284901,0.48254183,-0.7288594,-1.7281336,0.81157357,1.1486531,0.15386938,-2.4062512,0.9833489,0.48069707,-3.0135844,-1.6545645,0.33190346,-1.2644464,-4.1671157,-0.21969447,-0.66799897,-1.4517584,-1.7986042,3.454656,-2.28052,-1.129005,1.780103,1.0916295,-1.5283003,0.44741067,3.2955909,-2.7708025,-2.4728339
1,/data_nas/huangyj/data/placePulse/rawData/googleviews-110802files/50f6011ebeb2fed6f8000187.jpg,0.8438359,-1.5059551,0.10252765,-0.6236125,-0.087856084,-1.1434422,-2.2047768,0.90475607,-3.2224894,-1.4600871,-0.36785156,1.6871204,-0.43140662,-2.1590197,2.3159256,0.1917787,1.3986635,0.15368307,-1.431565,0.76970327,-0.68289465,1.392232,1.0453676,-1.5452572,-0.78333956,-2.3404703,2.3332322,-0.9403201,0.12560439,1.6417996,0.23802155,1.396321,-2.9748335,-1.6723131,-1.2176663,-2.4715357,-1.7001891,-0.8342844,0.7450692,-1.3154372,-1.0008605,-0.13216637,-2.9037898,-1.6505696,2.3394876,-1.196555,0.3083514,3.2018087,-0.7599735,-0.73487395
1,/data_nas/huangyj/data/placePulse/rawData/googleviews-110802files/50f448adfdc9f065f000418e.jpg,1.7749238,0.7428436,-1.6910392,0.09639621,1.0820237,-0.57125413,-1.4532473,1.1745863,-2.171971,-1.0125737,-1.8206406,1.1477927,1.2588257,-0.5131847,0.3269657,0.45348486,2.4100585,0.771292,-1.2909951,1.9722426,0.28788638,0.68328315,0.5416247,-3.052861,1.4528522,-0.98925877,1.2451893,-0.37472084,0.9757682,0.3994582,-0.532605,1.2062461,-3.7145107,-1.6318519,-0.3571835,-1.9264971,-0.11935411,-0.22382468,-0.16602466,-0.75666875,-0.8572126,1.7670039,-0.6510414,-1.6988658,0.65091145,-1.2582607,0.43018955,2.515336,-1.2588198,1.4994403
0,/data_nas/huangyj/data/placePulse/rawData/googleviews-110802files/513cbe5dfdc9f0358700118b.jpg,0.0745262,-1.7229469,0.4245598,-0.6477062,2.2413244,-1.7895207,-2.5478032,-0.12198804,-5.361249,-1.8644929,0.34459972,1.8680427,-0.7920898,-2.318356,2.2841103,1.2516353,1.0762218,1.6600897,-2.0154495,0.24060649,-1.1621501,2.2424676,1.1867757,-4.8805017,-0.59264696,-2.6047902,2.418101,-1.1182853,-0.6191129,2.1832857,-0.8116982,3.3966894,-6.3462453,-1.8882995,-1.9918025,-4.658907,-1.8831877,-0.67170984,-1.0942479,-1.3758138,-2.1822557,-0.6002655,-3.5455017,-3.3220155,2.7437696,-2.3645508,0.9075717,5.5694385,-2.253628,-1.1947107
0,/data_nas/huangyj/data/placePulse/rawData/googleviews-110802files/513ce139fdc9f03587002184.jpg,-1.4899573,-1.8051084,2.284846,-0.23627461,0.4398594,-1.4203025,-1.2845975,-1.2626942,-3.029739,-0.5510824,1.6248676,1.0540663,-2.8359058,0.52890605,1.6675105,0.8160583,-1.4939091,2.22962,-1.1030868,-1.4403939,-1.4714339,1.0483718,0.37811834,-1.0153775,-0.9286953,1.009702,0.9910967,-0.06321912,-1.9227371,0.7229957,-0.122111425,-2.4659717,-1.6296602,-0.11812676,-1.1545486,-3.220627,0.13897748,-0.11717431,-1.342353,-1.1615342,2.82637,-1.4634514,-0.4070505,1.2217332,0.63395727,-1.0839001,0.6664675,2.549468,-2.7934546,-1.6219231
1,/data_nas/huangyj/data/placePulse/rawData/googleviews-110802files/51421889fdc9f04926008153.jpg,1.8080049,0.015621008,-1.2608191,-0.10573417,-1.253095,-0.4465191,-1.5109115,1.5219139,-2.0656333,-1.0330617,-1.8065274,1.318284,0.77530545,-1.1064382,1.0891262,0.039655972,2.2310889,0.015624078,-1.0437475,1.6487697,0.1935136,0.6022417,0.49709547,-0.06419417,0.6004169,-1.3252785,1.4700645,-0.5683297,1.0335728,0.7853751,0.0690691,-0.4714804,-1.2389499,-1.8096352,-0.48108685,-1.5522299,-0.6180773,-0.40286687,1.5617785,-0.95823145,0.39860028,1.3120769,-1.458908,-0.19459498,1.0665647,-0.7539825,0.39102066,2.0675607,-0.3944843,0.94478875
0,/data_nas/huangyj/data/placePulse/rawData/googleviews-110802files/513d6d6ffdc9f03587005152.jpg,-0.5221553,-0.7570585,1.4037197,0.23703685,-1.1487442,-0.5691266,-0.49464864,-0.29950815,-1.8599617,0.18920894,0.36018002,0.44702184,-2.0002851,1.334327,0.95446086,-0.004826625,-0.7927048,1.2187996,-0.35988635,-0.65303975,-0.65745384,0.10742228,-0.20337364,1.1272439,-0.19961686,1.7566193,0.24499784,0.53994155,-0.9696692,-0.09350835,0.54276836,-4.7806783,0.64257526,0.20190777,-0.22853184,-2.2293406,0.93117326,-0.2713584,-0.2748535,-1.2553756,4.512882,-0.4217463,0.5877742,3.1462078,-0.3220953,-0.6584892,0.26374388,1.2481356,-1.677014,-0.403253
1,/data_nas/huangyj/data/placePulse/rawData/googleviews-110802files/513929ac818ede1296001159.jpg,0.734426,-0.4738922,-0.5059929,0.46832904,-1.5632355,-0.31197655,-0.7952766,0.16732869,-1.680369,-1.0265813,-0.64718646,1.363198,-0.18075533,-0.0019911928,0.7473333,1.0823873,0.68851006,1.5224901,-0.6445583,0.14186828,-0.028340388,0.45393434,-0.63817024,1.0895903,0.6242162,0.42917788,0.5388573,-0.87567794,0.06279251,0.77404326,-1.584071,-1.6851878,0.15626025,-1.88433,-1.3225085,-1.2998956,0.46469373,1.1406847,1.3765373,0.42889217,1.527676,0.7539352,-0.59763587,0.49719575,0.21331191,0.13886133,1.1965972,1.6175603,-1.2321378,0.29004845
0,/data_nas/huangyj/data/placePulse/rawData/googleviews-110802files/50f5eb44fdc9f065f0008155.jpg,-1.4366633,-2.3667214,2.447082,0.09272202,-0.07483218,-1.126145,-0.96646947,-1.2373173,-3.4732566,-0.4459988,1.7586732,1.0206258,-2.956614,0.4292913,2.020063,0.7760232,-1.5524032,2.0024853,-0.6435203,-1.7158269,-1.4367591,0.9086894,-0.2805952,-0.3157328,-1.223028,1.0624436,0.71507484,-0.14015588,-1.9471662,0.99074084,-0.3765549,-2.583475,-1.2371949,-0.17399941,-1.5569807,-3.4951937,0.20709573,0.046197608,-0.84996986,-0.969224,2.8600538,-1.6673448,-1.0279523,1.2858015,0.78622234,-1.0226976,0.7089775,3.026367,-2.311091,-2.0937636
0,/data_nas/huangyj/data/placePulse/rawData/googleviews-110802files/51408fbdfdc9f0492600015b.jpg,1.0134692,-0.9834386,-0.030191448,0.3138771,-0.16858226,0.02026709,-0.6944925,0.9498535,-1.495296,-0.30135357,-0.4309447,0.759165,-0.19509605,-0.34965834,1.333554,-0.4266933,0.93704236,-0.4136863,-0.1741302,0.70153713,0.00851335,-0.04045324,-0.32642087,-0.43896893,-0.31259727,-0.25292465,0.79054743,-0.23518735,0.26175514,0.43161544,0.21173587,-0.24777359,-1.2723737,-0.6381151,-0.5649715,-1.0719452,0.012353009,-0.35057595,0.5160822,-0.70135206,0.07698231,0.31628138,-1.0800873,-0.48457536,0.7590287,-0.45780402,-0.21588004,1.531837,0.17946142,-0.37152877
1,/data_nas/huangyj/data/placePulse/rawData/googleviews-110802files/51413314fdc9f049260041a7.jpg,-1.2223964,-2.9474783,2.5639012,-0.90730697,1.6479529,-1.402688,-1.8381622,-0.5841092,-1.5305505,-0.8643409,2.3252482,1.3078972,-2.6099226,-1.1959947,2.6734824,-0.106266454,-1.2766122,0.29610124,-1.1392428,-1.0287455,-1.6693796,1.059264,1.1610563,-2.2015374,-2.3893924,-0.90985096,2.075263,-0.65279025,-1.6734755,1.1796266,0.7714726,1.6510639,-2.7141192,0.13020985,-1.1922697,-1.0953594,-1.3220252,-0.7730586,-1.2842029,-1.0423329,-1.2181636,-2.1629884,-1.6959413,-1.8694272,2.025332,-0.47041866,-0.35099453,1.3514819,-1.0892147,-2.868759
0,/data_nas/huangyj/data/placePulse/rawData/googleviews-110802files/5140cfdefdc9f049260031a5.jpg,-0.001459565,-1.723285,1.0159883,-0.47292978,1.7134072,-1.5484989,-2.15697,0.13627781,-5.544826,-1.0430663,0.2709662,1.2969911,-1.3531035,-1.4898648,2.3857923,0.35726002,0.82339907,1.0348538,-1.5472094,0.24476856,-1.1533698,1.7218232,1.0490559,-4.0907416,-0.81679344,-1.7966363,2.0496864,-0.22707213,-0.7133517,1.5851741,0.4741258,1.0728106,-5.5542183,-0.88305223,-1.2668798,-5.2087774,-1.4032085,-1.5150368,-1.3016319,-2.3949852,-0.1400452,-0.7683674,-3.000073,-1.4305315,2.3156586,-2.799074,0.29397273,5.476905,-1.9790181,-1.2230898
0,/data_nas/huangyj/data/placePulse/rawData/googleviews-110802files/51408fe1fdc9f049260001a5.jpg,0.99081904,0.22434959,-1.2233335,0.5088155,0.5874713,-0.8583189,-1.3160237,0.062985614,-3.984725,-1.3780711,-1.2097806,1.5142223,0.42000404,-0.2501155,0.45403764,1.7667744,1.6330705,2.5700355,-1.342466,0.7431105,-0.06694375,1.2695848,-0.2848344,-2.5768602,1.6211519,-0.27542412,0.830027,-0.79217917,0.20701127,1.1194276,-2.2005959,0.07357104,-3.6114576,-2.3776367,-1.5760833,-3.7375126,0.25137818,0.84227,-0.12458093,-0.12523724,0.513353,1.335046,-1.1674702,-1.0092428,0.5847425,-1.4557356,1.6491754,4.232697,-2.493685,1.0246567
0,/data_nas/huangyj/data/placePulse/rawData/googleviews-110802files/514137fefdc9f04926005107.jpg,1.2721189,-0.45574778,-0.2314078,1.1619275,-1.2630421,0.7724978,0.3416787,1.0606422,-2.0607386,0.5465912,-0.99565685,0.062319674,-0.07475029,0.9275985,0.7601311,-0.650318,0.9592049,-0.36367485,0.7239253,0.6695693,0.5255378,-0.7655059,-1.498474,1.0427831,0.34367216,1.1821573,-0.39411843,0.48804486,0.45387226,-0.20811309,0.18326037,-3.034129,0.059642162,-0.23462434,-0.22076976,-1.933407,1.2582703,-0.27964535,0.81236684,-0.8835357,2.5324345,0.81177384,-0.38623157,1.6618385,-0.3096702,-0.725062,-0.21803083,1.9043095,0.39858043,0.1979973
0,/data_nas/huangyj/data/placePulse/rawData/googleviews-110802files/513d784ffdc9f0358700610e.jpg,-1.38845,-2.6419435,2.5712783,-0.887281,1.636325,-1.7906365,-2.0788383,-0.81650746,-3.3383458,-0.9494515,2.0004776,1.3141018,-2.8055615,-1.0305696,2.624237,0.27965558,-1.1036851,1.1498692,-1.4951384,-1.0676867,-1.8226335,1.4996872,1.3190504,-2.8307636,-1.966662,-0.8818438,2.0889392,-0.39273047,-1.8525485,1.3001643,0.7301497,0.64318246,-3.6558475,-0.04520893,-1.2391348,-3.0926569,-1.2867261,-1.0431398,-1.6603417,-1.736227,0.057463285,-2.0825775,-1.9121921,-1.0492244,2.042135,-1.4374993,0.021994457,3.0061407,-2.1345768,-2.504484
1,/data_nas/huangyj/data/placePulse/rawData/googleviews-110802files/513d784dfdc9f03587006104.jpg,0.53028893,-1.2521502,0.08971716,0.7196622,-0.9526798,-0.07154316,-0.4969104,0.103131294,-2.48223,-0.6527474,-0.07029495,1.0931804,-0.6204488,-0.06110505,1.2710445,0.74802953,0.38082725,1.0879867,-0.13766354,-0.21853058,-0.1495319,0.3212857,-1.1324378,0.5397522,0.016934805,0.43752286,0.36304185,-0.694792,-0.21286991,0.9259726,-1.4138705,-1.2195525,-0.57182276,-1.4279401,-1.568861,-2.0186682,0.4667089,0.8044604,0.92817104,0.17458238,1.1382691,0.1844988,-1.2791169,0.08017963,0.5123087,-0.26610214,0.85899544,2.467807,-0.73883414,-0.5733417
1,/data_nas/huangyj/data/placePulse/rawData/googleviews-110802files/513e6c18fdc9f0358700c104.jpg,-1.2360629,-2.367155,2.8236547,-0.40753523,-1.1642915,-1.2278773,-1.2907951,-0.46946323,-3.5061886,-0.07497317,1.3951523,0.74628526,-3.241461,0.055447787,2.486995,-0.3121315,-1.3027474,0.7883837,-0.68797684,-1.2745475,-1.5394832,0.7892665,0.5405279,0.81074506,-1.8246925,0.4519443,1.2386132,0.4031012,-1.6957144,0.77717984,1.4953759,-4.0325108,-0.33902442,0.47213048,-0.6947721,-3.5951269,-0.4027402,-1.2581302,-0.35152477,-2.3155897,4.078593,-1.884387,-1.2855624,2.7354078,1.1372066,-1.3843987,-0.04217675,2.6779716,-1.6882288,-2.0618875
0,/data_nas/huangyj/data/placePulse/rawData/googleviews-110802files/51413849fdc9f049260051b2.jpg,-1.629503,-2.5536196,2.566541,-0.33170012,2.1186025,-1.8521142,-1.794189,-1.3989556,-5.328047,-0.9004547,2.0307677,1.2233074,-2.9512079,-0.5401405,2.4134288,1.0873104,-1.1351488,2.409759,-1.3943084,-1.4557575,-1.8659188,1.8241241,0.6023916,-3.8017316,-1.3598282,-0.33008268,1.5378715,-0.2364037,-2.1582465,1.5620471,-0.3450463,0.20109454,-4.904349,-0.31334403,-1.8349876,-5.2544966,-0.7426645,-0.6604924,-2.3143413,-1.6878818,0.84237784,-1.9782012,-2.2367826,-0.8878458,1.819794,-2.3302824,0.6973769,5.078629,-3.121327,-2.4031649
0,/data_nas/huangyj/data/placePulse/rawData/googleviews-110802files/50f5eb49fdc9f065f00081b8.jpg,-1.115577,-2.4138424,2.2915373,-1.020219,1.005759,-1.9044434,-2.3098452,-0.54898804,-3.6356146,-1.088368,1.5331426,1.4665159,-2.619224,-1.2317338,2.6617544,0.27515775,-0.7023891,1.1267381,-1.6893115,-0.78889763,-1.7796701,1.6281813,1.5426753,-2.3554034,-1.7793865,-1.1640282,2.3011136,-0.4213011,-1.6100409,1.411884,0.8807283,0.085559614,-3.3717792,-0.32546094,-1.1731105,-3.382221,-1.4810739,-1.175791,-1.1713955,-1.9927216,0.5795937,-1.812914,-2.0872908,-0.56744784,2.1538835,-1.5765805,0.15631364,3.2491784,-2.1902323,-2.1324623
0,/data_nas/huangyj/data/placePulse/rawData/googleviews-110802files/513d9dc7fdc9f035870081bb.jpg,0.015279804,-0.41928416,0.34358168,-0.08124601,-1.0973793,-0.9269015,-1.2501631,-0.14769734,-1.6844859,-0.8707065,-0.17868796,1.2811047,-1.0591213,0.26585832,0.87031543,0.8404997,0.057724066,1.7571392,-1.1266128,-0.13307318,-0.5707033,0.7585188,0.27878863,0.5847716,0.33077806,0.56760055,0.97483504,-0.43694606,-0.4892127,0.54944056,-0.59290767,-2.6796749,-0.04937646,-1.2019516,-0.8227664,-1.6813282,0.22870737,0.45238915,0.4275759,-0.422112,2.6286955,0.20994489,0.009205867,1.3820921,0.23970547,-0.2659852,0.94644636,1.3556957,-1.9908988,0.15048116
0,/data_nas/huangyj/data/placePulse/rawData/googleviews-110802files/50f5eb43fdc9f065f0008142.jpg,-1.8691261,-2.8226476,2.992158,-0.18417016,0.7655074,-1.4370686,-1.2541783,-1.4913156,-3.7557647,-0.55524075,2.3911297,1.0565138,-3.3670168,0.049819443,2.3371892,0.76879877,-1.8981903,2.0129666,-0.86612874,-1.9636186,-1.7876123,1.1710265,0.13662389,-1.3695205,-1.7601166,0.62696576,1.0749574,-0.20733166,-2.3442864,1.161471,-0.15846783,-1.4752703,-2.2814448,0.08079569,-1.6589646,-3.7028964,-0.2252257,-0.2471591,-1.5059762,-1.1943102,1.9995666,-2.2501404,-1.4253091,0.45992345,1.2401998,-1.2423421,0.51536924,3.2860358,-2.5159283,-2.7154915
0,/data_nas/huangyj/data/placePulse/rawData/googleviews-110802files/51414baffdc9f04926007141.jpg,-1.6490983,-2.9006681,3.0203838,-1.0452194,2.3008866,-2.0092342,-2.2315102,-0.89874697,-3.9155936,-0.8248165,2.3510866,1.2075845,-3.1884344,-1.1969197,2.8765204,0.105790384,-1.2788166,1.0474341,-1.5862355,-1.1884942,-2.078436,1.6996025,1.5938458,-3.743486,-2.3120193,-1.1570247,2.2933753,-0.19923921,-2.0883968,1.4326558,1.1329051,0.95869297,-4.564077,0.3154347,-1.2202657,-3.7381988,-1.5725023,-1.5240576,-2.304944,-2.2172935,-0.06847219,-2.468797,-2.2633977,-1.2655241,2.3696396,-1.9305093,-0.17979549,3.5736501,-2.2029276,-2.8724875
0,/data_nas/huangyj/data/placePulse/rawData/googleviews-110802files/513d6d68fdc9f03587005149.jpg,-1.7552097,-3.0219436,2.987061,-0.83426803,2.305967,-1.9214308,-2.0407162,-1.172929,-4.2454767,-0.88933396,2.4709954,1.2501395,-3.2058592,-1.047606,2.8250022,0.45620078,-1.4100351,1.4519238,-1.4573334,-1.452835,-2.0523858,1.6981084,1.1901354,-3.7068903,-2.1867425,-0.86779565,2.0215352,-0.34801826,-2.2246063,1.5235038,0.52372265,1.0321058,-4.603949,0.107543096,-1.5499792,-4.012087,-1.3185543,-1.104422,-2.2812796,-1.8744905,-0.086521104,-2.4845912,-2.3310976,-1.3799948,2.2380414,-1.8888429,0.10462993,3.948696,-2.4088132,-2.9788132
0,/data_nas/huangyj/data/placePulse/rawData/googleviews-110802files/50f5eb44fdc9f065f0008148.jpg,-0.76888525,-3.1195726,2.7038064,0.44468442,-0.25946122,-0.1414786,-0.2887624,-0.20112345,-3.9717948,0.50902593,1.6305285,0.24622928,-2.7838938,0.11498983,2.7472355,-0.8008205,-1.1129541,-0.25431868,0.55527025,-1.2571719,-1.0237794,0.05746408,-0.93592685,0.102522545,-2.1699405,0.6866958,0.41319573,0.4763977,-1.4422376,0.7670056,1.0953246,-2.4708333,-1.2411143,0.76011866,-1.0845767,-3.7758675,0.10879108,-1.2134874,-0.4819045,-1.916796,2.4580183,-1.9364673,-2.1227791,1.3191015,1.1530244,-1.523376,-0.5219508,3.5013928,-0.13819692,-2.8385043
1,/data_nas/huangyj/data/placePulse/rawData/googleviews-110802files/51414bb0fdc9f04926007145.jpg,-1.9132077,-3.2774189,3.687819,-0.62173915,1.4296647,-1.5270438,-1.5003395,-0.93232524,-4.214192,-0.04403493,2.5710173,0.61891603,-3.787977,-0.42001227,3.0378952,-0.4355036,-1.8055352,0.64363194,-0.79084015,-1.6404368,-2.028269,1.089485,0.8462209,-2.2707677,-2.6737032,-0.17418635,1.5676081,0.4209516,-2.3551545,1.0477175,1.7365367,-1.0965304,-3.2538888,1.1138272,-0.9616518,-4.188792,-0.93328047,-1.8358968,-2.131963,-2.6636293,1.6822864,-2.8670468,-2.0612845,0.4323699,1.9028373,-2.0736778,-0.5225656,3.6163628,-1.7956109,-3.308263
0,/data_nas/huangyj/data/placePulse/rawData/googleviews-110802files/51408fb3fdc9f04926000145.jpg,-0.35170206,-1.287006,1.2761192,-0.57804394,-1.085489,-1.7911507,-2.1543891,-0.09186695,-5.00344,-1.0425805,-0.01381951,1.4571552,-2.0334723,-0.7792686,2.147661,0.67733604,0.27461004,1.8374135,-1.697373,-0.29385057,-1.2979721,1.7358519,1.1010684,-0.5248023,-0.50087667,-0.76543295,1.8800213,-0.12813029,-0.91644657,1.4277515,0.51524556,-3.0293825,-2.0538876,-1.1215667,-1.0772017,-4.952117,-0.9696597,-1.0209157,0.061646845,-2.3267012,3.488123,-0.6659254,-2.0330446,1.8840116,1.6069399,-2.1255853,0.9355126,4.392341,-2.7216578,-0.6181879
0,/data_nas/huangyj/data/placePulse/rawData/googleviews-110802files/513d6b5ffdc9f03587004cdd.jpg,0.38263032,-1.0397655,0.10370773,-0.17885524,0.67723376,-1.4372084,-2.0340219,0.0710412,-4.9774265,-1.4519287,-0.37294218,1.6452657,-0.6840564,-1.2009171,1.760342,1.1445093,1.1902175,1.8934666,-1.652123,0.36330295,-0.8340989,1.7226849,0.6239299,-2.861517,0.13907088,-1.340325,1.7609248,-0.685955,-0.38486534,1.607352,-0.7947365,0.49487722,-4.3352304,-1.8000983,-1.5909928,-4.581827,-0.8978699,-0.3567148,-0.3453087,-1.3474425,0.2736728,0.063343704,-2.4322386,-1.1233171,1.760335,-2.0908384,1.0728275,4.978943,-2.4195173,-0.31964657
1,/data_nas/huangyj/data/placePulse/rawData/googleviews-110802files/50f5ed58fdc9f065f0008c66.jpg,1.8096035,0.54112476,-2.3375406,0.2688151,0.988096,-1.014519,-1.9155943,0.6660058,-4.6739793,-2.0811064,-2.0245795,1.9258727,1.58328,-1.6700113,0.56016225,2.0948994,2.932313,2.34356,-1.8166931,1.591773,0.19048028,1.8680911,0.14333497,-3.7707434,1.9744638,-2.0564775,1.4872093,-1.3826053,0.97591203,1.8238493,-2.6365507,2.6011074,-5.146546,-3.3986857,-1.9090755,-3.9755678,-0.7663875,0.73420954,0.3521808,-0.024574881,-1.7080835,1.9083116,-2.5064428,-2.87391,1.4993888,-1.8249245,1.9087728,5.2068896,-2.1736119,1.4998661
1,/data_nas/huangyj/data/placePulse/rawData/googleviews-110802files/50f5ed58fdc9f065f0008c6a.jpg,0.003997719,-0.5821908,0.7965619,0.12570974,-2.026381,-0.8624099,-1.0276347,0.057443656,-3.227359,-0.3317131,-0.41930476,0.89660054,-1.5639354,0.613699,1.2157112,0.37051246,0.11054015,1.5432351,-0.7979886,-0.20994242,-0.6462114,0.65253067,0.0499658,1.3438919,0.15493453,0.8726327,0.7012678,0.24191661,-0.5570017,0.47649506,0.23998941,-4.836685,0.25823942,-0.7138264,-0.5695624,-3.4139395,0.41264445,-0.32812718,0.5762374,-1.5312043,4.720749,0.039618008,-0.40452707,3.1872141,0.2090523,-1.1613551,0.7437072,2.6127334,-1.9890754,0.081690885
1,/data_nas/huangyj/data/placePulse/rawData/googleviews-110802files/513cc9b4fdc9f03587001c60.jpg,-0.61277986,-2.7938292,1.892433,0.24876237,2.0677745,-0.92188555,-1.1841166,-0.52621686,-5.3053403,-0.5352318,1.4221792,0.9180932,-2.0121508,-0.6952828,2.5828311,0.3655278,-0.24915728,1.0549498,-0.5541478,-0.74147666,-1.2087431,1.0616865,-0.2849418,-3.7119417,-1.4458748,-0.5343614,1.0994619,-0.14577766,-1.3996887,1.3934329,-0.13730621,1.1769484,-5.1088223,-0.24815254,-1.7692876,-4.926002,-0.50913894,-0.90304935,-1.6444535,-1.6661223,-0.37270135,-1.5028452,-2.8686736,-1.7149394,1.8692888,-2.3295388,0.13506511,5.319665,-1.6020921,-2.450356
1,/data_nas/huangyj/data/placePulse/rawData/googleviews-110802files/51415014fdc9f04926007c60.jpg,-0.026399912,-0.50808084,0.29173198,-0.060283303,-1.2158974,-1.038789,-1.3479427,-0.29537174,-1.8314288,-1.1117374,-0.08720329,1.4716601,-1.0600727,0.07572593,0.92941266,1.1896217,0.03133805,2.1040463,-1.2313794,-0.27800354,-0.619487,0.9672484,0.21688074,0.63506746,0.3743505,0.43740997,1.0565755,-0.69260156,-0.5456805,0.77823114,-1.0698124,-2.3992574,-0.074610814,-1.5528464,-1.1219295,-1.7337978,0.14564672,0.7605014,0.59478086,-0.11867685,2.4302976,0.20141837,-0.21672949,1.1216513,0.36005127,-0.14119847,1.2172092,1.521545,-2.1892345,0.10347994
0,/data_nas/huangyj/data/placePulse/rawData/googleviews-110802files/513d5fcafdc9f03587003c39.jpg,-0.26964176,-1.0897386,1.0461042,0.4651108,-0.84976155,-0.79460603,-0.8058292,-0.391715,-4.1386127,-0.31938574,0.11937222,0.8728971,-1.7520378,0.7084288,1.370222,0.7195991,-0.1499803,1.9708257,-0.60515314,-0.59745806,-0.7434134,0.7558263,-0.5011984,-0.050400387,0.058002613,1.0669136,0.43442023,0.16838266,-0.91220814,0.71100724,-0.4451739,-3.729829,-1.1924852,-0.7075338,-1.1311387,-4.28075,0.62566334,-0.08831809,-0.19994645,-1.2915158,3.8828866,-0.26758602,-0.8429681,2.1365304,0.33523592,-1.5468453,0.9090234,3.7309587,-2.2313082,-0.50529534
0,/data_nas/huangyj/data/placePulse/rawData/googleviews-110802files/50f5e648fdc9f065f0006c39.jpg,-1.0343156,-1.7021947,2.2342167,-0.13954636,-0.091988996,-1.1769301,-1.1402026,-0.5974207,-3.5181541,-0.096120976,1.0932361,0.705682,-2.7217968,0.5587854,1.8543117,0.04986539,-0.99633,1.3692353,-0.78781414,-0.97360426,-1.2858205,0.79416215,0.3504844,-0.60316324,-1.0021222,0.8464543,0.9311064,0.47074544,-1.5206788,0.54048616,0.88073176,-3.445099,-1.44413,0.3112501,-0.6609719,-3.775933,0.09961738,-0.94056547,-1.08125,-2.01906,3.6539347,-1.2934651,-0.68135,2.1132696,0.70310175,-1.5921075,0.19477256,2.9208298,-2.1693978,-1.4027897
0,/data_nas/huangyj/data/placePulse/rawData/googleviews-110802files/51413cf8fdc9f04926005c30.jpg,1.4785386,-1.1229218,-0.555231,0.16845885,-1.0463243,-0.70629084,-1.6615932,1.1694884,-5.7014275,-1.1452869,-1.414675,1.4278747,0.046845987,-1.6777973,2.1478605,0.4219249,2.2486145,0.57162905,-0.9558382,1.050069,-0.24662572,1.2782164,0.0013779607,-1.0790553,0.056077324,-1.8853512,1.5490819,-0.537441,0.5438787,1.7437363,-0.27393258,-0.36761197,-3.2681062,-2.048167,-1.4771738,-5.0196233,-1.0150214,-0.84888995,1.2693101,-1.7926595,0.79081434,0.57612175,-3.5498037,-0.34757227,2.006829,-2.3158026,0.78202295,5.6627784,-0.93807364,-0.07361195
0,/data_nas/huangyj/data/placePulse/rawData/googleviews-110802files/50f5e649fdc9f065f0006c76.jpg,-1.4123137,-2.9106417,3.3671682,-0.4288812,1.4801967,-1.0207516,-1.1159147,-0.39432815,-3.2491531,0.4544563,2.1855428,0.23963518,-3.3501768,0.022327997,2.760321,-1.1431794,-1.5199217,-0.21889351,-0.36357737,-1.1412921,-1.6117482,0.49129614,0.64542985,-2.036237,-2.5088532,0.20066929,1.2639999,0.81156594,-1.901429,0.4488963,2.3361206,-1.4891518,-2.7435594,1.5660279,-0.34273067,-3.3493617,-0.52613795,-2.1396682,-2.1041565,-2.7790058,1.7884429,-2.4336,-1.3821574,0.72876215,1.4544379,-1.8826635,-1.0892915,2.712408,-0.9955934,-2.9226887
0,/data_nas/huangyj/data/placePulse/rawData/googleviews-110802files/5140b884fdc9f04926001c73.jpg,-0.3281351,0.4840583,-0.57478446,-0.12625925,1.6224616,-1.9746033,-2.0526593,-1.2840543,-3.0316942,-2.1123593,-0.17216495,2.070027,-0.43169793,0.039705142,0.0055822525,3.0080092,0.42498425,4.520348,-2.4810824,-0.14282666,-0.8361265,2.1106808,0.730513,-3.583293,1.8300897,0.10721624,1.3103168,-1.2337645,-0.82126194,1.2178848,-3.0582561,0.49187666,-3.915808,-2.586857,-1.8464178,-3.0629575,0.12614375,1.6817268,-1.3163959,0.5940036,0.4531118,0.81878173,0.06173899,-1.3695749,0.38999277,-0.9375586,2.4014351,3.2027595,-4.5465937,0.9869848
1,/data_nas/huangyj/data/placePulse/rawData/googleviews-110802files/50f44807fdc9f065f0003c73.jpg,0.101434834,-1.6679275,0.23439623,0.1242196,1.5102047,-1.3025229,-1.792358,-0.45871863,-5.544156,-1.6326882,0.28539696,1.7441047,-0.75350535,-1.4410235,1.9084895,1.7166523,0.8494185,2.3113577,-1.4050434,-0.1796009,-0.89799714,1.8780199,-0.038261704,-3.7453253,-0.05719018,-1.3756044,1.4889569,-1.1069567,-0.70474523,2.065019,-1.9250638,2.0811431,-5.283809,-2.116348,-2.413572,-4.9234586,-0.86237013,0.27575582,-0.6836955,-0.58794844,-1.0708358,-0.28942412,-3.135064,-2.5273154,1.9945006,-2.042489,1.4054257,5.778178,-2.3852055,-1.0380616
1,/data_nas/huangyj/data/placePulse/rawData/googleviews-110802files/50f43530fdc9f065f0002c7c.jpg,1.924983,-0.78014284,-0.5659808,1.2776071,-1.7382693,1.0034415,0.3019458,1.7115163,-3.4229074,0.5746806,-1.5936731,0.04468275,0.3657989,0.233239,1.3064004,-1.0420673,1.8221334,-1.1252637,0.9667573,1.1611902,0.7050462,-0.77557725,-1.7022482,1.0630442,0.12555471,0.32917085,-0.25996947,0.5199182,0.91174704,0.15146014,0.5324593,-2.6162364,-0.5896145,-0.4580139,-0.34792563,-3.0336576,0.8289701,-0.8458897,1.4948026,-1.4707574,2.1373637,0.95846295,-1.7220788,1.3935148,0.30053172,-1.377091,-0.41324103,3.3234036,1.1022925,0.105021894
1,/data_nas/huangyj/data/placePulse/rawData/googleviews-110802files/51409850fdc9f04926000c7c.jpg,-0.41450793,-2.0576413,1.8870543,0.536359,-1.5191628,-0.28912234,-0.350688,-0.1253281,-3.9373543,0.27168414,0.6912309,0.4242959,-2.3250704,0.5459262,2.0525725,-0.24844536,-0.64708495,0.5983597,0.20160514,-0.9591443,-0.77165055,0.19365737,-0.882366,1.2603383,-1.1128383,1.0656985,0.25279272,0.43710795,-1.0551339,0.63981533,0.5658996,-4.2372885,-0.10796735,0.10738641,-0.96123326,-3.9179463,0.4739628,-0.6991578,0.23304997,-1.69744,4.0867324,-1.0637207,-1.4177873,2.6902246,0.57809335,-1.3620566,0.13318004,3.341454,-0.8704077,-1.5762115
0,/data_nas/huangyj/data/placePulse/rawData/googleviews-110802files/513e1e71fdc9f03587009c7a.jpg,0.51478994,-0.2480689,0.20866556,0.5944016,-0.9738678,0.0022538844,-0.2557352,0.41861498,-1.6624671,0.13993166,-0.5175637,0.40227526,-0.755964,1.0094601,0.64367354,-0.10714312,0.2847239,0.6656876,-0.0724871,0.19620043,0.016795732,-0.1523712,-0.6439248,0.7349712,0.39791662,1.2867792,0.08089918,0.32207534,-0.073137805,-0.13595663,0.07558189,-3.4651866,0.17401507,-0.3588106,-0.21124355,-1.7706184,1.0267074,-0.08846959,0.24671498,-0.8250258,3.1441703,0.49880278,0.2840438,2.0274575,-0.33515292,-0.5360392,0.19929896,1.3472995,-0.8323712,0.2872875
0,/data_nas/huangyj/data/placePulse/rawData/googleviews-110802files/5140cbdbfdc9f04926002c7a.jpg,-1.3421572,-2.8610706,2.8513389,0.28462642,-0.47098574,-0.8585766,-0.71015203,-0.933959,-4.787319,0.027044712,1.7763494,0.6357855,-3.2460341,0.33558005,2.5472443,0.21083261,-1.4558975,1.3559407,-0.14227432,-1.7433134,-1.4269589,0.75159764,-0.59597814,-0.025342554,-1.7035452,0.9464764,0.55139035,0.29167274,-1.9261315,1.0487418,0.31989977,-3.309901,-1.3987722,0.256748,-1.4782394,-4.7720046,0.14704435,-0.70217794,-0.73732173,-1.7887256,3.5660756,-1.9872404,-1.8812653,1.9436842,1.0434698,-1.7470036,0.33356464,4.181503,-1.7533637,-2.5581665
0,/data_nas/huangyj/data/placePulse/rawData/googleviews-110802files/51414ffbfdc9f04926007c23.jpg,-0.4915624,-1.625412,0.8946536,0.01933684,1.0796012,-1.5587026,-1.7938018,-0.85388476,-5.313073,-1.445395,0.6430517,1.6657951,-1.5286659,-0.7801889,1.8314707,1.7144948,0.13104673,2.7684479,-1.5232437,-0.6524944,-1.1876299,1.8662468,0.16742049,-2.9927251,-0.1436326,-0.605101,1.4132534,-0.7945817,-1.176912,1.7796578,-1.5688438,0.27103823,-4.346319,-1.680407,-2.1689365,-4.991773,-0.54500294,0.22991566,-0.9573336,-0.85568035,0.6352854,-0.6163268,-2.3250196,-1.0841339,1.5975375,-1.9657683,1.4435943,5.275706,-3.0109062,-1.0878239
0,/data_nas/huangyj/data/placePulse/rawData/googleviews-110802files/513cb888fdc9f03587000c21.jpg,0.6756936,-0.41002044,-1.1552957,0.34447262,1.8175621,-1.3679148,-1.8554908,-0.44585833,-5.9643483,-2.07474,-0.76281023,1.9575232,0.3882787,-1.3297405,0.96133894,2.6473856,1.7633265,3.3791323,-1.8262802,0.42916226,-0.45082572,2.1842449,-0.13052967,-4.6645823,1.4083062,-1.4366193,1.2842412,-1.3709708,-0.13618974,2.103637,-3.1604087,2.5699966,-6.137419,-3.0930696,-2.5763583,-5.3865166,-0.5617995,0.9791264,-0.68624645,-0.01999239,-1.3383986,0.86937815,-2.7797012,-2.977946,1.5867845,-2.261402,2.221485,6.433165,-3.177041,0.3508505
1,/data_nas/huangyj/data/placePulse/rawData/googleviews-110802files/513f2e8bfdc9f0358700dc2b.jpg,-0.41984072,-1.142531,1.5883029,0.2799921,0.6197337,-0.2830134,-0.3511229,-0.10151489,-1.5617887,0.50551313,0.7540661,0.14174064,-1.8152947,1.2924409,1.1059215,-0.6481223,-0.71799946,0.3439554,-0.08584056,-0.31934705,-0.5918312,-0.27192095,-0.19513209,-0.8363106,-0.64265394,1.5598946,0.24502638,0.7710043,-0.9775702,-0.4092675,1.114507,-2.7181945,-1.1120441,0.8945012,0.037304163,-1.8871915,0.911134,-0.85916996,-1.3089612,-1.5439659,2.575504,-0.6527105,0.5001583,1.4550642,-0.12706178,-0.93364537,-0.5703399,1.2259347,-1.0321436,-0.96117043
1,/data_nas/huangyj/data/placePulse/rawData/googleviews-110802files/513cb95afdc9f03587000ce3.jpg,1.2638364,-1.7829577,-0.5257816,1.1855574,-0.6938806,0.2038706,-0.4648486,0.5068721,-5.480369,-0.8831375,-0.6760925,1.1718014,0.13139512,-1.0539403,1.8823766,0.9650766,1.5750822,0.9084397,0.14433575,0.22003867,0.088819295,0.638718,-1.8254777,-0.781711,0.055158943,-0.71834093,0.3089532,-0.9008977,0.23454347,1.7557132,-2.0152624,0.48703557,-2.9299915,-2.152599,-2.3893425,-4.582081,0.02197,0.51732725,1.2802124,-0.21494353,-0.16390139,0.4018944,-3.5610082,-1.3220472,1.4225534,-1.578577,1.0805242,5.7306767,-0.3242576,-0.8411711
1,/data_nas/huangyj/data/placePulse/rawData/googleviews-110802files/50f4480ffdc9f065f0003cef.jpg,-0.013084164,-2.4331949,1.6384524,-0.23697594,0.6213249,-0.951043,-1.5600107,0.42973173,-4.5723815,-0.44338444,0.6423417,0.9409281,-1.8007288,-1.216824,2.8239121,-0.4818618,0.3465774,-0.0913317,-0.70466566,-0.075984195,-1.0675175,0.982942,0.43297613,-2.0688612,-1.6315982,-1.2680798,1.6919276,0.019861227,-0.7673338,1.320542,1.1866766,-0.077738985,-3.589362,-0.20602824,-1.0624136,-4.1721683,-1.1239063,-1.6887391,-0.5407001,-2.396236,0.5268392,-1.2062598,-2.9549093,-0.4990572,2.1553295,-2.1593897,-0.3004446,4.362778,-0.77510464,-1.916919
1,/data_nas/huangyj/data/placePulse/rawData/googleviews-110802files/50f56360fdc9f065f0005cea.jpg,0.047095053,-3.120417,1.6698996,0.09816091,-0.85645866,-0.77689195,-1.3661892,0.32941663,-6.4759493,-0.6029703,0.51740277,1.1148695,-1.9422927,-1.6130999,3.369255,-0.07825713,0.46744514,0.20437731,-0.3691086,-0.5135335,-1.074997,1.1393934,-0.33035952,-0.6795152,-1.8420707,-1.3974545,1.411228,-0.2487148,-0.82178956,1.991313,0.5259031,-0.93596894,-3.0732422,-0.83690023,-1.8692476,-5.7925596,-1.1759167,-1.384328,0.60407346,-2.356444,1.3800464,-1.4181505,-4.339556,0.18798006,2.4968333,-2.5098212,0.28409746,6.153039,-0.7252615,-2.3750997
1,/data_nas/huangyj/data/placePulse/rawData/googleviews-110802files/513e5d1dfdc9f0358700ace0.jpg,-1.6424354,-1.9344348,3.0291672,-0.6066713,0.30868363,-1.2799402,-1.1815137,-0.7703581,-2.0690782,0.19554113,1.8492912,0.4483685,-3.3622994,0.70974773,1.9360025,-0.50185335,-1.8448243,0.8380811,-0.80096537,-1.312843,-1.5805025,0.56500757,0.92916745,-0.44572425,-1.699161,1.0420074,1.1198584,0.67211753,-1.9435915,0.11780409,1.8226417,-3.4637313,-0.74993545,1.1617421,-0.11727606,-2.430745,-0.047954485,-1.3262676,-1.6276644,-2.1984563,3.557685,-1.9536334,0.052695185,2.311161,0.61009276,-1.0937939,-0.43241063,1.2925175,-1.9123532,-1.9288313
0,/data_nas/huangyj/data/placePulse/rawData/googleviews-110802files/5141363cfdc9f04926004c13.jpg,-0.9799271,-2.1142347,2.5845113,-0.4281266,1.3685342,-0.93514687,-1.1022243,-0.2071173,-2.227486,0.25940034,1.6302221,0.37906927,-2.6748064,0.21113974,2.1360278,-0.9371677,-1.1071134,-0.055037938,-0.54368067,-0.67092735,-1.2971889,0.3642019,0.7478351,-1.9325533,-1.8200779,0.3336906,1.2245619,0.6077177,-1.4625273,0.21923275,1.9108671,-1.3316194,-2.3716905,1.1718947,-0.15459552,-2.3672147,-0.2840492,-1.6540357,-1.8428402,-2.2343574,1.5269,-1.6979225,-0.68135273,0.5145992,1.0479915,-1.368252,-0.8965306,1.8024771,-1.0156513,-2.0553641
0,/data_nas/huangyj/data/placePulse/rawData/googleviews-110802files/513d5fb0fdc9f03587003c15.jpg,-0.75163865,-2.1000826,2.0273697,-0.36317524,1.3878173,-0.9804827,-1.2848618,-0.32853878,-2.1454651,-0.30992073,1.4956244,0.8331173,-2.1813886,-0.15749173,2.033258,-0.28118375,-0.81104976,0.4273695,-0.7714979,-0.5978122,-1.2005024,0.5993316,0.59780127,-2.074622,-1.5046129,0.017983356,1.3382753,0.0016947445,-1.3159391,0.57668215,0.8620171,-0.16526368,-2.612262,0.35656223,-0.71750706,-2.0429614,-0.38022014,-0.90733445,-1.41596,-1.4543225,0.4545027,-1.3938094,-0.9560082,-0.5421435,1.1908964,-1.0048153,-0.39208016,1.9335551,-1.2024544,-1.9255397
1,/data_nas/huangyj/data/placePulse/rawData/googleviews-110802files/5140b852fdc9f04926001c10.jpg,0.52992713,-1.5616218,0.48367694,0.93373597,-1.0312202,-0.19771905,-0.5025067,0.20290211,-5.4015217,-0.30053136,-0.3501308,0.8125365,-1.034038,-0.007907537,1.8195738,0.5057223,0.72728574,1.1718524,-0.016822418,-0.1999572,-0.33481598,0.5966848,-1.3029544,-0.17058484,-0.07613748,0.30732435,0.24936408,-0.021487275,-0.34539822,1.1737318,-0.75501335,-2.4800467,-1.9792651,-1.1292515,-1.6047915,-5.105984,0.40925562,-0.21589036,0.5385687,-1.2832389,2.660467,-0.037824564,-2.3707767,1.1167771,0.88185614,-1.9628066,0.8036848,5.2156234,-1.1314406,-0.76986337
0,/data_nas/huangyj/data/placePulse/rawData/googleviews-110802files/513d9c52fdc9f03587007cce.jpg,-1.4650415,-1.6682711,2.424559,-0.8442347,0.28735575,-1.7250011,-1.8024398,-0.8458583,-1.6348361,-0.6731551,1.6334466,1.1426445,-2.8912346,-0.01328138,1.8050135,0.29799184,-1.4690273,1.495756,-1.4830106,-1.1311213,-1.6307904,1.1628134,1.353534,-0.6834604,-1.3075445,0.26051617,1.710937,-0.09629245,-1.7450666,0.63870776,0.8597602,-2.1199703,-1.00528,0.1459227,-0.6120231,-1.7843088,-0.58443576,-0.62314,-1.1881461,-1.4129078,2.3583772,-1.6043943,-0.16378953,1.1694051,0.9982198,-0.61354035,0.19916801,1.0339069,-2.415609,-1.5480131
1,/data_nas/huangyj/data/placePulse/rawData/googleviews-110802files/513cca82fdc9f03587001ccc.jpg,2.109702,-0.54004794,-1.349728,0.7675652,-1.5131078,0.14894743,-0.8046461,1.54334,-4.2741795,-0.725562,-1.9694054,1.0493966,0.87369156,-1.0050358,1.4305652,0.18774116,2.53631,0.07792988,-0.2193777,1.4147186,0.4696359,0.43115547,-0.9050115,-0.06721617,0.651235,-1.0775626,0.72366303,-0.45742354,1.1143937,1.1569762,-0.6687392,-0.7294353,-1.9579184,-2.0335538,-1.1835412,-3.6041205,-0.14871195,-0.25989637,1.8520391,-0.9752965,0.734375,1.3445233,-2.6999614,-0.151339,1.1500034,-1.5049335,0.63800955,4.3813763,-0.038476266,0.5699038
1,/data_nas/huangyj/data/placePulse/rawData/googleviews-110802files/513d9c50fdc9f03587007cc8.jpg,0.7305224,-1.4545108,0.2684349,-0.0113537535,-0.2797107,-0.96056294,-1.7195901,0.64363796,-4.7178264,-1.0383267,-0.46022493,1.3810236,-0.7115442,-1.3459643,2.1748407,0.38035846,1.2995181,0.75196725,-1.044079,0.48621863,-0.6386576,1.269751,0.26260972,-1.4851925,-0.38354087,-1.4481002,1.6529814,-0.47893965,-0.08350729,1.5381325,-0.08944787,-0.18815039,-3.198399,-1.4579796,-1.3841336,-4.191653,-0.96521705,-0.79420984,0.4234757,-1.6228143,0.6314826,-0.05495426,-2.852396,-0.5297172,1.8880739,-1.9079387,0.57213604,4.618201,-1.2485063,-0.64760846
0,/data_nas/huangyj/data/placePulse/rawData/googleviews-110802files/513d603cfdc9f03587003cc0.jpg,-0.5704386,-1.8555143,1.1634936,-0.2945787,1.5173655,-1.6850189,-2.053154,-0.7340863,-4.933979,-1.4515036,0.877999,1.6780611,-1.682192,-1.059687,2.1017048,1.3718997,0.0668976,2.3116446,-1.6612339,-0.5455905,-1.3337617,1.9049277,0.60868293,-3.4516287,-0.55786186,-0.99111605,1.7791302,-0.7561853,-1.2200767,1.7446777,-0.97420555,0.9195131,-4.6814904,-1.3971584,-1.9591624,-4.5976396,-0.915827,-0.21644676,-1.2113222,-1.1704435,0.029577564,-0.8841641,-2.400804,-1.5329531,1.8845679,-1.9829108,1.0857704,4.9131484,-2.809525,-1.3779036
1,/data_nas/huangyj/data/placePulse/rawData/googleviews-110802files/50f44808fdc9f065f0003ccb.jpg,0.7484464,-0.4756981,0.16037345,0.35330573,-0.79227114,0.03953269,-0.4603261,0.7696,-0.76311535,0.042621173,-0.4870248,0.5135246,-0.51092327,0.57994664,0.8640721,-0.52118456,0.48228443,-0.10728017,-0.1169387,0.54805815,0.010753676,-0.30062768,-0.29825452,0.6308584,0.011591408,0.77276844,0.45228586,0.1846092,0.11601247,-0.15483321,0.5541864,-2.3560143,0.13423088,-0.23037364,-0.05892331,-0.72535264,0.62669384,-0.31154677,0.4331638,-0.80894005,1.944352,0.4346212,0.16868404,1.1897757,-0.023617752,-0.20801978,-0.21670067,0.5526356,-0.22714326,0.0623543
0,/data_nas/huangyj/data/placePulse/rawData/googleviews-110802files/514136c1fdc9f04926004cc4.jpg,-1.7584527,-3.150112,3.6706853,-0.8736056,0.9604951,-1.3710372,-1.4969953,-0.6398764,-2.458857,0.05738151,2.60438,0.59656745,-3.6956801,-0.3174797,2.9211648,-0.94272465,-1.9459817,-0.05889824,-0.7232852,-1.4371117,-1.9326847,0.74056435,1.1774035,-1.2961433,-2.8642762,-0.035417717,1.6993245,0.41441098,-2.1386738,0.64811975,2.2692742,-1.3689332,-1.9083744,1.374956,-0.4783164,-2.4770572,-0.92342025,-1.8486463,-1.7473831,-2.4299994,1.6368103,-2.775389,-1.3242251,0.66856617,1.6529732,-1.2502412,-0.9353916,1.8120519,-1.1733674,-3.1984227
0,/data_nas/huangyj/data/placePulse/rawData/googleviews-110802files/5140cbeafdc9f04926002c97.jpg,-1.603878,-1.6900423,2.3572562,-0.84231347,0.08188502,-2.1599777,-2.131845,-1.2068777,-3.2564492,-1.0693021,1.4979998,1.4984891,-3.029932,-0.13624486,1.9115425,1.0232314,-1.3137195,2.5431278,-1.9087832,-1.3243278,-1.8692503,1.7112021,1.3948992,-1.0742738,-0.99941266,0.14498988,1.8213949,-0.27621198,-1.9654212,1.1066535,0.18079142,-2.4447472,-1.8098317,-0.44943312,-1.14148,-3.4148333,-0.6691672,-0.37557483,-1.1556838,-1.5360254,2.9690936,-1.5522966,-0.7168992,1.3404075,1.1947991,-1.2211722,0.8800613,2.6412387,-3.4361727,-1.4274774
1,/data_nas/huangyj/data/placePulse/rawData/googleviews-110802files/513cb90cfdc9f03587000c9e.jpg,0.62389797,-1.0871217,0.7046285,0.09533955,-0.33139607,-0.5019664,-1.0614692,0.83928895,-3.8908803,-0.026297016,-0.5305824,0.58212787,-1.0203544,-0.068014205,1.7809463,-0.66719925,0.9149367,-0.02769635,-0.50455123,0.62747294,-0.45358256,0.3573358,0.18566802,-0.9695186,-0.45693964,-0.17728192,1.0093589,0.5376382,-0.14825287,0.4330524,1.3519092,-2.315507,-2.260086,-0.1323645,-0.25575233,-3.8640919,-0.10995589,-1.5587189,-0.13421044,-2.4746144,2.4008303,-0.068784885,-1.4752287,1.2234588,0.9617805,-2.0326889,-0.29005957,3.5690653,-0.8398898,-0.4453803
0,/data_nas/huangyj/data/placePulse/rawData/googleviews-110802files/513d9c40fdc9f03587007c91.jpg,-1.3071663,-2.0616336,2.957441,-0.5059499,0.9664304,-1.2533802,-1.2650499,-0.39415476,-3.4561245,0.3693862,1.5857619,0.27005613,-3.1757958,0.39694476,2.2587938,-0.86841255,-1.2579763,0.40342236,-0.7369369,-0.8706637,-1.5306238,0.65682244,0.9604889,-1.7999107,-1.7959414,0.4569695,1.2573162,0.98336947,-1.7343749,0.2409266,2.309583,-2.7873545,-2.4527597,1.3265201,-0.034037963,-3.8131578,-0.31411576,-2.1041248,-2.0398335,-2.994786,3.1016004,-1.9052235,-0.80632144,1.7554189,1.0542065,-2.0686886,-0.7532024,2.7847774,-1.7152472,-2.0174766
1,/data_nas/huangyj/data/placePulse/rawData/googleviews-110802files/50f42c72fdc9f065f0001c91.jpg,0.856925,-0.7150704,-0.07447384,0.6052232,-2.310667,-0.25142112,-0.67894775,0.5776563,-3.9335012,-0.42140466,-1.0556722,0.92911136,-0.61438817,0.066632345,1.3146274,0.392954,1.0021619,1.0111499,-0.30750495,0.25008014,-0.115548074,0.41099805,-0.772094,1.4431806,0.3377143,0.342913,0.42121357,-0.09654976,0.06809571,0.8121408,-0.42652947,-3.6590161,-0.16813771,-1.3512894,-1.0178099,-3.7181823,0.39586323,-0.05789437,1.4472251,-1.1351074,3.4987864,0.53557265,-1.4828497,2.1855795,0.48187628,-1.2271355,0.84405786,3.5932722,-1.0605093,0.1596663
1,/data_nas/huangyj/data/placePulse/rawData/googleviews-110802files/50f55e6ffdc9f065f0004c99.jpg,-1.4221406,-2.355136,2.924851,-0.3973174,0.5638225,-1.4638932,-1.4145188,-0.6673656,-4.792549,-0.014827373,1.5895354,0.5780677,-3.2931602,-0.033647165,2.5181932,-0.18837446,-1.1880088,1.1148175,-0.87485415,-1.2250674,-1.6508353,1.1293533,0.6855373,-1.6169416,-1.7342184,0.1436111,1.3093239,0.6129973,-1.8835012,0.8888052,1.5041437,-2.7620487,-2.7280073,0.65632993,-0.7570518,-4.964955,-0.54036015,-1.7329514,-1.6599383,-2.8232343,3.2671692,-2.0302439,-1.7142091,1.729478,1.4297063,-2.3706455,-0.095359,4.102627,-2.1990888,-2.1954288
1,/data_nas/huangyj/data/placePulse/rawData/googleviews-110802files/5140d9c4fdc9f04926003c95.jpg,1.4914181,-2.3992345,0.07800056,0.96159667,0.30189353,0.50046533,-0.39260724,1.290504,-5.469728,-0.14540304,-0.44851133,0.55092055,-0.005168888,-1.4380934,2.5683315,-0.59843826,1.7759314,-1.0643158,0.6042259,0.74060315,0.06382596,0.13767321,-1.4334894,-1.9111164,-1.0281214,-1.4455507,0.5848231,-0.20708597,0.38386893,1.4212434,-0.016785074,1.5741405,-4.085011,-0.85153586,-1.5899155,-4.5253587,-0.49649888,-1.1175721,0.6218618,-1.5444734,-1.2736322,-0.15097089,-4.186382,-1.9586576,2.0059142,-2.2222645,-0.34720147,5.7348866,1.0489562,-1.5994309
0,/data_nas/huangyj/data/placePulse/rawData/googleviews-110802files/513d6064fdc9f03587003cf7.jpg,-0.5014289,-2.1048143,1.9073726,0.12628457,-1.0234681,-0.5314718,-0.75622946,-0.11414325,-2.8743737,-0.047172554,0.9216539,0.68995076,-2.272119,0.15772754,2.1249309,-0.2586368,-0.72127014,0.46884018,-0.18215148,-0.84228784,-0.92369115,0.34010163,-0.29258725,0.83522254,-1.3194951,0.6270518,0.7602227,0.14259127,-1.0758823,0.67572063,0.69555956,-3.0455067,-0.24450615,0.023847831,-0.8890804,-2.7725458,0.06993389,-0.6541769,0.108524434,-1.4532292,2.9348843,-1.162549,-1.2327898,1.7617147,0.82852197,-0.9055142,0.009700596,2.3601162,-0.87311924,-1.6814406
0,/data_nas/huangyj/data/placePulse/rawData/googleviews-110802files/514098adfdc9f04926000cf8.jpg,-0.9878859,-2.1891184,2.682639,-0.57976234,0.07481883,-1.3179026,-1.5248451,-0.12843773,-3.9546747,0.04195574,1.2297629,0.58042324,-2.9916735,-0.22044456,2.5763354,-0.69576323,-0.8557634,0.34895697,-0.849902,-0.77651733,-1.4846807,0.937908,0.9599574,-0.942556,-1.8220571,-0.15126018,1.5440174,0.65328574,-1.4578289,0.7291402,2.0982258,-2.9460535,-1.9760535,0.7101238,-0.37497807,-4.096594,-0.7354126,-2.018843,-1.138737,-2.958535,3.2160335,-1.7757007,-1.5558362,1.9269115,1.4698726,-2.0750089,-0.45472115,3.2498422,-1.5225527,-1.9420146
0,/data_nas/huangyj/data/placePulse/rawData/googleviews-110802files/513f14e6fdc9f0358700ccf5.jpg,-1.3891803,-2.869351,2.4270644,-0.38380763,1.4507523,-1.6928198,-1.8306454,-1.1558888,-5.285669,-1.0604068,1.9342026,1.3829015,-2.7949243,-1.0184474,2.717707,0.98482126,-0.96541846,1.9877311,-1.2872115,-1.426094,-1.7671459,1.784292,0.49216115,-2.9698348,-1.6461613,-0.72903156,1.667845,-0.52858824,-1.9609454,1.7984989,-0.37319517,0.37241098,-4.3096156,-0.6187829,-2.0315335,-4.9568353,-1.0261506,-0.59741306,-1.5349224,-1.5468911,0.5494314,-2.0174434,-2.7794719,-0.9801265,2.111052,-2.0602245,0.6980698,5.0236835,-2.5659227,-2.614632
1,/data_nas/huangyj/data/placePulse/rawData/googleviews-110802files/513d7bc0fdc9f03587006c82.jpg,-0.16784944,-0.866277,0.8156704,0.14525716,-1.1568806,-0.965629,-1.1481547,-0.2434195,-3.282241,-0.6197917,-0.053898957,1.119362,-1.5466906,0.33862114,1.3017527,0.764204,-0.022470357,1.8641305,-0.9368412,-0.41533908,-0.72849536,0.8799486,-0.032738224,0.39426953,0.07294163,0.64467955,0.81803435,-0.097663105,-0.7482545,0.754404,-0.36657536,-3.4500813,-0.6473584,-0.9788726,-1.0106211,-3.3293445,0.2736979,0.003066469,0.21054107,-1.103405,3.5153158,-0.13982078,-0.6694147,1.9984008,0.46765575,-1.1055003,0.95701176,2.8599656,-2.2030764,-0.25619704
0,/data_nas/huangyj/data/placePulse/rawData/googleviews-110802files/5140cbccfdc9f04926002c59.jpg,-0.69903034,-3.40409,2.6196184,0.90955603,0.38621676,0.07936741,0.030956445,-0.33393756,-4.9746065,0.5934823,1.7027938,0.1299718,-2.6159644,0.19099629,2.7964728,-0.59736043,-0.96288145,-0.061253175,0.84779936,-1.3294102,-0.92341423,-0.0040516965,-1.575036,-0.84767574,-2.0992556,0.7575563,0.03492859,0.500051,-1.5010291,0.9073231,0.56126106,-1.5914438,-2.4337065,0.7346836,-1.4836731,-4.67669,0.3530639,-1.0712167,-0.8311434,-1.8103745,1.7645853,-1.9429407,-2.6488004,0.52045786,1.2153097,-1.961483,-0.45102483,4.6924505,-0.15954173,-3.1081836
1,/data_nas/huangyj/data/placePulse/rawData/googleviews-110802files/50f5ed58fdc9f065f0008c59.jpg,-1.6766919,-2.0515873,2.4668539,-0.12026054,0.11518823,-1.5737141,-1.3293322,-1.4922099,-4.2913256,-0.66648155,1.733665,1.1271242,-3.1106584,0.31565303,1.8972281,1.2128117,-1.5540293,2.73153,-1.1208154,-1.7857925,-1.6245183,1.4028479,0.16170849,-0.90714884,-0.9679798,0.8490802,0.9662849,-0.13440835,-2.1102397,1.1522062,-0.5212803,-2.8252113,-1.8868256,-0.39569256,-1.6045252,-4.4264407,0.006532952,-0.036248554,-1.2279019,-1.2365259,3.3510647,-1.671627,-1.115154,1.509755,0.89637923,-1.482771,1.0476776,3.7315357,-3.1424706,-1.8375372
0,/data_nas/huangyj/data/placePulse/rawData/googleviews-110802files/50f42c72fdc9f065f0001c5a.jpg,-1.1779755,-2.936166,3.0073783,-0.41094223,1.1543988,-1.021167,-1.2238563,-0.33804205,-3.5751257,0.111278616,1.9917986,0.49520254,-3.076876,-0.38846657,2.8414273,-0.81253934,-1.2304966,-0.052092783,-0.45904583,-1.0731941,-1.5165424,0.70677364,0.5429296,-1.865222,-2.3962252,-0.18579377,1.3928869,0.43107396,-1.6964045,0.810272,1.7839609,-1.0356544,-2.780427,0.9569225,-0.7262981,-3.5018244,-0.7182523,-1.8170829,-1.6090924,-2.4504623,1.3964473,-2.2414732,-1.9208119,0.30813077,1.6908104,-1.7822003,-0.7613488,3.1113997,-0.9327638,-2.8401997
0,/data_nas/huangyj/data/placePulse/rawData/googleviews-110802files/51409835fdc9f04926000c5a.jpg,-1.5144663,-2.651557,2.682741,-0.1548796,1.0225536,-1.3311579,-1.2707733,-1.1732368,-4.0392923,-0.48326614,2.0298965,0.99328643,-3.0501626,-0.03243717,2.3523073,0.5726308,-1.4572308,1.7434016,-0.83796334,-1.5876085,-1.6239647,1.1294382,0.1446612,-1.8304842,-1.602209,0.41714582,1.1224645,-0.097108446,-2.0531695,1.1304481,0.018235948,-1.2109793,-2.7947342,0.03509277,-1.528292,-3.977882,-0.25343543,-0.515698,-1.5479661,-1.455889,1.7524328,-1.9694334,-1.5893934,0.23472786,1.3136885,-1.5486145,0.37688947,3.661767,-2.3027165,-2.4692826
0,/data_nas/huangyj/data/placePulse/rawData/googleviews-110802files/513d7bcafdc9f03587006ca3.jpg,-1.0195687,-2.1984248,1.7564434,-0.26303104,3.253078,-1.7496119,-1.9071752,-1.0224974,-5.544297,-1.0840276,1.5498974,1.2673048,-2.066945,-0.9706255,2.2119634,1.1239836,-0.30789047,2.1842568,-1.5317289,-0.77656186,-1.5661625,1.930375,0.6540286,-5.492921,-0.9464483,-1.0294893,1.6861931,-0.3793955,-1.6425773,1.6607958,-0.6299114,2.1570537,-6.551914,-0.6391535,-1.8785596,-5.305273,-0.950013,-0.7518053,-2.6573546,-1.6050315,-0.8943785,-1.442116,-2.6091526,-2.4843926,2.0895715,-2.658266,0.62670827,5.620384,-2.8723822,-2.002981
0,/data_nas/huangyj/data/placePulse/rawData/googleviews-110802files/50f5eac6fdc9f065f0007ca1.jpg,-0.43666658,-1.6118958,1.1137838,0.6401399,-0.32938763,-0.75966436,-0.773705,-0.7687202,-4.112562,-0.65032464,0.63385713,1.1244829,-1.7284433,0.44036472,1.5269117,1.1956992,-0.3619999,2.3016791,-0.53336245,-0.9353097,-0.83331263,0.8539122,-0.868531,-0.56895864,-0.13209732,0.95953083,0.41541058,-0.32251817,-1.1514014,1.0407019,-1.3730072,-2.1751866,-1.7916888,-1.0517995,-1.7820572,-4.012653,0.59864944,0.55917984,-0.25461182,-0.51174676,2.4749923,-0.49169278,-1.2482411,0.7522462,0.5506921,-1.1948998,1.1496781,3.906597,-2.2849178,-1.0395191
0,/data_nas/huangyj/data/placePulse/rawData/googleviews-110802files/50f5eac6fdc9f065f0007caf.jpg,-1.2305247,-2.2772982,2.5252452,0.07965495,-0.2316764,-1.1451851,-1.0095836,-0.8493506,-5.0517316,-0.085995324,1.322344,0.70286757,-3.0217903,0.33399898,2.258362,0.3062133,-1.1128469,1.6197604,-0.5709815,-1.3974638,-1.4260414,0.95968646,-0.12534963,-0.64856875,-1.2722384,0.7477419,0.7586134,0.4044166,-1.7954596,0.9823523,0.4789557,-3.4648051,-1.9738622,0.15378998,-1.2220899,-5.179575,0.033631958,-0.9065801,-1.008429,-2.1356637,3.8380303,-1.6624058,-1.64565,2.1015084,1.0224618,-2.1104262,0.4315416,4.4461813,-2.2333555,-1.9687965
0,/data_nas/huangyj/data/placePulse/rawData/googleviews-110802files/51414862fdc9f04926006ca5.jpg,0.30593085,-0.27529112,0.09268735,0.092213884,-1.4657593,-0.48324835,-0.83982384,0.13816917,-0.5159592,-0.6197361,-0.32053974,1.0678382,-0.7231564,0.47191706,0.634783,0.49104324,0.09800378,1.1467333,-0.7128248,0.03717745,-0.25611183,0.24459845,-0.027114904,1.3867303,0.34474498,0.8540737,0.6579008,-0.40217173,-0.19573271,0.22208339,-0.49994123,-2.7326198,0.9538527,-1.0260504,-0.5504478,-0.4708874,0.52050954,0.62589,0.8441966,-0.032044716,2.408691,0.4404901,0.4323226,1.4507798,-0.09991056,0.3501686,0.6652324,0.23164892,-1.236905,0.2952635
1,/data_nas/huangyj/data/placePulse/rawData/googleviews-110802files/51414865fdc9f04926006caa.jpg,0.55114937,-1.1619148,0.4657918,1.242876,-1.3211445,0.48038647,0.3049558,0.25785485,-3.2668617,0.3515495,-0.29838756,0.30014116,-0.9099424,1.1115694,1.149784,-0.020879146,0.24730057,0.62248397,0.66495925,-0.2054176,0.061981242,-0.39178136,-1.8089644,1.0679467,0.082081065,1.631046,-0.5251387,0.33923516,-0.26219457,0.2104485,-0.500093,-3.5782478,-0.13707747,-0.4180931,-0.94029576,-3.1995728,1.392318,0.11713177,0.5860727,-0.753096,3.2728648,0.20187433,-0.7558499,1.9569685,-0.21126187,-0.99087113,0.32511526,3.0441468,-0.4266909,-0.50224894
1,/data_nas/huangyj/data/placePulse/rawData/googleviews-110802files/50f55e6ffdc9f065f0004cab.jpg,1.8935153,1.9350281,-2.7192721,0.65176815,0.66270673,-0.13006628,-0.73934346,0.7190903,-0.7674645,-1.1062002,-2.286147,1.101055,2.02662,0.5237456,-1.0799935,1.4322362,2.2975752,1.9216897,-1.1128967,1.8628452,0.9036911,0.3309062,-0.28911033,-2.0664833,2.8078437,0.33688244,0.26138073,-0.6719369,1.2334203,-0.059312694,-2.17424,0.39739516,-2.172064,-2.2690027,-0.46252856,-0.66301215,1.046011,1.3173562,0.14458953,0.773812,-0.26477042,2.7276387,0.9074248,-1.1741711,-0.6786861,-0.23388316,1.263729,1.2056081,-1.6883748,2.6431987
0,/data_nas/huangyj/data/placePulse/rawData/googleviews-110802files/513d5fa6fdc9f03587003c06.jpg,-0.952854,-2.357275,1.9724414,-0.17429568,1.322797,-1.5416936,-1.7088159,-0.8216795,-5.567089,-0.880973,1.3113506,1.2462246,-2.399857,-0.7358047,2.444824,0.8634553,-0.44717744,1.9321042,-1.2171849,-0.9635718,-1.5144407,1.6546485,0.36937878,-3.0646732,-1.1336858,-0.5720984,1.4863005,-0.25492162,-1.5809036,1.6135108,-0.2502514,-0.24159732,-4.436913,-0.6431384,-1.7883928,-5.3786697,-0.76261216,-0.77043957,-1.4955034,-1.8061149,1.1147892,-1.4764413,-2.58469,-0.54613125,1.8634636,-2.385865,0.6956953,5.34487,-2.526056,-1.9994137
0,/data_nas/huangyj/data/placePulse/rawData/googleviews-110802files/51413ce2fdc9f04926005c02.jpg,1.6419318,-0.1648711,-0.8249861,0.06427729,-0.9436594,-0.6077294,-1.5180229,1.4298888,-3.9789286,-0.7330912,-1.8576115,1.0846759,0.31896782,-0.7592683,1.389995,-0.10021512,2.285154,0.28306526,-1.0167718,1.5759227,-0.008319035,0.7591557,0.4098801,-0.9369919,0.5936897,-1.119446,1.3493212,0.0080801565,0.78226775,0.78147477,0.53321683,-1.4333751,-2.4543803,-1.4384859,-0.43426087,-3.6987135,-0.46067315,-1.0865462,0.90831375,-1.9951551,1.5810038,1.1228791,-1.8426867,0.53874785,1.1395442,-1.940874,0.32670793,3.8700294,-0.99349797,0.82729334
1,/data_nas/huangyj/data/placePulse/rawData/googleviews-110802files/513e1e46fdc9f03587009c01.jpg,0.17337845,-0.4272244,0.081762694,0.65069443,-0.7481673,-0.36775342,-0.5224924,-0.32178664,-1.7377036,-0.616151,-0.14136562,1.0389813,-0.76361525,0.83153427,0.53599036,1.0737216,0.025422335,1.9476826,-0.5137604,-0.29202938,-0.20941147,0.36944523,-0.8128914,0.413261,0.6745362,1.2984815,0.1767035,-0.41017005,-0.42563197,0.41454703,-1.4661562,-2.4482086,-0.17111613,-1.2216007,-1.1500605,-1.7061003,1.0037757,1.0534922,0.29446048,0.2387707,2.3451538,0.4598279,0.17155902,1.0199237,-0.23009515,-0.13602188,1.0884707,1.6089634,-1.7391802,0.13964525
0,/data_nas/huangyj/data/placePulse/rawData/googleviews-110802files/51414ff2fdc9f04926007c09.jpg,-1.5350431,-2.7626326,2.5693936,-0.39195153,2.360704,-1.8019023,-1.8487294,-1.2558342,-5.4738307,-0.92318314,2.0996385,1.2216429,-2.88091,-0.87453216,2.6150038,0.9382002,-1.0235708,2.0762014,-1.3514419,-1.3887885,-1.8536943,1.855341,0.64545214,-4.1038346,-1.5900998,-0.70874214,1.6733241,-0.31377387,-2.0803702,1.6974281,-0.22257075,0.84031993,-5.266976,-0.30833215,-1.9037956,-5.265937,-0.9953132,-0.8353131,-2.3278682,-1.7704043,0.25461385,-2.0899034,-2.6346412,-1.3553727,2.1021707,-2.4111974,0.55105215,5.2671514,-2.7844396,-2.622725
1,/data_nas/huangyj/data/placePulse/rawData/googleviews-110802files/513d6b0bfdc9f03587004c0f.jpg,-0.97263545,-1.9020746,2.5502176,-0.97643185,-0.03907776,-1.4465663,-1.7664073,-0.02987794,-2.2963731,-0.15288387,1.1925265,0.7618336,-2.8264568,-0.23058687,2.334054,-0.85364026,-0.9237437,0.11902378,-1.1453551,-0.53945386,-1.501624,0.78788054,1.5494145,-0.57900625,-1.8264257,-0.16622514,1.8442848,0.4892747,-1.378983,0.42734253,2.4100752,-2.659668,-1.2349842,0.75793713,0.017287089,-2.453287,-0.8493884,-1.8836663,-0.95794165,-2.6878376,2.7698271,-1.6496767,-0.76935124,1.7586527,1.3009497,-1.3214142,-0.6294578,1.575229,-1.4735351,-1.6765925
0,/data_nas/huangyj/data/placePulse/rawData/googleviews-110802files/5141363afdc9f04926004c0f.jpg,0.16288774,-1.197739,0.6373634,0.33058834,-0.698526,-1.0718344,-1.3402647,-0.04058306,-6.2302346,-0.7376067,-0.4308186,1.1379864,-1.3413908,-0.33271733,1.8342352,0.8884757,0.77562547,1.9635627,-0.95731056,-0.1420272,-0.76811993,1.351537,-0.20473234,-1.1575996,0.09059783,-0.25279403,0.9486307,-0.017303115,-0.6004787,1.392738,-0.44936815,-2.666021,-2.9868236,-1.3106786,-1.4870367,-6.110011,-0.17679335,-0.59622985,-0.021952795,-1.9557546,3.1888719,-0.14089914,-2.3985312,1.3902841,1.2392918,-2.5932455,1.1127883,5.8840513,-2.3583593,-0.4307196
0,/data_nas/huangyj/data/placePulse/rawData/googleviews-110802files/51415038fdc9f04926007cb7.jpg,-0.13138582,-1.8047706,1.3790534,0.4209396,-0.91130835,-0.60084677,-0.804731,-0.028390607,-4.708547,-0.15692218,0.3001573,0.74706376,-1.8948251,0.08682976,2.0568724,0.1312965,-0.027767906,1.0011822,-0.28256276,-0.5838831,-0.774033,0.68098915,-0.5813969,0.012866949,-0.7020377,0.40729338,0.6217647,0.2121114,-0.8428955,0.9775189,0.19787817,-3.1580606,-1.4740081,-0.46596915,-1.196841,-4.603194,0.12747893,-0.7097864,0.0538285,-1.7833346,3.3016167,-0.7112005,-1.8783677,1.7977716,0.9574259,-1.8298709,0.44085562,4.2775855,-1.3420887,-1.2051064
1,/data_nas/huangyj/data/placePulse/rawData/googleviews-110802files/51413d38fdc9f04926005cb2.jpg,1.3441606,-0.019324267,-0.7409125,1.0259829,-1.5396384,0.587175,0.14808692,0.87817746,-1.5604339,0.0984891,-1.2564572,0.39515108,0.254863,0.9612864,0.3939599,-0.06395906,1.090825,0.32476404,0.334553,0.73806226,0.5661636,-0.537294,-1.3309641,1.2747717,0.8736832,1.2680147,-0.3215567,0.122911595,0.57634014,-0.15473041,-0.5187811,-2.9644568,0.47100586,-0.8708508,-0.37963068,-1.4570817,1.3432152,0.34970722,1.138659,-0.28812575,2.4790246,1.2240769,0.014763957,1.5447978,-0.5433281,-0.2913881,0.3008776,1.4623979,-0.1559115,0.7323806
1,/data_nas/huangyj/data/placePulse/rawData/googleviews-110802files/5141486dfdc9f04926006cb9.jpg,2.8167982,0.33591464,-2.5329602,0.8875005,-0.41538483,0.2463083,-0.89505357,1.8814188,-4.2633395,-0.9655418,-2.7519643,1.081373,2.1037235,-1.230479,0.7963324,0.47331393,3.5345974,0.168504,-0.44081497,2.283349,0.91886836,0.55121285,-0.82651883,-1.7575587,1.5710998,-1.6271762,0.7370829,-0.59245205,1.7743163,1.104119,-1.2403688,1.0946311,-3.4923897,-2.513367,-1.1185019,-3.5222747,-0.17406695,-0.11903456,1.4811888,-0.6742719,-0.86313045,2.2468088,-2.6380565,-1.641548,1.1057181,-1.782933,0.75625235,4.720613,-0.043173708,1.4715233
0,/data_nas/huangyj/data/placePulse/rawData/googleviews-110802files/5140cbc2fdc9f04926002c43.jpg,-0.9992338,-2.4960666,2.507352,-0.6004307,1.260379,-1.3628545,-1.6525469,-0.34390682,-3.7423663,-0.34361544,1.6075838,0.8672741,-2.723075,-0.64845127,2.6398747,-0.34388936,-0.81613046,0.50599504,-0.9779834,-0.8007203,-1.5226164,1.1041317,0.91993636,-2.3754969,-1.8989524,-0.5309235,1.7068689,0.15038067,-1.5216047,1.0159218,1.3653796,-0.6106724,-3.2950885,0.36829492,-0.84462285,-3.6483617,-0.93355733,-1.5822746,-1.5366378,-2.30909,1.1220249,-1.8502957,-1.9219823,-0.05088985,1.789173,-1.8566417,-0.32193592,3.3544497,-1.5237235,-2.2880137
1,/data_nas/huangyj/data/placePulse/rawData/googleviews-110802files/513d6b22fdc9f03587004c4e.jpg,-1.0817293,-2.5069995,2.6301038,-0.5637395,0.55653405,-1.0224948,-1.2969317,-0.33656216,-1.4954954,-0.1938383,1.9046801,0.7937297,-2.7605162,-0.27622992,2.3719165,-0.5919252,-1.349645,0.032820895,-0.6354534,-0.98412806,-1.4059931,0.5237051,0.7452571,-0.7171353,-2.1219187,0.0389804,1.4861887,0.011749869,-1.5265899,0.59234416,1.3743826,-0.98554575,-1.21887,0.66758484,-0.60707116,-1.3642298,-0.6091452,-1.0392716,-0.98027205,-1.4942259,1.0624881,-1.8971995,-0.9363651,0.24591324,1.2980738,-0.53724486,-0.5910207,1.0432293,-0.853326,-2.3836749
0,/data_nas/huangyj/data/placePulse/rawData/googleviews-110802files/50f5e648fdc9f065f0006c49.jpg,-2.0210557,-2.1461987,3.281367,-0.73416954,1.1572824,-1.8028058,-1.5955094,-1.170239,-3.061124,-0.14590548,2.2186909,0.6840909,-3.646665,0.32342768,2.121626,0.0100801345,-1.942778,1.5280117,-1.2526158,-1.550255,-1.9409795,1.1775413,1.2211609,-1.8090197,-1.7571952,0.5503511,1.478843,0.5029634,-2.2959988,0.5745877,1.442219,-2.4601026,-2.238421,0.97104424,-0.5421378,-3.403068,-0.46082184,-1.3452191,-2.2953627,-2.3043375,2.9475453,-2.2743106,-0.51102704,1.4794525,1.0976161,-1.6129256,-0.122324385,2.354675,-2.6813831,-2.2235034
0,/data_nas/huangyj/data/placePulse/rawData/googleviews-110802files/50f5eab0fdc9f065f0007c49.jpg,-0.9196224,-1.0518104,1.3910782,-0.37717304,-0.48991463,-1.6665452,-1.725621,-0.9140241,-3.1828213,-1.0630888,0.6478224,1.4491489,-2.1415467,0.21706168,1.3651592,1.2378416,-0.6584827,2.6599422,-1.6342609,-0.852531,-1.2883426,1.3774519,0.75653434,-0.4859965,-0.1792001,0.5250375,1.2944417,-0.3312866,-1.3877629,0.89718896,-0.44480667,-2.8732104,-1.300247,-0.96516734,-1.1454902,-3.319941,-0.085256726,0.11459632,-0.49435663,-1.0783839,3.215618,-0.6720442,-0.43623605,1.5727643,0.6620623,-1.0418309,1.1502401,2.68913,-3.2232213,-0.61817056
0,/data_nas/huangyj/data/placePulse/rawData/googleviews-110802files/50f5e648fdc9f065f0006c4f.jpg,-1.4848926,-2.761523,3.2454088,-0.54838574,-0.13763386,-1.0247952,-1.1120949,-0.5598207,-2.5211377,0.1931587,2.0587175,0.5164775,-3.4047117,0.13925476,2.5643115,-0.7919027,-1.7690343,0.14083837,-0.44468722,-1.4018487,-1.6043366,0.42666176,0.62059724,0.09193439,-2.3810766,0.5789297,1.193663,0.46280962,-1.9182147,0.47052822,1.919478,-2.891487,-0.67880446,1.11354,-0.47078392,-2.5916886,-0.38615206,-1.4439287,-0.99822056,-2.2142568,2.9189935,-2.3209743,-0.9686906,1.8418639,1.1202322,-1.0734056,-0.64375985,1.7957486,-1.0824904,-2.6813061
0,/data_nas/huangyj/data/placePulse/rawData/googleviews-110802files/513e1e62fdc9f03587009c4f.jpg,-0.32997382,-1.3559093,1.2329805,-0.14183149,-0.14991379,-1.3722471,-1.6214932,-0.24412912,-4.857117,-0.717199,0.19770403,1.159533,-1.8515658,-0.24951886,1.8996563,0.5834572,0.15055823,1.735007,-1.2349154,-0.34499565,-1.1091076,1.3308579,0.48048294,-1.3803262,-0.38339674,-0.18341863,1.3184178,0.022423126,-0.97445583,1.123321,0.17626558,-2.341531,-2.7169971,-0.7694206,-1.1146629,-4.8534684,-0.37561035,-0.8009583,-0.5544324,-2.0033891,2.8132088,-0.6129318,-1.6856395,1.184359,1.2389094,-2.1342564,0.7203913,4.4487877,-2.4628057,-0.78411084
0,/data_nas/huangyj/data/placePulse/rawData/googleviews-110802files/513cc998fdc9f03587001c48.jpg,-1.4542782,-0.9279488,1.3160756,-0.89039123,3.45967,-2.5764847,-2.6042378,-1.6167127,-3.8589535,-1.789566,1.4202394,1.7963927,-1.9736112,-0.6143083,1.2092726,2.0997148,-0.6279268,3.6756132,-2.6882217,-0.7880186,-1.760342,2.4861743,1.7709167,-5.653478,0.038939383,-0.71779954,2.1356175,-0.7915307,-1.8176593,1.4047731,-1.2824054,1.7948002,-5.904065,-1.206589,-1.6208124,-3.9225366,-0.9226746,0.09332822,-3.0444136,-0.880809,-0.4390181,-0.94223136,-0.83686244,-2.1706471,1.4933517,-1.8660468,1.349298,3.8432984,-4.438424,-0.8487288
0,/data_nas/huangyj/data/placePulse/rawData/googleviews-110802files/5141483cfdc9f04926006c44.jpg,-1.7219708,-2.1076238,2.410933,-0.6489285,1.6473039,-2.1403782,-2.0800695,-1.4901297,-4.279447,-1.1741914,1.9266402,1.4945611,-2.9474895,-0.4415597,2.078183,1.3000098,-1.286507,2.7402008,-1.822071,-1.4407258,-1.9446753,1.9306028,1.0998789,-3.143407,-1.1115918,-0.19936614,1.7818489,-0.43814582,-2.1639044,1.4361948,-0.4161888,-0.36730778,-3.9489462,-0.5152941,-1.6524916,-4.2846246,-0.78410476,-0.31568274,-2.0546875,-1.381664,1.2923208,-1.7856215,-1.4792191,-0.42054665,1.5859252,-1.7398773,0.9190842,3.9299488,-3.4994793,-1.949256
0,/data_nas/huangyj/data/placePulse/rawData/googleviews-110802files/5140caf5fdc9f049260029d6.jpg,-1.3217617,-2.2584956,2.7627077,-0.11025298,-0.28306708,-1.0239496,-0.9308787,-0.72439104,-3.344953,0.11173699,1.6040317,0.5694083,-3.130507,0.5330942,2.164532,-0.18614024,-1.4715786,1.0311632,-0.45334113,-1.3606827,-1.4205971,0.5757473,0.1371261,-0.08147475,-1.5840334,0.9924565,0.8294469,0.47741616,-1.8142034,0.54849917,1.0593213,-3.476775,-0.98763144,0.6228113,-0.7342968,-3.531727,0.09084859,-0.9726959,-0.9836538,-1.9460193,3.5957189,-1.7792169,-0.8787547,2.1544507,0.774524,-1.3613923,-0.06330932,2.6850986,-1.7497058,-2.0574687
1,/data_nas/huangyj/data/placePulse/rawData/googleviews-110802files/513d9b67fdc9f035870079d6.jpg,-0.9444318,-2.048909,2.5412335,-0.07656596,-1.0400215,-0.60482913,-0.6472293,-0.22589445,-2.1734393,0.39578107,1.2982893,0.33639055,-2.8496735,0.6314079,2.0205717,-0.7419497,-1.3437345,0.17229168,-0.09828932,-1.0847851,-1.0966614,0.083512515,0.030741515,1.205356,-1.6380463,1.1093372,0.6852837,0.5903906,-1.3974817,0.20137224,1.5660759,-4.131991,0.44876567,0.86711687,-0.30174708,-2.3237784,0.20648661,-1.0737846,-0.34591782,-1.8733776,3.8842432,-1.5559464,-0.46924624,2.7723627,0.5073012,-0.8042953,-0.42857775,1.4277287,-0.87164736,-1.8256432
0,/data_nas/huangyj/data/placePulse/rawData/googleviews-110802files/50f5e58efdc9f065f00069d7.jpg,-1.4561892,-2.509295,2.6209865,-0.69518137,0.5679808,-1.9312687,-2.0441422,-0.94416356,-4.747539,-0.92716235,1.6942122,1.3301796,-3.0881128,-0.8081247,2.6350927,0.6300561,-1.0554136,1.8204134,-1.5169245,-1.2994056,-1.8928716,1.7300959,1.0793185,-1.9095842,-1.6629139,-0.59666383,1.9059482,-0.23508394,-1.934308,1.5061272,0.507617,-1.2475893,-3.170711,-0.28813335,-1.4570318,-4.615563,-1.1083475,-1.0073068,-1.2745332,-2.0961366,1.9723707,-2.0035613,-2.181685,0.4526361,1.9307811,-1.9543891,0.52098286,4.1882,-2.7260263,-2.2440157
1,/data_nas/huangyj/data/placePulse/rawData/googleviews-110802files/513d3416fdc9f035870029df.jpg,1.2475625,-0.4924143,-0.04260228,1.0891705,-1.4042543,0.9197234,0.48472258,1.2073203,-1.9304336,0.84818375,-1.0096127,-0.18032373,-0.21834221,1.1030682,0.839712,-1.1027288,0.8510912,-0.81727076,0.92362934,0.70350754,0.55628,-0.99810624,-1.451187,1.336618,0.1349863,1.3706797,-0.49140817,0.7779864,0.47110456,-0.4574723,0.7946317,-3.6495454,0.42844227,0.16009524,0.13346931,-1.9122566,1.3394734,-0.65649676,0.7759514,-1.2555939,3.033676,0.7078213,-0.22191134,2.2293537,-0.43307573,-0.79128224,-0.5389615,1.6712046,0.71448755,0.14286563
1,/data_nas/huangyj/data/placePulse/rawData/googleviews-110802files/5140d863fdc9f049260039d5.jpg,1.5805153,-0.61786675,-1.2401308,0.48943755,-0.47648674,-0.2406115,-1.139453,0.8939252,-3.388813,-1.2556875,-1.2600241,1.438751,0.72238845,-1.2225459,1.2359588,0.8861921,1.9810547,0.8287386,-0.69589543,0.9890713,0.18479963,0.83318764,-0.56192905,-1.0236467,0.6546156,-1.1992993,1.0234898,-1.0437292,0.7126506,1.3784354,-1.5606866,0.90037227,-2.4602168,-2.368023,-1.6105547,-2.6262324,-0.36344963,0.47114894,1.2488563,-0.07478224,-0.6584947,1.0784132,-2.3506165,-1.5285718,1.2525904,-0.9088551,0.99173206,3.6471577,-0.58400273,0.305335
1,/data_nas/huangyj/data/placePulse/rawData/googleviews-110802files/5140b771fdc9f049260019da.jpg,-0.57453716,-2.4378858,1.9546951,0.25215527,-0.38334942,-0.6396017,-0.81577456,-0.2868472,-4.0230246,-0.19280687,1.0950875,0.7794414,-2.3188255,-0.1677483,2.3391774,0.019868072,-0.6294079,0.7324329,-0.20683104,-0.9948861,-1.0362239,0.58524,-0.47832662,-0.24493712,-1.4010335,0.2697055,0.7799453,-0.03327015,-1.2432706,1.0624087,0.24405657,-2.0144265,-1.5910974,-0.15594058,-1.3494337,-3.751675,-0.1220574,-0.6050223,-0.2312662,-1.4731226,2.1837113,-1.34937,-1.9985883,0.9200938,1.215624,-1.368042,0.17678775,3.6309817,-1.0621892,-2.0028365
1,/data_nas/huangyj/data/placePulse/rawData/googleviews-110802files/513d6a1bfdc9f0358700496e.jpg,2.2183287,-0.3650948,-1.3268509,1.0638355,-1.9135232,0.7479993,-0.12749302,1.7351631,-2.7883031,-0.14916804,-1.9241014,0.5855918,0.9647505,-0.32128462,1.0535451,-0.3559496,2.2363777,-0.6018027,0.43737403,1.4140359,0.80561024,-0.33908376,-1.3861164,1.0915259,0.6237205,-0.23588848,0.135204,-0.16786951,1.2542132,0.52825034,-0.36367723,-1.5671439,-0.4530485,-1.4523243,-0.70821095,-2.2202017,0.48569065,-0.13220745,2.0450246,-0.64057446,1.1677383,1.4667419,-1.7811029,0.5118543,0.46520796,-0.8065387,0.18111433,2.8470678,0.80360794,0.6455398
1,/data_nas/huangyj/data/placePulse/rawData/googleviews-110802files/50f5e584fdc9f065f0006961.jpg,0.66049075,-0.6744224,0.72408116,0.5144588,-1.8650973,0.12513131,-0.20712969,0.96764183,-2.3920126,0.64188397,-0.67961293,0.057345763,-1.1042663,0.8278016,1.2439079,-1.0635184,0.44066107,-0.44746423,0.2688505,0.37484848,-0.06675576,-0.4198806,-0.5252033,1.6218827,-0.29372215,0.9853325,0.19353047,0.8774929,-0.008380475,-0.19304468,1.4986869,-4.706895,0.6078858,0.33236519,0.231008,-2.529269,0.71106255,-1.1734954,0.63893145,-2.0001087,4.2005816,0.13847232,-0.35488904,3.1972518,0.0060521364,-1.1145983,-0.4672789,1.8289932,-0.093233995,-0.09155039
1,/data_nas/huangyj/data/placePulse/rawData/googleviews-110802files/513e6560fdc9f0358700b969.jpg,-0.3204164,-1.6958927,1.2715843,0.25818822,-0.7867466,-0.8112335,-1.0250132,-0.33693907,-3.9335153,-0.55470026,0.4900626,1.0779563,-1.8304557,-0.028209478,1.8492194,0.6142889,-0.23990402,1.500556,-0.6073894,-0.724845,-0.8633032,0.8599665,-0.37130088,-0.020243492,-0.570032,0.38356647,0.8089828,-0.20616728,-0.97659844,1.0619985,-0.40192693,-2.5382295,-1.3092014,-0.83474046,-1.4029944,-3.7710147,0.06445504,-0.11378538,0.091715306,-1.1223046,2.712167,-0.6743403,-1.54166,1.2450663,0.9088067,-1.2726165,0.7613767,3.5735219,-1.7231884,-1.1236291
1,/data_nas/huangyj/data/placePulse/rawData/googleviews-110802files/513d7ad2fdc9f0358700696f.jpg,0.7503237,0.07824493,-0.76310426,0.86049974,-1.485685,-0.1681398,-0.42136353,-0.021256225,-1.9123876,-0.7817681,-0.9141815,1.1540236,-0.045582138,0.74575585,0.22827631,1.3662708,0.68296933,2.109256,-0.4694263,0.094822735,0.16848117,0.35425517,-1.1114902,1.0322139,1.321835,1.2085816,0.0040766727,-0.60358673,0.08266236,0.50971615,-2.0430815,-2.6815612,0.24764088,-1.8848379,-1.2642468,-1.7910566,1.1379589,1.445191,1.0754128,0.5920204,2.497908,1.1610483,0.04488013,1.1897292,-0.39992937,-0.043342475,1.4809172,1.8572925,-1.648927,0.8408914
1,/data_nas/huangyj/data/placePulse/rawData/googleviews-110802files/5140d82cfdc9f04926003968.jpg,1.1764417,-0.556787,-0.30352384,1.4092379,-0.6456566,1.012086,0.67667544,0.7898863,-1.3872409,0.54820544,-0.6373026,0.02738513,0.041569613,1.1364096,0.517176,-0.41802016,0.6710687,-0.23063596,0.963546,0.4366118,0.6389248,-0.9541502,-1.9468454,0.6692199,0.38947666,1.547394,-0.7236182,0.26787657,0.37044343,-0.26545018,-0.49832386,-2.127781,-0.03679274,-0.2611294,-0.48428375,-1.2077488,1.5796007,0.30749705,0.5514564,-0.107904196,1.6297266,0.79958314,-0.10658699,0.8322918,-0.5449969,-0.24118756,-0.13929276,1.4071187,0.5752613,0.0075507537
0,/data_nas/huangyj/data/placePulse/rawData/googleviews-110802files/50f4348efdc9f065f000296a.jpg,0.2823316,0.87727374,-1.0769504,-0.10766148,0.15449819,-1.573866,-1.8623353,-0.59813017,-2.2265854,-1.9235985,-0.904416,1.9612446,0.014099988,0.026297726,-0.1239981,2.4988909,0.87214077,3.724429,-2.2085726,0.32182962,-0.43803334,1.7011366,0.64891315,-1.7166759,1.9784597,0.1162733,1.226689,-1.1487244,-0.20520765,0.9786778,-2.567575,-0.7847243,-2.111528,-2.6760035,-1.4193735,-2.2106714,0.18875007,1.5792845,-0.1468232,0.5466992,1.3223317,1.3100108,0.26739872,-0.2597516,0.14896408,-0.47430205,2.2250056,2.2639089,-3.691303,1.5406014
0,/data_nas/huangyj/data/placePulse/rawData/googleviews-110802files/513d336efdc9f0358700296a.jpg,-0.9495835,-0.6280642,0.568057,-0.44388852,2.2788613,-2.2940328,-2.3412318,-1.5051793,-4.193193,-1.9955431,0.743375,2.0099757,-1.3994874,-0.490072,0.9358991,2.5920894,-0.13206175,4.1004353,-2.5106597,-0.6458351,-1.4156351,2.3934395,1.0839111,-4.4622765,0.6823361,-0.4529037,1.7460854,-1.0724751,-1.4454585,1.5841889,-2.2436643,1.082896,-5.0642843,-1.974641,-2.02109,-4.1426425,-0.53177345,0.8493201,-1.9900717,-0.27596316,0.11361802,-0.2966959,-0.9795855,-1.7500197,1.2086616,-1.6184883,1.9534982,4.24202,-4.4641485,-0.2876534
1,/data_nas/huangyj/data/placePulse/rawData/googleviews-110802files/513cc684fdc9f03587001964.jpg,2.1603909,-0.15000561,-1.8858777,0.66520864,-0.9843119,-0.06506284,-1.0518839,1.3175727,-3.9193215,-1.2202737,-2.0864675,1.3662114,1.3602829,-1.1810677,1.0252407,0.81354004,2.7302053,0.7003479,-0.6404514,1.559635,0.50210106,0.69863045,-0.6853483,-0.8301035,1.1434829,-1.3054383,0.86378026,-0.89287627,1.1818969,1.2595372,-1.488845,0.50769794,-2.5518978,-2.5707467,-1.4156581,-3.1594734,-0.2227211,0.33229205,1.7018453,-0.3471329,-0.3204367,1.6716957,-2.4698439,-1.1765127,1.1164259,-1.2412024,1.0314898,4.195758,-0.5344764,0.95158994
0,/data_nas/huangyj/data/placePulse/rawData/googleviews-110802files/51409518fdc9f0492600093a.jpg,-0.9670114,-0.18411177,1.2619088,-0.73621845,0.6097962,-1.4473917,-1.5000652,-0.71540594,-0.16861348,-0.5838927,0.7711218,0.97354966,-1.8850399,0.83326125,0.58500844,0.50473595,-1.01932,1.8907945,-1.5589651,-0.5099412,-1.0347768,0.842679,1.3297,-0.92904764,0.016823504,1.0318288,1.2324522,0.0016907137,-1.1776804,-0.10291117,0.38471422,-2.432473,-0.5549059,-0.118378066,0.005134942,-0.6178801,0.20999008,-0.05601076,-1.3442043,-0.7740363,2.5464485,-0.42191148,1.464672,1.3704766,-0.084011175,-0.119590364,0.40657592,-0.28472236,-2.6382742,-0.032493487
1,/data_nas/huangyj/data/placePulse/rawData/googleviews-110802files/513f2d06fdc9f0358700d97d.jpg,0.687974,-0.44797856,0.15954195,0.53159976,-2.0005097,0.15422447,-0.2003789,0.618374,-1.1636693,0.09210514,-0.6256161,0.48441702,-0.65390056,0.845009,0.7852636,-0.27993792,0.3402539,0.24861363,0.06344358,0.24271157,0.060513742,-0.3834614,-0.69134736,2.043262,0.14302295,1.2155029,0.09477349,0.17251024,0.051296704,-0.1091803,0.2118421,-3.793214,1.305537,-0.44892424,-0.22167926,-1.1348777,0.9346787,0.035366468,1.1199989,-0.65930754,3.248987,0.48655927,0.14045979,2.3317573,-0.31373674,-0.07762606,0.115341894,0.7841785,-0.35097125,0.16536218
0,/data_nas/huangyj/data/placePulse/rawData/googleviews-110802files/51414eebfdc9f04926007972.jpg,1.0177358,-1.6432738,-0.047538623,1.0292121,-0.67088497,0.053097837,-0.47962934,0.53635997,-5.4109235,-0.4831312,-0.59532917,0.9030202,-0.37775686,-0.55928713,1.8845628,0.48316842,1.2739278,0.7401289,0.112817004,0.18534742,-0.07464132,0.50649095,-1.4832172,-0.7534478,-0.071293145,-0.30431664,0.32105282,-0.35902038,0.03529735,1.3730962,-1.0989978,-0.83406574,-2.7108731,-1.4885314,-1.8280855,-4.8217683,0.18404923,-0.06481716,0.8085067,-0.9341637,1.081963,0.22360083,-2.983583,-0.20305282,1.1976485,-1.8546702,0.73431456,5.4568,-0.5356772,-0.7640544
0,/data_nas/huangyj/data/placePulse/rawData/googleviews-110802files/5140cadafdc9f0492600297c.jpg,0.35579073,-1.136439,-0.27649024,0.34599683,-0.19320783,-1.0693259,-1.5204746,-0.40157098,-4.759575,-1.6988133,-0.30158034,1.8708334,-0.48183718,-0.920311,1.4474065,2.0093734,0.9259449,2.6810977,-1.2971781,-0.17701305,-0.58738494,1.594831,-0.4298992,-1.5198557,0.5305848,-0.6389206,1.1003793,-1.2309806,-0.42819902,1.8573774,-2.4134433,0.15283395,-3.0758264,-2.5858707,-2.3805516,-4.2070704,-0.29954055,0.99513495,0.49134624,-0.01881873,0.47296467,0.29107505,-2.3721914,-1.0512534,1.3191473,-1.3124655,1.8816885,4.8723392,-2.4629142,-0.3209308
0,/data_nas/huangyj/data/placePulse/rawData/googleviews-110802files/51413b74fdc9f0492600597a.jpg,-1.3196428,-2.9199948,2.5584378,-0.13645509,1.6748127,-1.408057,-1.4931267,-1.0342028,-5.310218,-0.6722746,1.9870759,1.0650452,-2.8390512,-0.6754788,2.7066343,0.6475828,-1.0028099,1.6571672,-0.91175467,-1.3873996,-1.6542622,1.5141642,0.18274759,-3.0981567,-1.6952422,-0.3964964,1.3701384,-0.19642784,-1.8966681,1.5768352,-0.09581431,0.10089804,-4.3672895,-0.21397433,-1.8563,-5.08653,-0.72353566,-0.8417287,-1.801121,-1.7227768,0.7548611,-2.0216103,-2.659896,-0.8154641,1.9226825,-2.2313888,0.41024736,5.0653586,-2.219232,-2.7041092
0,/data_nas/huangyj/data/placePulse/rawData/googleviews-110802files/513d5dd3fdc9f03587003970.jpg,-0.071612805,-0.4030885,0.86683357,-0.1671878,-1.1410464,-0.5573317,-0.8273821,0.18719721,-0.83057755,-0.041947845,-0.01593408,0.5924555,-1.4171785,0.8045467,0.89957213,-0.26527253,-0.3179038,0.66059506,-0.61503136,-0.08375314,-0.46328118,0.15287206,0.3735709,1.1306063,-0.13577242,1.0816737,0.7044567,0.3038383,-0.47652304,-0.17142102,0.862643,-3.8698037,0.85023254,-0.08684982,0.122941375,-1.0709432,0.50063473,-0.41593212,0.11116808,-1.146585,3.5451295,-0.05812119,0.66470224,2.5183582,-0.13986844,-0.2428764,0.047385182,0.2814672,-1.2032615,0.0078924205
0,/data_nas/huangyj/data/placePulse/rawData/googleviews-110802files/50f61682beb2fed910000974.jpg,-1.7551398,-2.1553197,2.4541802,-0.41670856,1.8372006,-2.0861437,-1.9401268,-1.5991492,-5.2891326,-1.0473816,1.8418051,1.3482269,-2.9837196,-0.28130928,2.1213574,1.4021719,-1.1912334,2.9778662,-1.7069982,-1.4978682,-1.923043,1.984179,0.80950344,-3.5402896,-0.98602724,-0.07380587,1.5440751,-0.22411652,-2.2356417,1.4769034,-0.49794716,-0.62154704,-4.557108,-0.46886575,-1.7729182,-5.3645387,-0.6030103,-0.4625029,-2.3165338,-1.6812094,1.6577647,-1.802786,-1.7342604,-0.2265864,1.5719885,-2.317614,0.9984699,4.9579372,-3.741224,-1.9897611
0,/data_nas/huangyj/data/placePulse/rawData/googleviews-110802files/50f5e56ffdc9f065f0006929.jpg,-0.44013762,-0.84700793,0.6156317,-0.38716838,0.080383144,-1.5845809,-1.8967369,-0.6618883,-2.6061792,-1.5004562,0.36286917,1.7746841,-1.372314,-0.4374756,1.2352203,1.535539,-0.090477824,2.5522115,-1.765205,-0.46635032,-1.0315632,1.5510765,0.7214718,-1.1634321,0.14309411,-0.18464404,1.5636171,-0.91636634,-0.93738675,1.2342511,-1.2161002,-0.88533455,-1.8738312,-1.6601435,-1.4840163,-2.445102,-0.42220327,0.60944515,-0.2669949,-0.32064092,1.3283863,-0.22789931,-0.7476554,-0.056659676,0.966479,-0.656778,1.3858021,2.4253352,-2.8337379,-0.33215725
0,/data_nas/huangyj/data/placePulse/rawData/googleviews-110802files/514146edfdc9f04926006928.jpg,-0.6656574,-1.8071924,1.6088097,-0.45305657,2.4971976,-1.0052795,-1.4109372,-0.3578182,-0.93802017,-0.5869822,1.5675238,0.9809665,-1.6763227,-0.3602214,1.7016119,-0.051432658,-0.7130602,0.47490782,-0.9790176,-0.36573014,-1.052204,0.6724569,0.7866265,-3.1466556,-1.2469054,-0.2425591,1.5138632,-0.32014865,-1.1460574,0.5191329,0.43059915,1.6839908,-3.2061822,0.14061996,-0.72849166,-0.7461288,-0.48053315,-0.54607916,-1.8291571,-0.77594143,-1.2943588,-1.1486713,-0.5530686,-2.0099456,1.1837852,-0.53354067,-0.36067393,0.9689215,-1.1939793,-1.7308401
0,/data_nas/huangyj/data/placePulse/rawData/googleviews-110802files/513d7afcfdc9f035870069ee.jpg,-1.8545529,-2.0178933,2.393104,-1.1315007,2.8400574,-2.3082416,-2.4048235,-1.4975408,-2.1640406,-1.4202302,2.3723946,1.643981,-2.754432,-0.758532,1.9032753,1.1425198,-1.5161968,2.3318386,-2.1896324,-1.2562922,-2.022968,1.9007415,1.8177913,-4.0698524,-1.3665941,-0.6234079,2.2722237,-0.7637023,-2.1642876,1.2316216,-0.20547874,1.703304,-4.198895,-0.32341164,-1.3759365,-2.073045,-1.1630661,-0.21982849,-2.5748453,-0.86361766,-0.7601397,-1.9066396,-0.8163296,-1.9975291,1.7103127,-0.9184332,0.5267118,1.9896437,-3.2324276,-2.0801868
1,/data_nas/huangyj/data/placePulse/rawData/googleviews-110802files/513d7afcfdc9f035870069e9.jpg,0.96184015,-0.23421544,0.07460818,0.6048822,-2.1498294,0.38791302,-0.005993942,1.0241429,-1.2087631,0.47396132,-0.9905641,0.15884896,-0.5074761,1.0175974,0.74624324,-0.8186979,0.6104421,-0.35043147,0.32179227,0.57714814,0.2678949,-0.6684483,-0.72938776,2.1877227,0.18777691,1.281222,-0.0517072,0.57905406,0.3124834,-0.38175583,0.890216,-4.4203386,1.4436401,-0.07431385,0.24005583,-1.290626,1.0413388,-0.47578904,1.1261663,-1.169784,3.7441685,0.6645717,0.237393,2.9200163,-0.44756758,-0.35622603,-0.24650593,0.7817811,0.07422005,0.4072774
1,/data_nas/huangyj/data/placePulse/rawData/googleviews-110802files/513d3425fdc9f035870029eb.jpg,2.2684011,-1.0024596,-1.5755055,0.9541879,-0.1058671,0.102192536,-0.9361004,1.4913958,-6.7804475,-0.93960416,-2.0096426,1.0837294,1.2215195,-1.8303196,1.8530523,0.5529809,3.156511,0.2462733,-0.22620559,1.5328885,0.4598242,0.93703353,-1.1938032,-2.4496052,0.6220589,-2.097406,0.78348225,-0.58689916,1.1468925,1.8770527,-1.2072823,1.4972374,-4.889409,-2.413914,-1.8811828,-5.835938,-0.65816075,-0.598417,1.1971252,-1.3480086,-0.91698444,1.1927246,-4.4361596,-1.8919612,1.9812562,-2.8380895,0.86010593,7.1879535,-0.1264737,0.11093528
0,/data_nas/huangyj/data/placePulse/rawData/googleviews-110802files/513cc710fdc9f035870019eb.jpg,-0.11284477,-1.5821779,0.3254555,0.7039631,2.3509514,-0.95979565,-1.1125114,-0.859276,-6.144573,-1.2033423,0.49260926,1.3035184,-0.7968692,-0.56517816,1.4986409,1.8789823,0.574611,2.7582266,-0.9279441,-0.44080612,-0.7497647,1.5258213,-0.81485623,-4.6503215,0.27335173,-0.41564798,0.68194884,-0.7598553,-0.9390282,1.7150608,-2.3890307,1.9625096,-6.0963683,-1.7030275,-2.479367,-5.706849,-0.010528985,0.4913799,-1.5431572,-0.46857467,-0.8347918,-0.26101914,-2.704173,-2.544352,1.3977151,-2.4051855,1.4202011,6.472243,-2.6450698,-1.0807959
1,/data_nas/huangyj/data/placePulse/rawData/googleviews-110802files/513d6a3ffdc9f035870049e4.jpg,-0.32004845,-2.2522736,1.9686259,-0.050656095,-1.0864282,-0.8034087,-1.1246612,0.18128778,-4.7045565,-0.047126744,0.5507188,0.6917399,-2.3390057,-0.27336407,2.5928106,-0.49545875,-0.18699364,0.31598386,-0.39889157,-0.5355323,-1.0808398,0.66975385,0.07592325,0.15187848,-1.4498385,-0.049087454,1.0898722,0.41097337,-1.0048378,0.9366059,1.3312563,-3.2450988,-1.4452124,0.039977267,-0.822038,-4.5927796,-0.38366663,-1.4944314,0.04335113,-2.5494993,3.3569744,-1.2335379,-2.204053,2.0305443,1.368521,-2.012262,-0.082972586,4.103588,-1.1152344,-1.6841516
0,/data_nas/huangyj/data/placePulse/rawData/googleviews-110802files/513d5da2fdc9f0358700391d.jpg,-0.5105477,-3.6997135,1.9969935,0.79640996,0.86448604,-0.15229502,-0.41830578,-0.5393178,-5.30771,-0.35078755,1.7831657,0.8462097,-2.0499957,-0.91855866,2.9911454,0.38738737,-0.5556679,0.56031895,0.4153301,-1.3701379,-0.9626172,0.6543362,-1.6134356,-1.6883272,-1.9684776,-0.3017463,0.47932276,-0.557218,-1.3689169,1.8166535,-0.97830874,1.0817747,-3.4875906,-0.536769,-2.532125,-4.5155025,-0.2786519,-0.17076872,-0.4068541,-0.73985887,-0.5670488,-1.813534,-3.760328,-1.7038349,1.9303102,-1.6527882,0.30310223,5.374295,-0.34055138,-3.2831435
0,/data_nas/huangyj/data/placePulse/rawData/googleviews-110802files/50f5ec44fdc9f065f0008913.jpg,-1.2171988,-1.487449,2.5508175,-0.94633484,0.20764467,-1.6517416,-1.7741791,-0.31458938,-2.150366,-0.13757695,1.2379758,0.73040235,-2.9687026,0.1510932,1.9384985,-0.53853375,-1.1466973,0.7176113,-1.3485043,-0.69442767,-1.5666211,0.9320696,1.6401516,-0.8213823,-1.4425521,0.19456327,1.739249,0.5772171,-1.5239896,0.31463057,2.1515493,-3.1390977,-1.2195363,0.80575764,0.08284363,-2.4953961,-0.63502204,-1.6747744,-1.3902413,-2.5574868,3.3115282,-1.5528971,-0.19439277,2.1133318,1.0032898,-1.3217598,-0.37178347,1.3987709,-2.060775,-1.3478678
0,/data_nas/huangyj/data/placePulse/rawData/googleviews-110802files/513f121ffdc9f0358700c911.jpg,-0.1949528,-2.157547,1.6864027,0.8006492,-0.8253708,0.2658593,0.12515149,0.0011766944,-2.557868,0.49589297,0.88190687,0.20267427,-1.843778,0.7389864,1.8130493,-0.54816526,-0.6894725,-0.024170255,0.6884823,-0.7997939,-0.45932797,-0.4404833,-1.3316487,0.93970585,-1.2119399,1.3503222,-0.104568355,0.3432836,-0.92551845,0.23764625,0.38592458,-2.7868419,-0.13685144,0.38483208,-0.82925797,-2.404172,0.855336,-0.35240075,0.114409275,-1.0012137,2.4921074,-0.94409895,-0.99254936,1.4593165,0.28425872,-0.67696095,-0.34136686,2.1982358,-0.065345146,-1.7620142
0,/data_nas/huangyj/data/placePulse/rawData/googleviews-110802files/513d32fdfdc9f0358700291c.jpg,-0.87012917,-0.25768483,0.57751614,-0.33391616,2.11126,-2.1278148,-2.113949,-1.329844,-3.9763439,-1.6012366,0.5071869,1.6944784,-1.4218491,0.036450714,0.7026979,2.2435658,-0.1198879,3.9207778,-2.3324006,-0.48852095,-1.256994,2.1153305,1.0297252,-4.137809,0.8803706,0.03905767,1.4972775,-0.6430557,-1.3225093,1.1535658,-1.7355218,-0.07038679,-4.592794,-1.5820315,-1.5498418,-4.1516123,-0.16129231,0.54359144,-2.1303594,-0.6315321,1.1214017,-0.10037971,-0.37861946,-0.8071993,0.7918668,-1.7405819,1.7288142,3.92007,-4.3944964,0.0671922
0,/data_nas/huangyj/data/placePulse/rawData/googleviews-110802files/50f4348afdc9f065f0002918.jpg,-0.7489742,-2.566476,1.5934417,0.24393332,0.40260243,-1.2919142,-1.4274375,-0.93276405,-6.252216,-1.106301,1.1164072,1.4541929,-2.156109,-0.90419227,2.4972842,1.4470688,-0.27871138,2.3644426,-0.938386,-1.2277434,-1.3226948,1.7113758,-0.4475989,-2.0256662,-0.90462697,-0.505112,1.1336762,-0.6678378,-1.4702768,2.0815463,-1.357406,-0.4254254,-3.8222592,-1.3953573,-2.511363,-5.819219,-0.5853415,-0.00094411336,-0.57355046,-1.1197586,1.2500428,-1.2934331,-3.2521257,-0.4903929,1.8789102,-2.1972396,1.3394071,6.100092,-2.460694,-2.0304925
0,/data_nas/huangyj/data/placePulse/rawData/googleviews-110802files/513d5d9afdc9f03587003914.jpg,-0.8323212,-0.484288,1.3299865,-0.20302553,-0.7976228,-1.3739648,-1.3081706,-0.714509,-2.3481088,-0.5078071,0.3637363,1.0170904,-2.109877,0.982725,0.897572,0.80140305,-0.74612683,2.3717773,-1.3068668,-0.69972706,-1.054554,0.91395503,0.5978674,0.25457913,0.14697483,1.2821957,0.87896436,0.1891438,-1.2229663,0.28452042,0.045273878,-4.3099732,-0.24398842,-0.41372216,-0.5161632,-2.7689714,0.48209667,-0.040637203,-0.59536636,-1.228986,4.372909,-0.39028755,0.5789485,2.741414,-0.015358403,-0.906706,0.8737045,1.7544721,-3.0058115,-0.10660278
1,/data_nas/huangyj/data/placePulse/rawData/googleviews-110802files/5140b768fdc9f049260019c6.jpg,2.7698352,-0.18383607,-1.9002494,0.79819256,-1.3905736,0.70286334,-0.50317967,2.2803633,-2.876375,-0.38339943,-2.4209087,0.7132143,1.658383,-1.0845131,1.1741525,-0.5773141,3.0480046,-1.1882465,0.16941112,2.12832,0.9593792,-0.17747924,-0.9177645,0.11897909,0.66217536,-1.3088669,0.6155321,-0.30838224,1.7561871,0.69443244,-0.03880535,0.039021097,-1.5207694,-1.6886479,-0.5706289,-2.086531,-0.13708115,-0.58451605,2.1181626,-0.93364316,-0.30175427,1.7623987,-2.3777447,-0.6441252,0.9962396,-1.0979934,-0.045667414,3.1084824,1.2148981,0.88286066
1,/data_nas/huangyj/data/placePulse/rawData/googleviews-110802files/513cc6e4fdc9f035870019c3.jpg,1.6523538,0.430046,-1.4333338,1.1501607,-1.3091215,0.26881492,-0.20289494,0.8455567,-3.2884371,-0.34642974,-1.9299437,0.7225547,0.7530745,0.65154934,0.2529508,0.66830266,1.8460915,1.2133166,-0.10244287,1.0599091,0.6249746,0.047543954,-1.3336562,0.19099642,1.6389973,0.77273214,-0.1909153,-0.064433426,0.79364246,0.32226488,-1.3092886,-2.5901046,-1.0057201,-1.6960899,-0.82621294,-3.1668675,1.1802866,0.5179996,1.0886023,-0.39467174,2.459384,1.767685,-0.6212978,1.1681069,-0.28599337,-1.1163739,0.980186,3.3266635,-0.97160304,1.3544157
1,/data_nas/huangyj/data/placePulse/rawData/googleviews-110802files/51408bc6fdc9f0358700e9ce.jpg,-0.89213055,-1.7644331,1.8983648,-0.27466503,0.58194077,-1.464813,-1.5810719,-0.57769275,-3.9306085,-0.6143211,1.0510602,1.0684183,-2.409634,-0.21936353,1.9892937,0.47975713,-0.61090374,1.6270905,-1.2000343,-0.8135317,-1.3403994,1.2600931,0.60828966,-1.7490655,-0.9443668,-0.04246937,1.3991157,-0.020007389,-1.4248836,1.050424,0.34413627,-1.6608213,-2.7238429,-0.30128396,-1.1029114,-3.9218004,-0.4685044,-0.7826372,-1.1624429,-1.7743773,2.150424,-1.2136264,-1.4148028,0.6923753,1.2946728,-1.7096044,0.46051532,3.5208638,-2.3774898,-1.4353495
0,/data_nas/huangyj/data/placePulse/rawData/googleviews-110802files/5140b759fdc9f0492600199d.jpg,-0.596571,-2.4211507,1.6372935,-0.21992946,2.514647,-1.5033078,-1.8731184,-0.5132378,-5.8316746,-0.9966454,1.2050211,1.2393016,-1.875034,-1.3010445,2.579752,0.6946164,0.09212084,1.4706008,-1.2778939,-0.5011574,-1.402516,1.7636294,0.5208841,-4.717722,-1.1987032,-1.4035325,1.7593194,-0.3569097,-1.3009102,1.7530814,-0.18808758,1.8781823,-6.1281505,-0.68602544,-1.8178668,-5.446087,-1.167672,-1.1021193,-1.935697,-1.92387,-0.7684792,-1.3721191,-3.1800697,-2.1988275,2.341408,-2.737252,0.39356333,5.855205,-2.1722806,-2.0783648
0,/data_nas/huangyj/data/placePulse/rawData/googleviews-110802files/50f43490fdc9f065f0002993.jpg,0.3104291,-1.2957214,0.05099833,-0.55049473,2.6235242,-1.7287285,-2.496246,0.016379092,-5.1130214,-1.8146256,0.05214146,1.78908,-0.42586437,-2.1614304,1.9544588,1.240825,1.3589232,1.6585246,-2.0426977,0.5628936,-0.9900983,2.1733954,1.1947969,-5.400631,-0.20348851,-2.5525131,2.337054,-1.0272055,-0.40159014,2.0105076,-0.86274457,3.6662936,-6.699536,-1.8803147,-1.8140595,-4.484403,-1.7347857,-0.6594415,-1.3227844,-1.3172591,-2.433937,-0.23525783,-3.2235584,-3.554478,2.5586622,-2.4097316,0.8800036,5.4184213,-2.2825341,-0.77295
0,/data_nas/huangyj/data/placePulse/rawData/googleviews-110802files/5140b756fdc9f04926001995.jpg,0.39587504,-0.67598784,-0.601502,-0.50182617,2.4578872,-1.9317685,-2.630496,-0.25217098,-5.327338,-2.2563717,-0.39230508,2.10553,0.008369144,-2.0758176,1.4355571,2.064185,1.6324109,2.6699188,-2.4203913,0.6310794,-0.8996779,2.5004675,1.1704774,-5.480104,0.6282582,-2.444524,2.2545254,-1.3463532,-0.30490115,2.155598,-1.8625422,3.6054137,-6.754257,-2.6221519,-2.1000168,-4.721719,-1.5611596,0.06303101,-1.156418,-0.77952296,-2.2606444,0.29710805,-2.944537,-3.5725415,2.3021638,-2.3405347,1.6064345,5.6924314,-3.0754657,-0.061312683
1,/data_nas/huangyj/data/placePulse/rawData/googleviews-110802files/51414716fdc9f04926006990.jpg,-0.27593932,-2.4872665,1.9231726,-0.23780048,1.5583128,-1.0925472,-1.5610684,0.21871914,-5.2289634,-0.27565092,0.94033635,0.73292756,-2.026847,-1.0743426,2.824934,-0.5203032,0.19614336,0.07629289,-0.75579256,-0.15764478,-1.2318193,1.1371112,0.5546832,-3.341924,-1.680046,-1.2350787,1.6619879,0.29379234,-0.98757696,1.2693869,1.3580326,0.29907358,-4.7736073,0.16654985,-0.99399674,-4.9677577,-1.1054796,-2.0341666,-1.4547058,-2.7711754,0.37789476,-1.4347206,-3.0124514,-0.8193286,2.216549,-2.737543,-0.4448573,5.0276833,-1.0859807,-2.104313
0,/data_nas/huangyj/data/placePulse/rawData/googleviews-110802files/51408baafdc9f0358700e994.jpg,-0.23625739,0.8389749,-0.7051034,-0.5241743,2.1178012,-2.1124187,-2.3521435,-1.0158976,-1.2522087,-2.2141995,-0.1306628,2.1209476,-0.20529005,-0.16779204,-0.22320773,2.675795,0.45264226,4.0001435,-2.7892296,0.24116342,-0.8138775,2.0859609,1.4365277,-3.880317,1.7682651,-0.27092078,1.7749959,-1.3017083,-0.59627026,0.96213204,-2.53287,1.4056481,-3.6767929,-2.3567753,-1.359136,-1.2897171,-0.21583317,1.5145713,-1.5422773,0.73347956,-0.5483595,0.9304544,0.7214634,-2.0188572,0.4243307,-0.3500197,2.0100923,1.4669455,-4.232202,1.2137349
0,/data_nas/huangyj/data/placePulse/rawData/googleviews-110802files/513f12b9fdc9f0358700c9f7.jpg,-1.064524,-2.7566888,2.811173,-0.23357384,-0.6449418,-0.9606974,-1.1087744,-0.33418205,-3.931905,0.026742807,1.5218794,0.6364188,-3.0844603,-0.19967781,2.7488163,-0.50811636,-1.1378047,0.35491812,-0.37215114,-1.2175118,-1.4221889,0.6685839,0.20215873,0.18250763,-2.089952,0.19704622,1.1466413,0.3511632,-1.6183732,0.9090845,1.4664993,-3.0084527,-1.1223662,0.5107478,-0.8774458,-3.853599,-0.47960192,-1.4090133,-0.46419004,-2.3335397,3.1274612,-1.9961195,-1.8980838,1.8992795,1.3994924,-1.5816905,-0.26278418,3.2359498,-1.1454153,-2.455241
0,/data_nas/huangyj/data/placePulse/rawData/googleviews-110802files/513d5e20fdc9f035870039f9.jpg,-0.92728704,-1.3186713,1.7266034,0.3756089,-0.55383223,-0.7918014,-0.595355,-0.8691019,-2.7545466,-0.12320512,0.9338734,0.72240657,-2.3303766,1.1666976,1.206061,0.6150221,-1.1092601,1.9655735,-0.46701545,-1.1582373,-0.95778507,0.45311013,-0.45638707,0.27661848,-0.35325527,1.7259536,0.2651247,0.20447063,-1.4463464,0.35611966,-0.30316296,-3.8243196,-0.41692284,-0.08696681,-0.95584166,-3.008067,0.8749668,0.16332065,-0.65772724,-0.90525174,3.847476,-0.8090992,0.037669793,2.2418337,-0.0276282,-0.8395406,0.66233593,2.2652292,-2.2492812,-0.9840842
0,/data_nas/huangyj/data/placePulse/rawData/googleviews-110802files/513d7b01fdc9f035870069ff.jpg,-1.0819678,-0.47180048,0.8443616,-1.0632765,2.081534,-2.553419,-2.7458632,-1.2411077,-2.5992699,-2.0045712,0.8522417,2.038854,-1.6029364,-0.67933804,0.96048474,2.0204508,-0.34427685,3.438637,-2.8515277,-0.43130192,-1.5668035,2.3106933,2.0364206,-3.9417014,0.27538988,-0.7498029,2.3149626,-1.0067904,-1.4232188,1.2550788,-1.1358716,0.9080908,-4.1752987,-1.5360657,-1.3280491,-2.6229422,-0.9881132,0.360636,-1.9383521,-0.59598523,0.10046819,-0.4878829,-0.32567808,-1.4126105,1.2747416,-1.0839968,1.4497708,2.4714549,-4.2216916,-0.23495728
0,/data_nas/huangyj/data/placePulse/rawData/googleviews-110802files/513d5e21fdc9f035870039fa.jpg,-0.9259041,-1.4898143,2.0428689,-0.15308192,-0.61679685,-0.97875977,-0.9982248,-0.50074893,-2.3997173,-0.07765192,0.9911827,0.6845808,-2.5272155,0.6601602,1.6088852,-0.02292541,-1.0762902,1.1465354,-0.6790438,-0.94291127,-1.1263853,0.5427867,0.29652104,0.36106637,-0.9343212,1.0255413,0.83663267,0.3474484,-1.3678186,0.3268567,0.817247,-3.7201328,-0.2941655,0.2716373,-0.50059193,-2.6245813,0.2218753,-0.6470487,-0.6197644,-1.591997,3.693626,-1.1285216,-0.17603964,2.3481646,0.42994964,-0.93150985,0.119629316,1.7688093,-1.7955568,-1.2112335
0,/data_nas/huangyj/data/placePulse/rawData/googleviews-110802files/51408bd4fdc9f0358700e9f0.jpg,-1.4776164,-1.3164897,2.1668227,-0.8019202,0.098514505,-1.7856748,-1.7581692,-1.0609629,-1.5699434,-0.7759405,1.4989381,1.2382714,-2.7993534,0.35457844,1.4643118,0.66608095,-1.5011797,2.0873637,-1.6069156,-1.1700003,-1.6025984,1.1805962,1.2937831,-0.5336433,-0.86483127,0.69554704,1.5399082,-0.17923512,-1.7636253,0.54224676,0.34944126,-2.579419,-0.7450057,-0.13242824,-0.6796644,-1.819899,-0.23570846,-0.17915006,-1.1364828,-1.0958306,2.8421583,-1.3006568,0.27921483,1.4371351,0.61238164,-0.462872,0.53859854,0.9766039,-2.8594122,-1.1598049
0,/data_nas/huangyj/data/placePulse/rawData/googleviews-110802files/513e6573fdc9f0358700b982.jpg,-0.78677976,-3.353196,2.3702383,0.4180705,-0.4440648,-0.5766372,-0.7614916,-0.5734621,-5.2797685,-0.30472055,1.5589772,0.8901057,-2.6169598,-0.53333515,2.966504,0.24107626,-0.8158806,0.8544913,0.013686166,-1.4444025,-1.2132884,0.7674629,-0.94194514,-0.29193503,-1.9340897,0.06392966,0.7112175,-0.20442566,-1.558197,1.5381094,-0.14560331,-1.4856882,-2.1284573,-0.33924636,-2.0071847,-4.8164086,-0.27219653,-0.54868656,-0.069025,-1.4584392,1.8102547,-1.869296,-3.0931525,0.43717566,1.6669359,-1.7159518,0.33500805,4.9365506,-1.0275428,-2.8777843
1,/data_nas/huangyj/data/placePulse/rawData/googleviews-110802files/51413546fdc9f0492600495d.jpg,1.4813125,0.16039027,-1.473616,-0.59440225,2.4639597,-1.3669506,-2.434196,0.98721236,-3.5662851,-1.768678,-1.4072425,1.6352891,1.137802,-2.047604,1.0287349,0.841137,2.6524315,0.9654726,-2.1285698,1.9776741,-0.23709288,1.7053959,1.5293111,-5.394091,0.864212,-2.796675,2.2950683,-0.9017008,0.73779047,1.3406093,-0.51593655,4.0694466,-6.348788,-2.0891736,-0.8919417,-2.98044,-1.5467528,-0.7482699,-0.8135175,-1.2012726,-3.0865166,1.1430217,-2.2854156,-3.7734823,2.021203,-2.0508122,0.5755759,4.049616,-1.7082802,0.8314882
1,/data_nas/huangyj/data/placePulse/rawData/googleviews-110802files/513f2cf4fdc9f0358700d95d.jpg,0.51314473,-1.2080413,0.39452824,0.41551948,-0.5949446,-0.34164384,-0.8145251,0.31680775,-3.1295886,-0.46926114,-0.20831272,0.92112005,-0.7910064,-0.026398055,1.4667814,0.22799203,0.60769904,0.77949953,-0.40024468,0.13764639,-0.34457386,0.38156843,-0.48227468,-0.32508096,-0.15705152,0.20568578,0.63709056,-0.16885099,-0.2724852,0.68258476,-0.28927612,-1.5165886,-1.5143385,-0.8826513,-1.0119629,-2.8494694,0.24687585,-0.16626307,0.37451178,-0.95825875,1.5641141,0.059603095,-1.3233786,0.42532954,0.6860861,-1.0691365,0.3860386,3.0033731,-1.0243626,-0.5394416
0,/data_nas/huangyj/data/placePulse/rawData/googleviews-110802files/513d6a14fdc9f03587004951.jpg,-1.6590883,-2.9628315,2.8931243,-0.16839284,1.7999117,-1.4137619,-1.327387,-1.2755355,-5.0744863,-0.43268558,2.2725565,0.8927027,-3.1800597,-0.31883386,2.615448,0.53815925,-1.4387647,1.692666,-0.82253474,-1.6573895,-1.7753161,1.3339027,0.16924734,-3.0347786,-1.8224305,0.037643272,1.1810303,-0.02559484,-2.213817,1.3606404,0.0862328,-0.32999665,-4.136248,0.17924866,-1.6925757,-4.9601927,-0.5157468,-0.8540248,-2.124478,-1.7874379,1.148662,-2.2695074,-2.2598124,-0.43573263,1.6889805,-2.1545765,0.28485733,4.754624,-2.3142908,-2.872852
0,/data_nas/huangyj/data/placePulse/rawData/googleviews-110802files/513d3355fdc9f03587002959.jpg,1.2136284,0.5047163,-1.8609236,0.77282935,0.36509866,-0.8165138,-1.2652621,-0.091486454,-4.698666,-1.7293212,-1.5939728,1.7336521,0.91440564,-0.39787427,0.200004,2.5181465,2.0067248,3.3009424,-1.4142637,0.74991965,0.13622916,1.548367,-0.7001052,-2.5753496,2.232168,-0.37146008,0.6240325,-1.1408335,0.4032978,1.4786017,-3.300709,0.34170952,-3.8252993,-3.1882627,-2.1049442,-4.326192,0.35258868,1.4774584,0.2507314,0.42907742,0.3606156,1.764148,-1.5334071,-1.2948323,0.5520202,-1.5400311,2.3351672,5.0673456,-2.836425,1.4121741
1,/data_nas/huangyj/data/placePulse/rawData/googleviews-110802files/51414edffdc9f04926007958.jpg,1.400809,-0.18079986,-1.4687738,0.3530361,0.0022739172,-0.7147714,-1.5118572,0.53412026,-3.9833398,-1.6625683,-1.3608841,1.7106856,0.76570284,-1.2423227,0.9260413,1.5907233,2.067577,1.845058,-1.2802964,0.9682155,0.041525528,1.3496519,-0.2136138,-1.9650527,1.1815841,-1.2912841,1.2153035,-1.217941,0.58288485,1.5725331,-2.142331,1.1065557,-3.3464231,-2.8100765,-1.8261646,-3.3179793,-0.43835044,0.74173766,0.79724795,-0.0031500962,-0.5763164,1.2780131,-2.2318678,-1.7267145,1.2537667,-1.2150933,1.5453811,4.2700534,-1.6288939,0.72895163
0,/data_nas/huangyj/data/placePulse/rawData/googleviews-110802files/513cc67afdc9f03587001958.jpg,0.17443685,-0.4569291,-0.7414137,-0.0037307367,4.0944467,-1.1896696,-1.6583093,-0.7230382,-2.1408296,-1.9071606,0.41905427,1.6875824,0.43608177,-0.98149276,0.45697308,2.116332,0.83235687,2.5644238,-1.7566981,0.39569002,-0.4740629,1.5459306,0.38627008,-6.1344204,0.8520876,-1.0962483,1.3528692,-1.496431,-0.4141709,1.2374095,-2.750309,5.4990015,-6.2737303,-2.0250785,-1.919254,-1.5757189,-0.4178425,1.2068025,-2.067853,0.9562968,-4.360035,0.4486192,-1.0785545,-5.250029,1.1804318,-0.78342885,1.2119409,2.8862135,-2.4874468,-0.20525855
0,/data_nas/huangyj/data/placePulse/rawData/googleviews-110802files/513d5dc6fdc9f0358700395a.jpg,-1.4131058,-1.882811,2.5894606,-0.3657225,0.19239774,-1.3610815,-1.2801255,-0.88160634,-2.8749998,-0.20058791,1.6023535,0.7773166,-3.0442102,0.5083082,1.8959936,0.14191508,-1.4668199,1.4908276,-0.9526731,-1.2779558,-1.5055786,0.8841171,0.6275413,-0.6807347,-1.2872772,0.862412,1.1216404,0.32063597,-1.8263327,0.5280528,0.8611972,-3.0651793,-1.2859085,0.43194544,-0.6942411,-3.1249502,-0.03513196,-0.8102611,-1.3394917,-1.7973062,3.294525,-1.6292677,-0.4340838,1.8152236,0.74931645,-1.2278057,0.13902412,2.23521,-2.315934,-1.7259742
0,/data_nas/huangyj/data/placePulse/rawData/googleviews-110802files/51414f01fdc9f049260079ad.jpg,0.21018605,-2.0286205,0.8898106,0.72741795,-0.8476379,-0.30446586,-0.64392936,0.00021679886,-4.8118143,-0.43324178,0.17772272,0.95349497,-1.3199232,-0.23448038,2.0608218,0.4852927,0.32265845,1.0463986,-0.08589847,-0.46823695,-0.5472559,0.56327647,-1.117279,-0.12813547,-0.5963327,0.18878597,0.45899564,-0.24999863,-0.6643232,1.2260953,-0.70404255,-1.7691536,-1.8752036,-1.0097011,-1.7159759,-4.3947783,0.18808717,-0.11194591,0.5036514,-1.0793349,1.945843,-0.48140147,-2.4148057,0.57502985,1.0858282,-1.5651531,0.6645019,4.630908,-1.0590053,-1.3146281
0,/data_nas/huangyj/data/placePulse/rawData/googleviews-110802files/513d5df3fdc9f035870039a3.jpg,-2.0046463,-2.01222,2.4832058,-0.41331822,1.7871624,-1.75151,-1.52921,-1.858075,-2.1440444,-1.0025808,2.4326243,1.3441663,-2.9754744,0.22916365,1.5583324,1.4322329,-2.014471,2.813947,-1.4598358,-1.8652079,-1.7432878,1.4291414,0.6068865,-2.3157594,-1.0561455,0.74740916,1.2434582,-0.58718693,-2.3028905,0.9964734,-0.9442818,-0.3233497,-2.487802,-0.29368132,-1.6091202,-2.1957788,-0.1348389,0.50596786,-2.1026313,-0.26148093,0.9584746,-1.8165569,-0.27021483,-0.5180285,0.86909384,-0.5504725,0.9110234,1.8627349,-3.205385,-2.043295
0,/data_nas/huangyj/data/placePulse/rawData/googleviews-110802files/51414efcfdc9f049260079a3.jpg,-0.2500313,-2.7673225,1.9150608,0.03680315,-0.56866765,-0.56568855,-1.0361704,0.16038463,-4.0284586,-0.25830477,0.9931785,0.8503077,-2.12992,-0.78435963,2.802637,-0.41239154,-0.2790568,-0.041417316,-0.18934596,-0.6596837,-1.0141788,0.5943879,-0.22426236,-0.1439437,-1.8346335,-0.4444688,1.1578797,-0.10538172,-0.96406424,1.2174997,0.7732056,-1.3605217,-1.6900004,-0.18842946,-1.2827063,-3.5856538,-0.6112413,-1.0486712,0.17899224,-1.7655165,1.4963417,-1.4253055,-2.6521356,0.4526808,1.7037027,-1.4158465,-0.15786448,3.6675222,-0.4182622,-2.2552602
0,/data_nas/huangyj/data/placePulse/rawData/googleviews-110802files/5140cae4fdc9f049260029a3.jpg,-0.93671787,-1.8245825,2.0107725,-0.025654903,-0.63581806,-0.7805987,-0.8089778,-0.6161613,-1.9196064,-0.17548846,1.270513,0.7946128,-2.4711962,0.54422903,1.6858895,0.12912615,-1.2598011,1.0959587,-0.45202744,-1.1619618,-1.0721359,0.39783227,-0.066540964,0.63169086,-1.1024015,1.1109828,0.69996417,0.0032433383,-1.414313,0.46526697,0.26647842,-3.000538,0.014123317,0.05296666,-0.8483506,-1.9692683,0.29950094,-0.12158383,-0.3287498,-0.90928954,2.9189777,-1.2092214,-0.32043347,1.7050567,0.43964502,-0.39690316,0.22061527,1.4176428,-1.4543904,-1.5348778
0,/data_nas/huangyj/data/placePulse/rawData/googleviews-110802files/513d9b54fdc9f035870079a2.jpg,-1.3587167,-0.48111603,1.1808991,-0.81043947,1.321138,-2.5009918,-2.4614751,-1.5241376,-2.8980289,-1.7605739,0.9374048,1.9014318,-2.0652874,-0.028423496,0.89721507,2.167077,-0.74433094,3.9144225,-2.6442435,-0.8533205,-1.6234423,2.2264836,1.6273631,-2.8703666,0.39196837,0.06455627,1.9121652,-0.7259946,-1.6702118,1.1292897,-1.2509978,-0.9315832,-3.167295,-1.4073746,-1.3611841,-3.1444182,-0.47179317,0.5219082,-1.7907008,-0.65078115,1.7969779,-0.5646981,0.037958935,-0.03045693,0.8455617,-1.1274283,1.6814028,2.609656,-4.607462,-0.2193565
1,/data_nas/huangyj/data/placePulse/rawData/googleviews-110802files/50f43491fdc9f065f00029ae.jpg,1.7893256,-0.51720387,-0.8875964,-0.24858509,-0.24879283,-0.46766943,-1.6486162,1.7238332,-2.7974977,-0.89014566,-1.5006602,1.1520091,0.6201227,-1.6270785,1.6252286,-0.4479359,2.3188407,-0.6699225,-0.9638656,1.7505655,0.05461594,0.661357,0.7078284,-1.4288676,-0.019338384,-2.0338275,1.7742478,-0.43280587,0.9699936,0.95101,0.72043794,0.8566763,-2.759193,-1.4053181,-0.43705192,-2.1611671,-1.1200826,-1.1637508,0.96405536,-1.583995,-0.7158885,0.860143,-2.302244,-1.1736457,1.695751,-1.3434374,-0.1236872,2.8685548,0.030347012,0.3225398
0,/data_nas/huangyj/data/placePulse/rawData/googleviews-110802files/513e5bedfdc9f0358700a9a1.jpg,-0.73688555,-1.5182343,1.8682615,0.3116836,-0.91734767,-0.44527638,-0.39536318,-0.44585726,-2.0818336,0.22494525,0.94052595,0.44052964,-2.3430068,1.1041213,1.4240773,-0.09739698,-1.1314477,0.9677069,-0.09587001,-1.0158643,-0.8107281,0.072487995,-0.4812201,1.0273433,-0.79837227,1.6609824,0.2522483,0.41591233,-1.2245251,0.11529087,0.46385485,-4.1096635,0.41059947,0.32956526,-0.57163835,-2.2973783,0.8112702,-0.28622884,-0.3268768,-1.1523225,3.883366,-0.92199284,0.041192137,2.5606236,-0.016380519,-0.6088118,0.104101785,1.5271986,-1.3164322,-1.2033054
0,/data_nas/huangyj/data/placePulse/rawData/googleviews-110802files/50f5e588fdc9f065f00069af.jpg,-1.5294254,-2.1567945,2.5709195,-0.64804476,1.2535473,-1.8838502,-1.9127102,-1.0394926,-4.092795,-0.7380803,1.7382784,1.1697557,-3.0159438,-0.33526397,2.2609777,0.5575843,-1.1741107,1.8728014,-1.509317,-1.2016283,-1.8165416,1.5713842,1.1208802,-2.5275288,-1.3864434,-0.16428873,1.724932,-0.023527877,-1.9556769,1.1375756,0.5700646,-1.1738505,-3.3652766,0.022349106,-1.1510764,-4.157068,-0.7831164,-0.983934,-1.876206,-2.0027125,1.8900285,-1.8477137,-1.4137244,0.34266913,1.5513208,-1.8838178,0.38862246,3.6202126,-2.83574,-1.9970841
0,/data_nas/huangyj/data/placePulse/rawData/googleviews-110802files/513e1d60fdc9f035870099ab.jpg,-0.63800216,-2.044155,1.6525207,-0.4647902,0.9593004,-1.0571505,-1.5069785,-0.34617615,-1.1390839,-0.8304287,1.4804308,1.2357914,-1.8305339,-0.5554653,1.9207332,0.15064692,-0.7431897,0.6525138,-1.0218682,-0.5615246,-1.1614094,0.7273425,0.7179561,-1.4438983,-1.3882359,-0.30287334,1.5915217,-0.5833581,-1.157667,0.77213925,0.18799707,0.70787746,-1.9036777,-0.24758904,-1.0176913,-0.78859085,-0.59505576,-0.21966544,-0.7630058,-0.5970545,-0.47364995,-1.2067863,-0.8952041,-1.2564523,1.2765123,-0.17626718,-0.07554608,1.0138112,-1.2162126,-1.8128725
0,/data_nas/huangyj/data/placePulse/rawData/googleviews-110802files/50f5ec44fdc9f065f000890d.jpg,-1.6001313,-1.8735598,2.5007932,-0.052778147,-0.05604875,-1.1609273,-0.8982713,-1.2859424,-2.3315337,-0.25411236,1.7994351,0.8412259,-3.035669,0.882682,1.5645165,0.6256637,-1.8545318,2.0027752,-0.7226751,-1.7052592,-1.4084507,0.71813214,0.023405364,-0.016016789,-1.0492815,1.5060278,0.64747673,0.055452414,-1.9796801,0.52797556,-0.055224933,-3.2509334,-0.48786077,0.19222592,-1.0596021,-2.5600104,0.43356887,0.057723723,-1.117249,-0.9039263,3.3852284,-1.5737361,-0.018126694,1.8724588,0.3256982,-0.6296171,0.5400953,1.7620592,-2.3957725,-1.7386067
0,/data_nas/huangyj/data/placePulse/rawData/googleviews-110802files/50f5e56dfdc9f065f0006905.jpg,-1.4221585,-3.2781172,2.9920356,-0.48606923,0.75376785,-1.4812391,-1.6713845,-0.78271043,-4.7404957,-0.60551345,2.129589,1.0734313,-3.2124004,-1.0148575,3.112811,0.1276324,-1.2185614,0.9618762,-0.91721666,-1.4719167,-1.8224936,1.3943669,0.57537246,-1.803704,-2.3654702,-0.7112666,1.7101798,-0.18242288,-1.9607502,1.5692934,0.77496904,-0.5466088,-3.1862347,0.08370474,-1.5863637,-4.4162173,-1.1598885,-1.2467339,-1.1923691,-2.0889435,1.1681607,-2.4341118,-2.8077161,-0.117650144,2.1994805,-1.893347,0.036992885,4.265453,-1.7436714,-3.0626197
0,/data_nas/huangyj/data/placePulse/rawData/googleviews-110802files/5140cae8fdc9f049260029b3.jpg,-0.049180627,-0.8118058,0.16594905,-0.9662024,2.6152253,-1.9241902,-2.6336746,-0.21966493,-2.3587008,-1.9299126,0.37910956,1.9277232,-0.57201624,-1.6539423,1.3978404,1.2268836,0.7084322,1.7795819,-2.379849,0.4688688,-1.0738391,1.9504659,1.8204693,-4.667045,-0.10964312,-1.9417126,2.5086136,-1.171489,-0.571499,1.4188795,-0.70035666,3.4025383,-5.1256804,-1.6286683,-1.2744703,-1.9212024,-1.5197273,-0.17128618,-1.4349247,-0.64290494,-2.450297,-0.18556446,-1.4927951,-3.3305454,1.9489653,-1.122997,0.74883044,2.583106,-2.5104558,-0.45009935
0,/data_nas/huangyj/data/placePulse/rawData/googleviews-110802files/513e659ffdc9f0358700b9be.jpg,-1.6143593,-2.9746282,3.0806177,-0.7762266,0.062459894,-1.8082199,-1.9371833,-0.9046102,-4.5402207,-0.71755517,2.0133746,1.2206488,-3.463899,-0.85380065,2.995083,0.26527154,-1.3868335,1.3433315,-1.2578692,-1.5459764,-1.996887,1.5671456,1.0216951,-1.0602069,-2.2059813,-0.5290694,1.8938105,-0.13635245,-2.0706513,1.4996642,0.9403115,-1.7703753,-2.3727238,0.004996026,-1.3940166,-4.3947268,-1.1870303,-1.211771,-0.9783707,-2.229379,2.3417675,-2.3938992,-2.3525414,0.9053597,2.02377,-1.7882017,0.2596864,3.874052,-2.2548919,-2.7271898
1,/data_nas/huangyj/data/placePulse/rawData/googleviews-110802files/50f55dd7fdc9f065f00049bc.jpg,1.9270477,0.11321693,-1.1202213,0.6519767,-2.0140295,0.34514865,-0.43757844,1.635245,-2.3255942,-0.112180226,-1.9432406,0.56418383,0.6324529,-0.017760497,0.80718833,-0.44423744,1.9901054,-0.34675282,-0.016512094,1.4421834,0.59545475,-0.19517511,-0.64387554,1.1936761,0.7531095,-0.04876035,0.38747105,0.09138501,1.1108652,0.22072405,0.23752877,-2.6278002,-0.03474542,-1.166194,-0.17922568,-2.0364819,0.43559247,-0.44075882,1.6979424,-1.078876,2.216819,1.4499817,-0.9981856,1.4441166,0.23287454,-0.8254971,0.12086433,2.1732252,0.2287023,1.0320126
1,/data_nas/huangyj/data/placePulse/rawData/googleviews-110802files/513e659efdc9f0358700b9bc.jpg,-0.70278794,-1.6532758,1.5546658,0.05485516,-0.6063884,-1.2113101,-1.2879769,-0.6658729,-4.279942,-0.688839,0.71771044,1.1743704,-2.239955,0.029322289,1.8611715,0.8879528,-0.5182546,2.0493598,-0.96591413,-0.9734904,-1.137358,1.2253453,-0.02209823,-0.34187093,-0.5493686,0.4115177,0.99788713,-0.16443446,-1.2594006,1.1822912,-0.3991859,-2.901235,-1.5477769,-0.8331611,-1.4557173,-4.278614,-0.066749886,-0.18364775,-0.31556273,-1.3241639,3.2298179,-0.8797648,-1.4461702,1.5399035,0.9705145,-1.5030222,0.98413056,3.8389227,-2.3933458,-1.1487314
1,/data_nas/huangyj/data/placePulse/rawData/googleviews-110802files/513cb5effdc9f035870009b9.jpg,2.2330346,-0.45088813,-1.5374258,1.257987,0.6285004,0.83487016,-0.024877446,1.5000376,-3.3775184,-0.15716358,-1.6187372,0.44164675,1.4229399,-0.39833292,0.904126,-0.17754522,2.466834,-0.5007831,0.45979425,1.613429,0.85882586,-0.27215222,-1.5694708,-2.0774674,0.7764817,-0.5273483,0.004286634,-0.18681799,1.1793915,0.53584117,-0.87688977,1.3582863,-3.4017146,-1.2804451,-0.9485152,-2.7331612,0.52491313,-0.18642837,0.545416,-0.50198025,-1.277606,1.4661796,-2.0531158,-1.918821,0.6661947,-1.4393822,-0.032037713,3.88771,0.7423991,0.3736787
0,/data_nas/huangyj/data/placePulse/rawData/googleviews-110802files/51408bbbfdc9f0358700e9b8.jpg,0.0718996,-0.3336571,-0.044693403,-0.16963896,1.1517913,-0.96871525,-1.4140909,-0.2966042,-0.5321953,-1.2211213,0.29038733,1.4388901,-0.47400734,-0.16408537,0.59088326,1.1624484,0.14489384,1.7872176,-1.3746,0.084346935,-0.47127452,0.9478123,0.4680339,-1.8324065,0.43977994,0.009026568,1.2570095,-0.9276408,-0.39376286,0.627053,-1.3107328,0.77346444,-1.8762982,-1.3890553,-1.0480145,-0.32901397,-0.014208432,0.83065283,-0.6178609,0.4333433,-0.49422547,0.31859586,0.11823424,-1.4486787,0.47897014,0.11531617,0.85286623,0.65141237,-1.8676939,0.025244847
0,/data_nas/huangyj/data/placePulse/rawData/googleviews-110802files/5140952afdc9f04926000949.jpg,-0.6020156,0.3680045,-0.3417832,0.13602638,1.6790874,-1.5945821,-1.5020871,-1.6004448,-2.095144,-1.8068641,0.3144606,1.8131727,-0.64014935,0.6625175,-0.26965526,2.9921112,-0.21649739,4.5447383,-2.0389862,-0.57981056,-0.7270747,1.6962109,0.19676895,-3.0202127,1.7501034,0.9838723,0.77111346,-1.1893795,-1.0229248,0.86936915,-3.3764603,0.1418863,-3.000295,-2.2708344,-1.8493843,-2.1947556,0.73572254,2.1449392,-1.4691526,1.1886952,0.6290684,0.6652183,0.7461153,-1.1921703,-0.17757621,-0.33823118,2.3194408,2.2560263,-4.2881403,0.7213942
1,/data_nas/huangyj/data/placePulse/rawData/googleviews-110802files/513d333efdc9f03587002948.jpg,0.009145964,-1.9871393,1.5586652,0.6985279,-1.5219126,-0.044803724,-0.23994793,0.25809824,-4.184786,0.39404902,0.31785092,0.31096345,-1.9317155,0.4148715,2.1034303,-0.4936609,-0.18248321,0.18750298,0.3981231,-0.6005643,-0.5383367,0.059687294,-1.0832362,1.1446997,-1.0050226,0.8477804,0.18053265,0.5268734,-0.727499,0.62283313,0.69576687,-3.9725845,-0.36369348,0.058628738,-0.87692916,-4.082566,0.4812321,-0.89962715,0.42404065,-1.8434738,3.7901125,-0.7908349,-1.713577,2.490363,0.656418,-1.5688509,-0.037333954,3.669928,-0.449537,-1.4180146
0,/data_nas/huangyj/data/placePulse/rawData/googleviews-110802files/513cc66afdc9f0358700194a.jpg,-0.05011265,-1.9427974,0.49784014,0.5046731,0.62600416,-1.1898428,-1.4771886,-0.66460925,-7.0779867,-1.4245367,0.1948691,1.6247265,-1.1193261,-1.103742,2.099159,1.906842,0.7350099,2.7351358,-1.0856731,-0.5824495,-0.92424685,1.8590347,-0.67908627,-2.889657,-0.028228924,-0.8873987,1.0233147,-0.86382055,-0.91729176,2.2274578,-2.129401,0.46273664,-4.9427733,-2.146405,-2.7201908,-6.5248795,-0.5096713,0.2841736,-0.34954754,-0.910815,0.53019804,-0.43969488,-3.5735931,-1.2520353,1.8656409,-2.603082,1.7465142,7.1636167,-2.6898816,-1.2015332
1,/data_nas/huangyj/data/placePulse/rawData/googleviews-110802files/50f56259fdc9f065f0005940.jpg,0.20211023,-0.5786951,0.5716498,0.4931034,-1.3706801,-0.08012518,-0.27933118,0.17036738,-0.9798655,0.023701083,-0.11807813,0.5603261,-1.0804192,1.0388795,0.75431174,-0.006073405,-0.16341488,0.7266154,-0.08933491,-0.15243565,-0.17683242,-0.20165826,-0.6249547,1.503991,0.07904905,1.4852198,0.13351591,0.14031887,-0.35351086,-0.080797024,-0.0051386794,-3.615279,0.9936831,-0.29793623,-0.3666595,-1.0577965,0.9955551,0.20933199,0.49480203,-0.5008292,3.1791613,0.17565557,0.47047678,2.1425195,-0.36132506,-0.03643312,0.25354755,0.6159574,-0.8453462,-0.081562705
0,/data_nas/huangyj/data/placePulse/rawData/googleviews-110802files/50f44866fdc9f065f0003fd6.jpg,-1.2925642,-1.7475225,2.4175212,-1.4597822,2.5040088,-2.2246478,-2.6126156,-0.42746097,-2.3043404,-0.8710137,1.6324906,1.1882066,-2.633772,-0.9474511,2.2296653,-0.23033759,-0.8064315,0.82343876,-2.1207063,-0.34573698,-1.8704782,1.6060392,2.5360034,-3.963991,-1.6877501,-1.2338257,2.6713164,0.041120917,-1.6028675,0.7792444,1.9427859,0.7673662,-4.2267556,0.48910156,-0.23988341,-2.3509285,-1.609862,-1.8906022,-2.4932427,-2.5090008,-0.008214892,-1.7825007,-0.94556737,-0.9730015,1.9668179,-1.6491027,-0.46837392,1.9037298,-2.4518812,-1.7410728
1,/data_nas/huangyj/data/placePulse/rawData/googleviews-110802files/513d6c95fdc9f03587004fdc.jpg,0.9214146,-0.82305676,-0.8902671,0.55097365,0.083049186,-0.8718885,-1.4489843,0.0063013416,-5.65966,-1.6583009,-0.8974546,1.749913,0.14433481,-1.1990745,1.3465803,1.9619939,1.673127,2.4628155,-1.1920754,0.32722935,-0.27118847,1.6459696,-0.62105376,-2.2573752,0.91436833,-1.119576,1.0299994,-1.1809918,0.05331977,1.982701,-2.5317032,0.73160225,-4.0455923,-2.8380284,-2.4063284,-5.0200167,-0.39155304,0.77885485,0.50935835,-0.21594948,0.014784985,0.7452176,-2.945629,-1.4958237,1.4832848,-1.8638067,1.8776551,5.9070315,-2.157871,0.081033885
0,/data_nas/huangyj/data/placePulse/rawData/googleviews-110802files/513d7cc3fdc9f03587006fd0.jpg,1.0427866,-0.37375566,-0.78315216,0.5757336,-0.78948116,-0.73945916,-1.2638004,0.38083595,-5.0883365,-1.1570798,-1.3032607,1.4137887,-0.026045494,-0.58523834,1.1677629,1.351694,1.6781919,2.0363908,-1.0108187,0.5485569,-0.14787202,1.2564548,-0.52380294,-1.0508009,1.0390781,-0.5397456,0.868714,-0.5912305,0.21353622,1.4426792,-1.5635045,-1.3667428,-2.6984823,-2.3022063,-1.667673,-4.7156315,-0.0415179,0.29189497,0.75307924,-0.8160092,1.7814577,0.9597203,-2.1560688,0.25569928,1.0078675,-1.8339441,1.5351257,5.075762,-2.0009778,0.5670134
0,/data_nas/huangyj/data/placePulse/rawData/googleviews-110802files/50f5e709fdc9f065f0006fd0.jpg,-0.5485042,-1.1298671,1.0499945,-0.84898126,1.0582018,-2.1377175,-2.558449,-0.4659051,-4.19445,-1.5481344,0.45432967,1.745773,-1.7057326,-1.1373866,1.846991,1.1497049,0.20553792,2.2482846,-2.2375588,-0.20809156,-1.4256023,2.1169143,1.6064725,-3.018904,-0.34410906,-1.2835163,2.2999284,-0.60812515,-1.0493696,1.5218807,-0.15752454,-0.09276944,-4.0003257,-1.3165616,-1.2954906,-4.062644,-1.289942,-0.62901986,-1.1267341,-1.6529282,0.93539745,-0.6681576,-1.7324576,-0.53935874,1.8453501,-1.8797587,0.9756416,3.9356773,-3.1204035,-0.6653147
0,/data_nas/huangyj/data/placePulse/rawData/googleviews-110802files/513d7ca2fdc9f03587006f6d.jpg,-0.36754817,-1.1175189,0.9625731,-0.82119787,0.65088683,-1.7922636,-2.297362,-0.2009545,-2.8478274,-1.3584703,0.41061568,1.6239038,-1.5061498,-1.0006675,1.7096883,0.7231157,0.14169997,1.5748655,-1.9356588,-0.04843582,-1.2396096,1.5900353,1.4986242,-2.1475961,-0.5007918,-1.0563653,2.14834,-0.61232924,-0.8897585,1.1901602,0.12295163,-0.08020755,-2.9356933,-1.0693059,-0.98447883,-2.6470797,-1.1199012,-0.5120408,-0.6783126,-1.3362658,0.6285763,-0.57677394,-1.2815392,-0.52050143,1.5878979,-1.1691855,0.6166736,2.605425,-2.429104,-0.6634736
1,/data_nas/huangyj/data/placePulse/rawData/googleviews-110802files/50f4485efdc9f065f0003f61.jpg,-0.4586912,-1.2062882,1.074229,0.9503168,0.8479435,0.2214177,0.35825536,-0.72525996,-0.9535747,0.24707381,1.0824486,0.2681787,-1.3614135,1.6079528,0.58350724,0.3567466,-1.0336536,1.1965662,0.37742978,-0.8729617,-0.26882428,-0.4774807,-1.4270068,-0.66013366,-0.16540843,2.2774541,-0.53954023,0.0448035,-1.0414716,-0.24544777,-0.98348063,-1.4962034,-0.7729758,0.16426378,-0.8757748,-1.0465966,1.6474843,0.8075345,-1.0414772,0.30941483,1.3654512,-0.38688156,0.6856476,0.22590128,-0.64667726,0.055876456,0.13701819,0.92123353,-0.9685411,-1.0397668
0,/data_nas/huangyj/data/placePulse/rawData/googleviews-110802files/513f3122fdc9f0358700df69.jpg,0.44101417,-0.2062355,0.22499134,0.46772072,-0.42124128,-0.08601677,-0.37455148,0.33791208,-1.3740401,0.08817194,-0.38361928,0.42474246,-0.71238685,0.9811015,0.61986583,-0.09770174,0.23455484,0.6940088,-0.21195006,0.23826031,-0.03089204,-0.06524719,-0.43481588,0.11838856,0.39546043,1.2008196,0.19676566,0.3080071,-0.119668916,-0.17789513,0.088869095,-2.8599086,-0.255982,-0.3237953,-0.15090339,-1.5168391,0.9555849,-0.11351985,-0.10325838,-0.7583804,2.6192672,0.48274082,0.43278533,1.5319841,-0.30282554,-0.5183685,0.11938803,1.1462326,-0.9031278,0.26646847
1,/data_nas/huangyj/data/placePulse/rawData/googleviews-110802files/513cd748fdc9f03587001f6a.jpg,0.90691227,-1.962364,0.187239,1.3157519,-0.68499625,0.48594135,0.03343624,0.4173456,-4.887114,-0.17885628,-0.21562795,0.64338547,-0.5002739,-0.20752971,1.8722504,0.31807745,0.88577586,0.47202668,0.6333722,-0.10909216,0.056193843,0.10133535,-2.0652773,-0.25232458,-0.32303888,0.24659112,-0.1254822,-0.2949148,-0.07333518,1.1587865,-1.1831594,-0.9186683,-2.0917733,-1.1874765,-1.8678938,-4.2827473,0.5884458,0.12245652,0.83607244,-0.6015934,1.0054498,0.025486222,-2.7947242,-0.19258815,0.8981244,-1.4814467,0.5321106,4.9602222,-0.05050575,-1.1752701
0,/data_nas/huangyj/data/placePulse/rawData/googleviews-110802files/50f5eaf9fdc9f065f0007f32.jpg,-1.492665,-2.6508026,2.7795112,-0.5367693,0.45088512,-1.5818795,-1.6614716,-0.9491714,-3.9377718,-0.6455341,1.934921,1.1340653,-3.1568666,-0.43306428,2.5651798,0.36532852,-1.3647512,1.4795732,-1.1226889,-1.4362707,-1.7682537,1.3071797,0.73946047,-1.3039085,-1.8412685,-0.06934188,1.5782197,-0.14951628,-1.9624013,1.2314813,0.5783311,-1.5387559,-2.3755157,0.006433351,-1.3440621,-3.8416476,-0.7348796,-0.84775853,-1.1920047,-1.8087231,2.0586605,-2.06681,-1.758269,0.6274292,1.5973585,-1.513651,0.2852903,3.3904862,-2.2523243,-2.4390044
0,/data_nas/huangyj/data/placePulse/rawData/googleviews-110802files/513cd65cfdc9f03587001f31.jpg,0.5319786,0.55512714,-1.5227196,-0.21092628,2.3936017,-1.5951493,-2.148357,-0.5648676,-2.3148718,-2.3883693,-0.62252325,2.1530843,0.7753292,-1.0207293,0.048807558,2.7263494,1.3964764,3.4313202,-2.412815,0.70454437,-0.36840543,2.0586495,0.79883844,-4.5864754,1.804047,-1.188862,1.6490588,-1.6823692,-0.0027751578,1.4239142,-3.154246,3.4425824,-4.8933163,-3.017186,-1.8763201,-1.9046707,-0.49934316,1.573321,-0.97710395,1.0019053,-2.4444625,1.2711271,-0.72745603,-3.646013,0.96603686,-0.69132966,2.048254,2.8822541,-3.313026,1.0866188
0,/data_nas/huangyj/data/placePulse/rawData/googleviews-110802files/513e6abdfdc9f0358700bf38.jpg,-0.44279858,-2.2688694,2.3073936,-0.3390503,0.522415,-0.9782911,-1.3414743,0.33411896,-4.4539456,0.18999772,0.8963424,0.42781597,-2.460866,-0.46866354,2.7030613,-1.0626622,-0.22960208,-0.3122028,-0.5401528,-0.28444633,-1.2192206,0.7339333,0.6714084,-1.7516559,-1.8134567,-0.5439805,1.4657297,0.7399002,-1.0633876,0.7640531,2.2321913,-1.9251993,-2.9878368,0.7452078,-0.35942206,-4.4522905,-0.7919965,-2.338187,-1.1544856,-3.1592352,2.2504451,-1.515843,-2.158137,1.076272,1.7049983,-2.4406502,-0.766293,3.9332664,-0.8500615,-1.9380498
0,/data_nas/huangyj/data/placePulse/rawData/googleviews-110802files/513e6af3fdc9f0358700bf7d.jpg,-1.2735953,-2.9235742,2.8301148,-0.37170884,-0.8557783,-1.3429048,-1.4664772,-0.6659894,-4.8407035,-0.43572563,1.6107446,1.0157801,-3.2590785,-0.5620424,2.9402153,0.1301058,-1.1725754,1.1248726,-0.75941414,-1.5003903,-1.6662699,1.2252481,0.3376711,0.10509071,-2.025291,-0.12585336,1.3968272,0.010572208,-1.805722,1.4094107,0.8437311,-2.9136515,-1.4463638,-0.07848909,-1.4052868,-4.683081,-0.773055,-1.1129571,-0.3069641,-2.2004673,3.2475073,-2.116636,-2.4405932,1.7867192,1.7203726,-1.7780625,0.3162514,4.127882,-1.8146366,-2.5384233
1,/data_nas/huangyj/data/placePulse/rawData/googleviews-110802files/513d6c67fdc9f03587004f71.jpg,1.2866338,-0.8674278,-0.7558575,1.2942305,-0.8292656,0.31495056,-0.15845393,0.49155828,-4.2277274,-0.50192875,-1.0591015,0.90576893,0.2326744,0.04399241,1.0834138,0.80855423,1.4269142,1.1041415,0.1755136,0.39797327,0.32025293,0.20376246,-1.8210489,-0.29409346,0.74290764,0.37382478,-0.1258146,-0.4420002,0.30701426,0.96577644,-1.7610234,-1.132664,-1.8906438,-1.746302,-1.6801378,-3.743917,0.8247989,0.6639908,1.0190094,-0.1796481,1.1896553,0.91437703,-1.909526,-0.045107074,0.43963462,-1.2374668,1.0147249,4.399844,-0.66158086,0.0413526
1,/data_nas/huangyj/data/placePulse/rawData/googleviews-110802files/513cbc27fdc9f03587000f79.jpg,1.0076219,-2.2221832,0.521711,1.1816075,0.040246613,0.94272935,0.33034813,0.8976085,-2.8088827,0.39070377,0.15328223,0.21674557,-0.44976342,-0.0801017,1.9285781,-0.84661573,0.6443536,-1.119466,1.103219,0.19579887,0.19916229,-0.69975084,-1.8945723,-0.35796493,-1.0196506,0.29002124,-0.1358671,0.036881983,0.050148413,0.505681,-0.0015384136,0.09096317,-1.6921141,-0.09667721,-1.1024636,-2.1588144,0.60337365,-0.43349475,0.48269832,-0.7038647,-0.31077683,-0.25950757,-2.1489055,-0.882155,0.78299046,-0.88254356,-0.58355594,2.9823422,1.2369784,-1.6380644
0,/data_nas/huangyj/data/placePulse/rawData/googleviews-110802files/50f5eb18fdc9f065f0007f70.jpg,-0.59326196,-1.675224,1.2043216,0.70173234,0.19437581,-0.5937925,-0.54056025,-0.9359531,-3.6419835,-0.5352927,0.9334157,1.0001451,-1.7646134,0.59464264,1.3907659,1.1818175,-0.6484613,2.2176156,-0.3533342,-1.1268635,-0.77863526,0.69938415,-1.0689838,-0.8556346,-0.20405923,1.1972529,0.20257385,-0.36892906,-1.2526621,0.9460608,-1.5178909,-1.738022,-1.8208419,-0.876871,-1.8114153,-3.5416145,0.7456715,0.7197203,-0.5749411,-0.21878958,2.0346177,-0.6213069,-1.0027385,0.40878573,0.40160426,-0.97213346,1.0658329,3.5069313,-2.0428379,-1.2302864
0,/data_nas/huangyj/data/placePulse/rawData/googleviews-110802files/513f30cbfdc9f0358700df23.jpg,-0.17712125,-1.5545549,0.6622131,0.93688244,-0.89562553,-0.19275285,-0.25919735,-0.70823705,-2.8382695,-0.6509996,0.54936165,1.104784,-1.2322178,0.5483853,1.1660691,1.2971516,-0.40324962,2.0268402,-0.09217331,-0.98040324,-0.42031783,0.35494584,-1.522586,0.64513075,-0.015757933,1.3080087,-0.05488701,-0.6738819,-0.9026499,0.9129856,-2.0052469,-1.8895234,-0.4556874,-1.3090901,-1.9361452,-2.5190358,0.9652604,1.3312806,0.52742916,0.47638893,1.8791555,-0.24033953,-0.9363328,0.5131271,0.15994465,-0.23413108,1.2330639,2.7383275,-1.5485275,-0.99253005
1,/data_nas/huangyj/data/placePulse/rawData/googleviews-110802files/513d6c4dfdc9f03587004f2e.jpg,0.3369602,-1.2183033,0.043401822,-0.03879685,1.6799053,-1.4954283,-2.061471,-0.11112566,-6.377967,-1.5340697,-0.3009957,1.5955054,-0.5579179,-1.4458014,1.8634132,1.4401166,1.395781,2.2094493,-1.6832645,0.37386075,-0.85892844,1.9779888,0.45700058,-4.437923,0.19310346,-1.6918353,1.7033879,-0.6792102,-0.47920674,1.8659098,-1.1401358,1.6418197,-6.132651,-1.9287182,-1.9183077,-5.9204035,-1.0081751,-0.51351947,-0.9880852,-1.5724347,-0.516524,-0.037891544,-3.160466,-2.0547106,2.070722,-2.8645184,1.197632,6.5257096,-2.7294948,-0.5416968
0,/data_nas/huangyj/data/placePulse/rawData/googleviews-110802files/5140b9dffdc9f04926001f2c.jpg,-1.0098556,-2.170482,1.789593,0.01144555,0.6953197,-1.5144488,-1.551151,-1.0655471,-5.777639,-0.9708294,1.1616453,1.3406954,-2.3790188,-0.4549583,2.2166862,1.303749,-0.5276097,2.5343072,-1.1835314,-1.1971306,-1.4547045,1.6861356,0.035772495,-2.302126,-0.7687797,-0.13629094,1.2024125,-0.3706173,-1.6355505,1.655611,-0.85005844,-1.0939168,-3.7690086,-0.9817683,-2.0186229,-5.621024,-0.42609298,-0.25249887,-1.1218796,-1.4535459,1.9128139,-1.2988783,-2.386838,0.09105545,1.5514987,-2.2430868,1.1571355,5.4984264,-2.9049687,-1.7476583
0,/data_nas/huangyj/data/placePulse/rawData/googleviews-110802files/50f563f8fdc9f065f0005f2f.jpg,-0.2550454,-1.8692036,0.77414805,-0.064631365,0.999037,-1.6373333,-2.0230093,-0.6183981,-6.4827614,-1.5854349,0.42401165,1.7567207,-1.3921691,-1.4401555,2.230949,1.6874261,0.5882656,2.5573611,-1.5857674,-0.4759746,-1.2160938,2.150623,0.24871217,-3.3513887,-0.30617332,-1.3794854,1.663497,-0.88228357,-1.0189154,2.2063005,-1.4880257,0.82629925,-5.127849,-1.9466699,-2.3876529,-5.985725,-1.0459995,-0.12478098,-0.7251364,-1.2538787,0.23649547,-0.6711441,-3.385763,-1.4490222,2.1729925,-2.5321906,1.4867086,6.481339,-2.8427265,-1.2266
0,/data_nas/huangyj/data/placePulse/rawData/googleviews-110802files/514137aafdc9f04926004fe7.jpg,-1.1961389,-3.1569443,2.2041893,0.04165197,2.5655725,-1.387915,-1.5237244,-1.1829752,-6.023316,-1.0126309,2.0101848,1.2594885,-2.4035397,-1.1194934,2.7583315,1.1235365,-0.6815191,1.9541788,-0.96088654,-1.3404802,-1.6187872,1.7069342,-0.10975722,-4.4100366,-1.5833424,-0.8692843,1.3556215,-0.59179795,-1.8861284,1.9645127,-0.9368653,2.099493,-5.8795795,-0.6637775,-2.4402528,-5.5198193,-0.87576693,-0.47245827,-2.01165,-1.3050028,-0.9479757,-1.9702688,-3.3812156,-2.4437459,2.2669084,-2.4458969,0.6754355,6.0648994,-2.3404608,-2.9126363
0,/data_nas/huangyj/data/placePulse/rawData/googleviews-110802files/51409af4fdc9f04926000fe7.jpg,-1.0142167,-3.3891513,2.7857256,-0.2951887,0.26743075,-0.8988022,-1.234353,-0.35493436,-3.6408603,-0.30570877,2.0125363,0.89318854,-2.8866453,-0.95761174,3.126134,-0.39592603,-1.1144296,0.03611339,-0.34284133,-1.2762402,-1.4874259,0.79062307,0.12961544,-0.7929379,-2.5460138,-0.5318877,1.4420899,-0.20204884,-1.6169021,1.3492812,0.942411,-0.51057875,-2.080736,0.23975539,-1.4188759,-3.1877747,-0.94770396,-1.125567,-0.54375994,-1.7157471,0.8026365,-2.2686722,-2.6823585,-0.16720846,2.0123508,-1.2512869,-0.31694806,3.2457607,-0.6076213,-3.1252384
1,/data_nas/huangyj/data/placePulse/rawData/googleviews-110802files/513d9d41fdc9f03587007fec.jpg,-1.229139,-1.7063024,2.0106235,-0.0661471,1.6326816,-1.501925,-1.3841555,-1.075917,-4.4311996,-0.5571281,1.3988719,0.9474478,-2.5148892,0.17456053,1.716906,0.8773385,-0.89977384,2.2664003,-1.178008,-1.0976127,-1.4148562,1.3353404,0.34860522,-2.991445,-0.69690317,0.36994153,1.0889336,0.03706926,-1.7380501,0.98657984,-0.22378974,-1.1438459,-3.8019972,-0.16681781,-1.3162653,-4.5426965,-0.12148062,-0.52284515,-2.080981,-1.581861,1.8910624,-1.3075696,-1.1819457,0.18241191,1.0667629,-1.9973923,0.6274007,4.1232243,-2.8855405,-1.5309951
1,/data_nas/huangyj/data/placePulse/rawData/googleviews-110802files/5140ce02fdc9f04926002fe4.jpg,-0.2646912,-1.614766,1.5351605,0.38778934,-1.3828613,-0.2604502,-0.41004628,-0.013499899,-2.5606978,0.18824309,0.49109638,0.5020762,-1.969426,0.695309,1.6737258,-0.30086532,-0.57260007,0.49328056,0.047204524,-0.67453635,-0.62601244,0.02408497,-0.6351644,1.3346226,-0.837456,1.1921929,0.31358126,0.34719056,-0.86414486,0.32822087,0.5914979,-3.9353702,0.3642378,0.064899266,-0.6435364,-2.6039286,0.5855536,-0.47418746,0.29150665,-1.3257393,3.6558013,-0.7190254,-0.6286105,2.4515402,0.28077823,-0.7928796,0.051822875,2.0512288,-0.8115953,-1.1363909
0,/data_nas/huangyj/data/placePulse/rawData/googleviews-110802files/513d6c46fdc9f03587004f1d.jpg,-1.146342,-2.1684587,1.3532397,0.095948525,1.9787232,-1.749926,-1.7273628,-1.641013,-5.973412,-1.6351918,1.4484452,1.7563013,-1.9726287,-0.8381142,1.9427406,2.3554041,-0.48383087,3.540982,-1.5473378,-1.3770226,-1.5107492,2.16949,-0.10606638,-4.013681,-0.3720978,-0.4900296,1.2511839,-1.06791,-1.7997763,2.1380155,-2.4101727,1.3772038,-5.369399,-1.7588607,-2.8152478,-5.598379,-0.5423524,0.6901067,-1.6339203,-0.40579033,-0.14863636,-1.1890128,-2.7019567,-2.012009,1.7616854,-2.0884519,1.8036484,6.0564346,-3.5591414,-1.7914538
0,/data_nas/huangyj/data/placePulse/rawData/googleviews-110802files/50f5eaf8fdc9f065f0007f12.jpg,-1.4362309,-2.0466285,2.732307,-0.5387306,-0.56429344,-1.4658326,-1.4413005,-0.77149314,-3.100216,-0.24043106,1.5195161,0.8629291,-3.2234502,0.27234313,2.1566782,0.021452412,-1.4660988,1.3474631,-1.0053685,-1.3170038,-1.6347035,0.9723847,0.803974,0.122670345,-1.5042963,0.6447615,1.2978666,0.31750014,-1.8183496,0.6740588,1.1638348,-3.7128282,-0.6956932,0.3780233,-0.6788488,-3.3286898,-0.29365233,-0.99044126,-0.85951954,-2.0346673,3.8762681,-1.7690625,-0.7295493,2.4103599,0.9360571,-1.2600222,0.15196143,2.340007,-2.2317593,-1.8118751
1,/data_nas/huangyj/data/placePulse/rawData/googleviews-110802files/50f563f7fdc9f065f0005f19.jpg,0.09737214,-0.9053724,0.21684037,0.15116882,-0.67868376,-0.8673524,-1.2386721,-0.25673106,-2.3845923,-1.1638143,0.03897199,1.4952914,-0.92179745,-0.2772885,1.1559858,1.2447466,0.20089982,1.9286121,-1.0255606,-0.30906895,-0.56988436,0.9764756,-0.1588742,-0.06621765,0.21296857,0.10366139,0.9927812,-0.89052594,-0.510528,1.1077497,-1.44655,-1.181423,-0.94961953,-1.6995744,-1.5434669,-2.057132,0.007186657,0.86070687,0.51734596,0.081744075,1.333672,0.10417266,-0.9373889,0.11288843,0.70310026,-0.29886457,1.2290146,2.2680128,-1.8389667,-0.27941576
0,/data_nas/huangyj/data/placePulse/rawData/googleviews-110802files/513d5406fdc9f03587002f18.jpg,-1.5898883,-2.4288518,2.9684758,-0.43335548,0.81094265,-1.5286738,-1.4503441,-0.92665374,-4.020288,-0.20044483,1.895612,0.7659476,-3.3232157,0.037183326,2.4076264,0.045766976,-1.4637327,1.3372713,-0.9675464,-1.3979278,-1.7372432,1.1336707,0.7027644,-1.6844879,-1.7483417,0.30432597,1.3375381,0.36162895,-2.0336769,0.88195205,1.1008528,-2.2094991,-2.573765,0.56859374,-0.9148443,-4.1752625,-0.47557926,-1.2880712,-1.7467452,-2.2766492,2.6948547,-2.0852392,-1.3569348,1.2005438,1.3347411,-1.8804246,-0.0010253263,3.4318585,-2.2955174,-2.312803
0,/data_nas/huangyj/data/placePulse/rawData/googleviews-110802files/513d567ffdc9f03587002fcd.jpg,0.92042786,0.20748897,-0.7391212,0.74497026,-1.9233316,-0.27347222,-0.5714126,0.3183081,-2.4153047,-0.63797325,-1.2694932,1.0578101,-0.0913065,0.6500759,0.36967975,1.0171375,0.9827954,1.8054733,-0.54332197,0.3689437,0.12624781,0.36461124,-0.8236185,1.2552197,1.287207,0.95810837,0.1815517,-0.3277555,0.21115367,0.47189435,-1.3857366,-3.4077644,0.26089895,-1.7025595,-0.9579589,-2.344728,0.9481565,0.8984649,1.2245148,-0.09804842,3.2007446,1.2205473,-0.15153854,1.8726493,-0.25408202,-0.45123592,1.2785738,2.2322364,-1.6076571,1.0418677
0,/data_nas/huangyj/data/placePulse/rawData/googleviews-110802files/5141519afdc9f04926007fc6.jpg,1.2094698,-0.450035,-1.2859223,0.10044558,0.7664658,-1.2110149,-2.0305674,0.34800765,-5.2721334,-1.985998,-1.2139573,1.956398,0.60742575,-1.7921686,1.3069453,1.8651106,2.217538,2.2125566,-1.7440121,0.93724924,-0.28801355,1.9735678,0.2129818,-3.3694572,1.0377166,-2.0298378,1.6793658,-1.2933012,0.37081203,2.0403426,-2.1465273,2.097105,-4.995666,-2.986126,-2.1247463,-4.5576386,-1.0059255,0.3901167,0.268689,-0.46876684,-1.1835295,0.9888611,-3.0343125,-2.4684803,1.8838819,-2.0030236,1.722518,5.618393,-2.2348886,0.4589329
1,/data_nas/huangyj/data/placePulse/rawData/googleviews-110802files/513d6c8afdc9f03587004fc0.jpg,1.9267434,0.67017984,-1.8703086,1.4276795,-0.13124469,0.81942105,0.32575577,0.968338,-1.6769311,-0.13244185,-1.8306882,0.420282,1.430542,0.94888663,-0.28822887,0.44220915,1.8995831,0.679342,0.31926405,1.3611637,1.0291854,-0.56786054,-1.7070969,-0.7275589,1.8168784,1.0648009,-0.6062011,-0.13555408,1.0446362,-0.17892285,-1.5919363,-0.74777687,-1.3903717,-1.3865453,-0.59451,-1.45852,1.6172487,0.8957961,0.61813587,0.3959999,0.5408954,2.067149,0.07014434,-0.33846113,-0.7126854,-0.43079454,0.5428158,2.0148723,-0.2350781,1.4363797
1,/data_nas/huangyj/data/placePulse/rawData/googleviews-110802files/513e1fabfdc9f03587009fc4.jpg,0.67290896,-1.4446987,0.3097177,0.7498385,-1.5888878,-0.19531724,-0.6367591,0.38641432,-4.4244866,-0.4567551,-0.46270347,0.96614593,-0.8510129,-0.21996044,1.7664156,0.42970088,0.7827512,0.90759134,-0.107764006,-0.06707367,-0.2704572,0.5204097,-1.0660096,0.65731734,-0.12703772,0.121765316,0.45105073,-0.24384484,-0.17300943,1.1268854,-0.6907799,-2.4530811,-1.0663682,-1.2908504,-1.4852873,-4.033105,0.2333285,-0.034977354,1.0949833,-0.98139733,2.4581735,0.07946347,-2.1536934,1.1381255,0.88683605,-1.368013,0.7642662,4.209728,-0.8493133,-0.6175776
0,/data_nas/huangyj/data/placePulse/rawData/googleviews-110802files/513d9d28fdc9f03587007f97.jpg,1.3632494,0.74136424,-2.1746948,0.82241875,0.50699365,-0.6870168,-1.1833862,-0.060487792,-3.7316523,-1.8208247,-1.6428903,1.7784157,1.2643822,-0.33462304,-0.10400106,2.612061,2.0572736,3.2779164,-1.4071048,0.8831195,0.30351937,1.4267346,-0.749838,-2.5212557,2.4364285,-0.2994749,0.56359667,-1.314573,0.57798374,1.3342481,-3.6204047,0.9149345,-3.525708,-3.3074589,-2.0728757,-3.318626,0.4817093,1.8463249,0.32828614,0.97005135,-0.29430005,2.0185483,-1.1123974,-1.7961006,0.35013103,-1.0348588,2.3381286,4.2146425,-2.678123,1.6296152
0,/data_nas/huangyj/data/placePulse/rawData/googleviews-110802files/5140cdadfdc9f04926002f92.jpg,-0.28424522,0.48878637,-0.34451324,-0.30520442,1.080476,-1.5025988,-1.6676497,-0.9024899,-0.7420219,-1.5846759,0.02489946,1.6916115,-0.5160858,0.39472488,-0.1254858,2.0450048,-0.0018132776,3.265038,-2.0369327,-0.043092992,-0.6315449,1.3255031,0.83761716,-2.1055436,1.3266388,0.57658756,1.1648635,-0.97923493,-0.64713335,0.52575207,-1.9958816,-0.1784508,-1.9410954,-1.8049779,-1.0605712,-0.8422888,0.32147002,1.4143844,-0.95172757,0.65810734,0.6290352,0.6826677,1.0090921,-0.725839,-0.07029241,0.044467557,1.6223743,0.77538943,-3.3918986,0.8324503
0,/data_nas/huangyj/data/placePulse/rawData/googleviews-110802files/5140cdb9fdc9f04926002f9e.jpg,-1.3864633,-1.126742,1.6542239,-0.92675567,1.2113428,-2.1805954,-2.256794,-1.2622536,-2.2109773,-1.4309846,1.3752303,1.6855081,-2.321138,-0.22941369,1.3542265,1.4053401,-1.0434191,2.8004277,-2.1964133,-0.9562064,-1.6635529,1.782696,1.5869329,-2.330765,-0.43821365,-0.04676791,1.9295837,-0.6733041,-1.7186116,1.0090381,-0.5126695,-0.5980439,-2.5879,-0.844975,-1.1668189,-2.2931716,-0.6523209,0.16648127,-1.582004,-0.76661,1.2609215,-1.0615302,-0.18377359,-0.1975081,1.0497078,-0.76226366,1.0225463,1.867151,-3.533249,-0.9434295
1,/data_nas/huangyj/data/placePulse/rawData/googleviews-110802files/513d9d2afdc9f03587007f9b.jpg,-0.59878516,-0.95692176,1.6575868,-0.04550556,-0.6685251,-0.8868974,-0.91203743,-0.22257435,-2.593367,0.103668354,0.4468621,0.5216376,-2.2063565,0.98818856,1.3198937,-0.1693962,-0.67027205,1.109917,-0.66562825,-0.52247685,-0.9033487,0.41333595,0.30265453,0.22426404,-0.4602371,1.226311,0.6928382,0.6461192,-1.0681175,0.054170214,1.0495367,-4.371762,-0.3832044,0.33110872,-0.16574568,-2.975045,0.49437916,-0.8589388,-0.68282634,-1.9121444,4.3024235,-0.6558807,0.1490594,2.857703,0.13529816,-1.2398176,0.075645216,1.961275,-1.8835424,-0.6151142
0,/data_nas/huangyj/data/placePulse/rawData/googleviews-110802files/51421749fdc9f04926007ff6.jpg,0.2518595,-0.94279003,0.29913056,0.98012763,-1.4285606,-0.092352115,-0.20333375,-0.2496461,-3.4742935,-0.3316968,-0.24611567,0.8232047,-0.9617235,0.87684685,0.98660517,0.9196224,0.15361981,1.8172315,-0.052411895,-0.45651153,-0.1769701,0.2447967,-1.4285656,0.9309481,0.43089497,1.4364812,-0.18753299,-0.15359142,-0.48694366,0.5905225,-1.3417753,-3.3811355,-0.27422702,-1.1817336,-1.3839107,-3.393333,1.1688813,0.7174236,0.6726892,-0.32366118,3.2930336,0.26692972,-0.7394122,1.7504265,-0.10840584,-0.8470206,1.0774846,3.2442346,-1.5474691,-0.25647587
0,/data_nas/huangyj/data/placePulse/rawData/googleviews-110802files/513cda00fdc9f03587001ffc.jpg,0.11376525,-0.91523224,-0.36518264,1.0172861,2.9946802,-0.46224508,-0.6001262,-0.9562155,-3.6141253,-1.1571867,0.503906,1.2196978,-0.06461771,0.07169792,0.55379814,2.106695,0.43450758,2.7932546,-0.6696303,-0.2971262,-0.26582024,0.99007267,-1.2756428,-4.6056776,0.92514324,0.34374535,0.17577645,-1.0256306,-0.6632158,1.1484962,-3.307343,2.9605193,-5.242307,-1.7862761,-2.3421981,-3.2088664,0.7247025,1.5499105,-1.667629,0.99549574,-2.0763729,0.35685354,-1.2482903,-3.5208247,0.5423531,-1.1185433,1.4203665,4.2585607,-2.23807,-0.55024904
0,/data_nas/huangyj/data/placePulse/rawData/googleviews-110802files/513d9d45fdc9f03587007ff8.jpg,0.7951437,0.27112508,-0.7044681,0.77974683,-2.2197561,-0.19608675,-0.42089748,0.14269389,-2.4539948,-0.5931872,-1.2237624,1.0039744,-0.20554681,0.9014371,0.25471067,1.137456,0.77060825,2.022643,-0.47174865,0.17674793,0.16869111,0.33462104,-0.9632407,1.7059926,1.3542523,1.3269585,-0.030854309,-0.2979617,0.16086589,0.40640926,-1.5042518,-4.095077,0.76581955,-1.7488462,-0.97434133,-2.476215,1.1700158,1.0304183,1.3188815,-0.006657348,3.8372233,1.2153407,0.040417463,2.392985,-0.50133663,-0.37856254,1.430479,2.1869788,-1.7070208,1.0798348
0,/data_nas/huangyj/data/placePulse/rawData/googleviews-110802files/51413fb4fdc9f04926005ffb.jpg,-1.9477679,-2.4419222,2.7068067,-0.61925477,3.7143378,-1.8902086,-1.7897543,-1.6174937,-3.4500895,-0.85268676,2.6649647,1.1264635,-2.9207335,-0.41825607,2.030716,0.88618,-1.6401527,2.101315,-1.5300545,-1.4780383,-1.9355942,1.607609,1.0428785,-5.1472325,-1.5593289,-0.24348709,1.6485435,-0.33881864,-2.354794,1.1582304,-0.20593093,1.9955548,-5.4491835,0.22674799,-1.4983792,-3.3926332,-0.756558,-0.53417325,-3.3429103,-1.1916112,-0.90221447,-2.1948855,-1.3161687,-2.2875626,1.6616904,-1.6709594,0.24316692,3.3591502,-2.9050362,-2.6097708
0,/data_nas/huangyj/data/placePulse/rawData/googleviews-110802files/50f5e706fdc9f065f0006f86.jpg,0.18522747,-2.3592188,0.72720426,0.9165659,0.03093063,-0.4097877,-0.73324376,-0.2949964,-5.746719,-0.7975275,0.43946773,1.2002645,-1.1568887,-0.6518703,2.228881,1.100918,0.44960824,1.6060424,-0.15863273,-0.658623,-0.6417066,0.9994231,-1.4302988,-1.4496342,-0.49450833,-0.23766243,0.50968575,-0.6550031,-0.7489923,1.7647375,-1.7383944,-0.046687543,-3.3423219,-1.5301257,-2.4606988,-5.124143,0.013717015,0.3234077,0.18424672,-0.5753169,0.5896905,-0.526409,-3.200345,-0.91563314,1.4826877,-1.8194511,1.0935788,5.82067,-1.3456776,-1.6073879
0,/data_nas/huangyj/data/placePulse/rawData/googleviews-110802files/5141515cfdc9f04926007f83.jpg,-1.1966016,-2.9132175,2.585641,-0.123781666,0.68770444,-1.3480532,-1.4335629,-0.80048823,-5.4053836,-0.5353388,1.6934968,1.0200962,-2.9199038,-0.6224069,2.7999218,0.39823842,-0.9088705,1.3985536,-0.79828155,-1.3387967,-1.6354084,1.3278123,0.14338537,-1.9664624,-1.7621586,-0.31545854,1.3257394,-0.07935008,-1.8225833,1.5197519,0.2802029,-1.0386306,-3.4689436,-0.12106993,-1.7001644,-5.1733174,-0.7122451,-0.98515236,-1.2000408,-2.0006692,1.7071774,-1.9952598,-2.6771622,0.18518397,1.870956,-2.1907766,0.35090083,5.0010357,-2.0442307,-2.5883918
1,/data_nas/huangyj/data/placePulse/rawData/googleviews-110802files/50f563fbfdc9f065f0005f84.jpg,-0.25990698,-2.158721,1.0853792,-0.056097202,0.5677036,-1.4471736,-1.8661834,-0.39332297,-6.181787,-1.3116051,0.50446296,1.5759249,-1.6140313,-1.3738548,2.4797,1.1801256,0.44548815,1.9465584,-1.312559,-0.5128578,-1.2113804,1.8305181,0.177575,-2.6078696,-0.7350478,-1.2759862,1.6244258,-0.6856623,-1.0187389,2.0306814,-0.83506745,0.2664043,-4.4578347,-1.5411358,-2.1452208,-5.669899,-1.0400127,-0.48416373,-0.44564378,-1.5510111,0.597233,-0.9047957,-3.3750052,-0.9281774,2.1756406,-2.4088314,1.1096228,6.059974,-2.3762317,-1.5296743
0,/data_nas/huangyj/data/placePulse/rawData/googleviews-110802files/513d6c5bfdc9f03587004f53.jpg,-0.2572887,-1.5735886,0.6261371,0.42389044,0.04423713,-0.96472406,-1.1754923,-0.77142775,-4.336549,-1.2274573,0.5167087,1.5334512,-1.313954,-0.35777715,1.5663297,1.684669,-0.004978599,2.533468,-0.94274235,-0.81241196,-0.8056006,1.3462938,-0.6303736,-1.2411115,0.006789226,0.10558373,0.81700975,-0.90743446,-0.94850963,1.5726625,-2.0092824,-0.67671293,-2.5022857,-1.8113098,-2.239641,-3.9593208,0.024055345,0.8608968,-0.08113952,-0.120536104,1.1961837,-0.35139912,-1.8934604,-0.4064419,1.047252,-1.1497402,1.5409178,4.2849,-2.3122673,-0.9680234
0,/data_nas/huangyj/data/placePulse/rawData/googleviews-110802files/513d558afdc9f03587002f52.jpg,0.070230134,-1.442659,0.590788,0.5873478,-0.6871563,-0.79435897,-1.0143148,-0.31179026,-5.240283,-0.83894044,-0.04372474,1.2372086,-1.274031,-0.20168266,1.6962309,1.1929536,0.42545217,2.0934424,-0.67816,-0.48956946,-0.66337276,1.1148069,-0.76492566,-0.66934216,0.047964707,0.13349536,0.6538419,-0.41404584,-0.7077103,1.4233274,-1.2874033,-1.9998422,-2.3172355,-1.5224007,-1.8818419,-4.9584904,0.12661579,0.22234741,0.237145,-0.9452609,2.3997474,-0.1828367,-2.1587908,0.7290176,1.015669,-1.7559094,1.2909743,5.0458446,-2.0921628,-0.7102899
1,/data_nas/huangyj/data/placePulse/rawData/googleviews-110802files/5140dbebfdc9f04926003f5e.jpg,0.92624116,-1.492656,0.13060692,1.4703563,0.1794599,0.6353842,0.31090304,0.4632775,-4.174769,0.22203334,-0.2781462,0.29011828,-0.35561332,0.4552053,1.3752701,-0.014955507,0.84618515,0.27850202,0.77262837,0.1474261,0.19733481,-0.2998113,-2.0652432,-1.106161,-0.027823947,0.781054,-0.41524503,0.12251518,-0.058003813,0.55610836,-0.84475964,-0.8632872,-2.5312805,-0.5638506,-1.3284473,-3.8005233,1.0570285,-0.048669975,0.026367044,-0.7289298,0.9163087,0.2412234,-1.8420827,-0.26323435,0.40402254,-1.5105581,0.11740858,4.309627,-0.026412137,-0.83832777
0,/data_nas/huangyj/data/placePulse/rawData/googleviews-110802files/50f5e704fdc9f065f0006f59.jpg,-1.9229101,-1.8975129,2.9184685,-0.21381295,0.110845305,-1.4127632,-1.0238936,-1.4342974,-2.8225555,-0.10441387,1.9730511,0.711211,-3.4487464,1.0390472,1.6510093,0.5062426,-2.077459,2.1288502,-0.8657983,-1.8204674,-1.6561298,0.84113985,0.34741634,-0.3422008,-1.1873376,1.579063,0.7394013,0.3704492,-2.2487266,0.43310776,0.43371847,-3.7979767,-0.82359284,0.5892357,-0.8479867,-3.2227173,0.37937433,-0.37247542,-1.603009,-1.4840872,4.0356665,-1.8565121,0.055970043,2.3794878,0.34910545,-1.086053,0.4210487,2.1118119,-2.799871,-1.8495643
0,/data_nas/huangyj/data/placePulse/rawData/googleviews-110802files/51409a72fdc9f04926000f50.jpg,1.7294189,0.30226448,-1.4685572,0.521096,-1.5039257,-0.2599825,-1.0150471,1.1007079,-3.0227327,-0.931289,-1.9408617,1.211675,0.7594423,-0.42353833,0.65270543,0.69846225,2.108529,1.0019636,-0.7664068,1.2793214,0.3616039,0.591937,-0.37847367,0.15070131,1.2844036,-0.46717802,0.7671692,-0.52789617,0.92065805,0.8076019,-1.0238332,-1.5713844,-1.1545492,-2.1152391,-0.9092766,-2.6449637,0.14876671,0.2939657,1.4856912,-0.51327485,1.5400032,1.6116989,-1.2579648,0.49318466,0.523204,-0.9418581,1.0227265,3.0299718,-0.97830737,1.2809386
1,/data_nas/huangyj/data/placePulse/rawData/googleviews-110802files/50f44866fdc9f065f0003fad.jpg,1.1274669,-1.4609138,0.20807162,0.3191933,-0.5682076,-0.25840908,-1.0442793,1.1235031,-4.0923734,-0.35787717,-0.71100545,0.85195285,-0.456732,-0.8296656,2.0846045,-0.47414032,1.4356755,-0.32133496,-0.3027139,0.80639523,-0.2604199,0.43550625,-0.2592088,-0.8312401,-0.5299982,-0.8979549,1.0901847,0.0070383158,0.2223748,0.96774673,0.61980474,-0.7923661,-2.4916131,-0.7951389,-0.85733247,-3.6529984,-0.43203396,-1.1490222,0.63312334,-1.8457316,0.8972122,0.11255555,-2.5109293,-0.055917904,1.4603131,-1.8001355,-0.10917336,4.0218425,-0.20062718,-0.6486365
0,/data_nas/huangyj/data/placePulse/rawData/googleviews-110802files/50f5eeacfdc9f065f0008fa9.jpg,-0.2995092,-0.7561722,1.061953,0.35823166,-0.1711016,-0.3806748,-0.43879914,-0.255911,-1.469274,0.08753436,0.37120682,0.49666452,-1.5070931,1.2196091,0.8283533,0.06417315,-0.5508264,1.1099573,-0.3190829,-0.39922118,-0.48346487,-0.015219599,-0.35393363,0.027439069,-0.078016005,1.5929705,0.19594191,0.33861312,-0.8467805,-0.14944665,0.1230582,-3.0755842,-0.31920254,0.08216204,-0.33866453,-1.6823337,1.0097216,-0.037908316,-0.59868675,-0.8420474,2.8981,-0.22226174,0.5928656,1.7149875,-0.2870547,-0.5296774,0.15614022,1.1456225,-1.4792407,-0.41520107
0,/data_nas/huangyj/data/placePulse/rawData/googleviews-110802files/5140db99fdc9f04926003f0d.jpg,-0.5822095,-1.3945422,0.6621748,-0.71106374,2.2810247,-2.263564,-2.7080858,-0.9048387,-5.288475,-2.1138551,0.6664218,2.0842264,-1.310729,-1.7271152,1.8821448,2.062721,0.43908656,3.0569155,-2.4614205,-0.33972618,-1.457719,2.6326766,1.3199407,-4.8261375,-0.12313558,-1.8491638,2.335154,-1.197686,-1.1475644,2.152423,-1.5093812,2.3481662,-5.9782653,-2.1038291,-2.1885111,-4.8679237,-1.5173817,-0.03929408,-1.54559,-1.0039554,-1.0270861,-0.6593297,-2.682204,-2.5780623,2.289605,-2.2062798,1.5787414,5.3701324,-3.5986743,-0.94208497
0,/data_nas/huangyj/data/placePulse/rawData/googleviews-110802files/513e5de2fdc9f0358700af03.jpg,-0.68220323,-2.7494204,2.437595,-0.42310056,0.30246967,-1.0056337,-1.4122521,-0.007788049,-3.5866961,-0.19687527,1.4076431,0.79226047,-2.5874324,-0.68271214,2.8304543,-0.68726844,-0.6508383,-0.07826359,-0.60006994,-0.6857925,-1.3584332,0.75001705,0.5821351,-1.1488361,-2.1153252,-0.49750236,1.5451499,0.18567309,-1.3070312,0.9718735,1.5549783,-1.1390016,-2.3304303,0.38754264,-0.82690245,-3.3555932,-0.8434515,-1.5990119,-0.7378975,-2.3074355,1.3987691,-1.7939221,-2.1707783,0.35801652,1.7771875,-1.6185,-0.5211146,3.145959,-0.8657627,-2.416359
0,/data_nas/huangyj/data/placePulse/rawData/googleviews-110802files/5140cd28fdc9f04926002f0f.jpg,0.6653715,0.61703557,-1.4721628,0.09057754,-0.3124987,-1.2909201,-1.7203689,-0.43730542,-2.7292051,-2.1010733,-1.1314195,2.0749092,0.46186188,-0.3530177,0.035158347,2.6463704,1.2688975,3.565921,-1.9812822,0.4368365,-0.23318991,1.6212947,0.21851929,-1.3653754,1.958812,-0.20361431,1.0949193,-1.4721421,0.05138046,1.2472042,-3.0869665,-0.14448583,-2.1501703,-3.1474361,-1.8134099,-2.4427977,0.13601466,1.8650781,0.54948044,0.8796989,0.6702349,1.4772674,-0.46915755,-0.8237473,0.34499258,-0.39968875,2.3496192,2.8895009,-3.2603064,1.4152958
0,/data_nas/huangyj/data/placePulse/rawData/googleviews-110802files/513d6207fdc9f03587003f08.jpg,-0.69314677,-1.4470538,2.0156868,-0.42932248,-0.5497205,-1.2736315,-1.443391,-0.09937079,-3.393777,-0.1185627,0.61244184,0.7292519,-2.50744,0.20302993,1.9601842,-0.3344411,-0.5466128,0.8421007,-0.9892957,-0.51229256,-1.2287558,0.851665,0.8431672,-0.25909898,-1.0312675,0.30208522,1.3215957,0.57086223,-1.1714149,0.5222811,1.5940384,-3.7531974,-1.1823986,0.2959129,-0.28213704,-3.6487265,-0.31567794,-1.4687389,-0.69404805,-2.5364945,3.8751352,-1.0896683,-0.8202043,2.486191,0.93067354,-1.7072577,-0.037408903,2.7096326,-1.8915933,-1.0710043
0,/data_nas/huangyj/data/placePulse/rawData/googleviews-110802files/50f5e701fdc9f065f0006f04.jpg,-1.6357379,-2.216373,3.4061031,-0.9663991,1.1183211,-1.4615464,-1.510415,-0.4097712,-2.4246557,0.4096418,2.0063312,0.25822455,-3.5462382,0.25144997,2.3997993,-1.208952,-1.6862445,0.028417746,-0.9128128,-1.0000052,-1.7756757,0.6452019,1.5566514,-1.5796907,-2.2686763,0.31590915,1.620872,0.9961319,-1.9342432,0.104320064,2.9706771,-2.648106,-1.917471,1.7357305,0.2838111,-2.8052402,-0.640156,-2.386461,-2.2247508,-3.1387568,2.8900619,-2.311249,-0.44069558,1.8036565,1.1644024,-1.7218105,-1.1006843,1.6429228,-1.5691755,-2.3125532
0,/data_nas/huangyj/data/placePulse/rawData/googleviews-110802files/50f5ee9afdc9f065f0008f42.jpg,2.149265,-0.9165275,-1.5402244,1.3443307,-0.57037914,0.52364385,-0.32787606,1.2399814,-5.208215,-0.72774947,-1.7040645,0.95131654,1.1805047,-1.0412068,1.3834016,0.63299733,2.5913246,0.3581637,0.22919793,1.1839309,0.6455017,0.3718465,-1.8307962,-1.2133112,0.7480469,-1.001585,0.18827598,-0.68169516,1.040744,1.4419303,-1.7753141,0.8188032,-3.2976284,-2.2637167,-1.8806907,-4.3295407,0.1453425,0.2470766,1.4553188,-0.38046947,-0.5767374,1.3150524,-3.3567133,-1.532709,1.2233088,-1.7596478,0.84385735,5.6071577,0.16321021,0.1453081
0,/data_nas/huangyj/data/placePulse/rawData/googleviews-110802files/50f43ab0fdc9f065f0002f42.jpg,0.976542,-0.63654965,-0.34144825,0.83501136,-0.5729525,-0.0647072,-0.5411689,0.5141528,-3.3211794,-0.4302542,-0.791738,0.85969687,-0.18740016,0.1700032,1.0490513,0.4930373,1.0990582,1.0060011,-0.220565,0.43780962,0.054534156,0.33649832,-0.9956253,-0.41680956,0.57813317,0.34221852,0.31254026,-0.2011451,0.15785496,0.6867307,-0.95666784,-1.5548124,-1.5936204,-1.2939892,-1.1323229,-3.0531788,0.608152,0.21043725,0.5279293,-0.5575894,1.5817668,0.7316973,-1.2096636,0.3365721,0.40934712,-1.1100389,0.69344413,3.3379695,-0.94693035,0.13052249
1,/data_nas/huangyj/data/placePulse/rawData/googleviews-110802files/50f5ee9bfdc9f065f0008f4e.jpg,0.43670535,-2.66146,1.2495983,1.1954031,-1.0609245,0.5226501,0.1911717,0.43704322,-5.0038624,0.3918503,0.3373692,0.28362304,-1.4438483,-0.037566796,2.447677,-0.477786,0.231851,-0.27208787,0.9938838,-0.54411757,-0.25909495,-0.1707123,-2.0043335,0.51233274,-1.2384875,0.4974538,-0.16162357,0.22489409,-0.494566,1.0146422,0.01818538,-2.1641803,-1.406866,-0.23428385,-1.5293106,-4.5072446,0.49313632,-0.6568752,0.6892983,-1.419279,2.0756454,-0.79479,-2.9089575,0.94863045,1.0311507,-1.7148093,-0.05136124,4.8111963,0.39279357,-1.9791753
1,/data_nas/huangyj/data/placePulse/rawData/googleviews-110802files/513d9d0cfdc9f03587007f41.jpg,-0.50150925,-2.6152713,1.7563546,0.14258166,1.676603,-1.0217694,-1.3203734,-0.3975353,-5.4531345,-0.60706186,1.2073808,1.0010675,-1.9624395,-0.8748944,2.5680983,0.3788346,-0.0776163,1.0546496,-0.68013155,-0.64321834,-1.2192485,1.2064983,-0.119456336,-3.372107,-1.3317254,-0.76630324,1.2537088,-0.19953567,-1.2728455,1.5329335,-0.110202566,0.84054893,-4.866582,-0.40668616,-1.7597342,-5.0518885,-0.6907452,-0.9271604,-1.3981565,-1.75586,-0.052069154,-1.3919233,-3.0031583,-1.4168926,1.9812396,-2.3851185,0.24251099,5.4094377,-1.5746641,-2.2252133
0,/data_nas/huangyj/data/placePulse/rawData/googleviews-110802files/50f5eafafdc9f065f0007f45.jpg,-0.7766772,-2.7509258,2.1321943,-0.2666424,1.5758271,-1.0888826,-1.4677355,-0.40040445,-3.5430374,-0.61882746,1.635359,1.0702736,-2.2300887,-0.9179637,2.59922,0.01718298,-0.61293787,0.53813964,-0.7815234,-0.7708499,-1.3475823,1.002295,0.3754297,-2.6566234,-1.822689,-0.71128863,1.5404317,-0.30923384,-1.4202564,1.2668709,0.43033782,0.9588977,-3.694443,-0.06739728,-1.405384,-3.1525624,-0.8845825,-0.9235306,-1.288442,-1.4880171,-0.41306487,-1.7036935,-2.2909164,-1.419471,1.9154173,-1.4992335,-0.13739918,3.4433439,-1.1865708,-2.492643
0,/data_nas/huangyj/data/placePulse/rawData/googleviews-110802files/51415142fdc9f04926007f44.jpg,-0.24724944,-2.9178653,1.85605,0.76956064,0.055190116,-0.21384317,-0.43327895,-0.14273721,-5.8894763,0.044740748,0.97170794,0.5341201,-2.05735,-0.2618962,2.70599,-0.066703804,-0.16695501,0.5175595,0.3254709,-0.87471443,-0.8320487,0.49379703,-1.2773703,-1.1436386,-1.4643074,0.14605007,0.372114,0.17801863,-1.1095651,1.2895609,0.028941412,-1.3845989,-3.019257,-0.17853338,-1.7282665,-5.5048428,0.06014654,-0.90896463,-0.38608158,-1.8357956,1.7500119,-1.335521,-3.1253214,0.31763038,1.4664731,-2.3038218,0.10011967,5.66687,-0.7137368,-2.3917208
1,/data_nas/huangyj/data/placePulse/rawData/googleviews-110802files/5140d7e1fdc9f049260038d6.jpg,1.316885,1.2990549,-1.8080405,0.16672456,-0.3916858,-0.84219295,-1.4015642,0.4503337,-2.103203,-1.3543909,-1.9356369,1.444373,0.9357754,0.12909205,-0.2789187,1.491903,1.8711605,2.3080153,-1.6100911,1.3319005,0.22964032,0.9380615,0.3582347,-1.2426431,2.1623526,-0.010605928,0.88528067,-0.6486727,0.68267596,0.43660578,-1.5899931,-1.1682061,-1.8364277,-2.3245623,-0.6661656,-2.0784545,0.4149786,0.833641,0.46892574,-0.06720353,1.3904749,1.9997107,0.19106144,0.12712568,-0.07901794,-0.71721786,1.4845107,2.1857579,-2.4374588,2.1057687
0,/data_nas/huangyj/data/placePulse/rawData/googleviews-110802files/50f43480fdc9f065f00028d6.jpg,0.74899906,-0.34531206,-1.0176542,-0.2025937,2.7286723,-1.4687916,-2.2125409,-0.039163955,-4.2150135,-2.0236022,-0.54970956,1.8791987,0.52174044,-1.6933779,1.0302916,1.8902276,1.7864166,2.3377643,-2.0472593,0.9138966,-0.50787604,2.025513,0.7742001,-5.4396524,0.9262164,-2.0536413,1.8863511,-1.3010312,0.024315014,1.7503271,-2.061455,4.034254,-6.402867,-2.513418,-1.8799676,-3.6103323,-1.0885323,0.33934426,-1.1455914,-0.2534182,-2.8612523,0.72440684,-2.3303905,-4.001822,1.8475629,-1.8460639,1.3760722,4.7479997,-2.5343919,0.24170673
0,/data_nas/huangyj/data/placePulse/rawData/googleviews-110802files/50f5e56cfdc9f065f00068d2.jpg,-1.7781235,-2.0067587,2.7772822,-0.5145599,1.0275713,-1.6764412,-1.5361885,-1.2643846,-2.654062,-0.4843571,2.0113494,0.9972314,-3.2039993,0.4109594,1.8764702,0.49922845,-1.7411559,1.953415,-1.274338,-1.4697268,-1.7526729,1.135357,0.8780878,-1.6194618,-1.3362314,0.76340556,1.3299495,0.10039567,-2.1333094,0.65993226,0.5385408,-2.0077057,-2.0446756,0.3699941,-0.907186,-2.8995194,-0.17823292,-0.585119,-1.8991672,-1.5238568,2.4440055,-1.8517005,-0.31359074,0.94090885,0.8858289,-1.1511481,0.28294566,2.1253793,-2.828124,-1.9527985
0,/data_nas/huangyj/data/placePulse/rawData/googleviews-110802files/50f5e56cfdc9f065f00068d1.jpg,-0.48047087,-1.7145414,0.94508713,0.19328508,1.8627068,-1.4749142,-1.6413649,-0.8683247,-6.638108,-1.2013341,0.6132144,1.3848584,-1.5183997,-0.7675997,1.9256756,1.6345996,0.3303291,2.7450488,-1.34917,-0.5998852,-1.1459504,1.9166093,-0.050857954,-4.2167277,-0.12153767,-0.7109881,1.2007126,-0.49414736,-1.2066034,1.8271035,-1.4319603,0.63499826,-5.739982,-1.4567926,-2.1947722,-6.365995,-0.52150565,-0.23917805,-1.5874574,-1.4006538,0.51388764,-0.7073842,-2.8426301,-1.3202143,1.7340021,-2.8481624,1.3494551,6.6770644,-3.048706,-1.2276819
0,/data_nas/huangyj/data/placePulse/rawData/googleviews-110802files/513f11f2fdc9f0358700c8da.jpg,0.6282827,-1.3104104,0.37181184,0.27419078,-0.45200706,-0.8102531,-1.3396121,0.49151653,-5.7220135,-0.6516575,-0.6334092,1.083371,-0.91601795,-0.68877965,2.0120628,0.37233728,1.2138153,1.0715282,-0.8008919,0.3369226,-0.56153756,1.104478,-0.15031911,-1.42775,-0.11674105,-0.7157845,1.1012486,-0.027497454,-0.21472105,1.3356509,-0.021463927,-1.6324922,-3.24495,-1.2345009,-1.2806128,-5.443172,-0.39819756,-0.9236835,0.18825375,-2.0448582,2.068439,0.007424837,-2.6976464,0.59142196,1.4693115,-2.496862,0.6948435,5.5264354,-1.596822,-0.48834738
0,/data_nas/huangyj/data/placePulse/rawData/googleviews-110802files/50f5e567fdc9f065f0006863.jpg,-1.6553369,-2.2242603,2.977201,-0.4091022,0.5923497,-1.5883164,-1.4275686,-1.0296892,-4.164854,-0.15004575,1.8085423,0.7276361,-3.4113164,0.31323224,2.2581868,0.14092232,-1.5239352,1.6119409,-1.017501,-1.4487066,-1.7591487,1.1891849,0.7182366,-1.4776065,-1.5378306,0.5810175,1.2300315,0.5043235,-2.0636723,0.78906256,1.0755209,-2.96383,-2.3349385,0.59398454,-0.8458133,-4.4661107,-0.2911461,-1.2555125,-1.806427,-2.3558898,3.4347353,-1.9985874,-1.0796244,1.778538,1.121188,-1.9949418,0.12850946,3.5134318,-2.5847979,-2.0992064
0,/data_nas/huangyj/data/placePulse/rawData/googleviews-110802files/513d69cefdc9f0358700486e.jpg,-0.006732462,-1.6294445,0.51315594,-0.103123926,1.7972139,-1.6295999,-2.1273086,-0.35150158,-6.441989,-1.56773,0.233236,1.6612829,-1.0581179,-1.6272357,2.1550813,1.521003,0.96560204,2.2892916,-1.6741536,-0.071998864,-1.09366,2.207135,0.44560266,-4.4201407,-0.17184718,-1.7840556,1.8307129,-0.79151696,-0.75327665,2.1663053,-1.2585087,1.7655323,-6.062991,-1.8906368,-2.201109,-5.9385357,-1.2261374,-0.46236235,-1.1428555,-1.4433191,-0.5877105,-0.4679113,-3.459484,-2.1729367,2.326913,-2.7874718,1.2700908,6.5665708,-2.6900833,-1.0347432
1,/data_nas/huangyj/data/placePulse/rawData/googleviews-110802files/50f56203fdc9f065f0005865.jpg,-0.4780968,-2.824751,1.7717786,0.6548978,-0.38042566,-0.44461775,-0.5862796,-0.49566624,-5.2823453,-0.3521092,1.0822814,0.8953631,-2.128555,-0.33629268,2.504549,0.4983657,-0.44318616,1.1236718,0.029888073,-1.1879288,-0.95415753,0.6809436,-1.189436,-0.49064082,-1.3318821,0.24442054,0.4746159,-0.27466646,-1.2852175,1.4676089,-0.6390195,-1.4444572,-2.2891736,-0.6218839,-2.0418534,-4.8296556,0.018442465,-0.20100728,-0.011899205,-1.1729004,1.7664118,-1.3440733,-2.8474634,0.34701645,1.3867024,-1.6849338,0.5905544,5.0310683,-1.132024,-2.2888153
0,/data_nas/huangyj/data/placePulse/rawData/googleviews-110802files/50f5e567fdc9f065f0006860.jpg,-1.6696982,-2.5921235,3.151071,-0.325023,-0.09598372,-1.1563525,-1.0423704,-0.9246466,-2.520978,-0.004802818,2.1178522,0.67636627,-3.4673126,0.3825608,2.293335,-0.19696108,-1.9374031,0.93522817,-0.5574309,-1.6703317,-1.6318176,0.59856176,0.35849953,0.04548515,-2.0060582,0.92389786,1.0179142,0.28551915,-2.073901,0.60053927,1.1352597,-2.978715,-0.6458061,0.79799324,-0.8070921,-2.6182308,-0.11849884,-0.85055566,-1.0922295,-1.7095566,3.0709653,-2.2017245,-0.7338254,1.8300804,0.9160844,-0.90507275,-0.13843913,1.8307154,-1.7052038,-2.4986212
0,/data_nas/huangyj/data/placePulse/rawData/googleviews-110802files/5141469cfdc9f04926006864.jpg,1.7206584,-0.13409023,-1.6643822,0.8072412,-1.3149098,-0.22812276,-0.96677953,0.75373715,-4.061205,-1.3193319,-1.7751254,1.5087664,0.9131873,-0.7837614,0.85123754,1.4287162,2.193047,1.6356218,-0.7181517,0.95935297,0.354522,0.90979767,-0.96624976,-0.26704592,1.36002,-0.6671311,0.62212855,-1.011754,0.817983,1.4132462,-2.221544,-0.51373315,-1.9063692,-2.8306842,-1.7969764,-3.4284766,0.11239282,0.9412961,1.685759,0.10432558,0.699947,1.568667,-2.1491337,-0.4810821,0.81403124,-1.0608424,1.614346,4.2619424,-1.1904677,0.93427336
0,/data_nas/huangyj/data/placePulse/rawData/googleviews-110802files/5140d791fdc9f04926003832.jpg,0.44737592,-0.8086729,-0.53922516,0.88425905,1.9912943,-0.4590258,-0.7690964,-0.50698245,-3.5765858,-1.1849213,0.04120445,1.3161894,0.013639663,-0.16708128,0.7478268,1.838761,0.7774798,2.432485,-0.72195214,-0.023879621,-0.18773553,0.9929985,-1.0983183,-3.5276477,0.9096144,0.075222015,0.40972182,-1.0076646,-0.3440928,1.2133069,-2.8679008,2.0523949,-4.329366,-1.9718496,-2.1686776,-3.112457,0.5162269,1.2984867,-0.88757163,0.69046634,-1.349125,0.5632581,-1.4325814,-2.7224064,0.6732134,-1.0654683,1.4003878,4.08995,-1.9698997,-0.2739799
0,/data_nas/huangyj/data/placePulse/rawData/googleviews-110802files/50f5e566fdc9f065f000683c.jpg,-1.8428497,-3.2353268,3.7423804,-0.30868307,1.2176213,-1.1019377,-0.9756224,-0.8741148,-3.7221782,0.38833278,2.5992959,0.2916007,-3.793121,0.1761255,2.8329449,-0.752976,-2.0020206,0.33102936,-0.28331548,-1.6966606,-1.8052852,0.59819084,0.35306445,-1.6862234,-2.6412728,0.5503566,1.0627751,0.6917202,-2.2979033,0.63890177,1.8499992,-1.9012423,-2.518975,1.4988598,-0.7361771,-3.8339987,-0.3647827,-1.7692009,-2.1095448,-2.5435073,2.271996,-2.7751498,-1.527826,1.0168269,1.3979783,-1.8443872,-0.76271105,3.0969326,-1.3669024,-3.2855215
1,/data_nas/huangyj/data/placePulse/rawData/googleviews-110802files/5140ca70fdc9f04926002838.jpg,1.623851,-0.24470264,-0.58501256,1.3382457,-1.7898831,1.0014672,0.53916043,1.333862,-2.7112682,0.69253296,-1.5383227,-0.07639785,0.23006222,1.02026,0.7076981,-0.758031,1.3853666,-0.5024,0.9243739,0.93051136,0.77173495,-0.90086955,-1.7770709,1.4422224,0.6033662,1.2525278,-0.6422979,0.6560669,0.7542722,-0.24264623,0.26162222,-3.7426438,0.22535491,-0.3658863,-0.13531499,-2.6144285,1.4312505,-0.42009288,1.2027164,-1.1471251,3.1774461,1.1461825,-0.6102858,2.25173,-0.43676546,-1.0459247,-0.16299407,2.524245,0.5766567,0.53979987
0,/data_nas/huangyj/data/placePulse/rawData/googleviews-110802files/513d7a76fdc9f03587006835.jpg,0.53990585,-0.10016442,-0.7522993,0.34910333,-0.8172394,-0.9958544,-1.3859217,-0.2662979,-3.2326427,-1.5637689,-0.81093377,1.7797624,-0.17650858,-0.20961885,0.64458907,2.0117075,0.9346108,2.878576,-1.3878078,0.09898695,-0.31472698,1.3466767,-0.27248484,-0.4702001,1.2933112,0.06614886,0.8948658,-1.0679549,-0.117687166,1.2722524,-2.4010792,-1.3087511,-1.5096279,-2.565517,-1.8029722,-2.9559832,0.22085018,1.3482449,0.71248513,0.3364105,1.628591,0.95697224,-0.9145056,0.10174535,0.49070296,-0.67194563,1.9793549,3.2419384,-2.6157122,0.71199644
0,/data_nas/huangyj/data/placePulse/rawData/googleviews-110802files/50f5ec3afdc9f065f000883b.jpg,-0.8963519,-1.4388306,1.518305,-0.4541184,0.3194997,-1.9980193,-2.1122453,-0.8254995,-4.9676294,-1.213617,0.6720204,1.565881,-2.251058,-0.49466127,1.9128538,1.2759624,-0.26377186,2.678136,-1.8442271,-0.7604013,-1.5342699,1.8936962,0.95883435,-2.0577707,-0.39777827,-0.39054295,1.7168677,-0.34299898,-1.4516965,1.4680725,-0.36116433,-1.711059,-3.2918727,-1.0831463,-1.4929092,-4.9536057,-0.7101514,-0.42836905,-0.9787675,-1.720253,2.462569,-0.92801493,-1.6836109,0.69581985,1.4772598,-2.0627887,1.1985693,4.560117,-3.4286907,-0.9530165
1,/data_nas/huangyj/data/placePulse/rawData/googleviews-110802files/50f42c19fdc9f065f0001872.jpg,1.4649515,-0.8414241,-0.69458914,1.0804684,-1.4216577,0.2153583,-0.38839805,0.8878329,-4.559277,-0.4288212,-1.3356594,0.8613054,0.1512757,-0.22909483,1.3458407,0.42382997,1.6922777,0.68172485,0.07794404,0.64677274,0.2873113,0.30748677,-1.4579631,0.1945667,0.5651864,-0.030457292,0.17556919,-0.23254074,0.5127745,1.0181139,-1.0177766,-1.862839,-1.588092,-1.6619956,-1.397177,-4.0930586,0.47546342,0.054820754,1.3514291,-0.82958686,1.848618,0.91003627,-2.2373576,0.63089806,0.70116174,-1.5388821,0.8149973,4.5607533,-0.46720862,0.13281098
0,/data_nas/huangyj/data/placePulse/rawData/googleviews-110802files/50f5e567fdc9f065f0006871.jpg,-1.1391898,-2.9109104,2.0840147,-0.5702442,2.661106,-1.7953067,-2.148818,-0.9467265,-5.2244906,-1.347702,1.9154862,1.5468488,-2.3068604,-1.7542064,2.810536,0.9870213,-0.5133641,1.6625937,-1.526923,-1.0109347,-1.7492497,2.001242,0.8359649,-4.635054,-1.7151799,-1.6786451,2.0820737,-0.82051384,-1.7344147,2.0739746,-0.45981368,2.7885687,-5.912919,-0.81001574,-2.1519938,-4.6593623,-1.6002141,-0.7556723,-1.9356034,-1.4369326,-1.6003085,-1.9543531,-3.3521168,-2.8501596,2.6639137,-2.2002373,0.5626727,5.2472296,-2.284946,-2.7046015
1,/data_nas/huangyj/data/placePulse/rawData/googleviews-110802files/50f5ec3dfdc9f065f000887f.jpg,-1.073576,-2.6646154,2.3688016,0.33694723,-0.36829048,-0.8580062,-0.7986695,-0.8781409,-4.8486056,-0.25304398,1.4905772,0.8363068,-2.8231142,0.13952285,2.4015214,0.5007021,-1.1008115,1.5470501,-0.29450467,-1.532855,-1.2889471,0.8812022,-0.6542783,-0.32758972,-1.3845813,0.7091243,0.60127556,0.033295214,-1.6971229,1.2178892,-0.16859941,-2.6971147,-1.741503,-0.20790622,-1.6953621,-4.7445245,0.09644715,-0.40630817,-0.56255746,-1.4770985,3.0185153,-1.6532929,-2.0317218,1.3812193,1.1174423,-1.677871,0.5788841,4.384871,-1.8148081,-2.2796783
0,/data_nas/huangyj/data/placePulse/rawData/googleviews-110802files/50f5ec3dfdc9f065f0008878.jpg,-0.94191974,-2.4480872,2.301224,-0.72222435,0.5684657,-1.6850274,-2.0486505,-0.36363095,-4.2569475,-0.82265085,1.3501096,1.2660706,-2.6504083,-1.1340202,2.7381694,0.13539383,-0.57314324,0.9736479,-1.3788407,-0.8052993,-1.636231,1.5274845,1.135509,-1.8722869,-1.7645023,-1.0504069,2.045401,-0.2070332,-1.4742274,1.4599534,0.9529738,-0.7295034,-3.1226754,-0.2626615,-1.2110986,-4.0136786,-1.3335813,-1.33864,-0.9457785,-2.2068326,1.3047639,-1.7552193,-2.3930402,0.068628974,2.127059,-1.861328,0.1457633,3.8138666,-1.921982,-2.120246
0,/data_nas/huangyj/data/placePulse/rawData/googleviews-110802files/50f4347cfdc9f065f0002875.jpg,-0.44544908,-2.905734,1.7542772,0.1564023,0.36661887,-0.6618007,-1.0841994,-0.30220208,-3.6167178,-0.69021845,1.3935025,1.172339,-1.9802197,-0.8915061,2.6323347,0.3065285,-0.46847492,0.65965366,-0.36277285,-0.93065995,-1.0626981,0.81664306,-0.46238917,-1.0688986,-1.6457373,-0.43010694,1.1556689,-0.61880696,-1.1686258,1.4852434,-0.3637371,0.3405582,-2.4041884,-0.658451,-1.8740911,-3.0124333,-0.54601914,-0.24249908,-0.16705981,-0.82798094,-0.009226791,-1.4281126,-2.626399,-1.0329242,1.7356683,-1.0135036,0.2842765,3.5176656,-0.85073054,-2.4403102
0,/data_nas/huangyj/data/placePulse/rawData/googleviews-110802files/513f2c66fdc9f0358700d875.jpg,-1.0922905,-0.756657,1.8232058,-0.97265136,0.769426,-1.590817,-1.7636168,-0.5455109,-0.9831287,-0.47267577,1.053033,0.9029999,-2.3429613,0.39529854,1.2567679,0.03711813,-1.0618132,1.3670689,-1.5791059,-0.54971975,-1.2944894,1.0509171,1.6552551,-1.2690493,-0.6537007,0.47820687,1.624559,0.22064239,-1.2929262,0.107147746,1.2165514,-2.3461108,-1.121708,0.21267636,0.06055262,-1.3904623,-0.3007426,-0.88218486,-1.5470773,-1.5933086,2.5649188,-0.9356864,0.69621146,1.376126,0.50631535,-0.69632494,0.023724208,0.41464987,-2.3848486,-0.6352961
0,/data_nas/huangyj/data/placePulse/rawData/googleviews-110802files/513d9afdfdc9f0358700787b.jpg,0.16203658,-0.6638881,0.09557702,-0.44569778,-0.7364571,-1.8829336,-2.3969066,-0.15727991,-5.0330296,-1.7810736,-0.60769874,1.9858574,-0.9984448,-1.1253734,1.6203594,1.6377367,1.0104457,2.6820257,-2.1344898,0.12115589,-1.0160267,2.128622,1.0057079,-1.3288659,0.45498407,-1.1880627,1.9648329,-0.81324303,-0.46901432,1.7786711,-0.9889793,-1.4627626,-2.8704112,-2.2767074,-1.6476169,-4.7969284,-0.9872243,-0.053636096,0.32084954,-1.3310528,2.128572,0.17323247,-2.0992703,0.45819536,1.6141288,-1.898185,1.6957167,4.7651424,-3.177692,0.15633425
1,/data_nas/huangyj/data/placePulse/rawData/googleviews-110802files/513e64abfdc9f0358700b874.jpg,-0.9569661,-2.7635326,2.2225988,-0.8623522,0.7311742,-1.9389689,-2.3986115,-0.4845458,-5.384336,-1.2372729,1.348691,1.5702431,-2.5893571,-1.7485985,3.0931458,0.51651716,-0.33540425,1.304585,-1.6504978,-0.8280744,-1.8102891,1.9572228,1.2686703,-2.5389497,-1.8512638,-1.7054679,2.3561761,-0.5334233,-1.5543158,1.960865,0.56099355,0.25853592,-4.1593957,-0.7601882,-1.674415,-4.951226,-1.7696564,-1.2952479,-0.8702533,-2.2628596,0.60444003,-1.876031,-3.3043602,-0.7001642,2.651894,-2.2533877,0.4482473,5.013527,-2.2590654,-2.3400977
0,/data_nas/huangyj/data/placePulse/rawData/googleviews-110802files/50f5e565fdc9f065f0006822.jpg,0.08468686,-1.3531727,1.0951672,0.27959138,-1.6691114,-0.2788688,-0.5729091,0.2753098,-2.2383373,-0.016146293,0.16723837,0.6540691,-1.559954,0.36852422,1.5735677,-0.25742036,-0.18090338,0.371615,-0.1058032,-0.34306633,-0.49614045,0.08486943,-0.43509588,1.5533144,-0.65285456,0.79166394,0.5309313,0.119393885,-0.5349596,0.4122363,0.46774045,-3.5472796,0.5518877,-0.26684478,-0.62295884,-2.1546195,0.37177166,-0.35490295,0.7045468,-1.1369567,3.2412996,-0.396725,-0.7337983,2.1583242,0.39205515,-0.5633502,0.114920266,1.7657739,-0.6245745,-0.80164087
1,/data_nas/huangyj/data/placePulse/rawData/googleviews-110802files/51414e5ffdc9f04926007821.jpg,-0.22155349,-0.747074,1.620477,-0.7834004,-0.64205265,-1.3757491,-1.7455773,0.5636629,-3.1334746,0.056856696,-0.14033549,0.5617169,-2.1062334,0.14363292,1.7823634,-0.9570679,0.10884683,0.20454903,-1.2825227,0.32174262,-1.0577946,0.788411,1.6117619,-0.45977223,-0.7768167,-0.094835,1.6474901,1.0010529,-0.6604009,0.140898,2.7386281,-4.2566533,-1.2570375,0.5671818,0.5584717,-3.5669997,-0.5602369,-2.3277457,-0.7107071,-3.3999996,4.2966223,-0.6400656,-0.49392805,3.0404289,0.911109,-2.104216,-0.46260536,2.3892503,-1.7516674,-0.3349473
1,/data_nas/huangyj/data/placePulse/rawData/googleviews-110802files/5140b6d4fdc9f04926001829.jpg,-1.5388147,-2.568779,3.2270908,-0.30786526,1.9222736,-1.1312168,-1.0744617,-0.6982934,-3.4698014,0.3762279,2.1611836,0.25533384,-3.2902753,0.41167217,2.38699,-0.72666115,-1.5653163,0.46854156,-0.5331174,-1.1717123,-1.6184977,0.57542753,0.5997907,-2.6801722,-2.0681484,0.5698266,1.0943846,0.83433217,-2.0164437,0.34132016,1.8647302,-1.4865797,-3.273698,1.469216,-0.4189506,-3.7052324,-0.18457155,-1.8432692,-2.5687153,-2.620705,1.9285475,-2.2393036,-0.9883059,0.6221313,1.1568971,-2.0201933,-0.822689,2.9839315,-1.6367793,-2.6248775
0,/data_nas/huangyj/data/placePulse/rawData/googleviews-110802files/513f1169fdc9f0358700c828.jpg,-1.675481,-2.8206866,3.1077638,-0.45275557,-0.27724132,-1.4297738,-1.4066378,-1.0276233,-3.5595996,-0.39380836,2.0982702,0.9900556,-3.5016484,-0.17174801,2.6496894,0.214021,-1.75077,1.3361622,-0.83665526,-1.7731916,-1.7775779,1.1175362,0.46527955,-0.10006051,-2.0469458,0.34564516,1.3389193,-0.00044564903,-2.104079,1.131103,0.7438232,-2.6664224,-1.1344463,0.2325022,-1.2642194,-3.5325313,-0.5387869,-0.7963686,-0.83765906,-1.750809,2.9568052,-2.2849581,-1.5518615,1.556701,1.3924397,-1.2374561,0.24300057,2.8834555,-2.0220356,-2.6209402
0,/data_nas/huangyj/data/placePulse/rawData/googleviews-110802files/513d69bbfdc9f0358700482a.jpg,0.116888545,-0.34525582,0.5453841,-0.35556906,0.15011463,-0.92183423,-1.3671159,0.24523632,-1.6330426,-0.44903746,-0.1633878,0.87043965,-1.0606782,0.19401978,1.0602758,0.005893384,0.23942748,0.9036354,-1.1118535,0.28724656,-0.5462181,0.6921072,0.80211526,-0.94285923,0.05312244,0.19895218,1.2087176,0.10087215,-0.35462978,0.20305178,0.63116187,-2.0078166,-1.2843025,-0.49742588,-0.108952686,-1.7828155,-0.020690499,-0.6361369,-0.49758366,-1.3201054,2.0720623,0.10078872,0.04522366,0.99937546,0.44692177,-0.8649593,0.16838992,1.3324983,-1.5960099,0.11840252
0,/data_nas/huangyj/data/placePulse/rawData/googleviews-110802files/51414eb1fdc9f049260078eb.jpg,0.6988384,-0.5272825,-0.4050952,0.72077113,-1.3482203,-0.7078876,-1.0164281,0.0047857147,-5.484535,-1.0068452,-1.0533915,1.3267888,-0.48018813,-0.09772662,1.1698275,1.5212921,1.202147,2.4590664,-0.837598,0.06747858,-0.2486448,1.2101891,-0.8350504,-0.28543442,1.0043035,0.12921813,0.50785154,-0.45152116,-0.09538518,1.3841472,-1.7297131,-2.7138193,-2.0065403,-2.1903713,-1.7810909,-5.276153,0.34904858,0.4872574,0.8045261,-0.8003696,3.0580356,0.74652237,-1.9523389,1.2702001,0.68233293,-1.8634652,1.7307695,5.3342066,-2.3006966,0.40191367
0,/data_nas/huangyj/data/placePulse/rawData/googleviews-110802files/513d5d87fdc9f035870038eb.jpg,-0.4155125,-0.5879992,0.38090602,-0.22603196,0.3629594,-1.9764736,-2.1479683,-0.86139005,-4.8752136,-1.7187957,-0.02702827,1.8884628,-1.3109274,-0.5411174,1.2092499,2.1664996,0.3790915,3.5401058,-2.1283634,-0.398651,-1.14472,2.1484423,0.71717316,-2.33984,0.6921272,-0.45963284,1.5914485,-0.8194978,-0.99038804,1.6427699,-1.6998262,-1.0806761,-3.517087,-2.104045,-1.8629378,-4.782636,-0.5012427,0.47629237,-0.6729978,-0.8349731,1.9238751,-0.01627179,-1.4664187,0.06956307,1.2076249,-1.8280241,1.9539734,4.6947126,-3.875717,0.021367963
1,/data_nas/huangyj/data/placePulse/rawData/googleviews-110802files/513d7aa7fdc9f035870068eb.jpg,0.7160752,0.5315098,-0.64834654,0.02659353,-0.71595776,-0.92853236,-1.3757275,0.29993016,-1.7438921,-0.9975927,-1.1497449,1.3055019,-0.1227965,0.32301265,0.3237284,0.9501988,1.033433,1.8778173,-1.3941936,0.731059,-0.18935183,0.8101028,0.43607363,-0.36076096,1.2460068,0.31253767,1.0058956,-0.3377478,0.12692168,0.37528613,-0.7204387,-2.243734,-0.9215573,-1.5521965,-0.5204722,-1.8250972,0.34341666,0.39013183,0.34212607,-0.52762866,2.275707,1.1528412,0.29099703,1.0104003,0.06427541,-0.592411,1.0410485,1.5974908,-2.2234228,1.2436161
0,/data_nas/huangyj/data/placePulse/rawData/googleviews-110802files/5140ca65fdc9f04926002813.jpg,-1.9413059,-2.7555077,3.2769637,-0.7451064,0.6077182,-2.0081944,-1.9111866,-1.2311704,-4.9061856,-0.59014523,2.1507263,1.0824614,-3.7185419,-0.42720312,2.7709002,0.44980744,-1.6243688,1.8802212,-1.3890895,-1.7095912,-2.1363208,1.6687888,1.0945992,-1.7598276,-1.9835793,-0.15283622,1.7416698,0.114027336,-2.3504581,1.350078,0.9106414,-2.111077,-2.9314408,0.25152937,-1.2956698,-4.9838963,-0.9395212,-1.2669159,-1.690653,-2.428279,2.8213131,-2.4590127,-1.96285,1.1740187,1.7906456,-2.150285,0.3537614,4.2197843,-2.917636,-2.6120853
0,/data_nas/huangyj/data/placePulse/rawData/googleviews-110802files/50f42c12fdc9f065f0001819.jpg,1.6211512,0.12269261,-1.2341905,0.29483438,-1.9517483,-0.23680583,-1.0615255,1.171893,-1.9145094,-0.91903865,-1.7428367,1.2591238,0.58009404,-0.47449666,0.8010802,0.4382648,1.8303212,0.6203486,-0.74010694,1.1816698,0.30126747,0.44308507,-0.18677883,1.0670054,0.9303434,-0.41432077,0.9126196,-0.5875899,0.8809655,0.70261186,-0.65367657,-1.8019472,-0.051779367,-1.9800681,-0.7234362,-1.5222063,0.03744767,0.29677555,1.8667469,-0.36961925,1.5557345,1.4247727,-0.97459435,0.73830473,0.49644688,-0.36709297,0.8326847,1.8594282,-0.6550473,1.0851974
0,/data_nas/huangyj/data/placePulse/rawData/googleviews-110802files/513d5d0ffdc9f0358700381a.jpg,1.1229229,-0.1945183,-0.72700226,1.1898113,-1.8934563,0.42400286,0.11143425,0.4659568,-2.3454578,-0.20050243,-1.1632597,0.67677915,0.09587343,0.9274392,0.44269136,0.59445065,0.9502607,1.1126196,0.23200634,0.34171557,0.42379004,-0.261488,-1.6332002,1.5524669,1.0216535,1.3760693,-0.41779584,-0.1771501,0.31937796,0.22807825,-1.3617243,-3.1618125,0.47681808,-1.3450258,-0.973819,-2.1607912,1.4018714,0.90529263,1.3694264,0.062359028,2.784851,1.1498727,-0.2974684,1.6158098,-0.47356743,-0.34076872,0.87974364,2.247131,-0.6900067,0.6201982
1,/data_nas/huangyj/data/placePulse/rawData/googleviews-110802files/51408ae9fdc9f0358700e810.jpg,-0.541618,-2.37265,2.2032745,0.4402633,-1.6763309,-0.2330232,-0.32497996,-0.101513356,-3.6322212,0.36843914,0.9137565,0.36872685,-2.5502057,0.49780425,2.2677927,-0.5314287,-0.8781263,0.23948829,0.3060093,-1.0740091,-0.8456536,0.058240686,-0.8235402,1.6213148,-1.5151727,1.0845968,0.28922868,0.49553266,-1.1718897,0.579569,0.97520506,-4.3402367,0.26271874,0.37224367,-0.86251307,-3.5899436,0.39824075,-0.8825322,0.31845072,-1.8352609,4.102581,-1.3510785,-1.439737,2.843999,0.6460774,-1.2282795,-0.10540451,2.9719176,-0.611619,-1.9215662
0,/data_nas/huangyj/data/placePulse/rawData/googleviews-110802files/513d5d73fdc9f035870038c6.jpg,-1.5610586,-2.1581192,2.5796435,0.19996259,0.27177125,-1.2174231,-0.90191156,-1.3330152,-4.414198,-0.22390373,1.6816499,0.78809524,-3.0974698,0.7635973,1.8854716,0.7666511,-1.5156627,2.2812684,-0.6537411,-1.6738955,-1.4926094,0.95015496,-0.24410112,-1.0346593,-1.0210878,1.2978084,0.55049187,0.24164124,-2.0733,0.83431935,-0.15315966,-3.1029923,-2.0333369,0.12619312,-1.3791512,-4.6171412,0.4044395,-0.28959617,-1.4501832,-1.5129372,3.541578,-1.6598824,-0.9600694,1.7162837,0.6426509,-1.6953036,0.6785351,3.8787723,-2.7571173,-1.9341477
0,/data_nas/huangyj/data/placePulse/rawData/googleviews-110802files/50f5ec41fdc9f065f00088c6.jpg,-1.428096,-2.1193955,2.198138,-0.5808851,0.1384705,-1.8896978,-1.9785016,-1.1991159,-3.9523454,-1.1892859,1.5095745,1.5936922,-2.8252192,-0.5023652,2.2079394,1.2106972,-1.128385,2.4744706,-1.6269398,-1.414967,-1.7390656,1.7586188,0.8291788,-1.1485262,-1.1058325,-0.11613166,1.6984233,-0.5336861,-1.863663,1.4972737,-0.3634441,-1.6926724,-2.18614,-0.8536697,-1.6778898,-3.8935542,-0.7380467,-0.15504594,-0.8511939,-1.24406,2.270299,-1.5947251,-1.5398331,0.6560291,1.4941132,-1.3372773,1.0694596,3.5018284,-3.0665772,-1.7839782
0,/data_nas/huangyj/data/placePulse/rawData/googleviews-110802files/50f5e56bfdc9f065f00068c5.jpg,-1.0095361,-2.8024077,2.6002722,-0.37614554,0.28426138,-1.2824341,-1.5046123,-0.41248697,-5.0089335,-0.34602854,1.5005796,0.8888588,-2.9092655,-0.7250793,2.9051676,-0.15113236,-0.78454065,0.7233179,-0.78261,-1.0565746,-1.562277,1.1772566,0.49694425,-1.4661906,-1.9788817,-0.5035815,1.5028013,0.124698594,-1.592814,1.3391,1.0839777,-1.5520234,-2.9187224,0.11722529,-1.2385169,-4.82995,-0.89910686,-1.4963925,-0.95391387,-2.4455898,2.062922,-1.9604305,-2.629771,0.6791649,1.9137843,-2.1722634,-0.024092775,4.5047517,-1.5595618,-2.4866476
1,/data_nas/huangyj/data/placePulse/rawData/googleviews-110802files/514094a0fdc9f049260008c4.jpg,-1.618366,-1.9091038,2.5272062,-0.40765572,0.5516748,-1.7474719,-1.5939741,-1.2247155,-3.6180751,-0.6138313,1.6655343,1.1061171,-3.1057644,0.2212318,1.9357835,0.7911879,-1.4374988,2.2784548,-1.3392298,-1.4570236,-1.6919658,1.3922213,0.71931916,-1.4022747,-1.0839942,0.5668458,1.3091063,0.027922096,-2.0041764,0.9777121,0.2140317,-2.4633868,-2.1309347,-0.05942466,-1.1654017,-3.8219678,-0.2735172,-0.51879436,-1.5431846,-1.6093038,2.9643352,-1.6737895,-0.82840383,1.3153212,1.0267794,-1.4978474,0.6772283,3.0708625,-3.0386374,-1.7305156
0,/data_nas/huangyj/data/placePulse/rawData/googleviews-110802files/50f5e569fdc9f065f0006897.jpg,-0.3808089,-1.4553907,1.2374758,0.3065383,-1.1567934,-0.38480374,-0.50561416,-0.35436887,-2.0016222,-0.24458103,0.7005836,0.79873973,-1.7988319,0.57933015,1.3811855,0.34906647,-0.74091107,1.1594175,-0.21266954,-0.8717452,-0.64543056,0.25341505,-0.59875065,1.1799399,-0.55862725,1.2075313,0.38007176,-0.19649576,-0.90648186,0.4940333,-0.3907686,-3.07847,0.44587985,-0.50111437,-1.0329384,-1.9305686,0.6082824,0.32127607,0.31490228,-0.44255945,2.9157538,-0.5872734,-0.42013273,1.6836526,0.18302593,-0.21389037,0.5212422,1.5833324,-1.15079,-1.0156476
1,/data_nas/huangyj/data/placePulse/rawData/googleviews-110802files/50f4347efdc9f065f000289c.jpg,0.7946325,-0.912315,0.64710003,0.12208979,-0.43723595,-0.4178015,-1.0064774,1.1145813,-3.9772685,0.18881248,-0.7874437,0.3831771,-0.92746156,-0.07367827,1.7836108,-0.9761778,1.1177378,-0.36713046,-0.3884426,0.8327721,-0.34638846,0.2644878,0.20409037,-0.87961185,-0.4254548,-0.29038543,0.98516774,0.76133984,0.013069711,0.32389662,1.75349,-2.6149871,-2.1992502,0.04493478,0.017643014,-3.9739456,-0.15015978,-1.9012166,-0.092986844,-2.7929654,2.647325,0.040043145,-1.5020466,1.5565459,0.97581,-2.227511,-0.5177749,3.6057594,-0.5805153,-0.26169297
0,/data_nas/huangyj/data/placePulse/rawData/googleviews-110802files/513d5d59fdc9f0358700389c.jpg,-0.65571123,-2.7027962,2.2577026,-0.6044527,0.90118194,-1.5311258,-1.9763393,-0.034676656,-5.5502152,-0.6123998,1.126189,1.0576575,-2.5097034,-1.3780558,3.0799627,-0.23359945,-0.105955034,0.5025358,-1.1600313,-0.5174406,-1.5645541,1.5065694,0.9867153,-2.6781354,-1.923574,-1.4503672,2.0210323,0.062250204,-1.2926859,1.5885216,1.3857107,-0.31805053,-4.2820764,-0.09361141,-1.1926407,-5.2387896,-1.4894799,-1.9776417,-1.123792,-2.8960936,1.0463364,-1.7851523,-3.2372613,-0.21430674,2.4732091,-2.6843386,-0.11015248,5.146641,-1.6119994,-2.2965767
0,/data_nas/huangyj/data/placePulse/rawData/googleviews-110802files/513d7a90fdc9f0358700689a.jpg,-1.2359476,-1.9076995,1.5733483,-0.04502085,2.3738563,-1.7407898,-1.6974156,-1.519673,-5.023441,-1.2982785,1.5666262,1.5106837,-2.1317968,-0.41149473,1.7396716,1.8718338,-0.7138082,3.1640193,-1.5428137,-1.2337338,-1.512802,1.9027617,0.2326489,-4.185259,-0.41947246,-0.14932877,1.276085,-0.715557,-1.8187605,1.6372015,-1.6973284,0.9621351,-5.1249013,-1.1464148,-2.2283304,-4.870277,-0.3780251,0.33454207,-2.142597,-0.6779311,0.14096303,-1.2031902,-1.8686097,-1.6617138,1.45349,-1.948823,1.3444513,5.0386147,-3.4356549,-1.6644177
0,/data_nas/huangyj/data/placePulse/rawData/googleviews-110802files/513f11c2fdc9f0358700c89a.jpg,-0.48069313,-3.3988867,2.2359169,0.1798628,-0.19789773,-0.6685864,-1.0604391,-0.13699599,-5.5135303,-0.37423354,1.3551768,0.9278518,-2.4193597,-1.141682,3.2560754,-0.0895956,-0.3570832,0.28439647,-0.13056113,-1.0432605,-1.2122707,0.9480039,-0.54700124,-0.84591335,-2.1328106,-0.7493226,1.1552048,-0.20709062,-1.2611214,1.7456981,0.3663589,-0.72492564,-2.7781937,-0.36662936,-1.8885428,-4.944935,-0.831713,-1.0945117,-0.046422556,-1.8960158,1.1352448,-1.8405803,-3.6991684,-0.07923462,2.1809716,-2.023737,0.09175491,5.210066,-0.6398258,-2.880886
0,/data_nas/huangyj/data/placePulse/rawData/googleviews-110802files/50f5e569fdc9f065f000689b.jpg,-1.2955687,-1.6786064,2.1699657,-0.65152586,1.3798863,-2.0126965,-2.056578,-0.92571497,-4.4762816,-0.8378235,1.2922326,1.2161335,-2.7007084,-0.3080925,2.0048203,0.7154656,-0.763879,2.1498797,-1.7499391,-0.87654185,-1.7261723,1.726177,1.2794784,-3.005451,-0.92550665,-0.29398575,1.7931027,0.038735557,-1.7551557,1.1384137,0.46656013,-1.2373296,-3.889121,-0.19271281,-1.0710732,-4.620671,-0.76445097,-1.0346471,-1.9935896,-2.1677907,2.046206,-1.4498056,-1.355568,0.3596149,1.5081813,-2.2010622,0.54705644,4.0444856,-3.1912591,-1.4571702
1,/data_nas/huangyj/data/placePulse/rawData/googleviews-110802files/513d32c2fdc9f035870028f2.jpg,1.8706952,-0.86213434,-1.5495923,0.8152036,2.0051,-0.057013206,-0.97840446,0.9734985,-5.34745,-1.1344485,-1.2628335,1.1167403,1.3735601,-1.6948956,1.3805623,0.8813706,2.6992457,0.5870344,-0.48833275,1.4250858,0.33128554,0.9860184,-0.90550536,-4.5728946,0.70149505,-2.0258145,0.858723,-0.8701726,0.84733427,1.6619972,-1.7889955,4.0541725,-6.2575274,-2.1939907,-1.9199483,-4.4171124,-0.5868192,-0.10263213,-0.14071465,-0.49962714,-3.2027214,1.071455,-3.6251867,-4.011775,1.8368436,-2.3099647,0.71509266,6.0682597,-0.39184564,-0.06252692
1,/data_nas/huangyj/data/placePulse/rawData/googleviews-110802files/513e1d1efdc9f035870098ff.jpg,0.23061049,-0.7611091,0.6766035,0.52013195,-1.0217555,-0.21052577,-0.40223005,0.21966812,-2.390416,0.082684524,-0.13736826,0.50244004,-1.2204264,0.8092065,1.0769368,-0.04345678,0.039330848,0.7774184,-0.12457154,-0.12895535,-0.2799439,0.08129381,-0.6077539,0.66622555,-0.00024434552,1.1358501,0.24955301,0.29146677,-0.37472382,0.18108736,0.12769058,-3.5404878,-0.11138575,-0.31958857,-0.5106654,-2.4838495,0.78164595,-0.22646677,0.16710632,-1.0524396,3.3298607,0.06296246,-0.2514565,2.0634208,0.005309902,-0.817286,0.2564321,2.0210223,-0.9648185,-0.2382792
1,/data_nas/huangyj/data/placePulse/rawData/googleviews-110802files/50f42c1bfdc9f065f00018f4.jpg,1.1953108,-1.3011677,0.26001975,1.0967458,-0.88560253,0.63820827,0.106387906,1.1449364,-3.7395017,0.57279754,-0.7289655,0.087241404,-0.48304814,0.33780336,1.6092106,-0.9113081,1.0551838,-0.7179412,0.761071,0.5488556,0.27456,-0.46260414,-1.4830431,0.24365976,-0.32842118,0.5138475,-0.10576742,0.6040563,0.29029557,0.28665352,0.64976007,-2.5343375,-1.2148697,-0.12535778,-0.53857917,-3.4881952,0.7294915,-1.0058904,0.59677637,-1.6840829,2.2511575,0.25200337,-1.71067,1.2951366,0.47833595,-1.6434151,-0.3837681,3.6004229,0.53326404,-0.59561676
1,/data_nas/huangyj/data/placePulse/rawData/googleviews-110802files/513d9afefdc9f03587007883.jpg,1.7266368,-0.458859,-0.92061836,0.9276659,-2.5059679,0.3195914,-0.3590625,1.2684132,-3.5594108,-0.31877163,-1.7371798,0.78911453,0.34478444,-0.17194441,1.1633564,0.07933289,1.8302628,0.21951495,0.11462766,0.9142488,0.4448957,0.042019065,-1.2197124,1.6159232,0.6384376,0.024817996,0.20774701,-0.1641388,0.822476,0.74958026,-0.53509945,-2.8769386,-0.08124657,-1.6063278,-0.9329793,-3.1226125,0.46712363,0.0012525003,2.0797117,-0.83351314,2.552815,1.1793414,-1.7782695,1.5585359,0.45750406,-1.0280689,0.6506603,3.406958,-0.06833003,0.5769868
1,/data_nas/huangyj/data/placePulse/rawData/googleviews-110802files/50f4347dfdc9f065f0002882.jpg,-0.23253365,-2.2108579,1.6351842,0.52500683,-0.4165708,-0.46871197,-0.6729611,-0.07074875,-4.8474464,-0.035292607,0.6093527,0.6266211,-1.9584463,-0.026302002,2.2485902,-0.03841399,-0.13644454,0.7089007,-0.06803157,-0.66274136,-0.81124955,0.5128165,-0.7532788,-0.51257825,-1.0751122,0.29900742,0.5593226,0.23955329,-1.0100484,0.98009914,0.30598795,-2.296017,-2.1129134,-0.18378985,-1.2566538,-4.640292,0.077978775,-0.85730714,-0.20889051,-1.826964,2.498154,-1.0141588,-2.1984084,1.1142048,1.1353841,-1.9255847,0.16375774,4.493091,-1.0927333,-1.6924255
0,/data_nas/huangyj/data/placePulse/rawData/googleviews-110802files/513d9afefdc9f03587007882.jpg,-0.6246183,-0.91664875,0.49100408,-0.57021284,2.358916,-2.218467,-2.523886,-1.0393933,-4.6203938,-2.0303276,0.5941587,2.0054376,-1.2069497,-1.1836867,1.3737622,2.1998036,0.30585024,3.3654213,-2.4640758,-0.3301443,-1.3456866,2.4716017,1.2428797,-4.7365665,0.30427456,-1.2902621,2.084613,-1.1258227,-1.1477766,1.8253161,-1.74569,1.9009042,-5.5860353,-2.0061073,-2.0071247,-4.3457026,-1.0909342,0.29613328,-1.7613746,-0.696366,-0.66403604,-0.383832,-1.8317243,-2.2881052,1.7819047,-1.9064461,1.6471688,4.6989856,-3.827116,-0.527127
0,/data_nas/huangyj/data/placePulse/rawData/googleviews-110802files/5140ca8dfdc9f0492600288f.jpg,-1.1348991,-0.8424571,2.22103,-0.40819216,-0.18187958,-1.1298028,-1.0246136,-0.46281213,-1.6876024,0.32860148,0.90443647,0.337748,-2.7128098,1.2988787,1.1632668,-0.4442087,-1.2880361,1.0466466,-0.8683689,-0.7292879,-1.1338415,0.3783187,0.8819071,0.0236911,-0.72167087,1.5223283,0.80856335,0.96543974,-1.4100325,-0.32223755,1.7806323,-4.78322,-0.11744873,0.9942329,0.35054198,-2.3263862,0.4649267,-1.2120773,-1.3933859,-2.2025146,4.683831,-1.0470455,0.9488124,3.310749,-0.07553254,-1.1265614,-0.22750804,0.92088735,-2.1392744,-0.74269444
0,/data_nas/huangyj/data/placePulse/rawData/googleviews-110802files/50f5ec3dfdc9f065f0008888.jpg,-1.5132178,-2.886778,2.9542184,0.0031718742,0.5804441,-1.2925769,-1.1397609,-1.0298352,-5.8149734,-0.15064342,1.8573116,0.712374,-3.3304408,-0.11526531,2.710292,0.32438084,-1.2823513,1.5665989,-0.58793503,-1.6486297,-1.6729409,1.2339733,-0.08158922,-1.7133982,-1.7795633,0.26176387,0.96056813,0.3327332,-2.0642583,1.3439163,0.52264047,-2.2712262,-3.1722963,0.27988043,-1.5465096,-5.8198395,-0.36604542,-1.1838373,-1.5188867,-2.33645,2.91473,-2.1960778,-2.4452865,1.1905857,1.5635659,-2.5196161,0.35452804,5.275805,-2.244186,-2.6636412
0,/data_nas/huangyj/data/placePulse/rawData/googleviews-110802files/513e64b9fdc9f0358700b88a.jpg,-0.7827528,-1.383292,1.6390998,0.17726889,-0.2645428,-0.8695378,-0.8618052,-0.6757814,-2.6155617,-0.2876709,0.8696675,0.8653976,-2.18151,0.7892514,1.3937215,0.5020014,-0.8797583,1.6907424,-0.6649113,-0.92324966,-0.94686866,0.58948356,-0.16887839,-0.099139646,-0.49378043,1.239586,0.598153,0.110239334,-1.2910566,0.48093003,-0.06805569,-3.1408727,-0.7750258,-0.19695735,-0.92901844,-2.7872865,0.53498703,-0.07281302,-0.6500371,-1.0498633,3.1989226,-0.79928243,-0.20703238,1.7150925,0.2870029,-0.89931434,0.5583178,2.1975443,-2.0897942,-1.0308281
1,/data_nas/huangyj/data/placePulse/rawData/googleviews-110802files/513f2c57fdc9f0358700d85e.jpg,0.28385353,-0.22677769,0.59511584,-0.04325822,-0.83531505,-0.29331222,-0.6337523,0.5273688,-0.28894216,0.17035861,-0.25182885,0.3956138,-0.99841386,0.90283304,0.7032901,-0.64959306,0.0063621765,0.077768564,-0.4083919,0.3461091,-0.24868119,-0.23605691,0.29996932,0.79979765,-0.06059228,1.0687804,0.57347625,0.4400255,-0.20602451,-0.45925215,1.1366448,-3.3101714,0.6202149,0.2070907,0.4056159,-0.50941515,0.62062216,-0.5846781,0.018944832,-1.1877733,2.8982136,0.19276492,0.88166684,2.0876458,-0.26376748,-0.17781681,-0.34799498,-0.13395444,-0.6807497,0.16610524
1,/data_nas/huangyj/data/placePulse/rawData/googleviews-110802files/513d69c9fdc9f0358700485a.jpg,-0.8032448,-2.9609675,2.0828588,0.025819795,0.83543503,-1.0622439,-1.3096801,-0.6562719,-5.0208197,-0.7306782,1.5655591,1.1655698,-2.3564153,-0.8484706,2.7388313,0.53488964,-0.5804806,1.2274429,-0.65893734,-1.1205589,-1.3947998,1.196198,-0.17157334,-2.117858,-1.648684,-0.48883674,1.2530221,-0.44000116,-1.5243163,1.628274,-0.3055711,0.13634159,-3.6277504,-0.53762746,-1.97322,-4.580542,-0.6612552,-0.54811674,-0.85147536,-1.3954602,0.5101102,-1.6838608,-2.9071944,-0.88304096,1.9089749,-1.8147167,0.41636834,4.8435297,-1.5967965,-2.5509174
0,/data_nas/huangyj/data/placePulse/rawData/googleviews-110802files/51414e76fdc9f0492600785a.jpg,-1.3796492,-2.8332176,2.9497871,-0.36249793,0.49420565,-1.3216965,-1.3872429,-0.7069396,-4.2007437,-0.2286785,1.8818574,0.80800754,-3.2125833,-0.33715233,2.755188,-0.14030029,-1.2958688,0.87032723,-0.7407674,-1.3543582,-1.6758624,1.0489647,0.4775942,-1.3189588,-2.0629284,-0.024950318,1.3777248,0.21050256,-1.9033625,1.0832949,1.1199464,-1.7900122,-2.466917,0.4496893,-1.1113268,-4.1405015,-0.6657507,-1.3248745,-1.2696574,-2.2367198,2.2179224,-2.1793249,-1.960602,0.8764169,1.635604,-1.8172368,-0.11254517,3.6472955,-1.7312652,-2.6321812
0,/data_nas/huangyj/data/placePulse/rawData/googleviews-110802files/513d5d35fdc9f0358700385b.jpg,-1.2194505,-2.4921641,2.422548,-0.07089691,-0.72237444,-1.2308373,-1.225892,-0.90499324,-4.3792624,-0.52364063,1.4558953,1.0858065,-2.9416976,-0.07710653,2.3987834,0.5950498,-1.1686082,1.7224349,-0.7408742,-1.512207,-1.4790779,1.1080918,-0.040341772,0.05889252,-1.4177952,0.45635125,1.031846,-0.11502832,-1.769538,1.2619348,0.040948097,-2.9437957,-1.2904272,-0.35049933,-1.5510826,-4.301232,-0.23401065,-0.4141126,-0.36522847,-1.5314469,3.2446468,-1.689435,-1.797468,1.6536016,1.225532,-1.4498568,0.6693424,3.802793,-2.1584404,-2.1013308
1,/data_nas/huangyj/data/placePulse/rawData/googleviews-110802files/5140b704fdc9f049260018a7.jpg,-0.7716669,-2.5303648,2.1396313,0.2959133,-1.1866091,-0.7597475,-0.81617886,-0.5147944,-4.8781633,-0.21689683,1.0760125,0.8324538,-2.6599288,-0.060980707,2.4861438,0.31417292,-0.79489493,1.2335813,-0.22552289,-1.33309,-1.147933,0.8216011,-0.63723755,0.5883508,-1.3558656,0.4984752,0.67469686,0.039651014,-1.3986542,1.269103,0.07791045,-3.3667767,-1.0021559,-0.36936307,-1.5726528,-4.713965,-0.041759893,-0.5424643,0.09840177,-1.6292634,3.5281625,-1.4612628,-2.2328882,1.9915414,1.1806923,-1.6328285,0.5807357,4.3264875,-1.4846132,-2.0335267
0,/data_nas/huangyj/data/placePulse/rawData/googleviews-110802files/513da00cfdc9f035870088a2.jpg,0.24021289,0.27257693,-0.4047555,0.17570472,-0.418991,-1.3524636,-1.5265867,-0.38941413,-3.9215279,-1.289316,-0.88646185,1.5220124,-0.5741957,0.32827115,0.47024927,1.8094893,0.8357135,3.1946793,-1.6563922,0.17830941,-0.557241,1.4049041,0.23652345,-1.2924185,1.4577402,0.41013375,0.9180149,-0.47840217,-0.39211014,0.8858325,-1.6325579,-2.3422394,-2.2579994,-1.9706132,-1.2573079,-4.0017767,0.38905364,0.6913292,-0.141733,-0.6189802,2.8176444,0.8837264,-0.38760218,1.0093683,0.25291607,-1.4097487,1.761941,3.730183,-3.4103234,1.007304
1,/data_nas/huangyj/data/placePulse/rawData/googleviews-110802files/513e1cfafdc9f035870098a2.jpg,-0.03182345,-3.2349513,1.8202804,-0.16122949,0.5568647,-0.9462376,-1.6135725,0.38121805,-6.41709,-0.5887574,0.8123599,1.0350224,-1.9131516,-1.9442912,3.502669,-0.33191735,0.51720536,-0.13534488,-0.5495322,-0.30253008,-1.21897,1.2689501,0.13221933,-2.429588,-2.1021936,-1.9494352,1.7465148,-0.18948847,-0.89078337,1.9852483,0.9215956,0.7547486,-4.6078916,-0.5185724,-1.700855,-5.7111,-1.5693733,-1.858047,-0.29085317,-2.6358407,-0.053439397,-1.6322821,-4.527765,-1.0991964,2.8632116,-2.823017,-0.13243775,6.2486715,-0.61709815,-2.636123
0,/data_nas/huangyj/data/placePulse/rawData/googleviews-110802files/50f42c1afdc9f065f00018ac.jpg,1.465295,-1.069036,-0.050921224,0.98999465,-1.5001626,0.6818202,0.040968925,1.4218882,-3.3701627,0.45901862,-1.0756348,0.16430151,-0.18792315,0.080166005,1.5481637,-0.94970244,1.3321736,-0.9319314,0.7134369,0.78157765,0.4019112,-0.49463376,-1.3569361,0.91500825,-0.2519828,0.23574933,0.013729015,0.4382109,0.5704838,0.33380663,0.66194534,-2.6512656,-0.5953705,-0.38301578,-0.45312157,-3.0363147,0.56220937,-0.918516,1.1874511,-1.5426865,2.2587492,0.50975144,-1.7723428,1.4448336,0.52496266,-1.3477925,-0.36187938,3.2048995,0.83232373,-0.28385413
0,/data_nas/huangyj/data/placePulse/rawData/googleviews-110802files/5140948afdc9f049260008af.jpg,-0.117990874,-0.6528098,-0.46788245,0.28852937,2.0397413,-1.5476154,-1.7754029,-1.2034662,-4.5948224,-2.1478293,0.19251998,2.07322,-0.33012423,-0.74568546,0.7874445,2.9922748,0.66024774,4.0113063,-1.8981023,-0.34471723,-0.7750235,2.133543,-0.12908386,-4.2561283,1.1739562,-0.57420933,1.1688956,-1.5505766,-0.80111986,1.9017904,-3.6025975,2.3313546,-5.217988,-2.8342717,-2.7145452,-4.1497517,-0.18025512,1.6685976,-1.1159909,0.7230224,-1.1777978,0.3920414,-1.7518256,-2.915985,1.1683733,-1.3930453,2.3418486,5.0064483,-3.6686769,-0.08757799
0,/data_nas/huangyj/data/placePulse/rawData/googleviews-110802files/513d325afdc9f035870028a5.jpg,-0.2974601,-1.111921,0.25227213,0.32025498,1.3670608,-1.5368917,-1.6690825,-1.055089,-6.1109776,-1.6076965,0.20399792,1.7121204,-1.036321,-0.5507413,1.3689933,2.3846278,0.51187646,3.6122591,-1.6002519,-0.53826416,-0.9742239,2.0428123,-0.20710146,-3.669518,0.6805436,-0.393236,1.0774032,-0.88934803,-1.0357543,1.8592768,-2.5184243,0.4188332,-5.0839314,-2.2346818,-2.4591007,-5.8542943,-0.18371153,0.70951885,-1.0959553,-0.5135737,0.674633,-0.06964319,-2.2959845,-1.3067828,1.3156945,-2.2953928,2.008817,6.227065,-3.6162047,-0.4983805
1,/data_nas/huangyj/data/placePulse/rawData/googleviews-110802files/513d5d62fdc9f035870038ab.jpg,-1.7623396,-2.460816,2.3447778,-0.19223097,1.7465036,-1.8436637,-1.6795154,-1.7896847,-5.2261057,-1.1607935,2.0931308,1.438573,-2.8973274,-0.38691732,2.145188,1.7328371,-1.3559141,3.1235182,-1.443456,-1.8024269,-1.8187594,1.9114861,0.27258852,-3.2328422,-1.0471439,0.036130827,1.301586,-0.599955,-2.2670608,1.6980672,-1.2846655,-0.04672604,-4.3154936,-0.81591856,-2.252213,-5.1025963,-0.47804683,0.12470272,-1.9945805,-0.97086054,1.0648094,-1.8649218,-2.0434635,-0.7802088,1.5569686,-1.9202521,1.2652606,5.002504,-3.4874377,-2.2939444
1,/data_nas/huangyj/data/placePulse/rawData/googleviews-110802files/5140b6c6fdc9f04926001803.jpg,1.1440974,-1.6419868,-0.61112124,0.3384519,0.88691306,-0.66764146,-1.5560768,0.54413,-5.6417007,-1.5408571,-0.5707438,1.61198,0.2413888,-2.170264,2.096788,1.1472814,1.926544,1.0278151,-0.9142897,0.61338705,-0.31183222,1.5060796,-0.4233367,-3.17584,-0.076885134,-2.2572308,1.4676661,-1.2282175,0.21316439,2.2103724,-1.661541,2.9527085,-5.1310053,-2.4016623,-2.3438964,-4.618082,-1.189775,-0.039787047,0.40639734,-0.65444875,-2.117864,0.22104442,-4.1047573,-3.0832872,2.3646402,-2.0389276,1.070411,6.020249,-0.9239818,-0.80765045
0,/data_nas/huangyj/data/placePulse/rawData/googleviews-110802files/513f2c2dfdc9f0358700d80f.jpg,1.5329009,-0.9742998,-0.6235705,1.065596,-1.604146,0.6852323,0.016153624,1.0746381,-2.2001932,-0.17467205,-0.9813469,0.64654166,0.31926522,-0.052392453,1.1860409,-0.12305087,1.3207501,-0.24695022,0.52610576,0.6694581,0.48377103,-0.3977547,-1.5774165,1.2043772,0.13435186,0.283078,-0.003781924,-0.34173936,0.6218234,0.52186924,-0.7234314,-1.2868241,-0.13200909,-1.2067927,-1.0132916,-1.6339,0.6754579,0.31740615,1.7187204,-0.12400739,0.8865344,0.8270978,-1.4886428,0.19792041,0.35584924,-0.2933346,0.2085214,2.255613,0.5847394,-0.1266971
0,/data_nas/huangyj/data/placePulse/rawData/googleviews-110802files/50f5ec37fdc9f065f000880a.jpg,-0.08051782,-2.1126134,1.0872948,0.71611863,-0.34150025,-0.46190318,-0.7079554,-0.29345667,-4.529501,-0.54624206,0.5706383,1.0393326,-1.5411996,-0.20951281,2.017677,0.73615706,-0.0055307094,1.3748138,-0.2197829,-0.73901975,-0.68585074,0.7520981,-1.084609,-0.53859013,-0.6397708,0.2431271,0.52702093,-0.36525676,-0.86703455,1.3203706,-0.9771225,-1.3410089,-2.0804267,-1.0035946,-1.8977711,-4.115934,0.16544181,0.09601456,0.11250473,-0.8112457,1.5996567,-0.6723871,-2.2539487,0.20142612,1.1145872,-1.4273707,0.80109406,4.3925624,-1.3284787,-1.5054129
0,/data_nas/huangyj/data/placePulse/rawData/googleviews-110802files/513d5cfffdc9f03587003800.jpg,0.013164364,-0.35748366,-0.30596194,0.15989012,1.2680594,-1.5427561,-1.7811,-0.79988456,-4.780854,-1.716906,-0.23678915,1.7925314,-0.562782,-0.4175517,0.81542176,2.3351,0.76888084,3.5132065,-1.8530197,-0.0806994,-0.7423712,1.9229348,0.17065375,-3.438952,1.1588401,-0.3523535,1.1968018,-0.9663045,-0.6517698,1.5306553,-2.4493673,0.34473145,-4.457529,-2.3427014,-2.0438366,-4.5967393,-0.11839528,0.89985144,-0.9535005,-0.23996022,0.59287405,0.47351295,-1.4311733,-1.2310287,0.9762443,-1.758696,1.9866439,4.915556,-3.5466673,0.25816232
0,/data_nas/huangyj/data/placePulse/rawData/googleviews-110802files/50f61675beb2fed9100008bd.jpg,-1.421267,-1.9759371,2.350419,-0.41310415,1.1818206,-1.4923092,-1.4798241,-1.0739288,-2.7055333,-0.61118346,1.7936109,1.0713279,-2.754714,0.1358984,1.862587,0.548487,-1.3682271,1.7668638,-1.2000515,-1.2397339,-1.5502427,1.1047299,0.6826352,-1.9152898,-1.214893,0.45707402,1.3252592,-0.13333005,-1.8599263,0.79201025,0.1842754,-1.1497089,-2.4232728,0.054620825,-1.0814195,-2.7824633,-0.24699084,-0.40629017,-1.6758558,-1.255849,1.6118793,-1.5932231,-0.6489406,0.20989385,1.0173026,-1.0762614,0.31746116,2.3343832,-2.4647663,-1.848035
0,/data_nas/huangyj/data/placePulse/rawData/googleviews-110802files/50f5e56afdc9f065f00068b3.jpg,-1.919283,-2.0926723,3.355066,-0.6340889,1.6784079,-1.5205243,-1.3088033,-0.9959309,-3.13177,0.30766007,2.2005439,0.2880296,-3.602832,0.65444577,2.0891027,-0.4953619,-1.9102358,1.0399556,-0.9166043,-1.3548906,-1.8020437,0.81775916,1.1115086,-2.359484,-1.8302177,0.8130822,1.2378738,0.89313465,-2.2367702,0.18307285,1.9569886,-2.4884138,-2.6941218,1.4727491,-0.1379582,-3.606908,-0.18292178,-1.7894958,-2.7494025,-2.6846564,2.9402828,-2.242606,-0.31598258,1.4983659,0.8916384,-1.9015338,-0.61282945,2.458753,-2.3133433,-2.2365186
1,/data_nas/huangyj/data/placePulse/rawData/googleviews-110802files/514146befdc9f049260068b2.jpg,1.3437004,-0.7996484,-0.40175724,1.3734307,0.2125051,0.8430861,0.3683114,0.8595543,-3.0615275,0.35113937,-0.78962,0.14170614,0.22875972,0.6843034,0.911154,-0.3296545,1.2290714,-0.12877798,0.76862323,0.72263503,0.5175048,-0.5725263,-1.8484668,-1.0021446,0.38187385,0.86970437,-0.44361252,0.28347918,0.41469124,0.08647684,-0.49835736,-0.93743664,-2.0847068,-0.46339813,-0.7582859,-2.8209412,1.2311541,-0.18696593,0.09367474,-0.70422155,0.82800484,0.8032573,-1.0746919,-0.19211525,0.019236438,-1.2420822,-0.14997402,3.2481484,0.3147136,-0.15172231
1,/data_nas/huangyj/data/placePulse/rawData/googleviews-110802files/51413b29fdc9f049260058be.jpg,-0.78823197,-1.4808413,0.7932461,0.38880455,2.0145006,-1.3928756,-1.3845714,-1.4608669,-5.0615034,-1.4171541,1.0049328,1.5797505,-1.4516227,-0.20038103,1.3113548,2.313026,-0.268986,3.534335,-1.3539196,-1.0350566,-1.0922409,1.7780049,-0.4108003,-3.7822263,0.29200935,0.1390382,0.84210885,-0.9088839,-1.4445293,1.63799,-2.6183078,0.8722004,-4.7958775,-1.7415137,-2.4931202,-4.828289,0.07925988,0.99699867,-1.636917,-0.04303675,0.15183708,-0.5451421,-1.7293012,-1.7134844,1.0843925,-1.7632573,1.7821944,5.2225566,-3.4124281,-1.0955503
0,/data_nas/huangyj/data/placePulse/rawData/googleviews-110802files/50f61675beb2fed9100008b5.jpg,-0.4355966,-1.927054,0.89718574,0.064366296,1.8947312,-1.3443198,-1.6645379,-0.83176875,-5.129131,-1.3937714,0.93197596,1.5746267,-1.3868253,-1.0222158,1.9637301,1.5904046,0.12176359,2.3800929,-1.3231671,-0.6553281,-1.1138651,1.7878718,-0.013549471,-3.7785308,-0.40344447,-0.8602417,1.3858013,-0.9096713,-1.1405798,1.8560596,-1.6795552,1.6274837,-5.024129,-1.5984935,-2.311739,-4.679875,-0.6608539,0.19992867,-1.2608986,-0.647885,-0.6560009,-0.766885,-2.6408532,-2.1946454,1.8047259,-1.924882,1.2144756,5.2864947,-2.4887874,-1.4831425
0,/data_nas/huangyj/data/placePulse/rawData/googleviews-110802files/51414e99fdc9f049260078b5.jpg,-0.64402753,-2.633812,1.870078,-0.06897326,0.3894253,-1.2999924,-1.5949451,-0.4723839,-5.808347,-0.8414573,1.0841035,1.2667823,-2.3205712,-1.105292,2.7789874,0.67108446,-0.21351552,1.4500698,-0.91917145,-0.9499913,-1.3602226,1.5671545,0.048015922,-1.9381497,-1.3545256,-0.85821754,1.4745593,-0.36397648,-1.3362578,1.8671049,-0.1941471,-0.6356043,-3.6476753,-0.8671605,-1.9409857,-5.4185596,-0.93874556,-0.80597436,-0.6192395,-1.8081758,1.3263568,-1.472668,-3.2430608,-0.1785407,2.1026444,-2.2879002,0.710652,5.5374503,-1.9142127,-2.1249526
0,/data_nas/huangyj/data/placePulse/rawData/googleviews-110802files/50f5e56bfdc9f065f00068ba.jpg,-1.3833517,-2.4978921,2.7693758,-0.37001002,0.15348819,-0.8949379,-0.9484498,-0.7414674,-1.0164819,-0.116952665,2.173399,0.7433068,-2.9880555,0.250518,2.0935333,-0.2924703,-1.8660097,0.5047366,-0.4590791,-1.4452767,-1.3939466,0.34146032,0.3347049,0.095265865,-2.002875,0.8297191,1.0607529,-0.043748863,-1.785555,0.42915657,0.87969184,-1.8080274,-0.24488676,0.6585903,-0.7447301,-0.9728774,-0.09863291,-0.45437956,-0.86455476,-0.97451633,1.7621396,-1.9557865,-0.38162234,0.8286439,0.79607415,-0.05907626,-0.32305717,0.50143325,-1.0930146,-2.4247625
1,/data_nas/huangyj/data/placePulse/rawData/googleviews-110802files/513d3270fdc9f035870028b4.jpg,0.9683392,-0.49315807,-0.021944353,0.98969865,-2.1368322,0.5544063,0.21669741,0.77279055,-2.1630511,0.38030073,-0.93478584,0.25056738,-0.4559857,1.0432386,0.82669765,-0.3787512,0.6310024,0.103923745,0.54523003,0.31816795,0.3228958,-0.56852067,-1.3883237,2.0859869,0.32813358,1.4488031,-0.35750073,0.39755243,0.24127153,-0.09237899,0.062721916,-4.247362,1.0545086,-0.44063592,-0.34122458,-2.1409132,1.2824808,-0.05737268,1.2166879,-0.84266514,3.6855145,0.6712023,-0.24383122,2.6318076,-0.42163694,-0.5683998,0.14144607,1.8309933,-0.04150877,0.21839255
0,/data_nas/huangyj/data/placePulse/rawData/googleviews-110802files/513d9fe4fdc9f03587008846.jpg,-0.28716144,-2.3146615,1.6789267,0.1701403,1.4663965,-0.5472486,-0.92082673,-0.04814066,-3.6007416,-0.14505611,1.1298105,0.64781505,-1.77623,-0.29430184,2.2244573,-0.31546682,-0.24421191,0.22746731,-0.30205068,-0.3892961,-0.8967961,0.4845764,-0.16257948,-2.4981165,-1.3787886,-0.13159384,0.9764652,0.091745034,-1.0092496,0.79324603,0.5507131,0.19930153,-3.5141788,0.15653762,-1.0543364,-3.3458288,-0.21447538,-1.0202411,-1.2574826,-1.6048222,0.17949641,-1.1663,-1.8948085,-0.92558384,1.3614792,-1.6425529,-0.3604734,3.529089,-0.8103976,-2.0034564
1,/data_nas/huangyj/data/placePulse/rawData/googleviews-110802files/513f2c4cfdc9f0358700d847.jpg,-0.11686797,-2.1041808,1.4950172,-0.70124227,1.4201286,-0.7370982,-1.4980386,0.4555575,-0.3929973,-0.5056552,1.2405918,0.9344404,-1.4097111,-1.1237614,2.1938446,-0.8612748,-0.25248274,-0.8993554,-0.751817,0.08044389,-0.89702624,0.42899495,1.0318768,-1.8600328,-1.8701429,-1.104982,1.8729881,-0.3656994,-0.6200446,0.61090064,1.3663487,1.8115771,-2.2043405,0.21872608,-0.42569494,0.072948664,-1.1140494,-1.1389737,-0.73366445,-1.1049042,-1.7036604,-1.1824577,-1.2617034,-1.9255648,1.6833454,-0.23111284,-0.9238325,0.34568796,0.10005205,-1.9091134
1,/data_nas/huangyj/data/placePulse/rawData/googleviews-110802files/50f42c13fdc9f065f0001847.jpg,0.7645294,-0.4921305,-0.6741241,0.70307755,-0.66873527,-0.69878215,-1.0865996,-0.05094143,-4.6102886,-1.2757369,-0.87626344,1.501382,-0.1654722,-0.3565841,0.9882321,1.7475647,1.2297709,2.48825,-0.9441747,0.14187631,-0.185674,1.2537816,-0.80123657,-0.9171221,1.0666916,-0.116713464,0.6537182,-0.8334789,-0.012116069,1.4575996,-2.2400658,-1.1805156,-2.3792524,-2.419415,-1.9771256,-4.240058,0.22289594,0.9019858,0.64936167,-0.14169756,1.5864989,0.8444247,-1.841253,-0.014310002,0.77489036,-1.3683984,1.7824218,4.640898,-2.1682625,0.37522206
1,/data_nas/huangyj/data/placePulse/rawData/googleviews-110802files/513cc546fdc9f03587001849.jpg,-0.36047375,-0.48231074,0.35423216,0.4454725,0.8362514,-0.8793393,-0.8800337,-0.90579456,-2.057417,-0.902544,0.43949994,1.2091234,-1.0208626,0.8143776,0.45429558,1.6013623,-0.30458254,2.8046083,-1.0125532,-0.5417908,-0.57660764,0.80536443,-0.39901516,-1.6304094,0.7366384,1.2157478,0.43609425,-0.5657157,-0.93077594,0.5306506,-1.9446846,-0.9392978,-1.9552282,-1.2449423,-1.3896056,-2.095691,0.8945368,1.2087054,-0.9046047,0.38954055,1.2674354,0.20079331,0.27805138,-0.25332883,-0.08357963,-0.41534573,1.2695527,2.0838437,-2.7361705,-0.0852959
1,/data_nas/huangyj/data/placePulse/rawData/googleviews-110802files/513d7a7bfdc9f03587006849.jpg,1.0355477,0.47586298,-0.82220083,0.27152583,-1.9334168,-0.7019063,-1.1759983,0.57882017,-2.8744154,-0.86270857,-1.6366928,1.2255044,-0.07194739,0.2614919,0.53140825,0.8741137,1.3801196,1.7508739,-1.0944778,0.77179354,-0.025570218,0.77618665,0.011971878,0.82569546,1.3253244,0.31435344,0.7692146,-0.22119778,0.38537034,0.57773685,-0.68373644,-3.5896919,-0.23128597,-1.7954882,-0.6654444,-2.8846614,0.40035763,0.249675,1.1529678,-0.8530615,3.5081356,1.3100989,-0.34254396,2.1217375,0.105734356,-0.9548686,1.2247909,2.5786402,-1.9391862,1.3681267
0,/data_nas/huangyj/data/placePulse/rawData/googleviews-110802files/513cc548fdc9f0358700184a.jpg,-1.757323,-0.2969697,1.2288771,-0.2802874,4.2287474,-1.6966586,-1.3355908,-2.1198888,-0.21779998,-1.1036158,2.0334513,1.164545,-1.7386745,1.2110697,-0.12381277,2.02024,-1.6912568,3.7004137,-1.8638455,-1.1138035,-1.2364113,1.2451118,0.8462272,-5.079596,0.5280256,1.4754934,0.86372524,-0.5922142,-1.9297979,0.044346943,-1.905878,1.6798273,-4.040756,-0.35045072,-1.0498357,-0.61840665,0.7499312,1.2634141,-3.7329936,0.7507643,-0.8192962,-0.6225619,1.8786392,-2.2724981,-0.27670133,-0.11187074,0.99477136,0.38062194,-3.9968083,-0.57754827
1,/data_nas/huangyj/data/placePulse/rawData/googleviews-110802files/50f46455fdc9f065f00045d1.jpg,-1.381014,-2.3138382,2.500695,0.4742057,0.4626733,-0.74109894,-0.45662728,-1.2040037,-3.7602177,0.050653405,1.8400447,0.56185883,-2.9264317,0.923816,1.8380672,0.5155162,-1.6015426,1.8016691,-0.15676627,-1.7075214,-1.2394803,0.5553282,-0.77791846,-0.84098715,-1.1332988,1.5713847,0.21961449,0.23901318,-1.922596,0.67994165,-0.3136046,-2.7203612,-1.6738057,0.27328414,-1.402178,-3.9029908,0.7053538,-0.11018137,-1.3758602,-1.0786911,2.994235,-1.6103961,-0.8662138,1.30521,0.45527288,-1.3107507,0.43646935,3.3517008,-2.0243018,-2.1302528
1,/data_nas/huangyj/data/placePulse/rawData/googleviews-110802files/50f42f01fdc9f065f00025d8.jpg,2.3283045,-0.7208517,-1.4428734,0.8043704,1.227451,0.71116793,-0.39908665,1.8526074,-3.057164,-0.26123643,-1.5181987,0.46333182,1.5527631,-1.1296756,1.2600515,-0.6492679,2.6959186,-1.2967716,0.27186245,1.9719822,0.74751663,-0.2340304,-0.91671455,-2.9001837,0.23431008,-1.4596158,0.5584143,-0.26014054,1.2850507,0.61227274,-0.10412064,2.9433005,-4.201021,-1.0584648,-0.6980245,-2.221905,-0.19313695,-0.8089998,0.38984686,-0.89686304,-2.7443612,1.2018497,-2.5562947,-2.9833353,1.2439747,-1.5035254,-0.5448321,3.6223729,1.2189339,0.035231993
0,/data_nas/huangyj/data/placePulse/rawData/googleviews-110802files/5141344afdc9f049260045d5.jpg,-1.1472611,-3.288235,2.880081,-0.5676432,1.3428217,-1.4282033,-1.7589502,-0.4381439,-4.7806973,-0.4971535,2.0076346,0.98920125,-2.9970036,-1.2787718,3.2661617,-0.26861027,-0.87803775,0.3777476,-0.8780634,-1.0872091,-1.7634159,1.3762734,0.7654483,-2.6516273,-2.473518,-1.1546184,1.902087,-0.05563291,-1.7185551,1.5759665,1.2073593,0.2823579,-3.9909723,0.26058546,-1.4003108,-4.436918,-1.4154531,-1.7087042,-1.4594543,-2.3955634,0.41700688,-2.366908,-3.0953577,-0.7522242,2.463492,-2.1768622,-0.2892366,4.4292784,-1.304385,-3.0765288
0,/data_nas/huangyj/data/placePulse/rawData/googleviews-110802files/513d79c2fdc9f035870065d4.jpg,-0.534401,-2.1872554,1.4275007,0.77672136,2.1718664,-0.36679628,-0.43301815,-0.76406664,-4.188965,-0.21258394,1.3179886,0.6406462,-1.6094975,0.33300686,1.7031608,0.6233505,-0.48015502,1.436574,-0.09025657,-0.84824073,-0.7842853,0.5032052,-1.1011413,-3.2522922,-0.6948299,0.7107428,0.23180981,-0.09059278,-1.3114052,0.82148856,-1.0063397,0.6397406,-4.190295,-0.20795368,-1.691411,-3.9629574,0.5737683,-0.0021438692,-1.7615948,-0.7152819,-0.062232587,-0.97257334,-1.6087751,-1.4782759,0.82302284,-1.6802946,0.30178583,4.3205423,-1.5316619,-1.9230865
0,/data_nas/huangyj/data/placePulse/rawData/googleviews-110802files/50f42babfdc9f065f000156d.jpg,0.5540223,-1.9922036,0.7669801,0.7113248,-0.4021866,0.37410188,-0.17367695,0.5581364,-1.9095844,0.004660209,0.40206972,0.5825491,-0.90153,-0.18678959,1.8425531,-0.45073473,0.16700588,-0.5040575,0.4906887,-0.1443455,-0.1325536,-0.24046862,-1.2145379,0.3569336,-1.0062184,0.25180435,0.3417314,-0.24168411,-0.21050692,0.6423801,-0.077508286,-0.6018425,-0.6760973,-0.36101854,-1.1006976,-1.3814931,0.28970248,-0.1371494,0.6048432,-0.4388753,0.3383086,-0.4153876,-1.5898534,-0.28710032,0.8098713,-0.34390354,-0.22703488,1.9107624,0.58676034,-1.4588685
0,/data_nas/huangyj/data/placePulse/rawData/googleviews-110802files/514091b0fdc9f0492600056d.jpg,0.77636784,-0.97595197,-0.48263696,0.71010387,0.70862603,-0.44062942,-0.9594386,0.03187795,-4.0853004,-1.1035508,-0.4233465,1.3339427,-0.0014273189,-0.46909612,1.1717058,1.2831769,1.1684244,1.7464454,-0.68811774,0.313761,-0.20061788,0.8907669,-0.8325162,-2.3059866,0.591085,-0.31014258,0.6666175,-0.8194036,-0.10591893,1.2458084,-1.9522178,0.9064689,-3.599385,-1.8904246,-1.8865757,-3.5717533,0.1819566,0.6762705,-0.030787138,-0.09641443,-0.3849913,0.5575738,-1.9278904,-1.6930203,0.94832176,-1.3171424,1.1305922,4.3676796,-1.5585494,-0.24873817
1,/data_nas/huangyj/data/placePulse/rawData/googleviews-110802files/514089a2fdc9f0358700e562.jpg,-1.3117483,-2.0629113,3.023389,-0.8135955,0.82412106,-1.3670025,-1.4798911,-0.2500103,-2.7620468,0.2944294,1.6182573,0.35212952,-3.2255924,0.17044103,2.34522,-1.0730346,-1.3088897,0.08243216,-0.88484454,-0.8054357,-1.6039982,0.6883504,1.3601891,-1.4677591,-1.9917082,0.20388041,1.5520512,0.90419424,-1.6767935,0.22688408,2.685072,-2.7240586,-1.959313,1.396892,0.15022688,-3.0945444,-0.6083466,-2.24594,-1.8746392,-3.0460215,2.955633,-1.9850931,-0.65936184,1.8224107,1.1775132,-1.7889786,-0.91636497,2.036942,-1.4913462,-2.0251856
1,/data_nas/huangyj/data/placePulse/rawData/googleviews-110802files/513d68f7fdc9f0358700456e.jpg,0.2215806,-2.4264014,1.745915,-0.27716333,0.0668947,-0.7757474,-1.4583849,0.9058812,-5.270493,-0.0091007305,0.2855809,0.5817583,-1.8649817,-1.1793772,3.041612,-1.1851847,0.613053,-0.8130078,-0.45500717,0.21908928,-0.98531705,0.7785018,0.53132904,-1.6241562,-1.8265811,-1.3454791,1.6455286,0.5311819,-0.54120064,1.1243186,2.2087097,-1.2018132,-3.3799958,0.24409758,-0.58190054,-4.955156,-1.1707381,-2.5283253,-0.36118996,-3.3239906,1.5416443,-1.221539,-3.227069,0.5347543,2.1910453,-2.7304904,-0.74235266,4.866051,-0.31990278,-1.869413
0,/data_nas/huangyj/data/placePulse/rawData/googleviews-110802files/5140c985fdc9f0492600256c.jpg,-0.1598095,-0.680854,0.4403808,0.20412558,-0.55924463,-0.8088248,-0.98547155,-0.49203017,-1.902975,-0.864452,0.19070075,1.2559365,-1.1473596,0.44216084,0.8333455,1.1421758,-0.20345147,2.093693,-0.9331169,-0.46503705,-0.58727247,0.7198933,-0.19475286,0.042546887,0.33558732,0.88174534,0.66713387,-0.5727719,-0.7142259,0.640839,-1.2531351,-2.0792637,-0.5493296,-1.2500554,-1.210334,-1.8535466,0.51448804,0.88878185,0.09126998,0.03424775,2.1330507,0.07955097,-0.073476814,0.7836745,0.14857835,-0.20413302,1.1026869,1.7082107,-2.0925577,-0.1602261
0,/data_nas/huangyj/data/placePulse/rawData/googleviews-110802files/5140c984fdc9f04926002569.jpg,-1.8149617,-1.4710684,2.1243534,-0.6588718,0.8380419,-2.1873262,-2.0030832,-1.7424133,-3.001215,-1.305588,1.73543,1.6372999,-2.8715434,0.16930915,1.4594235,1.710705,-1.5556941,3.3774529,-1.9951963,-1.5588008,-1.8342272,1.827846,1.119067,-1.8501301,-0.5350642,0.56988865,1.569248,-0.55690813,-2.1472502,1.1097931,-0.8810992,-1.6708246,-2.3086524,-0.77885056,-1.503447,-3.2128477,-0.29022956,0.40096545,-1.6402092,-0.73189455,2.3527718,-1.3932652,-0.26822928,0.5610019,0.8667063,-0.9606405,1.3309299,2.5617235,-3.9817693,-1.2960737
0,/data_nas/huangyj/data/placePulse/rawData/googleviews-110802files/5141342efdc9f0492600456f.jpg,-1.2505412,-2.747894,2.2649493,-0.20153333,1.4630036,-1.5814615,-1.7007065,-1.093546,-5.0671062,-1.0179499,1.8324915,1.3605255,-2.639909,-0.85690886,2.578048,1.0111697,-0.86838263,2.0007062,-1.1765963,-1.341743,-1.6701087,1.6852453,0.2988581,-2.9252498,-1.4625014,-0.57078946,1.5337751,-0.5203514,-1.841577,1.740827,-0.53447235,0.38313052,-4.2138577,-0.62961304,-2.0490763,-4.744445,-0.8467084,-0.44229975,-1.5034647,-1.3588285,0.4963468,-1.836083,-2.6074374,-1.0392895,1.9711363,-1.9459633,0.7320276,4.851932,-2.4835198,-2.4666154
0,/data_nas/huangyj/data/placePulse/rawData/googleviews-110802files/50f42babfdc9f065f0001565.jpg,1.7849633,1.2159165,-2.4866676,0.76496536,0.33222342,-0.49492925,-1.0859679,0.5004573,-3.9545872,-1.4491656,-2.2755377,1.4070266,1.6412034,-0.22852175,-0.26433665,1.9841585,2.5820847,2.6018577,-1.2595936,1.4934205,0.5469226,1.1081781,-0.5372311,-2.5784411,2.594446,-0.42608288,0.4908382,-0.8646952,0.9734135,0.92841035,-2.7311726,0.40136406,-3.6480238,-2.9394085,-1.3960317,-3.6298084,0.50331974,1.1217561,0.3622222,0.2273006,0.16301136,2.3545487,-1.0063838,-1.2348795,0.21778789,-1.457504,1.8482499,4.3239856,-2.253157,2.1123557
0,/data_nas/huangyj/data/placePulse/rawData/googleviews-110802files/50f5ebccfdc9f065f000856b.jpg,0.09795713,-0.46958333,0.317699,-0.0049559725,-1.7633072,-0.78244406,-1.0934725,-0.06708498,-1.3732977,-0.8103714,-0.23680316,1.2641371,-1.0739759,0.31927317,0.9034398,0.77805126,0.0069710594,1.6186838,-0.9511452,-0.21353017,-0.48915586,0.6343333,0.07970528,1.4948726,0.2813706,0.72706765,0.83605564,-0.4660955,-0.4003808,0.54950774,-0.63054097,-3.2255578,0.84363234,-1.2684813,-0.836152,-1.3363384,0.33160806,0.60466665,0.92527044,-0.23808996,3.0150056,0.25314686,0.026298666,1.8378422,0.13265482,0.032495324,0.9885691,1.0009481,-1.7252145,0.16008073
0,/data_nas/huangyj/data/placePulse/rawData/googleviews-110802files/51414d3bfdc9f04926007533.jpg,-1.446007,-2.446134,2.7168806,-0.75777465,0.5310116,-1.8783159,-1.998481,-0.8324462,-4.5786085,-0.728552,1.6570054,1.1840329,-3.1570663,-0.6381665,2.6471686,0.35454592,-1.0854663,1.5911993,-1.4530292,-1.2259037,-1.862827,1.6104875,1.163082,-1.7748978,-1.7180547,-0.45927596,1.86732,-0.013315769,-1.9060981,1.3238603,0.91783315,-1.7031866,-2.9378672,-0.058900632,-1.1862692,-4.5587597,-1.0304079,-1.2715378,-1.3403705,-2.347583,2.354432,-1.9991118,-1.973036,0.8421323,1.8215331,-2.0157206,0.3121156,3.980056,-2.6090157,-2.1901236
0,/data_nas/huangyj/data/placePulse/rawData/googleviews-110802files/51421c42fdc9f04926008537.jpg,0.4452641,-1.1665014,0.45995963,0.23415953,-1.3474727,-0.60219586,-1.0776126,0.35718235,-3.5030782,-0.6261964,-0.35684323,1.108375,-1.0439371,-0.27862483,1.6418207,0.3449697,0.5954721,0.95420396,-0.63175565,0.044257678,-0.48025677,0.67100185,-0.2309599,0.42221364,-0.19668187,-0.045064438,0.9314862,-0.25798145,-0.26346427,0.9548642,-0.17322609,-2.4020536,-0.95010746,-1.1287982,-1.0920757,-3.2317152,-0.06386143,-0.25178546,0.7983278,-1.172338,2.421276,0.0012589525,-1.5752546,1.1831323,0.8967419,-1.121043,0.6469247,3.2081013,-1.2134838,-0.4333491
0,/data_nas/huangyj/data/placePulse/rawData/googleviews-110802files/50f42b89fdc9f065f000153e.jpg,1.0557541,-0.47654626,-0.6274153,0.96492463,-1.3916682,-0.043665193,-0.44620222,0.40620458,-3.4857945,-0.60492426,-1.0394858,1.0067378,-0.06254781,0.2171701,0.8761832,0.8941877,1.1520894,1.4403392,-0.22576272,0.31410113,0.15297236,0.39476737,-1.2477533,0.46031037,0.8641422,0.5397228,0.14279063,-0.4061445,0.23164566,0.81734055,-1.5036299,-2.2528641,-0.8747344,-1.7469631,-1.3795217,-3.1757019,0.7596865,0.6769902,1.1175973,-0.22005054,2.2033875,0.9491098,-1.2317758,0.8820357,0.23925292,-0.9036478,1.1369725,3.4297936,-1.1364069,0.39249417
0,/data_nas/huangyj/data/placePulse/rawData/googleviews-110802files/513e6f2dfdc9f0358700c531.jpg,-1.3462033,-2.7941232,3.1222548,-0.18531185,0.41762772,-1.0432965,-1.0372516,-0.5977827,-4.3916793,0.25018314,1.8342571,0.430753,-3.3341334,0.16912939,2.6995351,-0.5448003,-1.3740951,0.57019466,-0.3757048,-1.3249798,-1.5587178,0.6974057,0.21893208,-1.1220871,-2.0880406,0.48863727,1.0193486,0.6806714,-1.8918531,0.7447663,1.5846668,-2.751179,-2.2536652,0.93592876,-0.7911864,-4.5127635,-0.25639668,-1.6731354,-1.4579659,-2.6392336,3.0711794,-2.1764557,-1.7112682,1.6227435,1.2958082,-2.0961134,-0.40138608,3.7684805,-1.5211762,-2.6258729
1,/data_nas/huangyj/data/placePulse/rawData/googleviews-110802files/513cc226fdc9f0358700153c.jpg,1.4132861,-1.9401722,0.17195606,0.66798073,-0.11804272,0.5018639,-0.39339858,1.4413196,-3.5198164,0.072948694,-0.49193987,0.44498497,-0.10227073,-0.9075445,2.2246935,-1.0474112,1.4684038,-1.406995,0.5272962,0.87388194,0.098319545,-0.26598305,-0.98113745,-0.8935776,-0.99065816,-0.8866008,0.6392638,-0.000496801,0.40169996,0.7656674,0.69150835,0.54210466,-2.542328,-0.40770942,-0.82906175,-2.786601,-0.24185021,-1.1587663,0.75090593,-1.5011128,-0.58434916,-0.017440537,-2.8293457,-1.0711602,1.4467326,-1.4472694,-0.708876,3.6266034,1.134501,-1.2064662
0,/data_nas/huangyj/data/placePulse/rawData/googleviews-110802files/513e6163fdc9f0358700b538.jpg,-0.80867505,-1.9685401,1.6439399,-0.68887585,0.7514381,-1.639546,-2.032804,-0.56976837,-2.7257235,-1.2328,1.2450002,1.5967662,-2.077396,-0.9351204,2.1262038,0.697752,-0.5576546,1.4968154,-1.573201,-0.70243245,-1.4504517,1.4571757,1.0612115,-1.8272116,-1.1506274,-0.72455174,1.9423548,-0.72278327,-1.337126,1.327463,-0.08413425,0.18776898,-2.6250694,-0.81730646,-1.370084,-2.416827,-0.99757177,-0.27671826,-0.7573623,-1.006481,0.32441396,-1.2296678,-1.5300565,-0.79683095,1.6738589,-0.88930625,0.5523064,2.4985502,-2.1634667,-1.6022323
0,/data_nas/huangyj/data/placePulse/rawData/googleviews-110802files/50f5612ffdc9f065f0005535.jpg,-1.90041,-2.377289,3.547505,-0.7935816,0.2883719,-1.5854318,-1.4356108,-0.813307,-2.7134411,0.18879442,2.1418233,0.48144633,-3.832381,0.38590488,2.3873293,-0.6535764,-1.9898074,0.72466505,-0.9369656,-1.483555,-1.9021124,0.7958376,1.2231828,-0.6294318,-2.1976864,0.65156454,1.4336756,0.77769905,-2.2027533,0.3732049,2.2916825,-3.475109,-1.1694615,1.3910599,-0.1780413,-3.0781143,-0.46908912,-1.7880502,-1.7613432,-2.7211182,3.6852841,-2.4207528,-0.5169583,2.3987446,1.0613881,-1.4841304,-0.5510752,1.8475941,-2.0558405,-2.3993154
0,/data_nas/huangyj/data/placePulse/rawData/googleviews-110802files/50f445a8fdc9f065f0003530.jpg,1.1556414,-0.22536467,-0.41991636,-0.334425,-1.35287,-0.7773126,-1.644523,1.1596355,-2.273988,-0.85056883,-1.2957741,1.2241517,-0.13709685,-0.782157,1.3014337,-0.09298958,1.5127722,0.25545347,-1.1776748,1.1357644,-0.21042827,0.7210773,0.8221372,0.18274501,0.22370851,-0.9357023,1.5752033,-0.26837945,0.48158193,0.6786951,0.6325106,-1.7632357,-0.8976452,-1.313832,-0.29656976,-1.9998395,-0.61581814,-0.7289846,1.1124259,-1.4702437,1.6887835,0.7396166,-1.1397119,0.87891483,1.0167942,-0.9284805,0.3054685,2.016376,-0.9049946,0.5973283
0,/data_nas/huangyj/data/placePulse/rawData/googleviews-110802files/513d9ed5fdc9f03587008534.jpg,-1.0712706,-1.7237061,1.7975843,-0.85840666,0.94005775,-2.2679353,-2.5136385,-0.7973739,-4.914821,-1.3858315,0.98211795,1.6559821,-2.4190183,-1.0376178,2.2317448,1.085476,-0.33632132,2.3623977,-2.1385736,-0.7190404,-1.7732732,2.1472218,1.5486728,-2.8488312,-0.86110353,-1.0716877,2.2322664,-0.43366843,-1.5603601,1.6245445,0.11110535,-0.63649315,-4.035364,-0.93227834,-1.4352173,-4.8221846,-1.3090175,-0.85224795,-1.3473085,-2.0257344,1.546274,-1.3073034,-2.0385714,-0.055174008,1.9825892,-2.1833723,0.9246084,4.514449,-3.3590033,-1.3388191
0,/data_nas/huangyj/data/placePulse/rawData/googleviews-110802files/513e1bcefdc9f0358700957d.jpg,-1.2190081,-2.2256565,2.1104918,-0.04438226,0.3090539,-1.483352,-1.4548088,-1.1062875,-4.9657407,-0.8130885,1.3760831,1.2563239,-2.6958344,-0.24145208,2.184803,1.0926931,-0.9276432,2.3081007,-1.0878813,-1.3965098,-1.4984816,1.4859018,0.08013409,-1.4851274,-0.999627,0.16190842,1.1566567,-0.28371108,-1.7714777,1.467663,-0.5408323,-1.813888,-2.7761137,-0.66996425,-1.8093445,-4.884031,-0.3522946,-0.24679829,-1.0078733,-1.4047278,2.429513,-1.4998877,-1.9340786,0.7042353,1.3731989,-1.8272209,1.0038255,4.580855,-2.7337646,-1.8722613
0,/data_nas/huangyj/data/placePulse/rawData/googleviews-110802files/513d79a2fdc9f03587006577.jpg,1.3326364,-0.5640158,-0.9965503,0.6070899,2.4341729,0.008073,-0.74936813,0.6968264,-1.9191564,-0.77272743,-0.5356833,0.90989995,0.92528903,-0.6188918,0.7729445,0.41927278,1.6341244,0.33519673,-0.45286933,1.1867771,0.24877766,0.28328282,-0.54314566,-3.9255326,0.52856636,-0.8012682,0.73210925,-0.6559343,0.46425968,0.62351656,-1.2366103,3.5798347,-4.532778,-1.218087,-1.088901,-1.3254867,0.07033121,0.2291961,-0.7490486,0.10326655,-3.1484132,0.89956874,-1.3338381,-3.7116652,0.8998356,-0.8567123,0.09970284,2.5879912,-0.35723555,-0.03937727
0,/data_nas/huangyj/data/placePulse/rawData/googleviews-110802files/514091bafdc9f0492600057f.jpg,-1.0271558,-2.7713902,2.9276848,-0.5047369,-0.017840788,-1.0908172,-1.3563745,-0.12218131,-3.5480063,0.07149652,1.5805278,0.5905126,-3.064722,-0.40366533,2.875617,-0.90097266,-1.0480835,-0.12056928,-0.55001426,-0.9405345,-1.5147179,0.6632705,0.6982794,-0.5793729,-2.338533,-0.19468597,1.4914429,0.49082834,-1.5712205,0.79381144,2.1126578,-2.2855306,-1.7214006,0.84702057,-0.55074817,-3.4966795,-0.7929695,-1.9021024,-0.8573887,-2.6944366,2.4551399,-2.0926154,-1.8438993,1.3921816,1.6341923,-1.6968181,-0.68958086,2.9073853,-0.9718942,-2.5360303
1,/data_nas/huangyj/data/placePulse/rawData/googleviews-110802files/513d2e48fdc9f0358700257a.jpg,0.8780013,-0.60372835,-0.37579778,0.8850187,-1.4540133,0.32855514,-0.07469907,0.37135747,-1.3970231,-0.34096715,-0.5878219,0.807688,-0.119197555,0.60346746,0.6747878,0.4577016,0.57448435,0.7946535,0.12537272,0.19075553,0.24457422,-0.26088554,-1.308189,1.3298874,0.46569425,1.1214458,-0.08466507,-0.4211944,0.13577451,0.26650414,-1.1724967,-2.092072,0.47428513,-1.2007529,-0.98867595,-1.1189063,1.0892763,0.9023113,1.2231091,0.30651835,1.7177976,0.7503545,-0.3067076,0.7716812,-0.23663408,0.14306588,0.6420752,1.3538227,-0.46982703,0.08583606
0,/data_nas/huangyj/data/placePulse/rawData/googleviews-110802files/50f5ebc8fdc9f065f0008523.jpg,0.25130576,-0.8976223,0.53813946,-0.21987186,0.7905665,-0.9938649,-1.5244175,0.2897471,-2.4089458,-0.73484415,0.003163034,1.1084366,-0.90159696,-0.39020166,1.4206876,0.120533034,0.55427635,0.75879747,-1.1521575,0.4031832,-0.681178,0.8289169,0.68462807,-2.0445416,-0.24315281,-0.48781666,1.4505633,-0.19294006,-0.391057,0.65628827,0.30529192,-0.1825257,-2.7614257,-0.6174801,-0.63502204,-2.2584198,-0.41060263,-0.6355835,-0.65869445,-1.2934976,0.4739253,-0.08992427,-0.9135892,-0.5486565,1.0759152,-1.1659559,0.117569976,2.3369384,-1.4475876,-0.40710607
0,/data_nas/huangyj/data/placePulse/rawData/googleviews-110802files/50f42b89fdc9f065f000152b.jpg,0.15985204,-1.5645796,0.36733878,0.92480654,-0.22733262,-0.6236563,-0.8022418,-0.4856077,-6.1026087,-0.9064998,-0.04263831,1.2337584,-1.0230359,-0.14324062,1.65972,1.5473595,0.5904835,2.4640477,-0.49516803,-0.52627784,-0.55811405,1.147842,-1.2678037,-1.4485618,0.27851433,0.24332222,0.35557967,-0.5164012,-0.7060439,1.5558143,-1.9857136,-1.2611648,-3.2743099,-1.7806915,-2.2795894,-5.747768,0.3836345,0.51923144,0.036790498,-0.68167365,1.8545587,-0.054483086,-2.5346231,0.021357212,0.9776897,-2.054606,1.5272954,6.071117,-2.2532969,-0.79310393
1,/data_nas/huangyj/data/placePulse/rawData/googleviews-110802files/513d7988fdc9f03587006524.jpg,-0.7263391,-2.2390726,2.3408854,-0.12564492,-0.05141557,-0.87630063,-1.0753435,-0.16395254,-3.9663112,0.10687119,1.0754601,0.54988295,-2.6062312,0.17956762,2.388439,-0.548722,-0.70598936,0.44926724,-0.45764402,-0.71904814,-1.2129692,0.5482639,0.24683328,-0.74616843,-1.5393678,0.40683645,1.0204707,0.58834827,-1.3457702,0.56973624,1.4684985,-2.8282444,-1.8864493,0.5283249,-0.59652287,-4.050061,-0.122116126,-1.4966744,-0.8676021,-2.4616995,2.9991326,-1.4638509,-1.4461194,1.6317781,1.0831476,-1.8817668,-0.32996905,3.4149861,-1.3890617,-1.8874347
0,/data_nas/huangyj/data/placePulse/rawData/googleviews-110802files/51414d81fdc9f049260075e3.jpg,-0.8545225,-2.3609037,2.0524786,-0.6335611,0.29141256,-1.738035,-2.1107082,-0.44842237,-4.59239,-1.0366127,1.1615201,1.4453619,-2.501292,-1.1103065,2.6938322,0.4944294,-0.409516,1.4090704,-1.4807742,-0.8075768,-1.6163422,1.6792747,0.996746,-1.6860708,-1.4718245,-0.99891186,2.024953,-0.35641596,-1.4303292,1.5981154,0.4768078,-0.8595219,-3.0552397,-0.65792805,-1.4516909,-4.3152246,-1.2330353,-1.0180056,-0.68893564,-2.0032437,1.481266,-1.540399,-2.4600067,0.09641124,2.075854,-1.8725973,0.4864583,4.1654243,-2.260818,-1.9122388
0,/data_nas/huangyj/data/placePulse/rawData/googleviews-110802files/50f5ebd2fdc9f065f00085e7.jpg,-1.521185,-2.468061,3.080681,-0.6286644,0.7460797,-1.383524,-1.4326423,-0.70121634,-2.8459551,-0.058431,2.0202289,0.6894982,-3.3236005,0.060065724,2.4212239,-0.43552685,-1.6087528,0.669196,-0.86950666,-1.2652129,-1.704959,0.85244924,0.9418318,-1.260866,-2.0427349,0.32768548,1.4563705,0.41853446,-1.9125693,0.6076016,1.638378,-2.1857047,-1.8822652,0.9185546,-0.56693476,-3.016014,-0.5273898,-1.4557462,-1.6558989,-2.2487574,2.4689264,-2.1541154,-0.93479496,1.2056584,1.255461,-1.4163446,-0.41435617,2.2307403,-1.7142216,-2.4058242
1,/data_nas/huangyj/data/placePulse/rawData/googleviews-110802files/513cc2dbfdc9f035870015e9.jpg,1.7687413,-0.17359522,-1.0412548,0.6284764,-1.6431481,0.04763729,-0.743196,1.3358661,-3.1006947,-0.47578427,-1.8143694,0.8959723,0.5407624,-0.19004045,1.0375432,-0.0076599317,2.0229151,0.21079944,-0.31718707,1.3085982,0.3642686,0.16919535,-0.60360944,0.47519848,0.76956713,-0.23416951,0.5907213,-0.10481076,0.8721686,0.5373553,-0.18975918,-2.0249267,-0.9563235,-1.4760565,-0.62027305,-2.7712424,0.30230984,-0.276401,1.5099013,-1.0650566,1.8379582,1.3254293,-1.3639762,0.8659396,0.50393265,-1.141163,0.4339463,3.048521,-0.4150639,0.82117134
0,/data_nas/huangyj/data/placePulse/rawData/googleviews-110802files/513e61d4fdc9f0358700b5e4.jpg,-1.4107883,-2.8867004,2.712569,-0.85253984,1.7323737,-1.8840482,-2.1435049,-0.81074256,-4.7545123,-0.92383933,1.9973392,1.2857797,-2.9743805,-1.3128189,2.93508,0.33067185,-0.9508522,1.2349958,-1.4870775,-1.1539422,-1.9248813,1.7653034,1.2493811,-3.2983773,-2.0935273,-1.2228335,2.1405678,-0.31859165,-1.8992275,1.6598816,0.761985,0.5921841,-4.468723,-0.10373042,-1.4918548,-4.4723425,-1.5245019,-1.3675764,-1.7912643,-2.1893337,0.30843714,-2.2606447,-2.728298,-0.97612476,2.410274,-2.140247,0.14272413,4.404024,-2.215176,-2.7179277
0,/data_nas/huangyj/data/placePulse/rawData/googleviews-110802files/514139adfdc9f04926005512.jpg,-1.2738491,-2.4994705,2.5327373,-0.41907805,0.27024576,-1.4847306,-1.5898335,-0.78998345,-4.2268257,-0.5940068,1.61318,1.0960345,-2.945173,-0.43337417,2.5150588,0.35647076,-1.0814937,1.4294914,-1.0566254,-1.272421,-1.6417445,1.2670405,0.58507,-1.2074994,-1.6363752,-0.113434955,1.4842688,-0.09797436,-1.7900329,1.2416916,0.5484585,-1.7428796,-2.3887482,-0.100637026,-1.3239672,-4.1161275,-0.6829206,-0.8865191,-1.0003191,-1.8912256,2.2245648,-1.8579967,-1.8814839,0.7895952,1.579304,-1.6691853,0.33563274,3.6999886,-2.1726453,-2.2258062
1,/data_nas/huangyj/data/placePulse/rawData/googleviews-110802files/513d7f09fdc9f0358700751f.jpg,1.2654692,-0.7697268,-0.7963203,1.2465843,-0.33024287,0.7196059,0.17742865,0.53629315,-1.3259053,-0.35230604,-0.5970926,0.7443636,0.52337587,0.34473473,0.6584679,0.4669965,0.99057883,0.43636978,0.4610101,0.45243022,0.51102823,-0.4183077,-1.835284,0.07180956,0.5747976,0.7736784,-0.26962495,-0.619988,0.39084736,0.37711605,-1.745755,0.07547086,-0.757045,-1.3117931,-1.3007431,-0.78792775,1.1016543,1.133428,0.93381274,0.81431544,-0.31021407,0.9412879,-0.71043235,-1.0340462,-0.042698197,0.1449593,0.4805005,1.6547526,0.16793528,-0.079228185
0,/data_nas/huangyj/data/placePulse/rawData/googleviews-110802files/50f5612efdc9f065f0005515.jpg,0.79623955,-0.37680018,-0.558962,0.73124015,-1.0106134,-0.32882264,-0.7157547,0.17752005,-2.8886034,-0.85229206,-0.8016454,1.2078912,-0.16278706,0.10688975,0.7553743,1.1527292,0.92408615,1.7623336,-0.5604548,0.20690142,-0.013858471,0.58665675,-0.8829507,0.12334111,0.8878292,0.4328075,0.40668455,-0.6318855,0.050880004,0.86245453,-1.7011415,-1.6976224,-0.9738905,-1.840816,-1.4153645,-2.590763,0.583068,0.9148247,0.8651569,0.07425883,1.7270094,0.8623218,-0.92550564,0.44789532,0.28224227,-0.59641963,1.2704122,2.870135,-1.5045042,0.4130286
0,/data_nas/huangyj/data/placePulse/rawData/googleviews-110802files/513d79bafdc9f035870065c1.jpg,-1.3949933,-2.7316146,2.4760926,-0.5041872,2.7502255,-1.7050558,-1.8802209,-1.0616578,-4.7199416,-0.8868471,2.115466,1.1910802,-2.6864178,-0.9421579,2.593779,0.65614,-0.9575854,1.6331226,-1.3414366,-1.148301,-1.7749503,1.6820909,0.8213169,-4.403665,-1.7062433,-0.84219486,1.8011562,-0.32653803,-1.9320269,1.5055625,0.06621818,1.5092255,-5.3645544,-0.14382179,-1.6679385,-4.489742,-1.0691819,-0.9773748,-2.4300654,-1.7264942,-0.4741492,-2.0370998,-2.4196236,-1.8883961,2.1153135,-2.1755276,0.23896232,4.5932794,-2.423531,-2.6356218
0,/data_nas/huangyj/data/placePulse/rawData/googleviews-110802files/5140c9a4fdc9f049260025c8.jpg,-0.031451628,-1.2625216,0.7520731,0.7456608,-1.7177088,-0.46356672,-0.54053104,-0.3461211,-4.330848,-0.43718386,-0.070493154,0.96416324,-1.4606836,0.5410477,1.4124893,0.9318139,0.008253538,1.9291658,-0.28173283,-0.6907655,-0.51569414,0.6018278,-1.0906745,1.0288354,0.08883099,1.0763308,0.15421748,-0.12563093,-0.7446048,0.9324898,-1.0231068,-3.8552978,-0.4470589,-1.1448101,-1.5154657,-4.249715,0.7339515,0.39232033,0.6693265,-0.81854147,3.870203,-0.13874431,-1.2704107,2.2109168,0.32100543,-1.2522316,1.1671668,3.9430416,-1.8325292,-0.5627407
1,/data_nas/huangyj/data/placePulse/rawData/googleviews-110802files/51421c94fdc9f04926008596.jpg,1.9265407,-0.3685202,-1.3923593,-0.04299765,-1.8779218,-0.60408473,-1.7367475,1.4869988,-3.8608732,-1.4209516,-2.028922,1.6330514,0.8000001,-1.7581656,1.5575626,0.5007175,2.5991695,0.4136876,-1.1406487,1.5371631,0.08231221,1.027637,0.3020921,0.05780851,0.56535727,-1.9532139,1.6249394,-0.9188338,1.0274248,1.476807,-0.51377535,-0.28966686,-1.8184035,-2.5293076,-1.1408447,-3.1000757,-1.0040312,-0.2709269,2.1751497,-1.0389917,0.4220265,1.2603261,-2.7575629,-0.336515,1.6336609,-1.2497808,0.8960884,3.8844182,-0.6543869,0.77307534
1,/data_nas/huangyj/data/placePulse/rawData/googleviews-110802files/514091c3fdc9f04926000596.jpg,0.29598117,-1.4244573,0.7097965,1.0266837,-1.9037167,0.2040875,0.055090465,0.061490595,-3.1242888,0.060464323,-0.050076514,0.5755522,-1.2341716,0.79426974,1.3738885,0.23038906,-0.021066578,0.8720533,0.41828218,-0.53835857,-0.17464466,-0.11769517,-1.6020811,1.7833886,-0.1913123,1.4223185,-0.25944495,0.046308823,-0.46272638,0.52361286,-0.637299,-3.7622738,0.49234796,-0.6676935,-1.1970416,-2.970815,1.0753789,0.32593313,0.99203557,-0.57139987,3.441296,-0.08409385,-0.9904987,2.1443503,0.030018993,-0.68017775,0.57498586,2.8093307,-0.64432454,-0.748285
0,/data_nas/huangyj/data/placePulse/rawData/googleviews-110802files/50f5e8e2fdc9f065f0007597.jpg,-0.25230196,-0.08844756,0.0061323848,0.4251255,0.7791363,-1.1779568,-1.1658351,-0.97857046,-3.1963692,-1.1598942,-0.034340434,1.4016241,-0.8454395,0.7561526,0.326867,2.0337765,0.09306562,3.4570522,-1.388368,-0.3615066,-0.6089565,1.2086674,-0.22217493,-2.1110559,1.2638718,1.0333487,0.546749,-0.5633953,-0.85299945,0.7386392,-2.2213364,-1.3382595,-2.667416,-1.6692948,-1.5247312,-3.3217843,0.8130903,1.2025573,-0.970766,0.101833574,1.8698744,0.5081035,0.09256248,0.057375636,-0.01786847,-1.0167274,1.7156999,3.1982427,-3.4371674,0.4236144
1,/data_nas/huangyj/data/placePulse/rawData/googleviews-110802files/5140c996fdc9f0492600259f.jpg,1.4061751,-0.37997428,-1.2318304,0.42530978,1.0765728,-0.740959,-1.5129751,0.62658507,-5.239679,-1.3668243,-1.3192167,1.4287913,0.6957606,-1.2401555,1.1827251,1.2402585,2.2791817,1.5900131,-1.1906825,1.1571832,-0.035985347,1.3718112,-0.17831813,-3.601516,1.010581,-1.520662,1.2048994,-0.7926252,0.4891742,1.5282856,-1.593124,1.7178129,-5.1542745,-2.3292637,-1.6794581,-4.6581335,-0.5129586,-0.008282082,-0.07984052,-0.8230056,-0.9297523,1.0925125,-2.707458,-2.1874206,1.5178443,-2.2037055,1.1484978,5.5890965,-1.6776738,0.47911203
0,/data_nas/huangyj/data/placePulse/rawData/googleviews-110802files/50f445aefdc9f065f000359a.jpg,0.09083334,-1.8302766,1.2925726,-0.08680685,-0.7566349,-0.6317338,-1.1484381,0.38803315,-3.3119032,-0.27303723,0.29790527,0.8596645,-1.6229426,-0.37348843,2.179149,-0.4093802,0.12887658,0.12815481,-0.4892538,-0.11917709,-0.783369,0.5103202,0.14353895,-0.013890698,-1.0991395,-0.17746328,1.162861,0.059111938,-0.61531556,0.7789924,0.9163506,-2.092354,-1.2775263,-0.29623666,-0.75423604,-3.097322,-0.34706926,-1.0252186,0.23762763,-1.8277237,2.1135836,-0.7245176,-1.6903495,1.0348916,1.1999458,-1.3163925,-0.10217046,2.9264357,-0.73253155,-1.2536381
0,/data_nas/huangyj/data/placePulse/rawData/googleviews-110802files/50f5ebd3fdc9f065f00085fd.jpg,-0.22627623,-1.3728267,0.29051697,-0.023670012,1.7016606,-1.5144799,-1.909136,-0.7961475,-4.582302,-1.8139225,0.49777025,1.8714566,-0.88562346,-1.1255914,1.5640227,2.0470488,0.46762294,2.8536332,-1.7208489,-0.36027652,-1.0032085,1.9154358,0.2272849,-3.662343,0.14415124,-1.0154443,1.541113,-1.2435102,-0.90590155,1.8571863,-2.171135,2.0104318,-4.833927,-2.135134,-2.3347688,-4.0497684,-0.691023,0.6656917,-0.9215706,-0.19931233,-1.0128049,-0.28512117,-2.2735782,-2.471114,1.6704459,-1.5632809,1.584222,4.7946906,-2.9305203,-0.86545664
0,/data_nas/huangyj/data/placePulse/rawData/googleviews-110802files/513e6fbefdc9f0358700c5f3.jpg,-1.3066094,-2.7578852,3.0333,-0.51314276,0.32421684,-1.281932,-1.4015807,-0.49742213,-3.877145,-0.049629733,1.8113625,0.6732327,-3.2627478,-0.24370204,2.7643278,-0.5205986,-1.2887911,0.4834309,-0.7081625,-1.2056649,-1.6576864,0.8827103,0.70344,-1.0732765,-2.194633,0.0060253926,1.4333594,0.4136504,-1.8194765,0.8582718,1.676354,-2.2262926,-2.1379101,0.7389964,-0.7553391,-3.8976882,-0.6708713,-1.6551898,-1.2441889,-2.5450044,2.5512142,-2.1772048,-1.7439642,1.2721983,1.5486228,-1.7963908,-0.42266488,3.245393,-1.5126785,-2.567137
1,/data_nas/huangyj/data/placePulse/rawData/googleviews-110802files/50f42f00fdc9f065f0002586.jpg,0.70183617,-2.1366727,0.6856312,0.12006782,0.449561,-0.8280484,-1.5770715,0.75610363,-6.9904194,-0.6848452,-0.3362195,1.0181336,-0.9684296,-1.6990451,2.826836,-0.029875021,1.5020131,0.27025646,-0.7136197,0.45164683,-0.72941655,1.3414289,-0.0035953615,-2.8177671,-0.9248937,-1.9341567,1.5401132,-0.07603411,-0.21772726,1.8337096,0.48741645,0.32787973,-5.0489364,-1.0639881,-1.5360416,-6.388186,-1.2374363,-1.7336087,-0.14763616,-2.690075,0.41873237,-0.55497694,-4.243628,-0.8280186,2.4827812,-3.2485301,0.22897239,6.9131255,-0.942349,-1.3654971
0,/data_nas/huangyj/data/placePulse/rawData/googleviews-110802files/513e228dfdc9f0358700a582.jpg,0.7812044,-0.5244129,-0.43503535,0.28608975,0.5961308,-0.18607478,-0.8220528,0.3924417,-0.04555843,-0.8545816,-0.115147956,1.1451098,0.09366506,-0.21862361,0.6910497,0.5270259,0.6386246,0.6391166,-0.59761536,0.48960185,0.021859203,0.2620654,-0.26725218,-0.9509658,0.28953165,-0.0070499294,0.83316296,-0.84127307,0.1826949,0.4780612,-1.125875,1.0396513,-1.1753417,-1.2377343,-0.9586016,0.39641485,0.21533266,0.78105915,0.1699499,0.6312143,-1.0896641,0.6099946,-0.21431771,-1.643928,0.42058846,0.42555714,0.41025206,0.30722904,-0.51272523,-0.031795494
0,/data_nas/huangyj/data/placePulse/rawData/googleviews-110802files/51414d5afdc9f04926007581.jpg,-1.4396441,-2.3132415,2.1337528,-0.49758482,1.2688103,-2.0886302,-2.1395519,-1.345411,-5.350837,-1.3628706,1.6220185,1.6566472,-2.7301624,-0.86764115,2.3631566,1.5128947,-0.8436218,2.812912,-1.779644,-1.3662455,-1.8655131,2.1247532,0.8129441,-3.0016072,-1.0513941,-0.6341391,1.8133502,-0.6306718,-1.9724915,1.8680273,-0.76627105,-0.16553214,-4.2604976,-1.0027312,-2.0759733,-5.156402,-0.98296094,-0.27090228,-1.5491666,-1.4294313,1.172349,-1.6817195,-2.348643,-0.581273,1.937494,-2.0868392,1.2044654,5.0561423,-3.4197385,-1.9939921
0,/data_nas/huangyj/data/placePulse/rawData/googleviews-110802files/50f445adfdc9f065f000358f.jpg,-0.71360695,-1.3164388,2.1944315,-0.5919061,-0.05652869,-1.2845904,-1.4667912,0.10998888,-3.1408734,0.1890346,0.63518476,0.44819617,-2.5845723,0.2933183,1.9306363,-0.84615564,-0.56439304,0.34139657,-0.987986,-0.29877865,-1.2399023,0.718063,1.1997142,-0.7923104,-1.1737787,0.24171016,1.4082059,0.9336295,-1.1386681,0.20962788,2.384055,-3.7573032,-1.5036935,0.8567501,0.22360398,-3.5212462,-0.39064237,-2.0578713,-1.195551,-3.0529423,3.8708198,-1.1852087,-0.5481141,2.590376,0.91342634,-1.9445875,-0.51074386,2.4080184,-1.696613,-1.0585105
0,/data_nas/huangyj/data/placePulse/rawData/googleviews-110802files/513e619dfdc9f0358700b58f.jpg,-0.30912352,-3.2508736,2.0339637,0.14008112,0.89451367,-0.6517884,-1.1116018,0.07804036,-5.3744802,-0.32046732,1.2457668,0.79622966,-2.068239,-1.3051788,3.1216576,-0.35718855,-0.04927866,-0.102066316,-0.17781126,-0.6336928,-1.1350427,0.80342376,-0.31496394,-2.2878108,-2.1166208,-1.1242651,1.2522824,-0.1421598,-1.1406238,1.5799307,0.65671325,0.7635263,-4.1021957,-0.08740777,-1.628252,-4.711752,-0.98810434,-1.4092146,-0.6402583,-2.0778913,-0.20124704,-1.7509025,-3.7051046,-1.1658099,2.3247628,-2.223739,-0.29875487,5.2210107,-0.46229094,-2.8114738
0,/data_nas/huangyj/data/placePulse/rawData/googleviews-110802files/513d9eedfdc9f0358700858a.jpg,-1.2890855,-2.9230678,2.7426932,0.28920874,-0.18860057,-0.92713606,-0.79560864,-0.9409139,-5.0655727,-0.110025845,1.7506744,0.73305166,-3.1161609,0.112065285,2.6023588,0.32966793,-1.2956381,1.4147135,-0.23053184,-1.6926949,-1.4546654,0.87050825,-0.5923344,-0.50258696,-1.6844337,0.6725766,0.6361155,0.16828428,-1.9108908,1.2395027,0.12606362,-2.6570485,-1.9732392,0.10900091,-1.6526024,-4.975012,-0.003273854,-0.64896476,-0.8079475,-1.7233887,3.020241,-1.9744825,-2.1873007,1.4021943,1.255911,-1.8631508,0.40791497,4.5566444,-1.8047392,-2.596549
0,/data_nas/huangyj/data/placePulse/rawData/googleviews-110802files/513d5b92fdc9f03587003580.jpg,0.5425382,0.26331398,-1.1169792,0.3129744,2.0111847,-1.310938,-1.6645315,-0.51028913,-4.117317,-1.7645586,-0.73620164,1.7258362,0.3521103,-0.37687972,0.27966383,2.3694441,1.3875155,3.368794,-1.8516057,0.5614571,-0.35385975,1.7087432,0.11289097,-4.4145036,1.7369395,-0.49575338,1.0739154,-1.0427957,-0.18841483,1.2694429,-2.7621765,1.7153503,-5.2201996,-2.501499,-1.8400735,-3.8845794,0.067987815,1.1008812,-1.1423656,0.1524629,-0.72328085,1.1389823,-1.066964,-2.356794,0.7491564,-1.607405,1.8787326,4.52089,-3.3399534,0.881116
0,/data_nas/huangyj/data/placePulse/rawData/googleviews-110802files/513d79a8fdc9f0358700658b.jpg,0.5391946,-0.2607506,-0.5232405,0.9144429,-0.13306463,-0.6360201,-0.8098875,-0.3097636,-5.0328937,-0.9367449,-0.8720272,1.2101287,-0.30888596,0.38668162,0.69663364,1.7521154,1.029188,2.8580148,-0.8251413,0.04589917,-0.18355623,1.0704842,-1.0192968,-1.5151539,1.3641739,0.6123987,0.21624984,-0.4115891,-0.25801829,1.0811156,-2.1823335,-1.8435502,-2.8377898,-2.0182838,-1.767852,-4.9248433,0.7963514,0.82036555,-0.053999186,-0.40743884,2.3218265,0.88208,-1.2618283,0.48280463,0.29468957,-1.7980742,1.7353487,5.0564404,-2.633571,0.52475476
1,/data_nas/huangyj/data/placePulse/rawData/googleviews-110802files/50f60879beb2fed6f800055d.jpg,1.6202538,-1.5012994,-0.2956014,0.8021818,-1.1941327,0.4713077,-0.40659374,1.4363573,-3.5443478,-0.15905723,-0.96311194,0.65583426,0.10641201,-0.8238733,1.9221199,-0.5907919,1.6642982,-0.8776083,0.3957904,0.8848452,0.26779777,-0.084698305,-1.1483742,0.27782148,-0.44654924,-0.7045012,0.52691114,-0.1760184,0.65281886,0.9165179,0.12156183,-0.64882046,-1.4574682,-1.0214093,-1.0181817,-2.8474395,-0.08196042,-0.66443545,1.4807441,-1.1405725,0.46476427,0.4282483,-2.6780849,-0.18607342,1.2116472,-1.2211477,-0.13108297,3.5862455,0.8457651,-0.61927545
1,/data_nas/huangyj/data/placePulse/rawData/googleviews-110802files/50f42efffdc9f065f000255c.jpg,2.266153,-0.4979125,-1.4380772,0.43543607,-1.1444352,-0.22896253,-1.3610677,1.8157763,-5.593583,-0.9132747,-2.3103151,1.1602774,0.953078,-1.645525,1.7747022,0.107840344,3.0976312,0.00511864,-0.6565023,1.7888894,0.32383227,0.9343284,-0.30499163,-1.1182859,0.6285148,-2.0210745,1.2568011,-0.35805106,1.2561917,1.4929205,-0.16666035,-0.23420912,-3.2954793,-2.178882,-1.1200479,-4.8693714,-0.8238692,-1.0136985,1.6146894,-1.8509201,0.5275502,1.3294446,-3.5215118,-0.4030866,1.7807384,-2.438561,0.61117065,5.681499,-0.29327935,0.667967
0,/data_nas/huangyj/data/placePulse/rawData/googleviews-110802files/50e5f7dad7c3df413b0005ac.jpg,-0.9586037,-1.7521883,1.8104222,0.22760451,-0.7809558,-1.0022854,-0.92927057,-0.93757343,-3.4256732,-0.48927304,1.024484,1.0500169,-2.4345047,0.60355246,1.6686231,0.8759624,-1.0332158,2.13286,-0.6858379,-1.2979518,-1.1282089,0.85285443,-0.3583269,0.32274148,-0.62191963,1.1771615,0.59486455,-0.092888564,-1.5090317,0.83495396,-0.5425525,-3.410515,-0.66561997,-0.5360291,-1.3866013,-3.5098367,0.44483685,0.1984664,-0.30256867,-0.9049254,3.5439498,-1.0068034,-0.7439009,1.9003937,0.47684923,-0.984228,0.8997261,2.9514267,-2.3651645,-1.3129346
1,/data_nas/huangyj/data/placePulse/rawData/googleviews-110802files/514139f2fdc9f049260055af.jpg,1.2681255,0.15618066,-1.0660523,0.94392663,-1.5506662,-0.08651937,-0.49082804,0.5133969,-3.637551,-0.6357943,-1.5674958,0.9767533,0.29201683,0.45648575,0.47210637,0.9882547,1.5162637,1.6919414,-0.3942798,0.68323064,0.28256202,0.38597953,-1.0724983,0.3314555,1.4305358,0.6684801,0.06854538,-0.29352677,0.4549557,0.5934148,-1.511073,-2.7041066,-0.961655,-1.8726758,-1.1158999,-3.4737706,0.9339463,0.6703476,1.1101141,-0.36334604,2.7062764,1.4282209,-0.8344881,1.2688006,-0.06967276,-1.0619231,1.2356645,3.5598311,-1.4527162,1.0731896
1,/data_nas/huangyj/data/placePulse/rawData/googleviews-110802files/50f5e8ccfdc9f065f0007503.jpg,-0.72653776,-0.84817946,2.194589,-0.73500437,1.1808676,-1.2980808,-1.4240129,0.24698132,-3.0098164,0.57544595,0.53802735,0.04198982,-2.4524202,0.6729903,1.5942625,-1.3345966,-0.4400116,0.042283714,-1.0603764,0.120272964,-1.2129713,0.47250777,1.6312171,-2.365387,-1.0291811,0.34744537,1.3754383,1.4507699,-1.1222347,-0.33151928,3.1632233,-3.2662423,-2.7396019,1.576756,0.9158158,-3.6123004,-0.2512765,-2.719506,-2.3055432,-3.6989014,3.5288305,-1.0846703,0.034935504,2.2755735,0.6855724,-2.452754,-1.0705464,2.3238342,-1.7689261,-0.7623984
1,/data_nas/huangyj/data/placePulse/rawData/googleviews-110802files/513d2da8fdc9f03587002507.jpg,-0.6280735,-2.504731,1.992979,-0.042587668,-0.79064476,-1.1607842,-1.4011649,-0.34703004,-5.62616,-0.5756579,0.879269,1.0965753,-2.4918818,-0.6935527,2.7126439,0.37620965,-0.3300298,1.2588961,-0.7383667,-0.9732118,-1.3194019,1.2939947,0.006141914,-0.4220761,-1.3693802,-0.3914414,1.2691082,-0.07326256,-1.2809248,1.5743797,0.28971443,-2.44746,-2.215625,-0.6048953,-1.6162368,-5.3748684,-0.6733289,-0.96142167,-0.090300135,-2.1025453,2.8751173,-1.4347904,-2.8372755,1.3051668,1.7551951,-2.164387,0.5993926,5.1097293,-1.7723521,-1.9534514
0,/data_nas/huangyj/data/placePulse/rawData/googleviews-110802files/5140917ffdc9f0492600050c.jpg,1.375963,0.29192597,-1.5412325,0.53912324,-0.36969808,-0.41819423,-1.0700843,0.49125576,-2.4615972,-1.3238355,-1.3980058,1.4666227,0.82973164,-0.38998905,0.3604903,1.4293376,1.7383274,1.8080283,-1.0068625,0.9468565,0.26578933,0.8414963,-0.46047172,-0.97327167,1.4909043,-0.32054454,0.7503587,-0.9997808,0.6285216,0.9449574,-2.0963326,0.0033696238,-1.9065235,-2.466053,-1.3824672,-2.0396543,0.25877404,1.0897558,0.8678842,0.4246815,0.19682883,1.5637053,-0.9353454,-0.90792,0.42773715,-0.5091352,1.4110903,2.694493,-1.5041798,1.1302482
0,/data_nas/huangyj/data/placePulse/rawData/googleviews-110802files/513d7efbfdc9f03587007505.jpg,-1.7972436,-1.7517042,2.410741,-0.7744125,0.9205263,-2.045652,-1.953436,-1.492582,-3.1001008,-1.0222178,1.8456476,1.3967413,-3.0394225,0.054543987,1.7548915,1.1416641,-1.5818688,2.6765578,-1.8101151,-1.4793882,-1.842289,1.6416366,1.230308,-1.8632084,-0.9916717,0.39457774,1.6352532,-0.3081624,-2.1268969,0.9984239,-0.11010373,-1.7094564,-2.3574977,-0.34929895,-1.2299122,-3.2864254,-0.45439273,-0.20311743,-1.7284307,-1.2734474,2.3395028,-1.657686,-0.5302544,0.6776897,1.0436051,-1.1778127,0.8465535,2.5948026,-3.4627168,-1.6373427
0,/data_nas/huangyj/data/placePulse/rawData/googleviews-110802files/5141449bfdc9f0492600650b.jpg,0.6727497,-2.5298643,0.31712818,0.58747286,1.6319069,-0.42905685,-1.142714,0.26994357,-6.0921903,-1.0225543,0.26339722,1.2141699,-0.42385918,-1.8523021,2.5519648,0.7085808,1.2894207,0.638456,-0.3523693,0.12158857,-0.5349072,1.1822724,-0.87320757,-3.7617362,-0.8336188,-1.8266301,1.1169492,-0.8418282,-0.31462932,2.0845118,-1.2592267,3.2269685,-5.77044,-1.5527565,-2.4020238,-5.1184545,-0.943542,-0.4159498,-0.34176803,-0.9702643,-2.3416069,-0.5406385,-4.3684344,-3.3390584,2.416247,-2.3856704,0.5686188,6.495392,-0.62894547,-1.8515028
1,/data_nas/huangyj/data/placePulse/rawData/googleviews-110802files/513d2da4fdc9f03587002504.jpg,0.13268828,-1.7013992,0.5014844,-0.4958292,1.0848129,-1.53723,-2.280373,0.0114044435,-4.1293025,-1.6750175,0.25521728,1.8409746,-0.9026312,-1.8201236,2.186072,0.9952098,0.8426633,1.4226489,-1.7300808,0.16272394,-1.0625137,1.7782884,0.91202486,-3.0499003,-0.5983444,-1.9104241,2.1832807,-1.0356475,-0.59258556,1.829709,-0.644651,1.9956514,-4.408097,-1.7219037,-1.7595998,-3.4917445,-1.4478014,-0.36687678,-0.3503166,-1.0789484,-1.2154319,-0.48474213,-2.7980766,-2.261135,2.2682505,-1.6030402,0.8177217,4.208379,-2.0044181,-1.0732011
0,/data_nas/huangyj/data/placePulse/rawData/googleviews-110802files/50f5ebcffdc9f065f00085b6.jpg,0.736842,-1.1084386,-0.50791085,0.33315518,0.9793017,-1.150691,-1.7685804,0.005385937,-6.3783402,-1.644114,-0.64702404,1.7004511,-0.09634077,-1.513792,1.7133749,1.7381855,1.697255,2.2940097,-1.3889832,0.385232,-0.540211,1.9138776,-0.1880904,-3.5746162,0.5641666,-1.6280363,1.3890029,-0.9822704,-0.13689984,2.0844564,-1.9768684,1.5704063,-5.4273124,-2.4943054,-2.3206527,-5.7365313,-0.8092226,0.11175142,-0.21624364,-0.8832473,-0.5682199,0.37433946,-3.395645,-2.0773108,1.9511769,-2.5213003,1.5779864,6.6250453,-2.334825,-0.28411648
0,/data_nas/huangyj/data/placePulse/rawData/googleviews-110802files/51413424fdc9f04926004546.jpg,-0.91290456,-0.4575474,0.8422665,-0.10396581,0.4519686,-1.4551415,-1.3593745,-1.2638996,-1.5565116,-1.1341978,0.7879201,1.4612681,-1.6589441,0.7808131,0.53034556,1.755415,-0.86794704,3.1827757,-1.5627989,-0.8988717,-1.0284706,1.1996394,0.3717882,-1.1125333,0.5202404,1.1818746,0.89321303,-0.6203852,-1.3094248,0.59089935,-1.5985801,-1.8161561,-1.223425,-1.1607045,-1.2527379,-1.7747304,0.5416757,1.1497285,-0.98076236,0.212684,2.147925,-0.18853846,0.71327096,0.5283578,-0.009837173,-0.1843441,1.4258513,1.3538941,-3.3186963,-0.13780442
0,/data_nas/huangyj/data/placePulse/rawData/googleviews-110802files/51408995fdc9f0358700e543.jpg,-0.2051177,-1.4371402,0.85648125,0.30253696,0.30194342,-1.1152575,-1.3048906,-0.47799274,-5.0104384,-0.9072669,0.29814413,1.2759424,-1.4990335,-0.24086432,1.7139069,1.1711266,0.22590499,2.2047217,-1.0073197,-0.49895218,-0.9087959,1.3281823,-0.25769287,-1.8736415,-0.07349567,-0.025324166,0.98075575,-0.36315683,-0.9156409,1.3806895,-1.0363218,-1.2613387,-3.236051,-1.2786809,-1.7438304,-4.850909,-0.077909276,-0.0113536455,-0.5589946,-1.1206253,1.8454117,-0.3875533,-1.9361706,0.12751365,1.1584028,-1.8950542,1.1350756,4.8660364,-2.42356,-0.8311683
0,/data_nas/huangyj/data/placePulse/rawData/googleviews-110802files/513e1bb6fdc9f03587009543.jpg,0.27740684,-0.8615255,0.56225246,-0.2251572,-0.19224343,-0.9478276,-1.486607,0.36819836,-2.2513554,-0.6901191,-0.1176786,1.1314834,-1.0636282,-0.31744033,1.448368,0.11382774,0.4506884,0.7770301,-1.0786263,0.28415552,-0.6304201,0.7748878,0.6072487,-0.7568679,-0.24781059,-0.29247794,1.400584,-0.20229147,-0.34019008,0.66395855,0.3527001,-1.4032006,-1.5473013,-0.7620181,-0.6072813,-2.1240046,-0.33394274,-0.5318499,-0.037750646,-1.2553595,1.4984752,-0.047671445,-0.83428633,0.45062485,0.93096894,-0.91328806,0.27318287,2.0233543,-1.4090023,-0.28751183
1,/data_nas/huangyj/data/placePulse/rawData/googleviews-110802files/51413423fdc9f04926004543.jpg,2.41108,0.888729,-2.2203443,0.9670826,0.110159956,0.4222131,-0.39414775,1.5994692,-3.0422447,-0.36544338,-2.5270824,0.57257676,1.7860334,0.028770767,0.096388124,0.15720113,2.8701143,0.27624726,-0.21924439,2.1335702,0.98429877,-0.068032846,-0.85289514,-1.8728671,1.8340958,-0.2764405,0.16250654,-0.036427133,1.4737374,0.16474676,-0.80081534,-0.117424935,-2.9237585,-1.6300453,-0.36123458,-2.7431695,0.7207223,-0.11423778,0.59646624,-0.71346754,0.17742696,2.2848568,-0.9527063,-0.6758631,0.092487894,-1.4684923,0.39041442,3.3928664,-0.2995624,1.7944425
0,/data_nas/huangyj/data/placePulse/rawData/googleviews-110802files/514139c3fdc9f04926005547.jpg,-0.66346663,-2.8827815,1.9797025,-0.69922817,0.73072976,-1.7246388,-2.2730525,-0.27085623,-5.678082,-1.2394702,1.1802659,1.556658,-2.3090172,-1.9570888,3.2047381,0.46922705,-0.009786328,1.0670123,-1.4546643,-0.67106503,-1.6510377,1.9001522,0.9748567,-2.6257033,-1.8413222,-1.9148933,2.2828174,-0.6125056,-1.3261664,2.1042674,0.41338325,0.7405644,-4.4051795,-0.9286922,-1.835401,-5.107972,-1.8088402,-1.3052157,-0.64125067,-2.2080564,0.13230386,-1.7419327,-3.7580402,-1.1045618,2.7984705,-2.3446767,0.44085887,5.4000497,-1.8952494,-2.3855684
1,/data_nas/huangyj/data/placePulse/rawData/googleviews-110802files/51413425fdc9f0492600454e.jpg,1.5684694,1.0500712,-1.904616,0.28428006,1.6272632,-0.23423144,-0.94383115,0.7791973,-0.072221,-0.99919444,-1.3993118,1.0528371,1.5337635,-0.023445293,-0.41732502,0.76579005,1.8661792,0.94754434,-1.0425717,1.7070072,0.52952963,0.25533137,0.15975526,-2.9059813,1.7074952,-0.27642593,0.7550682,-0.7046057,0.9098402,0.023115562,-1.372024,2.108597,-2.881809,-1.577221,-0.3747829,0.19694948,0.42148697,0.7644586,-0.39840072,0.562798,-1.9132371,1.901284,0.49324155,-2.4623406,-0.024529528,-0.064495124,0.49461186,0.59794253,-0.97748345,1.5738276
0,/data_nas/huangyj/data/placePulse/rawData/googleviews-110802files/5140d5c0fdc9f0492600354c.jpg,1.8541446,-1.117205,-1.2204796,1.1355113,0.0140912905,0.22543256,-0.59889835,1.0291728,-5.2969294,-0.84929836,-1.3375554,1.0660396,0.8735741,-1.2045898,1.5437982,0.71181154,2.3595676,0.5362011,-0.02534501,1.0254592,0.37223393,0.61844194,-1.5013535,-1.9609783,0.5435597,-1.2046678,0.46206066,-0.73072,0.7697826,1.5769006,-1.7138319,1.4169109,-3.9535475,-2.1651483,-1.9593993,-4.4297695,-0.10279133,0.15096912,0.9823593,-0.4649302,-1.0084059,1.0103134,-3.4612153,-2.001047,1.4541433,-1.882466,0.84903854,5.7240577,-0.16814563,-0.12907502
0,/data_nas/huangyj/data/placePulse/rawData/googleviews-110802files/513d5eb8fdc9f03587003ad6.jpg,-0.56475204,-2.1768427,1.7131265,-0.5939351,-0.37639242,-1.3109326,-1.8055785,-0.22397959,-2.5138006,-0.98532534,1.103902,1.4636177,-2.1183043,-0.9469849,2.35705,0.27821252,-0.51536274,0.8593023,-1.1983781,-0.6795882,-1.2961825,1.1676971,0.812119,-0.28417677,-1.4474127,-0.6570625,1.8284805,-0.5939232,-1.1040405,1.268499,0.3307327,-0.89824545,-1.2975324,-0.70580184,-1.250671,-2.167243,-0.95825464,-0.45973703,0.054417334,-1.139875,1.1099665,-1.2556821,-1.7025579,0.07641394,1.6464057,-0.6833013,0.33690867,2.164958,-1.4458456,-1.7205864
0,/data_nas/huangyj/data/placePulse/rawData/googleviews-110802files/513d5eb4fdc9f03587003ad2.jpg,-1.0896791,-2.5756977,2.4831514,0.17270942,-0.16430973,-0.8730297,-0.8647781,-0.73867315,-3.910512,-0.15664998,1.5662948,0.77061,-2.8322318,0.21561395,2.3246956,0.15926117,-1.1846365,1.1616708,-0.33836585,-1.3820627,-1.3286813,0.7035519,-0.34251523,-0.37451482,-1.5187426,0.70947397,0.74679095,0.13253884,-1.6821653,0.9389782,0.29481074,-2.5033855,-1.5265867,0.15655212,-1.3277986,-3.8545513,0.04340373,-0.5903443,-0.7380626,-1.5324966,2.7310038,-1.6853753,-1.5500807,1.262318,1.0454133,-1.3898335,0.20794404,3.429692,-1.6036274,-2.2527456
1,/data_nas/huangyj/data/placePulse/rawData/googleviews-110802files/513e1dd1fdc9f03587009ad1.jpg,-0.78884363,-1.3772285,1.6652884,-0.1811706,-0.983832,-1.3621265,-1.4204535,-0.5825069,-3.7822976,-0.5979114,0.5794607,1.1215369,-2.3446753,0.23203264,1.70806,0.6463436,-0.6028195,1.9450729,-1.1416435,-0.85782933,-1.218052,1.0993869,0.42794088,0.1294636,-0.54836404,0.5505615,1.1003795,0.03777169,-1.3091216,0.86536247,0.18693192,-3.6911635,-0.9827637,-0.5331661,-0.9951924,-3.9048471,-0.0636693,-0.4153707,-0.26776782,-1.6422848,3.9017777,-0.8730048,-0.88655347,2.2900805,0.7782159,-1.4037801,0.7883897,3.1710927,-2.563162,-0.9013859
0,/data_nas/huangyj/data/placePulse/rawData/googleviews-110802files/513e5c61fdc9f0358700aadf.jpg,-0.42863515,-0.6078566,0.70597047,-0.5644897,-0.7555845,-1.3241407,-1.6455568,-0.43458077,-0.3512442,-1.2164433,0.42036766,1.5647587,-1.3968177,-0.02460308,0.9324051,0.97932506,-0.46265915,1.8713982,-1.5513583,-0.3965674,-0.90715045,0.9635995,0.9161579,0.48149478,-0.042369157,0.33502036,1.4453936,-0.7919379,-0.8012527,0.6334664,-0.566006,-1.7757585,0.24960503,-1.1830405,-0.8354752,-0.29267678,-0.16432706,0.6837991,0.24176535,-0.0056232754,1.7636523,-0.17599827,0.35599744,0.74337184,0.42247495,0.43012068,0.9414218,0.028678529,-2.2174852,-0.16649097
1,/data_nas/huangyj/data/placePulse/rawData/googleviews-110802files/50f43515fdc9f065f0002ad5.jpg,1.2253492,-0.8709351,0.060045347,0.87893516,-1.8061514,0.2958607,-0.24052529,1.1571438,-4.0144715,0.28582117,-1.1631851,0.3244977,-0.42825222,0.21538952,1.4727985,-0.6119806,1.2827685,-0.24321614,0.35146594,0.6562817,0.15864867,-0.17060949,-1.0780467,0.98861456,-0.00415352,0.32030627,0.15949899,0.49737155,0.3380676,0.38691455,0.60009235,-3.447071,-0.6819104,-0.48669264,-0.47484216,-3.8006341,0.53111446,-0.92479414,1.1005423,-1.8260049,3.1712377,0.48600173,-1.6285565,2.0810368,0.4830598,-1.6646811,-0.052919123,3.6853478,-0.005990058,-0.05890032
0,/data_nas/huangyj/data/placePulse/rawData/googleviews-110802files/513d5eb2fdc9f03587003ad0.jpg,-1.9563073,-2.3550062,3.2828777,-0.3804892,0.3358633,-1.4133769,-1.1356949,-1.2155919,-3.1108537,0.014961706,2.2001495,0.5927269,-3.6621935,0.5895694,2.1358466,0.046133675,-2.0779097,1.4786845,-0.76969236,-1.8009976,-1.7648321,0.8745281,0.5387166,-0.6188789,-1.7772844,1.049367,0.99956614,0.47471046,-2.272115,0.5729148,1.0943677,-3.2811513,-1.2209045,0.8925421,-0.7600586,-3.4041345,-0.06504927,-0.97456145,-1.7040479,-1.9586616,3.5671442,-2.2546988,-0.5680828,2.083855,0.82806176,-1.3512145,0.008770868,2.3692336,-2.3239033,-2.3590014
0,/data_nas/huangyj/data/placePulse/rawData/googleviews-110802files/51408c15fdc9f0358700ea6d.jpg,-1.5985823,-1.7383344,2.9109674,-0.36461863,0.382872,-1.396487,-1.158263,-0.8660018,-3.4265409,0.2353303,1.5593971,0.4033684,-3.3491876,0.88596416,1.8554313,-0.21470027,-1.5880197,1.3729405,-0.86725396,-1.2744877,-1.5693638,0.7936038,0.72673935,-0.9848845,-1.3153751,1.1267308,0.94845986,0.89327955,-1.9465996,0.25782073,1.5836548,-4.0285015,-1.5521939,1.0286413,-0.27196577,-3.9399207,0.109286755,-1.4347817,-1.8814275,-2.5461311,4.296586,-1.7682527,-0.2343987,2.688125,0.5898473,-1.8450603,-0.13995789,2.668834,-2.457769,-1.6734734
1,/data_nas/huangyj/data/placePulse/rawData/googleviews-110802files/51414778fdc9f04926006a6d.jpg,1.1739633,-0.1715807,-0.1280822,1.1158457,-0.1470514,1.0578234,0.6826571,1.1266148,-0.75862944,1.023363,-0.78533214,-0.41790897,0.023374688,1.4483906,0.3579259,-1.2304718,0.6939101,-0.9723839,0.97860724,0.8406177,0.6789659,-1.2833933,-1.3927336,0.20699953,0.28923577,1.6263158,-0.6457922,0.85876215,0.45566365,-0.90670997,0.8163233,-2.4848926,-0.15806183,0.58693546,0.45941243,-0.82509804,1.5918124,-0.5831577,-0.06260937,-0.9355578,1.9065197,0.79305696,0.5898538,1.2920328,-0.7691207,-0.48679033,-0.88975567,0.6633569,0.82514906,0.23991251
0,/data_nas/huangyj/data/placePulse/rawData/googleviews-110802files/51414f35fdc9f04926007a33.jpg,0.045066647,0.17385685,-0.69404024,-0.01519572,0.7265518,-1.5020201,-1.7588456,-0.84439516,-2.8296232,-1.9153854,-0.3335366,1.9550884,-0.25791958,-0.22009577,0.26456967,2.5401435,0.58813554,3.6457858,-1.9926096,-0.049132805,-0.598167,1.7381265,0.35381448,-2.3459313,1.4929355,-0.033793975,1.1777498,-1.3090165,-0.5047613,1.2489411,-2.8390424,0.2056903,-2.8905666,-2.5983922,-1.8456321,-2.6539698,0.07179458,1.6300193,-0.438232,0.6678042,0.48252162,0.8273197,-0.39238843,-1.1135272,0.4858794,-0.6128898,2.1462867,2.9594502,-3.4776404,0.76587766
1,/data_nas/huangyj/data/placePulse/rawData/googleviews-110802files/5140b78efdc9f04926001a32.jpg,0.45148292,0.19492581,-0.5382548,-1.1680634,1.8712364,-2.271301,-3.085871,0.24194783,-3.383324,-2.0770555,-0.77726716,2.0225282,-0.13246189,-1.7184832,1.1038868,1.3314097,1.6164391,2.1475117,-2.937974,1.175374,-0.9392406,2.339701,2.3993037,-4.53223,0.71557426,-2.339234,2.8143067,-0.9032713,-0.051938232,1.4276804,-0.3312506,1.995696,-5.249011,-2.0494592,-0.87237793,-3.138744,-1.70719,-0.6571993,-1.1080195,-1.4690962,-0.98523724,0.570181,-1.4819857,-2.133787,1.9298745,-1.888477,1.0694472,3.454419,-3.1660097,0.7534839
0,/data_nas/huangyj/data/placePulse/rawData/googleviews-110802files/51408bfefdc9f0358700ea3e.jpg,-1.3132782,-2.271081,2.498086,-0.49346414,1.0272456,-1.8117162,-1.8645618,-0.8403544,-5.015533,-0.66896343,1.5001208,1.1025759,-2.9319482,-0.48290604,2.4554856,0.48020223,-0.85647106,1.7618897,-1.388008,-1.0890701,-1.7651465,1.6242487,0.9186273,-2.5363638,-1.4046832,-0.38048503,1.6862403,0.08462374,-1.8247447,1.3074268,0.64305145,-1.3844486,-3.7166169,-0.048926838,-1.268503,-5.040849,-0.8415951,-1.2210089,-1.7001543,-2.332329,2.1349914,-1.7869756,-1.9895029,0.5026166,1.7448064,-2.3321776,0.38593772,4.5299435,-2.7373638,-2.0086963
1,/data_nas/huangyj/data/placePulse/rawData/googleviews-110802files/513f2d70fdc9f0358700da39.jpg,0.4875359,-0.88325477,0.82999426,-0.56399894,-0.47887954,-0.7336631,-1.4281014,0.9767507,-1.7664772,-0.12855558,-0.31692582,0.6991033,-1.0681937,-0.3517834,1.6774071,-1.0292583,0.58459866,-0.57989526,-0.821219,0.7051473,-0.58258337,0.3027822,1.075765,-0.30212587,-0.78788936,-0.49301544,1.5193447,0.35965857,-0.12630558,0.17613733,1.9622453,-2.007997,-1.0777949,0.100682616,0.27738583,-1.7460546,-0.5593126,-1.5878444,0.055543747,-2.1941428,1.8724704,-0.21660241,-0.7012045,1.1625272,0.9810112,-1.1064279,-0.67157,1.3773992,-0.45085454,-0.371484
0,/data_nas/huangyj/data/placePulse/rawData/googleviews-110802files/51413587fdc9f04926004a3b.jpg,-1.8093646,-2.5592537,3.09416,-0.1875123,0.5444287,-1.4981017,-1.2343618,-1.2965775,-4.5806518,-0.20743202,2.0840974,0.7745464,-3.5362458,0.32091042,2.3528945,0.4540688,-1.7348094,1.9298717,-0.8380281,-1.8012419,-1.7998972,1.1979083,0.27350795,-1.3658937,-1.6339635,0.7403067,1.0121281,0.30367613,-2.2644773,1.0064735,0.4847632,-2.7322907,-2.3886125,0.40909457,-1.287743,-4.7668157,-0.14588852,-0.85867035,-1.7048252,-1.9887052,3.2646894,-2.16912,-1.41796,1.5149299,1.1463002,-1.9183493,0.35985813,3.9598505,-2.6486304,-2.4370246
0,/data_nas/huangyj/data/placePulse/rawData/googleviews-110802files/50f42c4cfdc9f065f0001a3b.jpg,-1.763363,-2.1967924,2.6725633,-0.37793347,1.6574907,-1.7753614,-1.628363,-1.3942872,-4.1407433,-0.6586869,2.038873,1.0686306,-3.1160448,-0.041909628,2.077421,0.8714762,-1.4889545,2.290965,-1.3503505,-1.5380678,-1.7820926,1.5495771,0.68948096,-2.783442,-1.2920084,0.23702793,1.3912336,-0.039168306,-2.1665187,1.1283175,0.038969044,-1.0487281,-3.5284553,0.027697297,-1.3917271,-4.2535768,-0.45101202,-0.6348392,-2.2241414,-1.6370822,1.813377,-1.9263294,-1.266906,0.15521443,1.339299,-1.8347313,0.55555576,3.7406967,-3.018613,-2.1418986
1,/data_nas/huangyj/data/placePulse/rawData/googleviews-110802files/513d9b84fdc9f03587007a34.jpg,-0.6894886,-1.1986647,1.188149,-0.45889568,0.06853781,-1.9642739,-2.1375597,-0.72858715,-5.4879265,-1.2873417,0.29178584,1.5851932,-1.987433,-0.55797505,1.8162622,1.3815761,0.058817647,2.7700093,-1.910767,-0.57465583,-1.3898805,1.9923007,0.94628334,-1.9826486,-0.13173875,-0.5068074,1.6784011,-0.33693734,-1.2469993,1.5322856,-0.4263349,-2.029088,-3.3520963,-1.3355788,-1.49561,-5.4906945,-0.7274388,-0.48123217,-0.7823095,-1.8776243,2.8026218,-0.6764697,-1.8455756,0.9677085,1.465331,-2.3194797,1.3570234,5.067226,-3.4737475,-0.6430615
0,/data_nas/huangyj/data/placePulse/rawData/googleviews-110802files/513e5c39fdc9f0358700aa76.jpg,0.3523029,-1.6599932,0.88454044,0.7247041,-1.411028,-0.054056026,-0.37573966,0.3359094,-3.7905233,-0.010043914,-0.054159682,0.6294568,-1.327193,0.1783021,1.8077372,-0.08959915,0.24404073,0.44497398,0.16678098,-0.29275456,-0.3469053,0.13743588,-1.0674423,0.86776435,-0.5618259,0.59083974,0.27861792,0.110078625,-0.4392623,0.7437081,0.014536296,-3.0064569,-0.6162063,-0.5335318,-1.0949379,-3.5340922,0.4353733,-0.370106,0.70685565,-1.2721672,2.8633792,-0.32454938,-1.6752663,1.6593773,0.6689875,-1.2312398,0.2932934,3.4604907,-0.55492204,-0.9857426
0,/data_nas/huangyj/data/placePulse/rawData/googleviews-110802files/50f5e5d1fdc9f065f0006a71.jpg,-1.6192371,-1.5760306,2.6385405,-1.1341212,0.9711182,-2.0498672,-2.1074078,-0.85059613,-2.266226,-0.62378925,1.6711448,1.056065,-3.08627,-0.09903317,1.9078189,0.12121679,-1.408799,1.5053681,-1.806497,-0.98312515,-1.814618,1.3942804,1.9102396,-1.7823707,-1.4065679,-0.030002017,2.0032003,0.17225896,-1.8662738,0.5872627,1.486511,-1.9722129,-2.0739603,0.44671088,-0.33869967,-2.535331,-0.84894145,-1.266753,-1.8789827,-2.181561,2.4336646,-1.7686687,-0.268685,1.1583544,1.2124511,-1.2725134,0.008459564,1.593627,-2.7879374,-1.5416
1,/data_nas/huangyj/data/placePulse/rawData/googleviews-110802files/5140b7a8fdc9f04926001a79.jpg,2.158747,1.7798042,-2.7015603,0.6790973,-0.94659084,-0.03432367,-0.7183718,1.085353,-1.3716929,-1.017016,-2.7067058,1.1039819,1.9532256,0.38802937,-0.74159443,1.135576,2.5564578,1.5537143,-0.9281068,1.9448133,0.9205397,0.23185164,-0.37919956,-0.4138015,2.6399145,0.23255995,0.2701338,-0.56046724,1.4167582,0.04548563,-1.7706468,-1.1033531,-1.0291649,-2.3672147,-0.40360466,-1.2123158,0.94291186,1.0836815,1.199672,0.36752084,1.0145776,2.7724605,0.43527323,0.07378873,-0.5663132,-0.3164456,1.2266042,1.5952389,-1.3617265,2.6984005
0,/data_nas/huangyj/data/placePulse/rawData/googleviews-110802files/5140cb0efdc9f04926002a2d.jpg,-1.0900371,-1.6905402,2.1129072,-0.2879408,0.038578577,-1.5812173,-1.5752105,-0.75238407,-4.473428,-0.52244306,1.0241095,1.0216633,-2.7199223,0.0633108,1.9987239,0.58042437,-0.78582174,1.9669763,-1.2337328,-1.0120832,-1.460617,1.3888385,0.60746163,-1.179826,-0.8600147,0.2639196,1.3032771,0.1964323,-1.5677335,1.0225668,0.44107658,-2.9807947,-2.246509,-0.23081546,-1.0527872,-4.658478,-0.33551455,-0.88452244,-1.1126609,-2.0718427,3.457006,-1.2842735,-1.2919223,1.7307763,1.1293731,-1.9722935,0.6238078,3.8928063,-2.7353222,-1.3421186
1,/data_nas/huangyj/data/placePulse/rawData/googleviews-110802files/50f43499fdc9f065f0002a2d.jpg,2.0376465,-0.80924326,-1.7170589,0.7813132,-0.22757941,-0.07941036,-1.1074048,1.1243684,-5.1869106,-1.4042526,-1.7060548,1.4739585,1.2641687,-1.8042303,1.4930767,1.1057563,2.7564056,0.8159696,-0.56063503,1.281465,0.38143215,1.0343767,-0.99335384,-1.9048045,0.7962904,-1.896747,0.9446913,-1.1635337,1.0102148,1.869075,-1.9989021,1.9865696,-3.9388006,-2.8440855,-2.0980825,-4.1553597,-0.60487056,0.3365259,1.4244915,-0.2898758,-1.4909484,1.2779995,-3.664151,-2.3712902,1.7500811,-1.7382469,1.2024962,5.6278925,-0.42253858,0.2594663
1,/data_nas/huangyj/data/placePulse/rawData/googleviews-110802files/513cc74cfdc9f03587001a26.jpg,-1.3336394,-3.4622881,2.8499467,-0.31871188,1.012329,-1.5163726,-1.7005979,-0.8400786,-6.1211047,-0.7227729,1.9717754,1.1578361,-3.0956275,-1.2762581,3.307721,0.42397085,-0.9118807,1.2538953,-0.9123232,-1.4665123,-1.8397644,1.6125621,0.30386877,-2.5201375,-2.2545469,-0.9937221,1.6615503,-0.2482357,-1.9787701,1.9442279,0.369887,-0.03630901,-4.2798305,-0.2321618,-1.9923068,-5.6903706,-1.256188,-1.2465225,-1.2467388,-2.228367,0.8941768,-2.4180446,-3.6077023,-0.5321159,2.4847963,-2.5085387,0.33236444,5.7422066,-1.9734585,-3.163456
1,/data_nas/huangyj/data/placePulse/rawData/googleviews-110802files/513cb658fdc9f03587000a23.jpg,1.0905252,-1.7649777,0.5478537,0.9255703,0.49650794,0.43449304,-0.18057908,1.1509771,-5.003172,0.51128477,-0.41464263,0.025599368,-0.5447735,-0.31395888,2.102301,-1.0473726,1.2672445,-0.9479288,0.625561,0.6402088,0.028881371,-0.12464453,-1.1961243,-1.8136959,-0.78441095,-0.3691149,0.29866165,0.62680244,0.12723345,0.6121425,0.9662376,-0.6647327,-3.4936497,0.06533447,-0.6881828,-4.629943,0.11647414,-1.6953235,-0.25200588,-2.2976673,0.81287706,-0.15454605,-2.7483313,-0.14630425,1.2272131,-2.4908223,-0.71573436,4.9779816,0.56937855,-1.1645584
0,/data_nas/huangyj/data/placePulse/rawData/googleviews-110802files/5140b78cfdc9f04926001a2e.jpg,-1.7798975,-1.4577299,2.4068882,-0.69442636,0.85373795,-1.8817875,-1.7492055,-1.3815426,-2.180434,-0.76974934,1.8164594,1.1654868,-3.0144408,0.33457494,1.5294108,0.9274995,-1.7131978,2.4789274,-1.6384606,-1.4692996,-1.690981,1.4940583,1.1482148,-1.395409,-0.88068455,0.65631604,1.4890832,-0.10956474,-1.9899676,0.7048686,0.1132804,-2.2228303,-1.5735002,-0.09521631,-0.89818376,-2.5011454,-0.26089403,-0.23500565,-1.770994,-1.1420732,2.684159,-1.5484746,0.07103362,1.1291257,0.7522962,-0.86025554,0.67791593,1.6269318,-3.213939,-1.3972152
1,/data_nas/huangyj/data/placePulse/rawData/googleviews-110802files/51414f31fdc9f04926007a2a.jpg,-1.4298785,-2.3747573,2.742032,-0.34682116,-0.061488885,-1.4507927,-1.4033625,-0.87801903,-4.0712404,-0.33404252,1.6727728,0.9015807,-3.2051144,-0.03624447,2.3937159,0.24902664,-1.3450054,1.4752746,-0.92278117,-1.4455423,-1.6422431,1.1722108,0.49679095,-0.6670888,-1.5974591,0.33005,1.2705703,0.17711852,-1.8875275,1.0464624,0.7494868,-2.8111362,-1.7309368,0.18488374,-1.1209174,-4.142815,-0.43600175,-0.95533675,-1.0588123,-2.010151,3.1808438,-1.909178,-1.5011823,1.6515775,1.289033,-1.6591436,0.29621688,3.4340475,-2.231329,-2.146686
1,/data_nas/huangyj/data/placePulse/rawData/googleviews-110802files/513cb72efdc9f03587000ae2.jpg,1.9360753,-1.5436039,-0.6656895,1.0395312,-1.5990443,0.39701688,-0.52580905,1.553206,-6.160166,-0.35667393,-1.6074125,0.7743297,0.34772858,-1.293154,2.2247918,-0.17976257,2.3934617,-0.42257166,0.34910098,1.0163352,0.32425728,0.37953076,-1.4862523,-0.07753782,-0.12814578,-1.2775489,0.5105138,-0.20011115,0.8376702,1.5236114,-0.28178465,-0.921447,-2.6125116,-1.6550373,-1.5394557,-5.330527,-0.33217263,-0.8892835,1.828489,-1.7059479,1.0221994,0.63323057,-4.026361,0.07259294,1.6756173,-2.3771095,0.39059526,6.183383,0.4953115,-0.43758953
1,/data_nas/huangyj/data/placePulse/rawData/googleviews-110802files/5140d8ebfdc9f04926003ae8.jpg,-1.1180698,-3.2176926,2.9326327,-0.31828684,0.41235563,-1.1670779,-1.3850552,-0.41603038,-5.0602684,-0.18116283,1.807042,0.7509082,-3.108913,-0.77727455,3.1664877,-0.37643573,-0.9622045,0.40935022,-0.5521109,-1.2006179,-1.6327796,1.0547315,0.35104677,-1.4941177,-2.3700452,-0.5241492,1.4518458,0.20975615,-1.7257009,1.3371391,1.3176965,-1.323864,-2.9946942,0.39788964,-1.2629646,-4.837721,-0.9437888,-1.6801968,-1.0390356,-2.5565157,1.8244694,-2.2758803,-2.8732297,0.5189083,2.0419385,-2.202563,-0.2788035,4.5528636,-1.2617397,-2.9390726
1,/data_nas/huangyj/data/placePulse/rawData/googleviews-110802files/50f5ecedfdc9f065f0008ae8.jpg,-0.8732372,-1.8692225,1.4410561,0.26950496,0.2521893,-1.3500428,-1.3197613,-1.1396141,-5.1346574,-1.0283135,0.98420835,1.3962953,-2.1250107,-0.12065914,1.8261379,1.6146859,-0.5198868,2.8606596,-1.0856515,-1.232503,-1.2476711,1.5291773,-0.33535054,-1.5935886,-0.34345376,0.31203553,0.88939357,-0.52309257,-1.5210072,1.5645032,-1.4876475,-1.4717873,-2.9441347,-1.2794162,-2.1297214,-4.986643,-0.028324435,0.3928894,-0.7346583,-0.7867636,2.127016,-0.93533564,-1.9115062,0.2849491,1.141183,-1.7211802,1.4482524,4.9127917,-2.9721618,-1.3788776
1,/data_nas/huangyj/data/placePulse/rawData/googleviews-110802files/51413c33fdc9f04926005ae0.jpg,0.9039071,0.20751625,-0.9628107,0.22160831,-0.35451582,-0.8253436,-1.3502687,0.22312951,-2.9774783,-1.2602199,-1.2465225,1.4493495,0.25165138,-0.07082325,0.5092025,1.3065767,1.4168775,2.1005905,-1.3393927,0.813586,-0.12101595,0.90244144,0.085085236,-1.238591,1.3022957,-0.045708816,0.90372425,-0.65188783,0.16208221,0.71483415,-1.3857895,-0.9086234,-2.2082093,-2.0224183,-1.0510929,-2.791205,0.2660236,0.6039128,0.40770468,-0.37292716,1.2012969,1.2059184,-0.6283565,-0.092403255,0.3613137,-0.98431784,1.2746357,3.0199916,-2.2879722,1.0052451
0,/data_nas/huangyj/data/placePulse/rawData/googleviews-110802files/5140d8ecfdc9f04926003aeb.jpg,0.26002097,1.1108385,-1.3880593,0.27824554,2.223591,-1.3670563,-1.5075275,-0.960386,-2.2893064,-1.8102493,-0.64256495,1.718044,0.47053024,0.44900924,-0.6693901,2.837884,0.89278483,4.1304574,-2.0643435,0.4012359,-0.23871991,1.5843339,0.22445585,-4.131972,2.4344006,0.436432,0.77397066,-1.1119161,-0.2782157,0.7222259,-3.3472915,1.2123126,-4.15809,-2.5183077,-1.5561544,-2.3353682,0.69308865,1.8979442,-1.489638,1.026162,-0.35480222,1.5151746,0.6264752,-2.019739,-0.16817164,-0.72576356,2.1703076,2.6972606,-3.9262576,1.564833
0,/data_nas/huangyj/data/placePulse/rawData/googleviews-110802files/50f5e58ffdc9f065f0006a11.jpg,-1.2785289,-2.851327,2.4679112,-0.3542393,0.99883497,-1.6227742,-1.7727386,-0.9594366,-5.256185,-0.90478677,1.7812248,1.3033005,-2.841154,-0.9387661,2.7761009,0.7377883,-0.8991341,1.7245162,-1.1703265,-1.3382443,-1.7387629,1.6464967,0.48528194,-2.4236534,-1.6937959,-0.6531766,1.6317905,-0.3790998,-1.8700788,1.7106369,-0.03516704,-0.2648315,-3.841246,-0.4650193,-1.8596736,-4.959152,-0.98523664,-0.7790897,-1.283099,-1.7624735,1.0703926,-1.985419,-2.7383776,-0.43019363,2.0587611,-2.074613,0.5724318,4.9205384,-2.3748984,-2.5510147
0,/data_nas/huangyj/data/placePulse/rawData/googleviews-110802files/513d5e33fdc9f03587003a1c.jpg,-0.9397989,-2.1538832,2.5166254,-0.27269027,-0.026939053,-0.81781954,-0.9656671,-0.22460607,-2.3380108,0.18581523,1.4372627,0.47730654,-2.7422626,0.2500138,2.157791,-0.72833276,-1.1740528,0.1383521,-0.37891182,-0.90643376,-1.2277758,0.3309653,0.3962016,-0.19336185,-1.7375189,0.5696162,1.033211,0.46459502,-1.4177556,0.3619712,1.5850476,-2.6449444,-0.8797931,0.83597326,-0.37476963,-2.4049911,-0.15685146,-1.2664022,-0.90236473,-1.970192,2.6406379,-1.6330463,-0.75800854,1.5855308,0.90363866,-1.0519692,-0.55581397,1.7473134,-0.9515173,-1.9637026
0,/data_nas/huangyj/data/placePulse/rawData/googleviews-110802files/50f55e09fdc9f065f0004a19.jpg,-0.7741069,-1.6535708,1.2183617,-0.5913205,1.4863914,-2.1651955,-2.4543767,-0.8463242,-5.938628,-1.6613603,0.7153198,1.7853714,-1.873392,-1.3883204,2.1387963,1.6160532,0.17241439,2.7563019,-2.1332312,-0.5821016,-1.5604979,2.3848276,1.1298903,-3.8664196,-0.4695245,-1.4473292,2.0994422,-0.7451257,-1.3500971,2.0204687,-0.8033602,0.6271284,-5.2887316,-1.5590831,-1.9623394,-5.645782,-1.3490071,-0.51508474,-1.3896325,-1.6865855,0.5359356,-0.99365133,-2.771078,-1.1367307,2.1973906,-2.548856,1.3341752,5.7672577,-3.447899,-1.2053071
1,/data_nas/huangyj/data/placePulse/rawData/googleviews-110802files/50f55e09fdc9f065f0004a1a.jpg,-0.13120705,-2.10516,1.5677013,-0.016885513,-0.71604604,-0.9829401,-1.383238,0.20658764,-5.67684,-0.37203994,0.26602587,0.9107592,-2.0498507,-0.768262,2.6326594,-0.04582273,0.27111247,0.72126436,-0.66845804,-0.4003071,-1.0254716,1.1318172,0.06941517,-0.6633092,-1.1358111,-0.65163267,1.2922221,0.1698969,-0.8329837,1.4126711,0.8156734,-2.4852028,-2.4703567,-0.5541559,-1.2091348,-5.437926,-0.72232324,-1.4302721,0.008314362,-2.5286076,2.8459074,-1.021273,-2.888463,1.4184433,1.7601591,-2.4624364,0.33103275,5.203693,-1.391352,-1.476435
1,/data_nas/huangyj/data/placePulse/rawData/googleviews-110802files/50f55e09fdc9f065f0004a10.jpg,-0.6465527,-1.2246931,1.4286973,-0.22028314,0.03306716,-1.5037398,-1.6256742,-0.5256252,-4.269582,-0.7223699,0.5039638,1.1593515,-2.1106627,0.009682417,1.694277,0.77188855,-0.2647716,2.0891795,-1.3539015,-0.5962756,-1.2055073,1.3835354,0.58017606,-1.3462936,-0.3313501,0.14689776,1.3219956,0.008609353,-1.1888407,1.0064309,0.04387319,-2.5927837,-2.3836687,-0.6904009,-1.0695434,-4.3996153,-0.24695988,-0.5966218,-0.8539474,-1.7689488,3.060443,-0.7030895,-1.1654682,1.3471158,1.0129972,-1.8339825,0.81552714,3.8254871,-2.7684193,-0.7601045
1,/data_nas/huangyj/data/placePulse/rawData/googleviews-110802files/5141357dfdc9f04926004a14.jpg,1.8086087,-0.047871515,-1.5658152,0.7430903,-1.0361674,-0.051994927,-0.84209967,1.032349,-3.330204,-0.99868757,-1.7393916,1.2246401,0.9588008,-0.66371113,0.7786116,0.8495834,2.1696582,0.9384777,-0.5314678,1.1902831,0.44753975,0.5619527,-0.79754037,-0.39025253,1.16005,-0.63944227,0.6205358,-0.7568147,0.92812735,1.029199,-1.5422566,-0.39638877,-1.8087692,-2.287953,-1.3076323,-2.748794,0.13161834,0.5458207,1.442862,-0.13018931,0.4693432,1.535285,-1.7840205,-0.5109919,0.71160936,-0.92895484,1.0587696,3.5040162,-0.66775334,0.9204005
0,/data_nas/huangyj/data/placePulse/rawData/googleviews-110802files/513e1d87fdc9f03587009a14.jpg,-0.34682795,-2.2016215,1.8431365,0.23922938,2.3505867,-0.6646693,-0.9244545,-0.008385403,-5.1392746,0.17697407,0.9895489,0.30170006,-1.8887053,-0.11750905,2.2609155,-0.5227839,-0.012651114,0.286251,-0.32297626,-0.21071431,-0.9593813,0.5877783,-0.060723767,-4.003873,-1.2787992,-0.1965255,0.89272594,0.633539,-1.103208,0.6586055,1.1020133,0.12305074,-5.167878,0.6084132,-0.7968607,-5.0447187,-0.18778321,-1.8290029,-2.1869295,-2.6249008,0.54143775,-1.241802,-2.162937,-0.75627625,1.4501618,-2.8234816,-0.5992971,5.0209246,-1.1931602,-1.960767
0,/data_nas/huangyj/data/placePulse/rawData/googleviews-110802files/50f5e5d9fdc9f065f0006ac6.jpg,-0.6461109,-2.1881213,1.976213,-0.09948464,-0.8493073,-1.0570571,-1.2666689,-0.27834842,-4.150333,-0.42513937,0.903829,0.9940818,-2.4516463,-0.3134274,2.3671298,0.14353244,-0.54747957,1.0401435,-0.6936602,-0.8951418,-1.227438,0.9446671,0.123441234,0.037477538,-1.3002806,0.028835196,1.1754591,-0.015688857,-1.2573377,1.141279,0.509874,-2.6893926,-1.344114,-0.32989392,-1.2038741,-3.993791,-0.40493774,-0.7975272,-0.08387035,-1.808014,2.8981473,-1.2945724,-1.924937,1.5083086,1.3321468,-1.5103432,0.3417536,3.617822,-1.5893416,-1.707539
1,/data_nas/huangyj/data/placePulse/rawData/googleviews-110802files/50f562d9fdc9f065f0005ac6.jpg,1.6011508,-1.5169101,-0.27066013,0.5452654,-1.4649526,-0.18824962,-1.0840218,1.4472462,-6.3611984,-0.5114503,-1.4197688,0.93223786,-0.13386193,-1.5025476,2.4305944,-0.19596902,2.2139301,-0.20099044,-0.20304997,0.95633584,-0.07128574,0.79972446,-0.66810715,-0.46200833,-0.3220703,-1.6378777,1.0701418,-0.12805653,0.5864984,1.6249974,0.23926437,-1.198192,-2.9280987,-1.5292411,-1.3478119,-5.663366,-0.7923364,-1.3078616,1.4638561,-2.2466419,1.4465408,0.35239297,-4.0103183,0.373327,1.9716775,-2.6392128,0.3682354,6.235294,-0.08997452,-0.45415244
0,/data_nas/huangyj/data/placePulse/rawData/googleviews-110802files/50f5ea5cfdc9f065f0007ac7.jpg,-1.1166941,-1.5975165,2.5483913,-0.6581986,0.63489294,-1.3235483,-1.4310668,-0.2581814,-2.61038,0.16716932,1.2521507,0.44937122,-2.886178,0.3682524,1.9722801,-0.72182757,-1.0895573,0.49987048,-0.98523366,-0.67916155,-1.4102838,0.7408289,1.2016697,-1.2510269,-1.4269344,0.4214417,1.4029747,0.8114743,-1.4608417,0.20606592,2.1765525,-3.0480711,-1.6631398,1.0100919,0.07135172,-2.984552,-0.35378486,-1.8443893,-1.6905714,-2.6924174,3.236706,-1.5336705,-0.3212522,1.9958768,0.9029994,-1.6628611,-0.55662644,1.9415716,-1.7465761,-1.4953736
0,/data_nas/huangyj/data/placePulse/rawData/googleviews-110802files/5140b7c3fdc9f04926001ace.jpg,-1.1156727,-3.698082,2.9903467,0.14668325,0.94776547,-0.5623995,-0.7315267,-0.5578604,-4.0336967,0.04496857,2.3515873,0.5783287,-2.983219,-0.53803784,3.1079571,-0.45013633,-1.3492985,0.022229055,0.13134795,-1.5112646,-1.4090034,0.5197506,-0.5287074,-1.447308,-2.6263154,-0.02380183,0.9143759,0.013202049,-1.7915304,1.2176213,0.6925646,-0.15577203,-2.713854,0.5842282,-1.5772493,-3.6056418,-0.46554124,-1.0671252,-1.0922102,-1.6083585,0.50452554,-2.4296036,-2.7372727,-0.5536896,1.7980032,-1.4792137,-0.46774513,3.7613347,-0.46221378,-3.5204148
0,/data_nas/huangyj/data/placePulse/rawData/googleviews-110802files/5140d8befdc9f04926003a96.jpg,-0.5133219,-1.2876179,1.2601488,0.20501593,2.280737,-0.5127332,-0.6567834,-0.51056856,-1.019069,-0.13311294,1.2500051,0.5927583,-1.4135765,0.72366476,1.0086653,0.106927365,-0.7222581,0.8944632,-0.46762866,-0.3917585,-0.69158155,0.16290955,-0.0953797,-2.7638183,-0.50955445,0.9614516,0.57790583,0.025276821,-1.0857109,0.017524067,-0.14567627,0.41569474,-2.7489347,0.2899071,-0.6320359,-1.0816067,0.59445256,-0.056939192,-1.9341612,-0.43897617,-0.19419476,-0.64044666,0.2620251,-1.2033466,0.25750127,-0.53084046,-0.22234209,1.0983204,-1.3217595,-1.207908
1,/data_nas/huangyj/data/placePulse/rawData/googleviews-110802files/50f5ec9dfdc9f065f0008a93.jpg,-1.0341281,-2.0431805,2.3042095,0.025320852,-0.43605447,-0.98155475,-0.94725925,-0.6351045,-3.6507618,-0.06855885,1.2455857,0.7138128,-2.7839584,0.45253044,2.0192606,0.09128823,-1.111457,1.2516263,-0.5262541,-1.189917,-1.2524745,0.6881434,-0.015639307,-0.08166394,-1.2042639,0.89762837,0.7692317,0.3227353,-1.5545684,0.70088524,0.6028918,-3.408685,-1.0884529,0.20493518,-0.9470568,-3.7734563,0.13957286,-0.7160568,-0.72931963,-1.7596709,3.5503538,-1.434466,-1.0337694,2.0519178,0.7680066,-1.4257634,0.26076213,3.072124,-1.8510293,-1.7310138
1,/data_nas/huangyj/data/placePulse/rawData/googleviews-110802files/51408c2efdc9f0358700ea97.jpg,-0.8593408,-3.2879245,2.7733085,-0.41312638,0.86536777,-0.85948557,-1.2647076,-0.11376299,-3.8042793,-0.109682605,1.8383256,0.68675154,-2.7256868,-0.86233634,3.1145535,-0.85179675,-0.8598345,-0.42003798,-0.36223745,-0.8539002,-1.4569156,0.5827145,0.43584335,-1.729442,-2.618915,-0.6383449,1.4960673,0.116988465,-1.5201955,1.0299791,1.6290588,-0.11041094,-2.997283,0.66445774,-0.98151004,-3.4459965,-0.9484377,-1.7227589,-1.0164603,-2.320597,0.4691161,-2.2068355,-2.5947218,-0.43626344,2.0134425,-1.6705902,-0.81529933,3.4520266,-0.47798765,-3.059817
0,/data_nas/huangyj/data/placePulse/rawData/googleviews-110802files/51408c2bfdc9f0358700ea92.jpg,-1.3148683,-2.4536214,2.9324539,-0.9059947,1.627301,-1.56418,-1.7911513,-0.39041856,-3.1564739,-0.1682443,1.8836721,0.7103078,-3.0804439,-0.48773187,2.634435,-0.6842229,-1.1587656,0.29445347,-1.1430888,-0.8304281,-1.7305131,1.061819,1.4369113,-2.6356404,-2.1683946,-0.4829392,1.9136469,0.4225281,-1.7385441,0.7303457,2.0924468,-0.8043497,-3.2707715,0.92178285,-0.4029957,-3.235772,-1.0463973,-2.0205324,-2.0532737,-2.7052264,1.3132415,-2.1268742,-1.433947,0.19463596,1.7550203,-1.8450539,-0.7044621,2.650277,-1.6102362,-2.396933
1,/data_nas/huangyj/data/placePulse/rawData/googleviews-110802files/5140b7b1fdc9f04926001a95.jpg,1.2181197,-0.9902638,-0.6148702,0.2091718,-0.08795759,-0.956588,-1.7586852,0.72852796,-6.2702346,-1.3396946,-1.2155527,1.5242059,0.024130866,-1.6148895,1.9308329,0.97355086,2.128738,1.3619955,-1.2123442,0.8651535,-0.36683232,1.6086847,0.0034489688,-2.4296086,0.3832575,-1.835644,1.5103929,-0.6621701,0.289493,1.8944614,-0.9429309,0.3713626,-4.484999,-2.2680914,-1.7735746,-5.6578927,-0.94890076,-0.54499793,0.52905864,-1.560022,0.3488953,0.58083516,-3.5260296,-1.0136039,2.0008602,-2.5966356,1.133099,6.3515577,-1.6477258,-0.009003639
0,/data_nas/huangyj/data/placePulse/rawData/googleviews-110802files/51414789fdc9f04926006a95.jpg,-0.2987361,-2.1885545,1.8604057,0.21838772,-0.19980514,-0.67484903,-0.9293889,0.08297268,-4.9960494,0.035384152,0.6372504,0.549858,-2.186745,-0.1558904,2.4196858,-0.37468117,-0.13710338,0.42800692,-0.27529022,-0.5376549,-0.954132,0.675346,-0.23815641,-0.8707755,-1.2751808,0.021205865,0.8737675,0.46998873,-0.9766651,0.9459489,1.0442628,-2.5637608,-2.3630698,0.108842015,-0.9540843,-4.897057,-0.22747718,-1.4681342,-0.54754657,-2.4571557,2.8173883,-1.1736218,-2.2354245,1.4259294,1.3355113,-2.2680125,-0.08280692,4.526532,-1.0950699,-1.716602
0,/data_nas/huangyj/data/placePulse/rawData/googleviews-110802files/513d5e89fdc9f03587003a9a.jpg,-1.2574646,-2.329846,2.6529834,-0.8691667,-0.0812411,-1.8531746,-2.0565739,-0.5443148,-4.2877584,-0.65700895,1.4010885,1.1790167,-3.104488,-0.6798611,2.6814578,0.0492908,-0.92972916,1.2046671,-1.4503542,-1.0098072,-1.8294932,1.4992505,1.3486389,-1.0844479,-1.7675725,-0.5456857,1.9825503,0.091039345,-1.7164775,1.2350409,1.3572339,-2.3158116,-2.2955685,0.035225242,-0.9268379,-4.2867246,-1.1275173,-1.4829938,-0.93843204,-2.5661378,2.8069606,-1.8919195,-1.9027648,1.3622767,1.8195658,-1.923592,0.16413212,3.6005483,-2.3231206,-2.0178463
1,/data_nas/huangyj/data/placePulse/rawData/googleviews-110802files/50f42c53fdc9f065f0001af7.jpg,0.15134715,-1.9871553,0.77422696,-0.0005462337,-0.37904477,-1.157155,-1.7168956,0.062379748,-5.663012,-1.1850066,0.060862195,1.5194837,-1.3191348,-1.4146771,2.4458954,0.8614392,0.74444914,1.4081877,-1.0814799,-0.23386367,-0.9511271,1.5311787,0.038565412,-1.3678186,-0.6696502,-1.2830625,1.5517257,-0.67370933,-0.63717246,1.9301381,-0.5975387,-0.424451,-3.296712,-1.6324153,-1.9321176,-5.0753875,-1.0014514,-0.48474482,0.36355248,-1.4986438,1.0169697,-0.60443,-3.3263977,-0.3333989,2.0550523,-2.0704002,0.98441565,5.483861,-1.7457131,-1.2315677
1,/data_nas/huangyj/data/placePulse/rawData/googleviews-110802files/513cc830fdc9f03587001af7.jpg,0.44323915,-2.6975327,0.9730801,-0.41945675,2.712975,-0.9036891,-1.8740592,0.72755015,-4.9523263,-0.90826494,0.67805475,1.0823866,-0.7957255,-2.564906,3.0340247,-0.39165753,1.1547989,-0.66430557,-0.8635604,0.5336793,-0.9211258,1.3101265,0.696382,-4.9423246,-1.8093393,-2.92189,2.1641889,-0.5425465,-0.36164823,1.8447081,0.75740564,4.4273,-6.5095162,-0.62079614,-1.4591732,-4.0242243,-2.017484,-1.8594445,-1.1482766,-2.0805242,-3.4713008,-1.1668494,-4.306291,-3.9635732,3.1192505,-2.5210707,-0.52770853,5.2333565,-0.1173842,-2.2835631
0,/data_nas/huangyj/data/placePulse/rawData/googleviews-110802files/513d6a9efdc9f03587004af2.jpg,1.3626386,-0.8462961,-1.3142109,1.3517438,0.7796509,0.30204892,-0.25364512,0.20918654,-3.7937903,-1.0137568,-0.75349367,1.1715163,0.8986874,-0.45222214,0.79914707,1.5016608,1.5995303,1.5208399,-0.02385517,0.48158774,0.40814897,0.4655036,-1.9131104,-2.1929495,1.017409,-0.16515668,-0.013309533,-1.1092141,0.37964943,1.2728986,-3.0268764,2.0003204,-3.522352,-2.3141851,-2.2594154,-3.0395048,0.6352326,1.4173932,0.44618514,0.9145611,-1.5949844,1.0980328,-2.1590312,-2.674009,0.6756133,-0.8976831,1.2883084,4.401023,-0.72417533,-0.059095785
0,/data_nas/huangyj/data/placePulse/rawData/googleviews-110802files/50f42c53fdc9f065f0001afc.jpg,1.07925,-0.34422135,-0.45529357,0.5004607,-1.8813783,-0.5616829,-1.0634384,0.6777905,-4.8287244,-0.6754343,-1.4578468,1.0938414,-0.33185732,-0.15960722,1.2584034,0.64244556,1.5310935,1.3897841,-0.71947014,0.61386627,-0.12548529,0.8540614,-0.42936537,0.38981426,0.7790128,-0.11152457,0.7159463,-0.09653074,0.26860338,1.0160613,-0.5310301,-3.3189678,-1.3118303,-1.6968896,-1.0705423,-4.6667714,0.15543139,-0.25960353,1.1455336,-1.4627242,3.411706,0.87273747,-1.7563642,1.8882954,0.7050916,-1.8354404,1.0796698,4.5436144,-1.5708579,0.6159975
0,/data_nas/huangyj/data/placePulse/rawData/googleviews-110802files/50f447d9fdc9f065f0003aff.jpg,-1.0317686,-1.9113497,2.3360703,-0.117747605,-0.11109808,-0.6988,-0.7364853,-0.49418065,-2.1491947,0.18544854,1.4193949,0.44093913,-2.6728446,0.6457134,1.8530545,-0.37748024,-1.3411227,0.6521795,-0.3110471,-1.0994507,-1.0966678,0.30305102,0.07615483,0.09272423,-1.3783238,1.1088575,0.72013474,0.40843153,-1.454943,0.2212403,1.0584207,-3.1151993,-0.43156168,0.6082707,-0.46008763,-2.3234053,0.27697882,-0.82127464,-0.86556184,-1.5659134,3.0735743,-1.4436522,-0.33445048,1.8775699,0.47474054,-0.8235913,-0.23666416,1.5628508,-1.2626724,-1.7291875
0,/data_nas/huangyj/data/placePulse/rawData/googleviews-110802files/51408c5dfdc9f0358700eaf5.jpg,0.16941638,0.653456,-0.9724328,0.32734862,1.1169952,-1.4090338,-1.5304924,-0.879871,-3.2131667,-1.7350115,-0.6549619,1.7703934,-0.019693203,0.30029455,-0.14585775,2.6919837,0.8138361,4.0297523,-1.9267453,0.12472089,-0.4041641,1.6735466,0.05601293,-2.9230294,2.0648713,0.39662325,0.8205709,-1.0189991,-0.404866,1.0341792,-3.0466645,-0.158396,-3.4201508,-2.5288374,-1.7421324,-3.2157762,0.5328716,1.6535218,-0.8761709,0.57409614,0.90088975,1.2084243,0.0018295869,-0.8972794,0.10551456,-1.0067664,2.2661092,3.4128997,-3.8510416,1.244282
0,/data_nas/huangyj/data/placePulse/rawData/googleviews-110802files/513f137afdc9f0358700cafa.jpg,-1.2340318,-2.7817667,2.9495454,0.007898293,-0.6973699,-0.8257298,-0.7850723,-0.5779816,-3.9905283,0.22950387,1.6695112,0.4767316,-3.2447932,0.2605328,2.6013267,-0.42314065,-1.4200115,0.59247375,-0.14088497,-1.4783479,-1.4263599,0.5129884,-0.17386375,0.34343845,-1.9991015,0.7626903,0.75048286,0.5048141,-1.7814231,0.76241666,1.2186514,-3.548501,-0.888652,0.6851993,-0.92542005,-4.0360093,-0.06286813,-1.1939832,-0.6105755,-2.1538427,3.6305761,-2.0355701,-1.6144009,2.2465537,1.079178,-1.5518214,-0.1972325,3.297531,-1.252752,-2.5103397
0,/data_nas/huangyj/data/placePulse/rawData/googleviews-110802files/50f5ecedfdc9f065f0008af0.jpg,0.658332,-2.3362744,0.36631525,0.502632,0.34040797,-0.5030793,-1.2025898,0.3091097,-6.3573318,-0.9972968,-0.054532584,1.2811354,-0.6743961,-1.6025788,2.5845773,0.7077425,1.249917,0.8441989,-0.44580925,0.041209478,-0.55342317,1.2177167,-0.7974707,-2.3073268,-0.6887237,-1.4959961,1.0966536,-0.70628464,-0.29369432,2.0398722,-1.0139707,1.1990535,-4.4686847,-1.7075785,-2.2602808,-5.5298853,-0.8106371,-0.46084142,0.30363783,-1.2767415,-0.50296986,-0.4245082,-4.1596274,-1.718509,2.2019188,-2.4027913,0.78598213,6.5222373,-0.87706953,-1.5431396
1,/data_nas/huangyj/data/placePulse/rawData/googleviews-110802files/5140b7affdc9f04926001a8f.jpg,0.37842306,-2.4893014,0.66961724,-0.14646074,1.5017657,-1.2666909,-2.023067,0.2723019,-6.9455624,-1.3673475,0.20608917,1.5116272,-0.8686906,-2.500919,2.9418247,0.69227153,1.3757963,0.8374053,-1.1682161,0.2089645,-1.0618324,1.8661054,0.31421053,-4.2601957,-1.0981114,-2.7214396,1.9903482,-0.8091168,-0.5396675,2.4033473,-0.47140115,2.9967415,-6.472616,-1.59298,-2.195543,-6.047882,-1.8368098,-1.1434417,-0.5071945,-1.9192182,-1.86373,-0.8607902,-4.839192,-2.95483,3.0730658,-2.9988,0.5896169,7.1184783,-1.3649735,-1.8030028
1,/data_nas/huangyj/data/placePulse/rawData/googleviews-110802files/513d6a76fdc9f03587004a8a.jpg,0.4653714,-0.61455417,-0.7895143,0.89644784,2.763377,-0.594996,-0.88132,-0.6605752,-4.3102174,-1.3252585,-0.07365322,1.3298688,0.30079898,-0.22922951,0.56706065,2.1418934,1.0236357,2.8260393,-0.92224705,0.14278524,-0.17332532,1.1852916,-1.0039389,-4.8246813,1.1962739,-0.12065494,0.40359464,-1.0259308,-0.36679485,1.2456629,-3.1568956,2.920708,-5.6896324,-2.121678,-2.248571,-3.8712764,0.49065745,1.2825289,-1.4054732,0.6057348,-1.94306,0.70066893,-1.5977546,-3.4180045,0.7257808,-1.531793,1.5334879,4.9285913,-2.423812,-0.10983799
1,/data_nas/huangyj/data/placePulse/rawData/googleviews-110802files/513d9b9dfdc9f03587007a80.jpg,-0.35306373,-1.2934473,1.3644128,0.35037896,-1.7517989,-0.46949312,-0.52969503,-0.22502527,-2.563733,-0.043230362,0.36020452,0.6852706,-1.9583303,0.8396396,1.4308177,0.17010376,-0.60710394,1.1706272,-0.22882803,-0.7706163,-0.6616502,0.2390358,-0.54806584,1.6848894,-0.4634524,1.3676169,0.32410514,0.21498677,-0.9104789,0.37895098,0.13470893,-4.4699526,0.74873453,-0.2934206,-0.7604714,-2.6725647,0.71327615,-0.07730075,0.4523995,-1.0683374,4.2095604,-0.5171173,-0.35575104,2.831819,0.09089927,-0.6588618,0.48307118,2.003209,-1.4189918,-0.78176427
0,/data_nas/huangyj/data/placePulse/rawData/googleviews-110802files/50f5ec9cfdc9f065f0008a80.jpg,0.020849338,-0.8325643,-0.007502746,-0.7145234,2.3812683,-1.7605066,-2.4175575,-0.33163777,-2.5885987,-1.9569185,0.34311908,1.9630344,-0.45445263,-1.5371258,1.3097504,1.5076145,0.7324066,2.0543487,-2.214444,0.34534743,-0.97438174,1.9014705,1.3726012,-4.3724713,0.074778944,-1.7076623,2.2459893,-1.3025336,-0.5498254,1.5198293,-1.2698156,3.284746,-4.940914,-1.8855585,-1.5691187,-2.1021488,-1.2623051,0.24048576,-1.1925025,-0.2761969,-2.3471763,-0.054403342,-1.6003797,-3.3408554,1.8116335,-1.0238167,1.0170299,2.8619173,-2.5290484,-0.41649088
0,/data_nas/huangyj/data/placePulse/rawData/googleviews-110802files/50f5e5cffdc9f065f0006a5e.jpg,-0.60869557,-2.418424,1.7332929,-0.6702129,-0.049539976,-1.8101081,-2.294718,-0.3219338,-5.455011,-1.3112428,0.8142215,1.6723028,-2.2357743,-1.6164851,2.8709607,0.72093034,0.026177708,1.5097249,-1.6075742,-0.6491959,-1.5846494,1.909927,0.9899406,-1.7083815,-1.3837678,-1.52609,2.1740775,-0.6016143,-1.2601613,1.9894243,0.18800052,-0.5184562,-3.463722,-1.1685343,-1.7522649,-5.0169272,-1.5411463,-0.9776692,-0.24338508,-2.055099,1.2410083,-1.3978561,-3.2179468,-0.14313841,2.425883,-2.152435,0.77626956,5.08826,-2.2986765,-1.8243034
1,/data_nas/huangyj/data/placePulse/rawData/googleviews-110802files/513d6a61fdc9f03587004a55.jpg,0.39646268,-2.2646692,1.0077132,0.65174186,-1.4649814,-0.30131036,-0.75641954,0.38411295,-5.8936,-0.3198533,-0.06376171,0.8585239,-1.443464,-0.69716007,2.5301325,0.11790027,0.62810135,0.55204463,0.018048266,-0.3543333,-0.58224213,0.71487117,-1.0392296,0.2944379,-0.90531063,-0.38456532,0.66767246,-0.080526665,-0.4750367,1.4934386,-0.09685154,-2.3397043,-1.8876871,-0.9703013,-1.6790706,-5.3934216,-0.24640526,-0.76194525,0.89710075,-1.8011663,2.5185606,-0.63472444,-3.283138,1.1569145,1.5444301,-2.1270525,0.5116606,5.557226,-0.674703,-1.4649236
0,/data_nas/huangyj/data/placePulse/rawData/googleviews-110802files/51408c09fdc9f0358700ea55.jpg,0.66286576,-2.0538619,0.33926117,-0.2852487,1.1342059,-1.0144795,-1.9511852,0.5991896,-4.7198205,-1.3163077,0.048513204,1.515523,-0.54249245,-2.2170424,2.5693948,0.3564283,1.3416269,0.3265571,-1.1545206,0.5139419,-0.76929677,1.4557776,0.5003775,-3.1810436,-0.9593115,-2.4039226,2.0354145,-0.8863738,-0.16775052,1.9110817,-0.2041641,2.6819642,-4.8431497,-1.5180188,-1.7135624,-3.8574247,-1.622798,-0.9098374,-0.07365921,-1.4287434,-1.9343306,-0.481491,-3.7282004,-2.734281,2.6100628,-1.9581026,0.32946593,4.9044647,-0.80594885,-1.3794668
0,/data_nas/huangyj/data/placePulse/rawData/googleviews-110802files/50f5e5cefdc9f065f0006a5a.jpg,-1.5606455,-2.3773963,3.1106985,-0.33987448,0.016516179,-1.2371095,-1.1201249,-0.77525574,-3.3299499,0.14896186,1.8318346,0.52295643,-3.4478123,0.4619254,2.3087525,-0.3725196,-1.6683428,0.91174453,-0.62129277,-1.4409916,-1.6317279,0.7136968,0.5092503,-0.41791365,-1.8393784,0.8263452,1.0497187,0.6292291,-1.9727098,0.5383719,1.5278425,-3.4753795,-1.2076613,0.9486473,-0.5837623,-3.5796897,-0.13853565,-1.3341846,-1.3740997,-2.3254724,3.6622558,-2.0746017,-0.8546693,2.2395725,0.9469728,-1.538636,-0.23922892,2.594698,-1.8800955,-2.250444
1,/data_nas/huangyj/data/placePulse/rawData/googleviews-110802files/513d3522fdc9f03587002aa2.jpg,-0.9262255,-2.206155,2.0543706,-0.5324323,1.4823599,-1.740221,-2.0020282,-0.5485908,-4.9584146,-0.8580712,1.2450855,1.2199832,-2.4502487,-0.93636996,2.5022612,0.459843,-0.37698874,1.4852947,-1.4611399,-0.711224,-1.5929414,1.6832768,0.9848866,-3.2298028,-1.317289,-0.94580954,1.8966677,-0.1369696,-1.4919088,1.4632987,0.5053199,-0.099649996,-4.4330997,-0.36475998,-1.3414041,-4.811467,-1.1171772,-1.257641,-1.6271541,-2.2078931,0.92942184,-1.5289606,-2.3801231,-0.525388,2.0298502,-2.3380666,0.34309763,4.6628714,-2.4304824,-1.8835611
1,/data_nas/huangyj/data/placePulse/rawData/googleviews-110802files/513d3520fdc9f03587002aa1.jpg,-1.0345316,-2.1570907,2.9380403,-0.40772572,1.350918,-0.5780211,-0.7068148,0.027693743,-1.2766286,0.8675737,1.7946012,-0.13851625,-2.8446712,0.6437395,2.0964007,-1.7330048,-1.4164078,-0.944637,-0.079635814,-0.64037263,-1.1850508,-0.21373469,0.69127333,-1.4126977,-2.164536,0.7648368,0.9611769,1.0973525,-1.4562957,-0.34774372,2.855604,-1.9769237,-1.5418317,2.0348074,0.47954065,-1.5555502,-0.033170015,-2.1320784,-2.0134552,-2.5449266,1.9089037,-1.8904251,-0.087913096,1.1550996,0.7146143,-1.1557403,-1.5948206,0.7339557,-0.30311695,-2.244182
0,/data_nas/huangyj/data/placePulse/rawData/googleviews-110802files/51408c3afdc9f0358700eaac.jpg,-1.1436386,-2.2180765,3.0370815,-0.3521383,1.5520958,-1.0003178,-1.041011,-0.15156025,-3.805475,0.7304539,1.564301,-0.043760713,-3.0882208,0.46320435,2.3807096,-1.3473691,-1.0963567,-0.18766941,-0.3976782,-0.66699797,-1.4287393,0.3920762,0.7725731,-2.5042868,-1.9595902,0.4294677,1.1014366,1.295896,-1.6497239,0.08976391,2.7596781,-2.403323,-3.1941392,1.7673326,0.16612568,-4.18161,-0.2438487,-2.5758088,-2.4252858,-3.397139,2.733038,-1.9564412,-1.0097567,1.4643079,1.1166804,-2.484729,-1.2085458,3.2020164,-1.2257684,-2.2123318
1,/data_nas/huangyj/data/placePulse/rawData/googleviews-110802files/51414790fdc9f04926006aa4.jpg,-0.14260687,-2.8389487,1.9658983,0.5246315,-0.047652908,-0.06824773,-0.40421253,0.2162172,-4.1147504,0.28712684,1.0422359,0.3886984,-2.019724,-0.15665649,2.6219327,-0.76828426,-0.30606934,-0.3931329,0.41530976,-0.6093863,-0.7933102,0.03100745,-0.895572,-0.5916275,-1.7997787,0.2039848,0.53572816,0.30771106,-0.96705216,0.81157744,0.8822065,-1.3200752,-2.0957234,0.3946169,-1.1083539,-3.762337,0.019325396,-1.1616684,-0.26204956,-1.844626,1.397126,-1.3784803,-2.415275,0.3390295,1.2952478,-1.6167166,-0.528043,3.8492815,-0.041108914,-2.3863573
0,/data_nas/huangyj/data/placePulse/rawData/googleviews-110802files/513e5c11fdc9f0358700aa06.jpg,-2.0260403,-1.8661077,3.132481,-0.40180135,0.6300603,-1.303453,-0.9536887,-1.3287647,-2.0191429,0.16384827,2.1962461,0.42407352,-3.531033,1.1134303,1.6280495,0.032728605,-2.2946198,1.5970343,-0.7691097,-1.765021,-1.6213765,0.63919353,0.58784497,-0.64009225,-1.4633029,1.5861732,0.7857185,0.5878447,-2.2640343,0.09292398,1.0799104,-3.5185516,-0.7753836,1.0701351,-0.3803486,-2.500071,0.3477289,-0.7702676,-1.9975259,-1.6680026,3.6956885,-2.025271,0.42493647,2.2460182,0.27673993,-0.93699455,-0.083438635,1.280355,-2.4287384,-1.9689069
1,/data_nas/huangyj/data/placePulse/rawData/googleviews-110802files/5140d87afdc9f04926003a06.jpg,0.32893994,-3.142622,0.93200946,0.9064247,0.30668616,-0.102398574,-0.62613964,0.012227261,-5.9428477,-0.7306151,0.7497266,1.095518,-1.1136599,-1.428469,2.824144,0.64428324,0.5441704,0.59300566,0.22453684,-0.647873,-0.5915579,0.8815119,-1.6192038,-1.6645511,-1.2893608,-0.9975655,0.65026647,-0.8057469,-0.6339625,2.107612,-1.3966262,1.4224519,-3.8102148,-1.3865697,-2.6822822,-4.963283,-0.5101832,-0.052257553,0.37129647,-0.67936045,-0.8655965,-0.98748606,-4.344995,-1.975907,2.1402342,-1.871395,0.66908956,6.1154065,-0.2627476,-2.45086
0,/data_nas/huangyj/data/placePulse/rawData/googleviews-110802files/5140cb03fdc9f04926002a07.jpg,-1.2811098,-2.8216248,2.6643436,-0.10087541,0.92141795,-1.3106802,-1.3182453,-0.8508858,-5.528826,-0.37288484,1.7738239,0.8423284,-3.0115066,-0.53677946,2.724629,0.34357634,-1.0143213,1.3702787,-0.72926843,-1.3986094,-1.5830239,1.3491694,0.11255166,-2.2007985,-1.7684628,-0.24432805,1.2227818,0.078662865,-1.8358059,1.4758098,0.40272754,-1.2114791,-3.6042848,0.026306877,-1.6025226,-5.3921647,-0.67192316,-1.1547462,-1.4967339,-2.1465075,1.9113556,-2.050584,-2.6705554,0.3444706,1.8224319,-2.3728,0.30329847,5.101804,-1.9913394,-2.5929472
0,/data_nas/huangyj/data/placePulse/rawData/googleviews-110802files/513cc732fdc9f03587001a0e.jpg,-1.4721955,-0.9714055,1.7478756,-0.81823593,1.9128802,-2.2784173,-2.2423964,-1.371957,-3.1509702,-1.2718452,1.2952011,1.5015781,-2.3758736,0.06683863,1.2610531,1.4083191,-0.93520707,3.079109,-2.2731817,-0.8410732,-1.705723,1.8391306,1.6279848,-3.4738848,-0.25464213,0.1057931,1.8232591,-0.31665772,-1.8365083,0.8533045,-0.3284713,-0.67155486,-3.8067353,-0.5580809,-1.037964,-3.4225566,-0.4650825,-0.21369675,-2.3458622,-1.3280594,1.5309227,-1.0394671,-0.14074016,-0.1694957,0.97234374,-1.5138987,0.94082105,2.8452067,-4.0248995,-0.8251584
0,/data_nas/huangyj/data/placePulse/rawData/googleviews-110802files/513f12c1fdc9f0358700ca01.jpg,-1.396327,-2.7190728,3.0248847,-0.36730734,-0.37896568,-1.0932672,-1.1362551,-0.6582303,-3.2506826,-0.015508792,1.8814886,0.68680215,-3.3184774,0.06827664,2.5564384,-0.36819848,-1.5982906,0.6385792,-0.521,-1.4534799,-1.5762023,0.65673065,0.39575014,0.08074452,-2.1175723,0.53768045,1.1372905,0.30262747,-1.873673,0.74481934,1.3191192,-2.9929879,-0.90928525,0.6485354,-0.8399414,-3.2749972,-0.32516143,-1.1424087,-0.7945067,-2.036651,3.1113381,-2.1315577,-1.3214636,1.8311619,1.1768483,-1.2321161,-0.2331485,2.558989,-1.4258461,-2.5276785
0,/data_nas/huangyj/data/placePulse/rawData/googleviews-110802files/5140cb06fdc9f04926002a0f.jpg,0.37245697,-1.4495056,-0.22672667,0.5846404,0.088786505,-1.1566745,-1.5399984,-0.48403934,-7.0461226,-1.7394265,-0.3900597,1.8354676,-0.5459298,-1.314918,1.8112941,2.2945752,1.2477211,3.0070117,-1.2338777,-0.28656033,-0.6659113,2.0027173,-0.7581441,-2.4634624,0.528797,-1.1260856,1.0480838,-1.1744893,-0.49732748,2.4081454,-2.7104707,0.46984565,-4.6043105,-2.8263638,-2.888628,-6.3948307,-0.55099064,0.70540607,0.25958687,-0.5045177,0.5007841,0.12819673,-3.6443348,-1.2730371,1.8210868,-2.3930705,2.1599746,7.191197,-2.7215276,-0.57579625
0,/data_nas/huangyj/data/placePulse/rawData/googleviews-110802files/51408c42fdc9f0358700eabd.jpg,-0.9910831,-0.5057396,1.391887,-0.9637806,0.7954458,-1.7853668,-1.9774737,-0.68508804,-1.6131111,-0.8590394,0.76040435,1.1891035,-2.038243,0.17471233,1.0998902,0.622006,-0.7654394,2.0128355,-1.8865982,-0.4851074,-1.261468,1.3764392,1.6649944,-1.6546838,-0.2151293,0.2413304,1.6992366,-0.083331786,-1.2302375,0.39683136,0.50693226,-1.9932559,-1.6697122,-0.41689837,-0.2789578,-1.9559625,-0.38441986,-0.485136,-1.415858,-1.3238256,2.3804157,-0.6450439,0.45591164,1.055658,0.5905987,-0.8463156,0.5319928,1.1385509,-2.8990796,-0.29340997
0,/data_nas/huangyj/data/placePulse/rawData/googleviews-110802files/513cc7f2fdc9f03587001abd.jpg,-1.2764702,0.31259856,0.34224677,-0.50827575,1.859559,-2.4710603,-2.2601347,-1.9730705,-2.6684735,-2.0800374,0.6216195,2.0655477,-1.3905826,0.42666405,-0.0024084346,3.134497,-0.5885548,5.06246,-2.8262835,-0.80900717,-1.3497934,2.2945254,1.2685165,-3.5898807,1.4569615,0.59788734,1.4447813,-1.0644797,-1.5768355,1.0353132,-2.6833544,-0.34306118,-3.5968077,-2.0474951,-1.6758605,-2.9674118,0.119519696,1.5882286,-2.046755,0.35864416,1.3573512,0.117916465,0.7601052,-0.62301,0.22636682,-0.8582952,2.3999267,2.5997524,-5.34254,0.55940706
0,/data_nas/huangyj/data/placePulse/rawData/googleviews-110802files/51414f69fdc9f04926007ab1.jpg,-0.6739998,-1.5098364,1.2567925,-0.9135952,1.4121522,-2.135311,-2.5935311,-0.5120648,-4.476185,-1.5631592,0.7082376,1.7419972,-1.8111255,-1.3992466,2.1114523,1.0683302,0.11433074,2.0670664,-2.1993883,-0.29256907,-1.5278023,2.1186435,1.6296589,-3.4356225,-0.6937537,-1.530814,2.3889549,-0.6778578,-1.1941001,1.6486956,-0.045004547,0.6495677,-4.519487,-1.2235017,-1.4124254,-4.2139516,-1.4940535,-0.7817138,-1.2726007,-1.7622132,0.29028586,-0.9708147,-2.158756,-1.0760443,2.117375,-2.0097945,0.844472,4.2454762,-2.9790015,-1.1067377
1,/data_nas/huangyj/data/placePulse/rawData/googleviews-110802files/50f42c52fdc9f065f0001ab5.jpg,2.0220344,0.46889195,-1.253596,0.9583503,-1.9755353,0.8601275,0.17521511,1.7053976,-1.1341075,0.3700362,-2.0107675,0.14147039,0.86247104,0.6951055,0.2984055,-0.7618319,1.7952826,-0.70833194,0.4962426,1.4841716,0.94928414,-0.82100904,-1.1086297,1.7165008,0.97180736,0.7564899,-0.20643169,0.37597257,1.238728,-0.40193155,0.33405855,-3.151214,0.8656643,-0.6984318,0.24676803,-0.99057555,1.1038989,-0.2622659,1.6085583,-0.74849796,2.4679298,1.6827182,-0.027344706,1.8718663,-0.48134467,-0.35405138,-0.1836641,0.9996591,0.7235916,1.2785099
0,/data_nas/huangyj/data/placePulse/rawData/googleviews-110802files/51414f6afdc9f04926007ab4.jpg,-1.7627403,-2.6314864,3.2331457,-0.6079064,0.897672,-1.2764518,-1.257645,-0.9293094,-1.8025745,-0.0983169,2.4701614,0.6886849,-3.4177144,0.1444368,2.299873,-0.33220735,-2.03235,0.7009967,-0.7612038,-1.5571232,-1.7059422,0.6737463,0.80144954,-0.97099835,-2.227042,0.5781518,1.3317889,0.18372646,-2.0894845,0.5326352,1.3428121,-1.6114705,-1.3290887,0.96640545,-0.6635769,-1.8622903,-0.40029535,-1.0132186,-1.6585934,-1.6301998,1.8254987,-2.3455927,-0.60746986,0.7542803,1.0980272,-0.7304312,-0.4294925,1.213752,-1.5867336,-2.6833923
0,/data_nas/huangyj/data/placePulse/rawData/googleviews-110802files/51413bcdfdc9f04926005a4c.jpg,0.05701659,-1.74773,0.78089505,-0.24862938,0.66416705,-1.6393762,-2.1675408,-0.022642335,-6.951411,-1.327089,-0.054516397,1.5255609,-1.3594371,-1.6158857,2.4941337,1.0147506,1.0451438,1.8433331,-1.5889658,0.0006705038,-1.1607889,2.0788178,0.6253956,-3.247125,-0.47326374,-1.787045,1.9138249,-0.4521867,-0.69670016,2.0672197,-0.32496747,0.12573913,-5.2172804,-1.6184226,-1.8500048,-6.5256023,-1.3412843,-1.0871361,-0.57376623,-2.26174,0.88714325,-0.59634966,-3.6614883,-0.7160672,2.3879838,-3.0778732,1.0409355,6.7867146,-2.5233817,-1.0335582
1,/data_nas/huangyj/data/placePulse/rawData/googleviews-110802files/50f56268fdc9f065f0005a40.jpg,1.2934729,-0.2558394,-0.4559597,1.0449618,-1.70834,0.53257155,0.091096446,1.001124,-2.099998,0.23032781,-1.2059792,0.34627312,-0.020018097,0.7781805,0.6965529,-0.26943886,1.0819168,0.08771126,0.40388724,0.66767144,0.4753168,-0.47117293,-1.3304505,1.4251448,0.6005977,1.049103,-0.21651009,0.25972894,0.51415205,0.021297498,-0.15440813,-3.3263056,0.406835,-0.7023708,-0.4000902,-1.9623208,1.1226369,-0.007216634,1.1618865,-0.70531994,2.8433774,0.99890566,-0.40872476,1.8908535,-0.26692116,-0.61454,0.20219009,1.9173855,-0.0030095428,0.49654198
0,/data_nas/huangyj/data/placePulse/rawData/googleviews-110802files/50f5e5cdfdc9f065f0006a4b.jpg,-1.5216653,-2.0413706,2.6601148,-0.8271408,0.9546696,-1.6062381,-1.7117945,-0.88723564,-1.7036779,-0.5329102,1.9750437,1.0476266,-2.9835536,0.03330726,2.014028,0.0671173,-1.5860146,1.2152925,-1.3194469,-1.1619211,-1.6683611,1.0174098,1.2719002,-1.3876764,-1.6286852,0.30963165,1.6674479,-0.0146296285,-1.8620598,0.5714485,1.0298889,-1.4086477,-1.6772386,0.42203188,-0.6267671,-1.8321824,-0.52722836,-0.8096801,-1.5888803,-1.5143204,1.7110351,-1.8288333,-0.30094936,0.5407322,1.072263,-0.7555027,-0.08164922,1.186776,-2.2038581,-1.9793675
1,/data_nas/huangyj/data/placePulse/rawData/googleviews-110802files/513f2d76fdc9f0358700da44.jpg,-1.5865442,-2.1400704,3.293676,-1.0341043,2.6241138,-1.3420911,-1.4633956,-0.38577932,-0.9267783,0.38402504,2.3517585,0.20486231,-3.1817677,0.1970985,2.1136732,-1.3911977,-1.7492541,-0.43887556,-0.91789,-0.74170625,-1.6643373,0.40044653,1.7459779,-3.0480714,-2.3770456,0.1314881,1.7131435,0.85399556,-1.8643328,-0.17393957,2.9426,-0.44324613,-2.8494132,2.0674987,0.48499086,-1.2269268,-0.6798325,-2.284382,-2.9867246,-2.6380215,0.73540854,-2.2982023,0.03687494,0.010170579,1.1610436,-1.2117319,-1.5435753,0.4198824,-1.1360804,-2.4433482
0,/data_nas/huangyj/data/placePulse/rawData/googleviews-110802files/513d6788fdc9f035870040d3.jpg,-0.49564388,-0.81191516,0.44902465,-0.18128587,0.6355567,-2.037438,-2.205331,-0.98268986,-5.3587685,-1.8303864,0.13056725,1.9483447,-1.3603269,-0.7481182,1.3552152,2.316184,0.37176833,3.663116,-2.1527019,-0.5005903,-1.2221994,2.3284209,0.65476394,-2.7949877,0.59569716,-0.68285304,1.6351062,-0.9138291,-1.06653,1.8630896,-1.913363,-0.53258604,-4.0775,-2.2012155,-2.113447,-5.2036853,-0.6441978,0.49522206,-0.8248653,-0.79470026,1.5086979,-0.15786014,-1.8682812,-0.39856443,1.4370593,-2.0081542,2.0365863,5.2427945,-3.9460974,-0.21712741
1,/data_nas/huangyj/data/placePulse/rawData/googleviews-110802files/513cde12fdc9f035870020d7.jpg,0.582225,-1.77183,0.6195906,-0.07080071,-0.2293064,-0.7369032,-1.4861171,0.6195163,-3.7932537,-0.81678843,-0.06989592,1.2379024,-0.91966,-1.1419213,2.2686267,-0.024142172,0.8965565,0.2291759,-0.78309786,0.33665642,-0.65660226,0.89398956,0.21279019,-1.1344697,-0.8404422,-1.1302009,1.523548,-0.40319863,-0.21337564,1.2751045,0.2832824,-0.114758804,-2.6286333,-1.013868,-1.1879425,-3.2887552,-0.807261,-0.833825,0.39370131,-1.5065713,0.3858155,-0.3474065,-2.524294,-0.59466296,1.7442484,-1.4843814,0.16798942,3.7000167,-0.74699223,-1.0594363
0,/data_nas/huangyj/data/placePulse/rawData/googleviews-110802files/50f5eeeafdc9f065f00090d7.jpg,0.2565242,-2.2238715,1.4147555,0.062355757,1.8540405,-0.3810066,-0.97221667,0.646272,-3.5450044,0.06834406,0.7027757,0.42906398,-1.2941716,-0.67287487,2.3869245,-1.0463697,0.4278141,-0.8288269,-0.18780077,0.30885032,-0.69898814,0.2642723,0.102479324,-3.1858718,-1.553481,-0.81774974,1.1896517,0.33561057,-0.55137515,0.6574697,1.4196485,1.1251236,-4.278114,0.4937157,-0.5818269,-3.192256,-0.5644156,-1.7909889,-1.2874821,-2.2048156,-0.7462055,-0.97640127,-2.266174,-1.5126578,1.684684,-1.9806263,-1.0002977,3.5692468,-0.040534742,-1.870043
1,/data_nas/huangyj/data/placePulse/rawData/googleviews-110802files/513cde0cfdc9f035870020d5.jpg,0.40750182,-0.66030663,0.61817414,0.6915782,-0.07274694,0.20531385,-0.04680103,0.46864292,-1.0610998,0.4664205,-0.09623912,0.15994117,-0.8994695,1.2359812,0.7915087,-0.61452675,0.067027576,0.058134608,0.19883339,0.21424845,-0.023247767,-0.5328583,-0.7558912,0.021682158,-0.040743023,1.4776636,-0.013246698,0.5971175,-0.23188628,-0.41383758,0.6099254,-2.648279,-0.3389293,0.3513063,-0.014895363,-1.1873586,1.1613992,-0.41210812,-0.37457013,-0.9895383,2.2719223,0.1722925,0.4849514,1.3549932,-0.34559205,-0.53550977,-0.38514537,0.8657424,-0.4461496,-0.24402505
0,/data_nas/huangyj/data/placePulse/rawData/googleviews-110802files/513f3255fdc9f0358700e06d.jpg,-0.16285366,-2.033736,1.208003,1.1506793,-1.4123952,0.30194053,0.3062226,-0.4080436,-3.172944,0.112894095,0.67388785,0.5162429,-1.6257176,0.9550092,1.5346828,0.37306926,-0.62866634,1.0538857,0.6654356,-1.0784049,-0.3618945,-0.2698361,-1.9524649,1.4540384,-0.6013482,1.7842906,-0.50637317,-0.079358615,-0.943972,0.54476684,-1.0198878,-3.1068559,0.19346526,-0.45922402,-1.5311071,-2.9349399,1.2920256,0.6491902,0.6378029,-0.20213614,2.8603685,-0.58846235,-1.0792131,1.553348,-0.0049761645,-0.49051762,0.5371684,2.9054193,-0.6852845,-1.4755311
0,/data_nas/huangyj/data/placePulse/rawData/googleviews-110802files/5140ce8afdc9f04926003060.jpg,0.19021782,-0.8801319,-0.22200923,0.027067805,2.6959124,-1.3862119,-1.8692665,-0.49472407,-4.3230767,-1.7036775,0.15357552,1.7168044,-0.28321376,-1.0911063,1.2239889,1.8543085,0.9711666,2.5600135,-1.7173513,0.21450144,-0.7209903,1.8409392,0.31630322,-5.0094047,0.5335652,-1.2071773,1.531217,-1.0884706,-0.522547,1.6397017,-2.0709689,3.022253,-5.921713,-2.0460417,-2.0334508,-3.8734233,-0.63518566,0.4502824,-1.4723709,-0.25057885,-1.9239628,0.18187968,-2.0701313,-3.3148553,1.5879115,-1.7850366,1.3475801,4.741311,-2.6990707,-0.38548145
1,/data_nas/huangyj/data/placePulse/rawData/googleviews-110802files/513e5e55fdc9f0358700b036.jpg,0.061246186,-2.2248554,1.4883169,0.48982415,-1.7621169,-0.20411503,-0.54036015,0.27618992,-4.190112,0.01247231,0.33683392,0.6395585,-1.8638146,-0.0628982,2.3351555,-0.32313722,-0.056349717,0.20825331,0.15685043,-0.5758632,-0.6572294,0.24344835,-0.8485717,1.2588238,-1.1944474,0.3721283,0.5147622,0.1633437,-0.7069009,0.9088643,0.5165514,-3.3149183,-0.4198603,-0.3031486,-1.1359843,-3.888908,0.11119801,-0.75011975,0.8250206,-1.6898357,3.18388,-0.8651445,-2.134158,1.9680326,1.0058233,-1.372046,0.09777556,3.6975484,-0.47424096,-1.5735825
1,/data_nas/huangyj/data/placePulse/rawData/googleviews-110802files/513e1fd4fdc9f0358700a036.jpg,0.44682705,-1.6935354,0.07043363,-0.2942993,1.3571863,-1.549218,-2.3354392,0.10102777,-6.3254237,-1.8289926,-0.19138783,1.8690633,-0.5478824,-2.3357122,2.355483,1.3658285,1.5201598,1.7298915,-1.7471325,0.341709,-0.9447196,2.2027352,0.63561517,-4.0956764,-0.3014685,-2.5520992,2.1381857,-1.1021631,-0.35459313,2.386731,-1.124562,2.585578,-5.9916325,-2.2608898,-2.23423,-5.539016,-1.7121313,-0.55319375,-0.39015982,-1.4278127,-1.4477364,-0.29104504,-4.0616403,-2.69562,2.7265134,-2.6430452,1.214866,6.504622,-2.1471777,-0.9591655
1,/data_nas/huangyj/data/placePulse/rawData/googleviews-110802files/513e1fedfdc9f0358700a07d.jpg,-2.058017,-3.0652988,3.5841148,-0.35800356,1.3797402,-1.4353546,-1.2210041,-1.304788,-4.010243,-0.036592033,2.679123,0.6186618,-3.8096657,0.09781722,2.6533918,0.0029410413,-2.0939736,1.2619389,-0.6923042,-1.9380579,-1.9244853,1.0418314,0.4373791,-2.0039558,-2.2938015,0.51147133,1.1665974,0.36120316,-2.4729996,0.93470997,1.021941,-1.6387253,-2.8131886,0.9566309,-1.1548909,-4.1015882,-0.41269723,-1.2271974,-2.2158875,-2.119659,2.189026,-2.7053862,-1.5261503,0.73899764,1.4210039,-1.8105668,-0.15260802,3.44065,-2.1418755,-3.1186848
1,/data_nas/huangyj/data/placePulse/rawData/googleviews-110802files/51421778fdc9f0492600802b.jpg,0.8910804,-1.6180052,0.26100647,0.8440462,-2.0734193,0.24530762,-0.29837042,0.6609663,-3.4258149,-0.22702533,-0.4975307,0.8178813,-0.64682925,-0.12967996,1.7846558,-0.013056337,0.77102244,0.16214842,0.31316593,0.044454467,-0.04190656,-0.022622835,-1.3542258,1.6078594,-0.40348357,0.31871378,0.21937351,-0.22135755,0.0074978946,0.86303747,-0.40353101,-2.477345,-0.07674207,-1.0653741,-1.2772933,-2.9496403,0.41972372,0.00037312508,1.652735,-0.7606527,2.180286,0.10871133,-1.9726018,1.1747642,0.69937855,-0.8259774,0.39846712,3.247767,-0.049062394,-0.7754946
0,/data_nas/huangyj/data/placePulse/rawData/googleviews-110802files/513cbceafdc9f0358700102b.jpg,0.66601473,-0.88344085,-0.6858536,0.4212534,2.3894215,-1.0555028,-1.5738862,-0.22287908,-5.61772,-1.6056654,-0.3778603,1.5803354,0.19244955,-1.2493869,1.2760946,1.8997849,1.5816188,2.446092,-1.3609123,0.45858964,-0.44835457,1.7386665,-0.26531294,-5.073616,0.7932954,-1.4029524,1.1916882,-1.0585985,-0.20644316,1.8326857,-2.405509,3.1225946,-6.4745073,-2.3404934,-2.277857,-5.0257697,-0.52980304,0.443245,-1.0753427,-0.34871855,-1.970948,0.49847788,-2.8671086,-3.3955586,1.6817997,-2.2865412,1.4649184,6.127231,-2.3936417,-0.22824836
1,/data_nas/huangyj/data/placePulse/rawData/googleviews-110802files/513f31eafdc9f0358700e012.jpg,0.89006263,-1.0611285,0.68280464,-0.31486392,-1.0652336,-0.8649582,-1.6350662,1.3482559,-5.4520373,-0.093105786,-1.1353227,0.6562312,-1.0619905,-0.7841916,2.2934225,-1.0092357,1.5373707,-0.38789123,-0.865542,1.039786,-0.5695079,0.8104024,0.8592642,-0.8146002,-0.61944395,-1.1701117,1.554875,0.78678876,0.10677627,0.7725777,2.304973,-3.1004398,-2.6457975,-0.25115508,-0.019494666,-5.4068,-0.8730057,-2.5609782,0.27824712,-3.7022898,3.279837,-0.094964385,-2.486047,2.0895052,1.6176469,-3.0340555,-0.3433581,4.943029,-0.9197727,-0.26978296
1,/data_nas/huangyj/data/placePulse/rawData/googleviews-110802files/513e6b6efdc9f0358700c01c.jpg,-0.056739777,-2.45844,1.7635127,-0.020345397,-1.1268275,-0.58268493,-1.0857148,0.43206808,-3.9995196,-0.16334529,0.5632402,0.79835045,-2.0472615,-0.6970181,2.717334,-0.61468935,-0.040731646,-0.19477405,-0.23900792,-0.41551626,-0.9203133,0.5302616,-0.06908878,0.40721723,-1.6677303,-0.41437104,1.191911,0.08999922,-0.77938044,1.0851572,1.1851399,-2.2567792,-1.1881257,-0.16108863,-0.9782134,-3.6422708,-0.6019599,-1.3026514,0.47984564,-2.1152017,2.273797,-1.1910033,-2.4808302,1.2475,1.5918672,-1.5157249,-0.20821492,3.529865,-0.41567975,-1.8636045
0,/data_nas/huangyj/data/placePulse/rawData/googleviews-110802files/50f5eb21fdc9f065f000801c.jpg,-0.7140881,-2.825006,2.0274112,-0.046682097,0.6169783,-1.0758332,-1.3938856,-0.47134644,-4.9441833,-0.6964663,1.3923475,1.152157,-2.3453329,-0.9682971,2.7751157,0.4137792,-0.47847894,1.0638009,-0.69998014,-1.0116682,-1.3248346,1.2633327,-0.056690976,-1.812994,-1.6145777,-0.6508881,1.373558,-0.37965363,-1.3852503,1.6625593,-0.059242167,-0.24075127,-3.3006706,-0.5913294,-1.847236,-4.519973,-0.80834955,-0.74030626,-0.70346075,-1.5630155,0.81581706,-1.6160811,-2.9428809,-0.5239529,1.9772308,-1.8620592,0.40290204,4.717967,-1.4589349,-2.4139183
0,/data_nas/huangyj/data/placePulse/rawData/googleviews-110802files/50f5eb22fdc9f065f000801f.jpg,-1.6612235,-1.902524,2.3499835,-0.6010467,1.1438284,-1.9800175,-1.9243593,-1.3612516,-3.276273,-1.0421714,1.7888271,1.4238005,-2.890502,-0.18535787,1.882776,1.1388131,-1.3696948,2.5289767,-1.7068737,-1.4004601,-1.7946907,1.6215367,1.0201279,-2.1704545,-1.051676,0.123620644,1.6538365,-0.38327175,-2.0544136,1.1703074,-0.2285343,-1.0440806,-2.8210752,-0.38616642,-1.4039315,-3.32254,-0.57841617,-0.19434258,-1.6969526,-1.2060099,1.7071625,-1.6581166,-0.90184087,0.16207968,1.2799034,-1.2586501,0.8319746,2.8784034,-3.2746768,-1.7528105
1,/data_nas/huangyj/data/placePulse/rawData/googleviews-110802files/51414af7fdc9f04926007014.jpg,-0.15945639,-0.8276836,1.3434583,0.21504441,0.16620496,-0.58660877,-0.7204307,0.15669034,-3.347151,0.40114656,0.08515893,0.2208233,-1.716115,0.8998813,1.2759774,-0.5405318,-0.079294845,0.5909917,-0.40650666,-0.030636806,-0.6289527,0.21439451,0.0737499,-1.0352737,-0.34755135,0.9236908,0.53154105,0.9260011,-0.76316,-0.06550016,1.3168429,-3.497866,-1.8218606,0.5658185,0.027961722,-3.6821356,0.515909,-1.3672328,-1.1316571,-2.3595915,3.5478923,-0.40962398,-0.25305167,2.1620839,0.2623274,-1.9050406,-0.31454772,2.872058,-1.4329178,-0.49115774
0,/data_nas/huangyj/data/placePulse/rawData/googleviews-110802files/514137e6fdc9f049260050c7.jpg,-0.7556736,-1.6146164,2.1288762,-0.25142667,-0.65142417,-0.755388,-0.8829041,-0.14228119,-1.4931222,0.18432538,1.0396909,0.5103075,-2.493392,0.6359025,1.7301251,-0.63702023,-1.076239,0.31208843,-0.43010142,-0.7388169,-1.0533153,0.19220527,0.3874914,0.64571816,-1.2597548,0.99293953,0.88465226,0.47711366,-1.1972953,0.09101155,1.4414477,-3.5470946,0.18467136,0.66430986,-0.14603812,-1.705105,0.16692586,-0.9373026,-0.4921197,-1.6612773,3.3379846,-1.1721641,-0.020924045,2.2554197,0.41861665,-0.6050007,-0.36877984,0.8777342,-1.0798297,-1.3439677
1,/data_nas/huangyj/data/placePulse/rawData/googleviews-110802files/51421810fdc9f049260080cf.jpg,2.4841647,1.4840875,-3.0092113,0.009468729,0.67733437,-0.46187046,-1.6142211,1.5426726,-1.3168476,-1.6418707,-2.6334903,1.4948857,2.4966938,-1.2970439,-0.21732599,0.99589133,3.2709224,0.81129944,-1.5659002,2.5681906,0.776325,0.8872302,0.6413208,-2.734923,2.148217,-1.8548762,1.4055396,-1.1002884,1.7661924,0.71516067,-1.4425224,2.6772997,-3.3391132,-2.7288716,-0.561216,-0.711467,-0.5288588,0.4650464,0.79722595,0.21024448,-2.3458807,2.5967057,-0.8827289,-2.7400575,0.761069,-0.593444,0.92675745,1.8633791,-0.8788083,2.3494592
1,/data_nas/huangyj/data/placePulse/rawData/googleviews-110802files/50f56412fdc9f065f00060cf.jpg,1.1722099,-0.916222,-0.5965749,0.10583483,-0.90700936,-0.8644248,-1.7018218,0.7519403,-4.78405,-1.3648676,-1.1578541,1.6333514,-0.05578983,-1.4515792,1.7840263,0.89297736,1.8275005,1.176074,-1.1743876,0.75455594,-0.3230195,1.3518256,0.05297534,-0.96674657,0.30894154,-1.4910778,1.5132003,-0.8193078,0.32087305,1.713567,-0.89075035,-0.33302504,-2.7749155,-2.272948,-1.6246125,-4.1636295,-0.83564186,-0.17801198,1.1458353,-1.1015813,0.72529197,0.6052161,-2.8768468,-0.44774646,1.7125335,-1.7161585,1.1482818,4.7847323,-1.3682734,0.057113778
0,/data_nas/huangyj/data/placePulse/rawData/googleviews-110802files/513d9d80fdc9f035870080c5.jpg,-2.0787401,-2.595302,3.5145223,-0.7194678,2.5847766,-1.5941714,-1.4684682,-1.17886,-2.559286,0.0018729693,2.7982395,0.53183377,-3.6222076,0.20077412,2.3021548,-0.30945086,-2.1247158,0.98369145,-1.0273765,-1.5369856,-1.923725,0.97791463,1.157496,-3.207689,-2.215495,0.39497602,1.4999475,0.48658437,-2.3812497,0.4723198,1.5558884,-0.5804796,-3.3736665,1.3584787,-0.5453198,-2.8013334,-0.5116774,-1.5269228,-3.0515997,-2.1497586,1.1784068,-2.569391,-0.63391876,-0.0815934,1.2892911,-1.5506964,-0.6184678,2.0820565,-2.1575902,-2.8348432
0,/data_nas/huangyj/data/placePulse/rawData/googleviews-110802files/50f5e75efdc9f065f0007096.jpg,-1.7677442,-2.6161728,3.2684128,-0.4208309,0.5607606,-1.3582525,-1.2251089,-1.0269622,-3.4467719,0.020929785,2.208701,0.60865563,-3.5686595,0.35007143,2.4169855,-0.15724072,-1.8702443,1.1623888,-0.7192951,-1.6389714,-1.7732233,0.8438463,0.56762546,-1.0337954,-1.9842054,0.74916404,1.14727,0.4536032,-2.202647,0.63339627,1.2380841,-2.668636,-1.8028259,0.87475646,-0.78918225,-3.6358676,-0.21309777,-1.2008798,-1.6867486,-2.148107,3.0083876,-2.2891674,-0.9817203,1.5550264,1.0696095,-1.5353147,-0.2027433,2.7775083,-2.092551,-2.5573206
0,/data_nas/huangyj/data/placePulse/rawData/googleviews-110802files/51414048fdc9f04926006098.jpg,-1.6114991,-2.173592,3.1819494,-0.9942391,2.1009667,-1.6162478,-1.7121975,-0.5405973,-1.94745,0.054541655,2.1659148,0.5162297,-3.2788637,-0.024942279,2.2716885,-0.88643336,-1.5890883,0.22969197,-1.1781178,-0.8957236,-1.8022937,0.87167335,1.69774,-2.8050513,-2.1437368,-0.046009097,1.8501183,0.66267616,-1.9028255,0.28867385,2.437137,-0.9358225,-2.9224732,1.4850707,0.032720238,-2.2275035,-0.8424731,-2.063441,-2.6465588,-2.6233854,1.356959,-2.2165093,-0.45736042,0.33930025,1.3850516,-1.5060966,-0.9804989,1.4002438,-1.6877507,-2.3148289
0,/data_nas/huangyj/data/placePulse/rawData/googleviews-110802files/513d7d1efdc9f035870070f3.jpg,-0.45520586,-0.41281998,0.84365743,0.015931996,-1.0469981,-1.1332893,-1.1571058,-0.54699093,-2.2968736,-0.6396374,0.07722746,1.1161494,-1.659784,0.8522853,0.8208222,0.9823387,-0.40251344,2.3594198,-1.1638843,-0.5403191,-0.79696316,0.8631658,0.21587734,0.5002431,0.39474517,1.1989071,0.74675024,-0.0529432,-0.9108822,0.42272484,-0.4986663,-3.9453146,-0.085913226,-0.87052625,-0.77251416,-2.5751727,0.58434665,0.34044996,-0.11031703,-0.7720741,3.9675286,-0.024190253,0.3501386,2.3626833,-0.03272733,-0.6745913,1.0851709,1.8250363,-2.717046,0.08999806
0,/data_nas/huangyj/data/placePulse/rawData/googleviews-110802files/50f5642cfdc9f065f00060f7.jpg,-0.09043787,-0.754045,0.89013135,-0.24747474,-0.082398705,-1.1018327,-1.4542482,0.08516505,-2.8790321,-0.5400952,0.12004575,0.93414474,-1.527976,-0.14456238,1.465613,0.2639898,0.09279351,1.2037692,-1.1272224,-0.09541066,-0.75078243,1.1510429,0.627037,-0.8519763,-0.20972049,-0.121434614,1.3555194,0.043403596,-0.50657547,0.7210745,0.43925104,-2.3847816,-1.5009216,-0.67335194,-0.5911783,-2.9791028,-0.31070256,-0.7759268,-0.48646906,-1.5627205,2.6084278,-0.2520107,-0.81093246,1.25975,0.88604087,-1.3032539,0.44470406,2.4681523,-1.7570771,-0.2931934
1,/data_nas/huangyj/data/placePulse/rawData/googleviews-110802files/513e6c0cfdc9f0358700c0f2.jpg,-1.2179221,-2.8115942,3.2031026,-0.68196976,1.1754699,-1.2310975,-1.4612135,-0.15112212,-3.4790368,0.24118969,1.89668,0.4055707,-3.2307546,-0.39501566,2.9098582,-1.1935048,-1.1819931,-0.33728945,-0.65002525,-0.86943084,-1.6501986,0.7193239,1.0596476,-2.0027966,-2.526345,-0.35378608,1.6522508,0.7259351,-1.7048846,0.63163424,2.579795,-1.4266651,-2.86132,1.3336887,-0.27828312,-3.534613,-0.9368142,-2.3832953,-1.8089852,-3.0531533,1.7732977,-2.3247843,-1.7424902,0.73274124,1.7655199,-2.014956,-1.0582877,2.8983867,-1.0173103,-2.7313738
0,/data_nas/huangyj/data/placePulse/rawData/googleviews-110802files/5140cf27fdc9f049260030fe.jpg,-1.8440804,-3.13437,3.3828356,-0.30452964,2.2992916,-1.4520278,-1.3350587,-1.1379646,-4.995272,-0.106274456,2.5459917,0.57795185,-3.5055976,-0.31763008,2.8036535,-0.011875282,-1.6178879,1.1430635,-0.74106485,-1.6253544,-1.898155,1.2335802,0.4670845,-3.506327,-2.2663848,-0.10412632,1.3104938,0.36004603,-2.3245614,1.1543431,1.006348,-0.25877059,-4.511892,0.88162684,-1.2858096,-4.9727483,-0.69896305,-1.5723311,-2.6794538,-2.4219434,1.088254,-2.6540594,-2.2537649,-0.35622635,1.842775,-2.4595184,-0.26473403,4.5834723,-2.0882406,-3.1962156
1,/data_nas/huangyj/data/placePulse/rawData/googleviews-110802files/513e6c0efdc9f0358700c0f5.jpg,-0.28342104,-2.8122985,1.5535262,0.5307223,-1.3097538,-0.54699403,-0.8306759,-0.34873205,-5.2678556,-0.6478626,0.81266344,1.1821789,-1.9951723,-0.67619973,2.6474464,0.66086584,-0.2158862,1.1871947,-0.1323516,-1.1075456,-0.9470293,0.8894565,-1.0796341,0.46705455,-1.2661188,-0.07437767,0.7005165,-0.51815087,-1.0960174,1.7216845,-0.7898252,-1.8382463,-1.5223792,-1.1116911,-2.1900623,-4.722059,-0.23807096,-0.03755718,0.779917,-1.0280659,2.081274,-1.1904862,-3.1054096,0.6734809,1.55138,-1.4777174,0.8569454,4.9638147,-1.1230549,-2.1173925
1,/data_nas/huangyj/data/placePulse/rawData/googleviews-110802files/50f60b97beb2fed9100000f5.jpg,0.6882431,-2.192686,0.3248616,0.30577227,0.052712165,-0.32172835,-1.0940382,0.47058037,-3.5560727,-0.97721183,0.1982734,1.3156908,-0.5422176,-1.4932632,2.2691944,0.35356674,0.8628622,0.19786625,-0.35856572,0.085403815,-0.43836886,0.70659345,-0.57544345,-1.1840166,-0.93679786,-1.2456478,1.1949216,-0.9751964,-0.1900342,1.5908259,-0.814735,1.5503337,-2.759065,-1.4488369,-1.858747,-2.6594813,-0.7385488,-0.019248921,0.7298063,-0.4576778,-1.2647315,-0.3853237,-3.0725443,-1.9772614,1.8635217,-0.91460246,0.38488925,3.718327,-0.16765788,-1.4934744
0,/data_nas/huangyj/data/placePulse/rawData/googleviews-110802files/50f5e768fdc9f065f00070f0.jpg,-1.2939535,-2.5488338,2.0994709,-0.2269516,1.7062881,-1.6519455,-1.7388991,-1.2293772,-5.057384,-1.1289824,1.7670232,1.4288788,-2.5208108,-0.8023234,2.378808,1.2511953,-0.85147846,2.3170772,-1.3246915,-1.3307755,-1.6562037,1.7420619,0.3429095,-3.257963,-1.2267079,-0.5048614,1.5087671,-0.61400175,-1.8861454,1.7266212,-0.83042806,0.6331638,-4.4752045,-0.79139876,-2.0902953,-4.746723,-0.76965106,-0.23407128,-1.6449807,-1.1916292,0.31266788,-1.7119154,-2.4445605,-1.2552927,1.8685163,-1.9368447,0.9058776,4.8983827,-2.7854812,-2.2838473
1,/data_nas/huangyj/data/placePulse/rawData/googleviews-110802files/513f326bfdc9f0358700e081.jpg,-1.3121437,-2.2529414,2.0645938,-0.2154356,1.4522717,-1.4357917,-1.5159087,-1.2176055,-3.2887115,-0.9784294,1.8242128,1.3235589,-2.4485364,-0.2828983,1.9688795,1.0604478,-1.138292,2.1159115,-1.2119669,-1.2996035,-1.4860554,1.2910929,0.3169699,-2.4014528,-1.1491201,0.09591766,1.300661,-0.5669413,-1.8303169,1.1966678,-0.6763211,0.16086143,-3.1560822,-0.51652974,-1.692058,-3.0850914,-0.3770399,0.025278514,-1.491846,-0.7740577,0.46855757,-1.55468,-1.3391589,-0.90175563,1.3019712,-1.0897994,0.667722,3.116164,-2.5481946,-2.0626101
1,/data_nas/huangyj/data/placePulse/rawData/googleviews-110802files/50f60b91beb2fed910000088.jpg,0.24704279,-0.27130693,0.65993387,0.9723604,0.09384351,0.42763805,0.4537082,0.23405896,-1.4474701,0.93183374,-0.16051959,-0.2903015,-0.96252036,2.0670142,0.33855885,-0.66253364,-0.15653025,0.316142,0.5422213,0.09806441,0.10074504,-0.8713205,-1.1166996,-0.19594434,0.33426303,2.3624325,-0.660193,1.0294492,-0.3937238,-0.8977746,0.58708453,-3.70184,-0.42352396,0.7720832,0.28678268,-1.8653158,1.8508898,-0.40892214,-0.8970812,-1.1434824,3.3419294,0.308898,1.137927,2.1878536,-1.0012633,-0.8141489,-0.46493965,1.184353,-0.61778444,0.047308616
0,/data_nas/huangyj/data/placePulse/rawData/googleviews-110802files/50f5e75dfdc9f065f0007085.jpg,-1.9597292,-2.2911084,2.7919188,-0.59753233,1.8991146,-1.9863228,-1.8348356,-1.5921408,-3.895817,-0.8619322,2.2766705,1.2327853,-3.2451534,-0.1578732,2.1095462,1.0312848,-1.6777102,2.4865997,-1.5792786,-1.6681644,-1.9571109,1.6952058,0.96021354,-3.0578692,-1.3966186,0.14198692,1.5842824,-0.21761169,-2.3433366,1.2131132,-0.07439175,-0.602468,-3.6840584,-0.044228286,-1.4766958,-3.982028,-0.6004619,-0.4845501,-2.3569238,-1.4754099,1.4449948,-2.081198,-1.2112718,-0.19648358,1.4317224,-1.6604481,0.646519,3.4938173,-3.28702,-2.2641213
0,/data_nas/huangyj/data/placePulse/rawData/googleviews-110802files/51408f3cfdc9f0492600005d.jpg,-1.788226,-2.6055355,3.258133,-0.4585829,-0.06246519,-1.476599,-1.3373891,-1.0286789,-3.6896327,-0.12742983,2.0807776,0.7598834,-3.6594443,0.19762096,2.4842942,0.004384483,-1.8399217,1.3374091,-0.82893014,-1.7095548,-1.8230146,1.0226758,0.6176062,-0.40920556,-1.9580656,0.6381298,1.230879,0.3644538,-2.163924,0.85521626,1.1682955,-3.2564075,-1.3245611,0.6448053,-0.933351,-3.8630385,-0.3612898,-1.1209732,-1.2939348,-2.143265,3.5660377,-2.2893312,-1.1900628,2.0500827,1.1703224,-1.5261245,0.07527555,2.93372,-2.218086,-2.4828422
1,/data_nas/huangyj/data/placePulse/rawData/googleviews-110802files/50f5eee5fdc9f065f000905d.jpg,0.1904061,-2.956688,1.588551,0.71912897,-0.4248307,-0.063093886,-0.50408775,0.3728766,-5.742623,0.04678353,0.60134697,0.5410259,-1.7363579,-0.72847134,2.8997407,-0.41510072,0.2718695,-0.1752263,0.4216677,-0.52114666,-0.6687871,0.3879084,-1.215367,-0.63475484,-1.6282555,-0.4088961,0.5786014,0.11216966,-0.7379146,1.3778337,0.3939467,-1.1709702,-2.7102327,-0.27308187,-1.6216156,-5.165694,-0.28452912,-1.1735657,0.23289691,-1.9911498,1.411124,-1.203879,-3.5607357,0.25394547,1.7566569,-2.2214222,-0.12766314,5.5147266,-0.053085163,-2.3248723
0,/data_nas/huangyj/data/placePulse/rawData/googleviews-110802files/50f5e75bfdc9f065f0007053.jpg,-1.404788,-2.6190372,2.5318978,-0.03591991,0.13634369,-1.3916936,-1.3024178,-1.147108,-4.947492,-0.6052033,1.7164389,1.109076,-3.0288246,-0.18044183,2.4275513,0.8364361,-1.2371869,2.0478618,-0.8484224,-1.6388266,-1.622066,1.3256251,-0.018206405,-1.11235,-1.4100006,0.30494148,1.0691531,-0.17033711,-1.9697006,1.4228315,-0.27295822,-2.025171,-2.4597256,-0.3483559,-1.7851205,-4.8387785,-0.3231885,-0.38871035,-0.98580784,-1.5057828,2.5783334,-1.8515838,-2.0597284,0.89707124,1.4095215,-1.775922,0.76236814,4.4701424,-2.478924,-2.3077247
0,/data_nas/huangyj/data/placePulse/rawData/googleviews-110802files/5140ce7cfdc9f04926003052.jpg,-2.0183125,-2.6280265,3.282532,-0.24612875,1.0156028,-1.3514622,-1.069902,-1.412581,-3.1951363,-0.10610271,2.4700692,0.67126447,-3.5832016,0.4866365,2.1919749,0.27613416,-2.1321542,1.6219827,-0.72384137,-1.9219798,-1.7787795,0.8769477,0.29315892,-1.3886147,-1.8608127,0.98825014,0.94277394,0.2561862,-2.413449,0.71365106,0.61269075,-2.0990894,-2.0152235,0.7643143,-1.0820955,-3.3600936,-0.03376337,-0.7037155,-1.9585111,-1.6161269,2.5032272,-2.3577733,-0.81848127,1.048246,0.95475465,-1.3015358,0.067564406,2.6237745,-2.355496,-2.6589155
1,/data_nas/huangyj/data/placePulse/rawData/googleviews-110802files/513d6ccffdc9f03587005052.jpg,0.9884059,-1.1092879,-0.35808936,1.1908847,-0.44838145,-0.07874412,-0.46210656,0.290303,-5.864765,-0.55885565,-0.8581346,0.9185633,-0.22035632,-0.16293614,1.4418923,0.9761143,1.3890767,1.5475112,-0.08817034,0.1962895,-0.01391067,0.71396655,-1.5807233,-1.1992592,0.6002366,0.041480668,0.117807664,-0.28379837,0.031235646,1.3108706,-1.6188757,-1.2763162,-3.0806808,-1.7257799,-1.8865762,-5.4511733,0.5170324,0.19942045,0.47541466,-0.8422743,1.6476648,0.5846508,-2.5869732,0.067722335,0.86061996,-2.1399317,1.1421696,5.9357405,-1.2719735,-0.22723967
0,/data_nas/huangyj/data/placePulse/rawData/googleviews-110802files/51414b2cfdc9f04926007050.jpg,-1.9464759,-2.4836004,3.1055064,-0.31068197,1.4276353,-1.6212913,-1.3533291,-1.4245839,-4.2969084,-0.30207145,2.2685838,0.787912,-3.495601,0.22937185,2.2365348,0.5231588,-1.7954886,1.9906557,-1.0269955,-1.7653667,-1.8392491,1.3043191,0.50596666,-2.3695025,-1.6216447,0.5806104,1.1527017,0.2573656,-2.3481214,0.978799,0.47028482,-1.7936268,-3.1567724,0.4968851,-1.2453386,-4.50205,-0.27346113,-0.90423226,-2.289206,-1.9431585,2.4668653,-2.241862,-1.2740408,0.78455085,1.2310321,-1.9488289,0.3023524,3.7822697,-2.8066025,-2.4763925
1,/data_nas/huangyj/data/placePulse/rawData/googleviews-110802files/513d7cecfdc9f0358700705b.jpg,1.0583402,-0.133009,-1.0538218,0.99898005,-1.4496654,-0.43617097,-0.77459365,0.09684767,-4.755144,-1.0911137,-1.4265187,1.3878341,0.16085368,0.09554428,0.6956426,1.7599312,1.5013225,2.5761194,-0.7053638,0.3302092,0.065203756,0.9549983,-1.2016189,-0.048805762,1.5278072,0.37232977,0.22475442,-0.656481,0.19260858,1.2199848,-2.384643,-2.2760108,-1.6738178,-2.5005972,-1.8499962,-4.4709835,0.708465,1.092773,1.1450258,-0.10516755,2.5074308,1.2840075,-1.5354058,0.83770525,0.31129056,-1.3893188,1.916877,4.7635784,-2.187122,0.8582902
1,/data_nas/huangyj/data/placePulse/rawData/googleviews-110802files/5140ced3fdc9f049260030a6.jpg,-0.54049164,-2.3459988,1.9508513,0.17938696,-1.096014,-0.8521317,-1.0389656,-0.27731055,-4.494954,-0.30273005,0.82481545,0.93344855,-2.4077666,-0.110564075,2.4371123,0.13534963,-0.49202585,1.029102,-0.42169967,-0.93659395,-1.133117,0.7848022,-0.3047887,0.32343432,-1.2682143,0.3032961,0.91108006,0.07635963,-1.2310332,1.1141244,0.36346048,-3.0469694,-1.2376813,-0.33436078,-1.3298684,-4.354766,-0.13371992,-0.7078231,0.11150738,-1.7748476,3.1847928,-1.2376292,-2.026952,1.7110404,1.21396,-1.606973,0.38655388,3.992163,-1.5086789,-1.7819922
0,/data_nas/huangyj/data/placePulse/rawData/googleviews-110802files/513f328ffdc9f0358700e0a6.jpg,1.5157803,-1.0910505,-0.5413274,1.4185112,-1.3885514,0.965487,0.3994458,1.0012047,-2.6660228,0.12225576,-0.9792752,0.42187136,0.2928095,0.38928527,1.1289433,-0.20053686,1.2677774,-0.2460991,0.8752335,0.59471285,0.6017407,-0.7039722,-2.1012502,1.0354484,0.19952527,0.7882061,-0.46518227,-0.079606235,0.5212896,0.34848484,-0.7622678,-1.5818119,-0.38064688,-0.933525,-1.042868,-2.1405058,1.1322912,0.29630584,1.4737883,-0.26643717,1.1670967,0.80717754,-1.4261335,0.39876097,0.09550128,-0.59212893,0.14997385,2.7617152,0.6065067,-0.2573537
0,/data_nas/huangyj/data/placePulse/rawData/googleviews-110802files/50f5eb3bfdc9f065f00080a7.jpg,-0.25315428,-0.334257,0.51771146,-0.16629122,1.2305298,-1.1207112,-1.3675106,-0.33694023,-0.7592269,-0.84320265,0.4127221,1.144219,-1.0578539,0.28040203,0.6435741,0.785675,-0.15403615,1.7281692,-1.3642504,-0.04458267,-0.6735411,0.8605457,0.63464457,-1.914839,0.2601288,0.3742458,1.1990637,-0.36683795,-0.66484743,0.3548911,-0.50035477,-0.37993476,-1.8802167,-0.6905862,-0.6480128,-0.80584806,0.12281386,0.2532172,-1.1586932,-0.30886593,0.61355454,0.031137308,0.4652414,-0.46403196,0.36587638,-0.29340002,0.5627665,0.70151025,-2.1816049,-0.052181445
1,/data_nas/huangyj/data/placePulse/rawData/googleviews-110802files/51392726818ede12960010a7.jpg,0.6998413,-0.7146291,0.600287,0.57157564,1.4083073,0.61493033,0.20628056,0.945196,-0.01761727,0.9429585,0.042238154,-0.3456747,-0.4104933,1.1057956,0.7397198,-1.6102035,0.28578827,-1.395852,0.6057905,0.80806774,0.1804635,-1.1702613,-0.530088,-1.5521934,-0.48963863,1.1050403,-0.030157195,0.88737404,-0.0030834926,-0.9550832,1.569281,-0.53337884,-1.5733942,1.2703438,0.6697582,-0.0786601,1.0060539,-1.1355603,-1.1499574,-1.2530984,0.1751733,0.09242098,0.6337578,-0.18466783,-0.24976167,-0.5183652,-1.517685,0.030550435,0.7857362,-0.5258411
1,/data_nas/huangyj/data/placePulse/rawData/googleviews-110802files/50f60b92beb2fed9100000a7.jpg,0.55321515,-1.5466068,0.8262213,0.9843041,-1.1101786,0.51898104,0.20549624,0.58386135,-2.727013,0.5112947,-0.012536717,0.15348165,-1.075738,0.67789817,1.5106975,-0.66904753,0.17094533,-0.2973927,0.74980295,-0.10260551,-0.025064807,-0.5566909,-1.4569073,0.9579144,-0.61783946,1.1183137,-0.18873897,0.40438658,-0.2436686,0.16548108,0.35806248,-2.8752723,-0.21523955,0.059929006,-0.6475296,-2.5232255,0.938462,-0.4476513,0.5346099,-1.094043,2.5028865,-0.19235823,-1.0643327,1.5289868,0.17643818,-0.8550387,-0.28044602,2.4501216,0.24378863,-0.975868
0,/data_nas/huangyj/data/placePulse/rawData/googleviews-110802files/513cdd26fdc9f035870020a9.jpg,-2.0538769,-1.580564,2.0567834,-0.18370882,3.8106816,-1.797061,-1.4472977,-2.2914023,-2.4461694,-1.1055244,2.5609784,1.2694944,-2.5085475,0.583539,0.98748934,2.0111504,-1.8916808,3.616402,-1.6276791,-1.7315344,-1.6330434,1.5958886,0.45749694,-4.879966,-0.3746866,0.971854,1.0088817,-0.61331123,-2.3919756,0.8213482,-1.8472234,1.5137875,-4.678001,-0.4126,-1.774901,-2.6174152,0.2744866,0.85408556,-3.4619455,0.14242432,-0.48417598,-1.4783978,0.12977447,-2.1751118,0.58883727,-0.9334408,1.0711399,2.5141287,-3.9017806,-1.7642307
1,/data_nas/huangyj/data/placePulse/rawData/googleviews-110802files/51413fc5fdc9f0492600600c.jpg,1.8270264,-0.8712831,-1.184817,0.022030802,1.0722109,-0.5838736,-1.7617445,1.3830825,-4.5229545,-1.3390874,-1.380302,1.4215941,0.973516,-2.1765423,1.801196,0.32540765,2.706535,0.021914298,-1.0915563,1.6930119,0.0112729855,1.19919,0.30077142,-3.5198839,0.18864974,-2.6605706,1.7752814,-0.818953,0.88982385,1.6332473,-0.45431644,3.1132054,-5.1980195,-2.0319788,-1.3388718,-3.647509,-1.349748,-0.83703566,0.3816369,-1.2914814,-2.4490962,0.84705436,-3.4750233,-3.0807247,2.2445583,-2.1072755,0.38644332,4.9576283,-0.41802704,0.007276021
0,/data_nas/huangyj/data/placePulse/rawData/googleviews-110802files/513d9d4afdc9f03587008008.jpg,-1.1171815,-1.4799799,1.3159271,-0.34520522,1.5913184,-2.048299,-2.0885513,-1.3523993,-5.243956,-1.5575945,1.0324733,1.7056401,-2.0192747,-0.61921245,1.6660191,1.9723494,-0.38223603,3.3670654,-1.9909705,-0.9731172,-1.5324141,2.1487207,0.7458621,-3.5789237,-0.1753512,-0.47632673,1.6118436,-0.73429817,-1.6561098,1.6897606,-1.4022412,0.10110497,-4.6871343,-1.4470313,-2.0180342,-5.122154,-0.6635453,0.14297357,-1.6821854,-1.0762913,0.984975,-0.96214753,-1.834861,-0.85257715,1.5336726,-2.0800414,1.5489597,5.0830913,-3.852603,-1.1330694
0,/data_nas/huangyj/data/placePulse/rawData/googleviews-110802files/513e6b62fdc9f0358700c00a.jpg,0.2723216,-1.8896875,0.39809728,0.24756667,2.0479293,-0.9387472,-1.4964648,-0.13115847,-5.361771,-1.1945378,0.34606448,1.3737167,-0.6862176,-1.3004173,2.0620763,1.0216875,0.9257178,1.4411418,-0.99285,0.05385196,-0.7411319,1.4483925,-0.20199855,-4.206739,-0.39406353,-1.3340589,1.3250084,-0.7355065,-0.5714566,1.7425251,-1.2050555,2.4635456,-5.6887817,-1.4841404,-2.05597,-4.751221,-0.7451098,-0.2973043,-1.017437,-1.0059382,-1.5244612,-0.40335506,-3.1386821,-2.78934,1.9885843,-2.2562845,0.76574266,5.66066,-1.6885351,-1.3143287
0,/data_nas/huangyj/data/placePulse/rawData/googleviews-110802files/50f43b70fdc9f065f00030b9.jpg,-1.4484445,-2.5458744,2.634174,-1.0724583,1.361369,-2.078376,-2.354658,-0.8125279,-4.029131,-1.0435674,1.8967485,1.3951399,-2.983,-1.2137382,2.7269092,0.39395955,-1.0232327,1.40434,-1.7701199,-1.0773661,-1.9769225,1.8286042,1.6381832,-2.7857387,-1.9133183,-1.139116,2.327491,-0.34896597,-1.875612,1.5070317,0.8556443,0.07290421,-3.75423,-0.17895988,-1.264927,-3.8422017,-1.5438793,-1.2603436,-1.6347828,-2.0986347,0.73221874,-2.1062155,-2.1901083,-0.55599767,2.2363043,-1.7999803,0.20466657,3.5948524,-2.470749,-2.3822749
1,/data_nas/huangyj/data/placePulse/rawData/googleviews-110802files/513d7836fdc9f035870060b5.jpg,0.09764023,-2.530911,1.6955881,0.8905798,-0.82688713,0.30290708,0.013546219,0.34500962,-4.0468745,0.5346703,0.658038,0.17368613,-1.7777352,0.24574399,2.3292212,-0.8006331,-0.18410173,-0.42804626,0.8130711,-0.5665347,-0.47507307,-0.3013904,-1.4347119,0.48242384,-1.4608977,0.69043434,0.062951885,0.45523462,-0.77241355,0.57661176,0.7168516,-2.4490738,-1.1250765,0.3577606,-1.0004227,-3.737935,0.47485176,-0.95605886,0.23213242,-1.6801941,2.3006952,-1.0409373,-2.10142,1.2305381,0.85204583,-1.4623047,-0.4863696,3.7024841,0.21052498,-2.0233564
0,/data_nas/huangyj/data/placePulse/rawData/googleviews-110802files/50f5eb3cfdc9f065f00080ba.jpg,-1.1522868,-1.5831617,2.3267577,-0.39788362,0.1189649,-1.1025784,-1.1272926,-0.5557673,-2.0830925,0.008382467,1.2812355,0.59576005,-2.7195523,0.6421746,1.7110764,-0.2591839,-1.280633,0.97470844,-0.79241496,-0.94749403,-1.2545966,0.5553717,0.65136504,-0.3997895,-1.1841054,0.9616762,1.0180359,0.47304752,-1.5365286,0.17675252,1.2922097,-3.1835437,-0.81473917,0.5969674,-0.24779458,-2.378497,0.09572311,-0.98519355,-1.1723182,-1.8344837,3.2396855,-1.3663354,-0.009260403,1.9887539,0.5100024,-1.0112292,-0.16433518,1.466333,-1.8672177,-1.4130993
0,/data_nas/huangyj/data/placePulse/rawData/googleviews-110802files/514137c5fdc9f04926005043.jpg,-1.5175085,-0.48473173,1.2102336,-0.7904035,2.8985782,-2.344629,-2.2834291,-1.7102346,-1.7680525,-1.6772919,1.4620477,1.7520834,-1.9042488,0.061822936,0.621665,2.100242,-1.0304966,3.6943135,-2.5349514,-0.87101257,-1.5671333,2.0413532,1.6203892,-4.307206,0.31399357,0.13862868,1.8148198,-0.8230956,-1.765072,0.8839845,-1.4381168,0.96311283,-4.037856,-1.0455981,-1.2920637,-1.9645116,-0.36427626,0.70128167,-2.7256448,-0.12198543,0.0070313057,-0.6917211,0.52797747,-1.5591215,0.73995215,-0.7656,1.3597902,1.7082453,-4.3064656,-0.47917673
0,/data_nas/huangyj/data/placePulse/rawData/googleviews-110802files/513e6b88fdc9f0358700c043.jpg,-0.64540935,-2.5245595,2.43736,-0.18759955,-0.7518171,-0.8363159,-1.1096325,0.01876921,-3.840564,0.06170512,1.0870284,0.6169736,-2.680028,-0.15469591,2.6602197,-0.72583336,-0.6804803,0.08099839,-0.3555917,-0.76731455,-1.2541802,0.51291746,0.23392333,0.08464984,-1.8705837,0.11953859,1.1479709,0.44789243,-1.2846012,0.7446321,1.6369915,-2.932994,-1.2489884,0.47663122,-0.6685048,-3.7677643,-0.40188196,-1.5461947,-0.2682649,-2.4509094,3.0031412,-1.6120435,-1.8275951,1.7947725,1.3235892,-1.6311572,-0.41171342,3.2246928,-0.96911436,-2.1020882
0,/data_nas/huangyj/data/placePulse/rawData/googleviews-110802files/513d56cbfdc9f03587003049.jpg,-2.2977166,-1.7400861,2.5706422,-0.3587835,2.8748407,-2.1127975,-1.6432909,-2.233921,-4.349877,-0.91080046,2.3457742,1.1480354,-3.1523454,0.47048342,1.4233068,1.7912095,-1.8866519,3.669049,-1.7453923,-1.8957013,-1.9363099,1.8488503,0.73552287,-4.2923927,-0.636469,0.7857484,1.1395855,-0.18712774,-2.6279187,1.0494313,-1.015177,-0.39926028,-4.6663194,-0.16978747,-1.6482762,-4.6399703,-0.031837627,0.05920683,-3.3012817,-1.0949491,1.5137277,-1.8561451,-0.5719761,-0.45097783,0.9048218,-1.9418591,1.1217055,4.063104,-4.297777,-1.8699718
0,/data_nas/huangyj/data/placePulse/rawData/googleviews-110802files/50f5e75afdc9f065f000704f.jpg,-1.6718851,-2.365455,2.4503624,-0.41915363,1.9363087,-1.811222,-1.7674867,-1.4760841,-4.015339,-0.99398774,2.106491,1.3556443,-2.8820689,-0.36268672,2.1420562,1.1583679,-1.3790741,2.4278297,-1.4536957,-1.5311579,-1.8056564,1.6588856,0.6568449,-3.1795542,-1.2716333,-0.040368464,1.5228063,-0.45192388,-2.1486242,1.370163,-0.5291688,0.0959859,-3.9325457,-0.37406772,-1.753598,-3.9420748,-0.5977104,-0.21931885,-2.084411,-1.1347212,0.7555125,-1.8740311,-1.5259608,-0.8201625,1.5298162,-1.5816898,0.7482907,3.783371,-3.0136104,-2.2505896
0,/data_nas/huangyj/data/placePulse/rawData/googleviews-110802files/51414b25fdc9f04926007048.jpg,-2.0093186,-2.5105567,3.121923,-0.64107275,2.583006,-1.8408792,-1.7136523,-1.4170761,-3.8058803,-0.48759592,2.505459,0.8955784,-3.3845184,-0.05991517,2.2833898,0.43067223,-1.7697067,1.8477683,-1.3652619,-1.5458682,-1.9766521,1.4405104,1.0627961,-3.7409809,-1.7730557,0.12542647,1.57578,0.14450306,-2.3931708,0.93044156,0.6855597,-0.1921275,-4.256225,0.6029041,-1.1109089,-3.9440272,-0.60530424,-1.1148678,-2.929284,-1.982297,1.0505964,-2.3378415,-1.1805,-0.47161153,1.4923744,-1.9329717,0.033409305,3.414569,-2.8873105,-2.6095583
1,/data_nas/huangyj/data/placePulse/rawData/googleviews-110802files/51414812fdc9f04926006bdd.jpg,1.7425153,-0.42236617,-1.0692426,1.4432473,0.6918124,0.78762746,0.22602837,1.0247355,-3.4407997,0.12349989,-1.296051,0.27719587,0.8777172,0.47052616,0.66652423,-0.049853664,1.8493558,0.09146292,0.55264443,1.1898957,0.7065671,-0.48352167,-1.7941791,-1.9795449,0.887223,0.49184167,-0.39793164,0.1323228,0.6850116,0.17577925,-0.9226253,0.12160313,-3.1603692,-0.8681813,-0.84242135,-3.0882516,1.175438,-0.008961877,0.02964267,-0.56813,-0.0729151,1.2843726,-1.2833501,-1.0278816,0.09010094,-1.483703,0.05489118,3.8287058,0.058312006,0.31568855
0,/data_nas/huangyj/data/placePulse/rawData/googleviews-110802files/50f5e646fdc9f065f0006bdd.jpg,-1.5657554,-1.6747606,2.6314497,-0.75409585,0.5275442,-1.6342456,-1.5910034,-0.8828019,-2.1032166,-0.34179798,1.6918789,0.87030643,-3.0833886,0.34428176,1.7861693,0.062204827,-1.5731592,1.4191331,-1.312686,-1.1633476,-1.6454725,0.9922694,1.2417768,-1.00368,-1.3613237,0.60562515,1.4836153,0.25185248,-1.8550509,0.43126768,1.2034328,-2.615894,-1.3287414,0.5428904,-0.41966286,-2.3929563,-0.33278316,-0.95645446,-1.5899937,-1.8477389,2.8982298,-1.6959885,-0.07041282,1.557532,0.8268893,-1.011703,0.010233391,1.4437512,-2.426186,-1.6166115
1,/data_nas/huangyj/data/placePulse/rawData/googleviews-110802files/50f44800fdc9f065f0003bde.jpg,0.28248844,-1.879624,0.65704787,0.96721846,-1.236129,0.13070819,-0.15535517,-0.055509657,-3.4587936,-0.31653097,0.24408014,0.8537511,-1.0972981,0.20919813,1.6730787,0.5293107,0.06271675,0.96786475,0.30860034,-0.6096429,-0.2757809,0.12016393,-1.6349645,0.8856314,-0.41130322,0.85589606,0.004464688,-0.40444037,-0.5389129,0.92679745,-1.1832867,-1.9866843,-0.54004675,-1.0490563,-1.7011495,-3.0302758,0.7232323,0.5578691,0.91280067,-0.22087261,1.8894022,-0.25790712,-1.6898274,0.6714736,0.5096107,-0.66374236,0.70685095,3.3325932,-0.6320067,-1.1860373
0,/data_nas/huangyj/data/placePulse/rawData/googleviews-110802files/50f5eaaafdc9f065f0007bde.jpg,-1.3449062,-2.3248463,2.1351862,-0.34492096,1.570381,-1.9608139,-1.9975834,-1.2383008,-5.976941,-1.1732215,1.536938,1.4517282,-2.664532,-0.8359214,2.405445,1.3671656,-0.68664813,2.6628227,-1.6036997,-1.2617303,-1.7876825,2.0880888,0.6416233,-3.4913826,-1.0384552,-0.68145347,1.6743704,-0.4195964,-1.8996164,1.8424591,-0.62261933,-0.09289457,-4.8609896,-0.8457928,-2.0303953,-5.8189163,-0.92948586,-0.56432647,-1.8091751,-1.7310272,1.1740106,-1.6645775,-2.6057427,-0.6279891,1.9797668,-2.5200078,1.066264,5.710633,-3.289472,-2.0175147
0,/data_nas/huangyj/data/placePulse/rawData/googleviews-110802files/50f5eaaafdc9f065f0007bdf.jpg,0.20491946,-2.5585976,0.9212814,0.33761707,0.20793605,-0.8736855,-1.431596,0.015471038,-6.774287,-1.0259192,0.29293585,1.3595464,-1.3130782,-1.5458391,2.797224,0.8087367,0.8307908,1.2188296,-0.6730978,-0.34314668,-0.9037042,1.5063782,-0.54198927,-2.1718743,-0.9348705,-1.3952807,1.2899827,-0.5978599,-0.6852467,2.1620843,-0.7912885,0.41168407,-4.387194,-1.5366329,-2.3260093,-6.0692067,-0.94679755,-0.64753276,0.06352505,-1.6373775,0.33787116,-0.8381276,-4.1741776,-1.0739645,2.3254895,-2.6264904,0.90566844,6.7546797,-1.4231312,-1.8049265
1,/data_nas/huangyj/data/placePulse/rawData/googleviews-110802files/50f42c6afdc9f065f0001bd0.jpg,0.6180475,-1.4589682,0.11227001,1.2408082,-1.4673842,0.17334783,-0.08380775,0.038032264,-4.2934036,-0.40529612,-0.31199363,0.8895079,-0.68415976,0.2137435,1.4104972,0.8742851,0.558075,1.3525939,0.27913517,-0.38667914,-0.042890515,0.24972585,-1.9028893,0.7813445,0.15090185,0.7982086,-0.17927441,-0.43200615,-0.2588866,1.0832506,-1.671263,-2.2594984,-0.8831122,-1.4847914,-1.884879,-3.8471994,0.85351956,0.7469635,1.1182547,-0.176397,2.2261088,0.21514946,-1.9368914,0.8535907,0.44240305,-1.0135285,1.0930338,4.206398,-0.85940367,-0.6595412
0,/data_nas/huangyj/data/placePulse/rawData/googleviews-110802files/513cc8a8fdc9f03587001b67.jpg,-0.8468654,-1.1948544,1.223814,0.11506115,-0.37315392,-1.4171072,-1.3445454,-1.0853804,-4.2884216,-1.0024381,0.5999977,1.3942304,-2.056469,0.33170995,1.368458,1.6054657,-0.5472112,3.0380206,-1.2690333,-1.0780817,-1.1487893,1.4134374,-0.053875916,-0.7374289,0.08236246,0.76253194,0.8529036,-0.39357018,-1.3846647,1.1806538,-1.2589861,-2.8239725,-1.808844,-1.2526412,-1.6780767,-4.367005,0.23190467,0.47417632,-0.514037,-0.810721,3.289837,-0.5763325,-0.936737,1.4056011,0.6302714,-1.3835467,1.5362072,3.911337,-3.227186,-0.6905587
0,/data_nas/huangyj/data/placePulse/rawData/googleviews-110802files/50f5e63cfdc9f065f0006b6e.jpg,-2.020008,-1.5038866,2.91774,-0.45066467,0.82479143,-1.7518753,-1.3379103,-1.4530832,-2.886476,-0.12920769,1.9252846,0.66786337,-3.4833467,1.1139708,1.4833146,0.51652485,-1.9960103,2.393269,-1.2790794,-1.6071354,-1.7656243,1.0884017,0.9152109,-1.39233,-0.9853265,1.4437757,1.0007108,0.5794942,-2.2746663,0.27945632,0.7766643,-3.6261656,-1.6380961,0.747134,-0.5290186,-3.4589539,0.26899752,-0.7403466,-2.2914867,-1.8907248,4.038475,-1.766604,0.37234583,2.2831647,0.34961525,-1.447406,0.34334072,2.1620696,-3.3625903,-1.5304583
0,/data_nas/huangyj/data/placePulse/rawData/googleviews-110802files/513f2e1cfdc9f0358700db60.jpg,-0.33293253,-2.1567576,1.6552786,-0.13428518,0.4617406,-0.5380608,-0.97598785,0.01608727,-1.0452988,-0.32495087,1.2710621,0.8539163,-1.7495927,-0.3062242,1.9822985,-0.41589502,-0.6171726,-0.09457988,-0.38459793,-0.4580884,-0.875547,0.2251777,0.13779067,-0.6867628,-1.5467973,0.016605668,1.1474888,-0.2649208,-0.92999864,0.54794544,0.62115216,-0.02826211,-1.2476683,0.11692282,-0.7826348,-0.7226644,-0.28416327,-0.5001578,-0.3894141,-0.78561777,0.0051026205,-1.1223458,-0.9752369,-0.6470769,1.0732464,-0.17217602,-0.451796,0.9023851,-0.38911766,-1.8669682
0,/data_nas/huangyj/data/placePulse/rawData/googleviews-110802files/513d5f00fdc9f03587003b36.jpg,-1.5806148,-2.8513606,2.9649098,-0.82051826,0.67164385,-1.7381303,-1.9064822,-0.90139735,-3.216829,-0.7562618,2.1616805,1.2706304,-3.2669692,-0.7219343,2.7490525,0.17936786,-1.4805895,1.1596974,-1.302706,-1.400678,-1.9347078,1.3590391,1.1289687,-1.4897476,-2.1724195,-0.40062803,1.9175118,-0.25433347,-2.0249186,1.2690604,0.87957746,-0.83238125,-2.3923798,0.13420951,-1.239829,-3.0759609,-1.0839554,-0.9841762,-1.2356719,-1.7704542,1.3303767,-2.2766063,-1.7621663,0.09250572,1.8499908,-1.2344402,0.07388262,2.7263772,-2.075431,-2.6787858
1,/data_nas/huangyj/data/placePulse/rawData/googleviews-110802files/5140b7ecfdc9f04926001b32.jpg,0.87956035,-0.863487,-0.66319597,-0.15950428,1.8334548,-1.349519,-2.1766238,0.3333374,-5.2198644,-1.7843474,-0.6683577,1.7746618,0.18729065,-1.9450774,1.6657146,1.3897777,1.920665,1.7397883,-1.7647318,0.8881805,-0.5564799,1.9449878,0.61519367,-4.5474014,0.41035366,-2.2936163,1.9512185,-1.0685923,0.0715538,1.9484391,-1.3705623,3.0344827,-6.0214972,-2.3437018,-1.8714521,-4.5339193,-1.3092389,-0.26120743,-0.56987774,-0.98455685,-1.9731857,0.4454922,-3.1641269,-3.130883,2.212647,-2.287167,1.1463108,5.576717,-2.0768054,-0.13716146
0,/data_nas/huangyj/data/placePulse/rawData/googleviews-110802files/51413c7ffdc9f04926005b39.jpg,-0.010523086,-1.0122592,0.75695384,-1.0781897,1.9206463,-1.9584029,-2.6883974,0.25842634,-3.7988713,-1.3424056,0.14629315,1.5251449,-1.1804541,-1.573044,1.977424,0.3383317,0.8331279,1.0753325,-2.217134,0.5953989,-1.2158866,1.9104435,2.060134,-4.1615524,-0.5635533,-2.0394015,2.6410804,-0.37698364,-0.5387644,1.3230908,0.8396259,1.3175757,-5.027526,-0.9305884,-0.74092776,-3.5779543,-1.6985177,-1.4982684,-1.4333651,-2.2347758,-0.44102857,-0.48762098,-1.9988198,-1.5506431,2.1884098,-2.1752884,0.2398089,3.6886637,-2.2805178,-0.59055
0,/data_nas/huangyj/data/placePulse/rawData/googleviews-110802files/513cb78dfdc9f03587000b38.jpg,-0.6070514,-0.56001145,0.364844,-0.1440545,3.87238,-1.9423217,-2.0385318,-1.1936215,-4.7871675,-1.5603018,0.627577,1.5385932,-0.9828573,-0.3937531,0.875604,2.1344073,0.31365415,3.5359619,-2.150082,-0.1787813,-1.1455753,2.1651466,0.8139024,-6.492286,0.7683753,-0.5940727,1.5011435,-0.647023,-1.1723017,1.3396552,-1.9178513,2.4391892,-6.9975233,-1.4987346,-1.7788634,-4.783694,-0.3649447,0.22763374,-2.998549,-0.7093681,-1.0449594,-0.1275518,-1.2192065,-2.8624144,1.2550528,-2.3908913,1.4287072,5.092804,-4.0022726,-0.31606925
0,/data_nas/huangyj/data/placePulse/rawData/googleviews-110802files/50f5ecf0fdc9f065f0008b38.jpg,0.90358454,-1.1641746,0.22859989,1.1413829,-1.2839959,0.71246463,0.32540885,0.71431184,-2.3051834,0.37941447,-0.38638952,0.24190901,-0.5293779,0.65297556,1.1797681,-0.42393813,0.49567854,-0.21252081,0.79862094,0.118673965,0.27609438,-0.6183952,-1.6982049,1.219531,-0.17425801,1.1154056,-0.33597687,0.17238173,0.09519671,0.17117867,-0.19372752,-2.6082668,0.10482775,-0.3680141,-0.7462178,-2.034947,1.0812075,-0.004790187,0.9193858,-0.56882024,2.164873,0.28283355,-0.9140604,1.2724711,-0.005374264,-0.5333216,-0.048834812,2.1579988,0.42270583,-0.5297253
0,/data_nas/huangyj/data/placePulse/rawData/googleviews-110802files/50f5e5e0fdc9f065f0006b38.jpg,-0.98588854,-2.913478,2.4964051,0.14616606,0.021775685,-0.64463454,-0.7813394,-0.55142003,-3.2080078,-0.1543405,1.7980638,0.7569798,-2.6925561,-0.15065376,2.5144029,-0.09202821,-1.2088484,0.56500536,-0.12647536,-1.3437988,-1.2454431,0.46508816,-0.41904062,-0.28832704,-1.929677,0.39730301,0.84290165,-0.10277479,-1.6025364,0.9797715,0.3626634,-1.3644571,-1.4263233,0.21352531,-1.3796046,-2.9029574,-0.16006728,-0.54523987,-0.5277257,-1.2241616,1.5099281,-1.8579423,-1.8093,0.3888205,1.2662684,-0.9480406,-0.07450907,2.8238206,-0.93306446,-2.639713
0,/data_nas/huangyj/data/placePulse/rawData/googleviews-110802files/50f5eaa1fdc9f065f0007b3a.jpg,-0.7726153,-2.6585975,2.270453,0.10532538,-0.01928436,-0.93660367,-1.1045054,-0.412276,-4.835246,-0.2712845,1.2506983,0.85681325,-2.585387,-0.28620577,2.6108181,0.05203522,-0.6413647,0.93250704,-0.45330143,-1.017098,-1.2927465,0.86907333,-0.17960419,-0.9609997,-1.5760728,0.058249854,1.0302454,0.1080541,-1.461649,1.1958658,0.5231171,-1.8976631,-2.4632745,-0.039235562,-1.395703,-4.6345205,-0.33237156,-0.98706824,-0.6451931,-1.988654,2.2703638,-1.5954305,-2.324017,0.8332204,1.4939921,-1.9324962,0.17172913,4.4000344,-1.5293756,-2.2315278
0,/data_nas/huangyj/data/placePulse/rawData/googleviews-110802files/50f5eaa1fdc9f065f0007b34.jpg,-1.2971884,-2.386268,2.3384285,-0.35206848,0.48961908,-1.7184945,-1.7759893,-0.98953736,-5.0772557,-0.8638899,1.4921846,1.2933013,-2.885949,-0.54618,2.4894242,0.87723863,-0.9144283,2.117864,-1.3141679,-1.321885,-1.6808208,1.6920311,0.5384775,-1.7948811,-1.2962489,-0.25538233,1.5493788,-0.21166798,-1.8221866,1.5509316,-0.016736344,-1.5668995,-3.0965781,-0.55464345,-1.6676091,-4.992874,-0.734871,-0.7010204,-1.1557287,-1.8260176,2.258167,-1.7141572,-2.1933756,0.57888955,1.700585,-2.0413344,0.80911267,4.6262727,-2.807098,-2.0388098
0,/data_nas/huangyj/data/placePulse/rawData/googleviews-110802files/513d5f39fdc9f03587003b7e.jpg,-0.5239734,-2.1937919,1.8945262,0.12116465,0.69044477,-0.84359276,-1.0720227,-0.22112286,-4.139157,-0.18764712,1.0189843,0.7514565,-2.1848743,-0.13385686,2.2491097,-0.09111199,-0.38686106,0.7459567,-0.49087143,-0.63926667,-1.083068,0.7498654,-0.08556975,-1.7346326,-1.2355262,0.076754905,1.0079397,0.20766951,-1.1923678,0.925232,0.5824296,-1.3051809,-2.8878496,0.0643048,-1.0882572,-4.0325475,-0.2211249,-1.0398476,-1.0382198,-1.8800908,1.6678698,-1.2329438,-1.8166915,0.31630075,1.2983296,-1.8528324,-0.003946647,3.8686757,-1.3841491,-1.806929
0,/data_nas/huangyj/data/placePulse/rawData/googleviews-110802files/51413ca4fdc9f04926005b70.jpg,-1.7285208,-2.3065753,2.947729,0.21349438,2.0800648,-0.9291508,-0.58157736,-1.3002982,-3.3956773,0.31771547,2.258901,0.27177125,-3.1587465,1.1428897,1.7986475,0.080211796,-1.8609182,1.5301099,-0.33343363,-1.5850145,-1.4294101,0.45640728,-0.21616094,-2.662751,-1.4045764,1.566667,0.38638827,0.6385004,-2.2096384,0.24432307,0.53342044,-1.6932715,-3.0848958,1.1002022,-0.8593303,-3.7185764,0.64111495,-0.7999425,-2.711019,-1.6723251,2.1551535,-1.9460083,-0.3730779,0.58936536,0.46485743,-1.6827513,-0.19020067,3.0307834,-2.229673,-2.3711874
1,/data_nas/huangyj/data/placePulse/rawData/googleviews-110802files/513d7b57fdc9f03587006b26.jpg,1.6706766,0.5059425,-0.7734731,0.849633,-2.2713268,0.6239606,0.12545906,1.5389807,-1.6232882,0.6182563,-1.9744115,0.008593563,0.28748533,1.1763736,0.34673727,-0.9428638,1.4987922,-0.51287866,0.39133096,1.3080052,0.7023492,-0.8027146,-0.88303614,1.9517955,0.92790186,1.2266833,-0.26626512,0.8461335,0.93465465,-0.57913655,0.95464253,-4.7490387,1.1070503,-0.25058433,0.53779864,-1.7849084,1.26793,-0.67587847,1.3114582,-1.4436909,4.0374427,1.4683689,0.3241676,3.1766112,-0.68231624,-0.80187654,-0.21940568,1.2935777,0.20476755,1.2999771
0,/data_nas/huangyj/data/placePulse/rawData/googleviews-110802files/5140cb5bfdc9f04926002b23.jpg,-0.17391752,-2.6008673,1.919235,-0.4406984,-0.49254385,-0.95933175,-1.5760555,0.41540736,-4.222529,-0.40938416,0.77386236,0.9710129,-2.1341908,-1.2209121,2.9833167,-0.6317953,0.0055955322,-0.24468423,-0.6542194,-0.32961267,-1.176582,0.91179776,0.577609,-0.57882977,-1.9340242,-1.1028373,1.7346436,-0.033074252,-0.86240804,1.2911323,1.4646292,-1.2454399,-2.1573808,-0.18237789,-0.96879923,-3.821062,-1.1865366,-1.6494137,0.0988448,-2.3952737,1.4863899,-1.4295,-2.8479981,0.509085,2.0793269,-1.7639542,-0.32206222,3.7762067,-0.5716502,-2.0660877
0,/data_nas/huangyj/data/placePulse/rawData/googleviews-110802files/513d5ef2fdc9f03587003b25.jpg,-0.7207388,-2.1825702,1.9146115,-0.17997196,0.43944114,-1.3645343,-1.5811045,-0.4289183,-5.126429,-0.62371457,0.9716573,1.0838038,-2.363119,-0.6413507,2.429469,0.41658166,-0.336648,1.3945297,-1.0237188,-0.7994606,-1.3494872,1.3689191,0.36621767,-1.8618234,-1.180157,-0.48421213,1.4394935,-0.06065964,-1.3594939,1.3984661,0.32261312,-1.3722332,-3.2800262,-0.46344447,-1.3989445,-4.9494867,-0.71704084,-1.013489,-0.91206443,-2.060027,1.9611517,-1.3472645,-2.3812077,0.46762002,1.7169687,-2.18998,0.45594123,4.735145,-2.0709488,-1.7574512
1,/data_nas/huangyj/data/placePulse/rawData/googleviews-110802files/513d9bd0fdc9f03587007b20.jpg,0.6585858,-1.5017464,0.54550004,0.11483769,-1.3018955,-0.72440404,-1.3561009,0.6991789,-5.1145434,-0.60184085,-0.5782751,1.0786878,-1.0731065,-0.9037854,2.2419348,0.055454127,1.0694429,0.5479317,-0.6763291,0.25921074,-0.57891375,0.98631084,-0.047454014,-0.14864768,-0.5110358,-0.8647303,1.2625993,-0.0980781,-0.13335037,1.3336695,0.37357208,-2.2271402,-2.0070817,-1.1495746,-1.1579199,-4.759723,-0.6242588,-1.0388975,0.8219658,-2.0527906,2.4367878,-0.16560048,-2.7362661,1.1429836,1.5769521,-2.0566328,0.4813384,4.7775526,-1.0190386,-0.663759
0,/data_nas/huangyj/data/placePulse/rawData/googleviews-110802files/5140cb9bfdc9f04926002be3.jpg,-1.4673923,-1.8271153,1.5478231,-0.21577668,2.49252,-2.0156898,-1.9463435,-1.8188231,-4.495349,-1.6735635,1.7423568,1.7947927,-2.1576593,-0.5666812,1.604776,2.3105755,-0.9065332,3.6438322,-1.888612,-1.4040565,-1.6471165,2.1603518,0.46978828,-4.2418065,-0.33754158,-0.26278254,1.497031,-1.0399064,-1.9850637,1.7744098,-2.1404705,1.443274,-5.020926,-1.4409368,-2.414623,-4.2940874,-0.53087676,0.74759346,-2.162616,-0.23642954,-0.27119803,-1.2419243,-1.6471267,-2.0471132,1.5032499,-1.5738705,1.6330892,4.5351768,-3.8601844,-1.6259087
0,/data_nas/huangyj/data/placePulse/rawData/googleviews-110802files/513d5f8efdc9f03587003be7.jpg,-1.774764,-1.8976904,2.5137682,-0.46687123,0.17769247,-1.8636266,-1.6689125,-1.4824288,-3.4817717,-0.83623135,1.7566271,1.3101505,-3.1810982,0.25902277,1.8493576,1.1538564,-1.625725,2.7281876,-1.4808962,-1.6744182,-1.7889628,1.5145236,0.7274446,-0.91873145,-0.9849398,0.7246587,1.3303798,-0.18875186,-2.13507,1.075449,-0.22908266,-2.7301698,-1.656117,-0.34931618,-1.3813554,-3.690777,-0.2140625,-0.09349206,-1.300596,-1.2498171,3.2218583,-1.672968,-0.6865775,1.4597938,0.92356527,-1.2175599,0.99633396,2.9038017,-3.3538964,-1.6944818
0,/data_nas/huangyj/data/placePulse/rawData/googleviews-110802files/513e5cc0fdc9f0358700abe1.jpg,-0.1403027,-1.8612463,0.8404951,0.7150228,0.7591764,-0.5436152,-0.73844707,-0.5349837,-4.4740696,-0.6953503,0.68534553,1.0721519,-1.305616,-0.124187395,1.7050099,1.0725347,0.015981983,1.8186778,-0.38250458,-0.68146974,-0.6755297,0.8741188,-1.0218049,-1.9389443,-0.28850377,0.27969936,0.49989617,-0.5168951,-0.91310936,1.289429,-1.5280813,-0.15182741,-3.1969752,-1.1533881,-2.009755,-4.1071553,0.27759612,0.40075472,-0.5853904,-0.42058784,0.65634066,-0.4929144,-2.0166676,-0.8448918,1.0048848,-1.4377275,0.9304036,4.521931,-1.6639189,-1.3322726
1,/data_nas/huangyj/data/placePulse/rawData/googleviews-110802files/50f43529fdc9f065f0002bec.jpg,1.0987307,-0.3735927,0.059934616,0.2081806,-2.0074246,-0.29591665,-0.89940524,1.2495143,-3.017746,-0.009757335,-1.2886595,0.58041775,-0.60176545,0.031041525,1.377022,-0.6388024,1.2399657,-0.116973884,-0.38895208,0.85673046,-0.07684781,0.23768601,0.017996663,1.1714337,0.091095164,-0.02730957,0.8503337,0.4695745,0.40574843,0.34359968,1.1851466,-3.9407933,-0.08335748,-0.5666205,-0.037681162,-2.9952538,0.046180926,-1.1805437,1.0822539,-2.0606675,3.6331358,0.5826604,-1.0325459,2.588155,0.5675606,-1.3933045,-0.013970006,2.5592384,-0.47851512,0.4246405
1,/data_nas/huangyj/data/placePulse/rawData/googleviews-110802files/513e1e40fdc9f03587009bef.jpg,-1.4114065,-3.194391,3.2120867,-0.30771038,0.67980766,-1.1277663,-1.2243626,-0.6435321,-4.1114655,-0.022613043,2.1626604,0.6556265,-3.3500612,-0.3868763,2.9729192,-0.43145728,-1.4551873,0.43827417,-0.4537401,-1.4538052,-1.6872122,0.86162645,0.30872202,-1.3761202,-2.4362094,-0.03326952,1.309469,0.28787804,-1.9600242,1.0543585,1.3176634,-1.4871284,-2.5225725,0.7338432,-1.1118747,-3.999545,-0.67299414,-1.4852953,-1.3479681,-2.2587461,1.8798026,-2.427168,-2.1669543,0.62260664,1.7311648,-1.7760526,-0.40578163,3.5870888,-1.2704935,-3.043537
0,/data_nas/huangyj/data/placePulse/rawData/googleviews-110802files/513d6afffdc9f03587004bef.jpg,0.44575006,-2.843911,0.971528,0.29674196,-0.051805407,-0.37787917,-1.1106894,0.44772568,-5.092882,-0.73108023,0.46399558,1.1524266,-1.1412741,-1.6588382,2.9143484,0.05010048,0.7032973,-0.028978398,-0.18882844,-0.2064507,-0.68458897,0.873513,-0.65275484,-1.2735771,-1.4880395,-1.4208049,1.230143,-0.6361658,-0.44969347,1.8471391,-0.23902218,0.91889304,-3.2550833,-1.1206267,-1.9653709,-4.2183166,-0.972946,-0.72374195,0.5589667,-1.3120991,-0.5207642,-0.9530635,-3.9503975,-1.4133284,2.2755327,-1.7678347,0.23456235,5.110693,-0.12367498,-2.148835
1,/data_nas/huangyj/data/placePulse/rawData/googleviews-110802files/5140b83efdc9f04926001be0.jpg,0.8233211,-2.8943474,0.45443496,1.0719448,0.040618874,0.38558623,-0.269169,0.42153183,-5.107969,-0.5167487,0.33455628,0.89708114,-0.5232512,-1.2402692,2.563098,0.2554545,0.88449264,-0.048144333,0.5913385,-0.22485514,-0.20257348,0.3216107,-1.8907647,-1.1792073,-1.140501,-0.8233027,0.3486676,-0.76758796,-0.22646807,1.7098919,-1.2725809,1.5718943,-3.2497246,-1.2908913,-2.3584762,-4.0681033,-0.2038666,0.03376303,0.8096226,-0.44031665,-1.2522669,-0.5719174,-3.9853687,-2.0938966,1.8068849,-1.4528573,0.3254025,5.3637867,0.45872337,-2.1348205
0,/data_nas/huangyj/data/placePulse/rawData/googleviews-110802files/50f5eaaafdc9f065f0007be0.jpg,-1.3848906,-2.9245594,2.448471,0.56296253,2.276135,-0.9399436,-0.7351411,-1.3782668,-6.0571537,-0.2940259,2.0514553,0.7038533,-2.7153249,0.008999322,2.3638074,0.92822266,-1.1299732,2.0552418,-0.31643906,-1.6695485,-1.4016821,1.1635844,-0.88907725,-3.6733384,-1.3133092,0.44193164,0.4690221,-0.00981682,-2.0516524,1.4405351,-0.86612064,0.11275487,-4.969217,-0.08588124,-2.1589227,-5.8863616,0.07987691,-0.41652134,-2.2785237,-1.3835129,0.8177916,-1.9191939,-2.5740328,-0.9277601,1.4297125,-2.5344145,0.5980339,5.97042,-2.2698965,-2.7750318
0,/data_nas/huangyj/data/placePulse/rawData/googleviews-110802files/50f5e646fdc9f065f0006beb.jpg,-1.4126248,-2.1965244,2.8605263,-0.528944,-0.45477328,-1.2495924,-1.2675254,-0.6366189,-2.336048,-0.062236145,1.6786473,0.7244491,-3.2306237,0.30141065,2.2018921,-0.33276334,-1.6103628,0.80541545,-0.7701881,-1.3103285,-1.537183,0.6827691,0.72113544,0.31090668,-1.7816162,0.7228372,1.2383963,0.36833754,-1.7909561,0.4873735,1.4823442,-3.4672937,-0.33541408,0.6785332,-0.49128428,-2.5149703,-0.25448072,-1.0823547,-0.83761406,-1.9651641,3.4930298,-1.889241,-0.5512388,2.2668395,0.8854096,-0.9400694,-0.17313005,1.5762773,-1.7221698,-2.0146728
1,/data_nas/huangyj/data/placePulse/rawData/googleviews-110802files/513e1df0fdc9f03587009b1d.jpg,0.3820886,-3.052181,1.3555707,0.7109085,-0.35849234,0.0063332114,-0.58016676,0.47635946,-5.756901,-0.15680778,0.54707307,0.68624926,-1.4468402,-1.1430877,3.0166967,-0.31424156,0.51211536,-0.29479614,0.40964937,-0.41861156,-0.59089243,0.5062611,-1.2677709,-0.7699784,-1.6650289,-0.8405014,0.7034441,-0.15758866,-0.55279005,1.6036524,0.11908416,-0.2820298,-2.9339936,-0.58690256,-1.8378757,-4.993525,-0.5197596,-1.0513903,0.48284128,-1.7367703,0.57625985,-1.1310118,-3.9826667,-0.4577041,2.0128322,-2.123152,-0.055787083,5.634443,0.21469939,-2.388737
1,/data_nas/huangyj/data/placePulse/rawData/googleviews-110802files/50f5e5dffdc9f065f0006b1d.jpg,-0.5945727,-2.1313717,1.9504648,-0.66905534,-0.6752556,-1.4229795,-1.8721284,-0.050805405,-3.7151313,-0.7188496,0.87333786,1.2334319,-2.428297,-0.9208697,2.5896397,-0.028930936,-0.38596675,0.74232376,-1.1891754,-0.62887657,-1.380389,1.3162374,0.9696112,-0.25862956,-1.5100356,-0.7494329,1.8904103,-0.16267265,-1.0992866,1.2809777,1.0518315,-2.1181965,-1.4979439,-0.4428413,-0.991142,-3.527025,-1.0967604,-1.20897,-0.06879946,-2.093914,2.3892672,-1.3610754,-2.0424151,1.1702206,1.7748473,-1.4714717,0.21617429,3.1435282,-1.5533106,-1.649227
1,/data_nas/huangyj/data/placePulse/rawData/googleviews-110802files/513f138efdc9f0358700cb12.jpg,0.22924158,-1.496922,1.3298819,0.37215322,-1.8954946,-0.072542585,-0.40720698,0.6044694,-2.9596243,0.41942662,-0.03891449,0.2982524,-1.6779777,0.4690705,1.8416609,-0.87682873,-0.01939615,-0.27329284,0.21757856,-0.17482838,-0.4292383,-0.13773765,-0.5285585,1.6867105,-0.904559,0.7882452,0.40280178,0.6216915,-0.4481298,0.23445463,1.332548,-4.374735,0.45596755,0.223107,-0.2649765,-2.962962,0.39351144,-1.1026596,0.6836002,-1.961026,3.9825332,-0.502437,-1.0079933,2.9141886,0.44668865,-1.1489165,-0.34355032,2.361984,-0.2085096,-0.9153594
0,/data_nas/huangyj/data/placePulse/rawData/googleviews-110802files/51414f90fdc9f04926007b11.jpg,-1.4673536,-2.6368232,3.0514631,-0.18671402,0.46712154,-1.2387985,-1.1413621,-0.74615586,-4.874091,0.11993531,1.7535625,0.49571526,-3.369146,0.08867005,2.5997381,-0.23055209,-1.3373879,1.0106424,-0.57206136,-1.4124045,-1.6259723,0.95653,0.28248847,-1.3506346,-1.880498,0.37717998,1.0481049,0.62522924,-1.9579065,0.89925957,1.3482267,-2.8042197,-2.5395758,0.7561535,-0.92227495,-5.011528,-0.3533292,-1.5993223,-1.5706172,-2.6608477,3.2503963,-2.1619098,-1.8238137,1.7130611,1.3675452,-2.3079462,-0.13294221,4.2224283,-1.9362192,-2.4845088
0,/data_nas/huangyj/data/placePulse/rawData/googleviews-110802files/513f2debfdc9f0358700db11.jpg,-0.1228816,-3.1804965,1.2396164,0.5108025,1.1727552,-0.5558694,-1.0253304,-0.34904012,-6.128477,-0.9300413,1.0869664,1.2123499,-1.3942131,-1.5161633,2.840961,0.82655936,0.2844332,1.009409,-0.2604608,-0.7593575,-0.9326611,1.137064,-1.0051827,-2.8399587,-1.4179156,-1.1752468,0.9602971,-0.84298867,-1.0370432,2.10874,-1.2411491,2.1555405,-4.8541245,-1.2480049,-2.613099,-5.2174873,-0.7661345,-0.23005228,-0.36349434,-0.93256927,-1.3421578,-1.3040347,-4.223172,-2.4843445,2.2964613,-2.1241407,0.66547763,6.3030796,-0.9809902,-2.6241362
1,/data_nas/huangyj/data/placePulse/rawData/googleviews-110802files/513f1394fdc9f0358700cb1b.jpg,-0.45072165,-2.4658701,1.9426577,0.7158388,-0.85274297,-0.096225046,-0.18831553,-0.26693618,-3.7205026,0.21590324,1.0511261,0.47227937,-2.2383413,0.42807865,2.150771,-0.15946423,-0.77284896,0.5145901,0.398531,-1.0974793,-0.7309436,0.0778711,-1.2268927,0.6539084,-1.3236128,1.0577838,0.12143951,0.22102685,-1.1617521,0.74038684,0.1373286,-2.9216762,-0.67698693,0.08131488,-1.282692,-3.53331,0.5450768,-0.3909213,0.030673606,-1.2270621,2.8384483,-1.2217901,-1.6443676,1.562397,0.6820927,-1.1565498,0.08265447,3.3354142,-0.61723393,-2.0204952
1,/data_nas/huangyj/data/placePulse/rawData/googleviews-110802files/513f2e59fdc9f0358700dbc3.jpg,0.9498692,-1.3173226,0.33693692,0.289991,-0.43601027,0.08392047,-0.6442043,1.0551517,-1.9448781,-0.06496819,-0.33972174,0.5943166,-0.4459519,-0.3917868,1.6522499,-0.79587495,0.86965007,-0.7988789,0.01207354,0.65272236,-0.10578804,-0.19740918,-0.33443618,-0.14552338,-0.7164951,-0.31748864,0.8017973,-0.020250851,0.13456668,0.37821564,0.76640993,-0.62686265,-1.2292047,-0.28043336,-0.43836012,-1.5111003,-0.07992402,-0.7989731,0.59839207,-1.1977903,0.42263153,0.016915632,-1.3791184,-0.11778512,0.9095948,-0.72259754,-0.5520064,1.8764685,0.42865258,-0.71599025
1,/data_nas/huangyj/data/placePulse/rawData/googleviews-110802files/50f447fefdc9f065f0003bca.jpg,0.48241314,-0.46005827,0.3885883,0.3373356,-1.7483132,-0.3108872,-0.6254142,0.4776918,-1.8109318,-0.08623939,-0.57364005,0.6736806,-0.9500611,0.7107744,0.97186446,-0.110006295,0.35117957,0.64814687,-0.34489205,0.19635297,-0.23325744,0.063771725,-0.27809927,1.4393823,0.16279794,0.9543231,0.4625205,0.23504499,-0.14218703,0.098523036,0.3476599,-3.9308507,0.6267823,-0.47523198,-0.28207126,-1.8992606,0.6470639,-0.22168966,0.7472158,-1.0737681,3.5668526,0.35559708,-0.0037999842,2.4257948,-0.030894611,-0.54324865,0.26080605,1.3896729,-0.9884058,0.1851274
0,/data_nas/huangyj/data/placePulse/rawData/googleviews-110802files/513d5f70fdc9f03587003bc0.jpg,-0.061083168,-0.9578179,0.47194663,0.28033295,0.38883263,-1.2832626,-1.4840286,-0.44796485,-5.8060517,-1.0305305,-0.18023176,1.3136737,-1.212793,-0.2057453,1.4683125,1.4157732,0.6190683,2.6509776,-1.2860074,-0.20731427,-0.8312843,1.5362209,-0.059851907,-2.3982813,0.4360063,-0.12322828,0.9967455,-0.2751392,-0.77803767,1.3615192,-1.1216013,-1.4744678,-3.8626497,-1.5295213,-1.6638086,-5.7053576,-0.05401074,-0.12541822,-0.71553105,-1.4261253,2.2238307,-0.034156084,-1.9305223,0.34695652,1.0868758,-2.4086514,1.376436,5.6258063,-2.9759026,-0.30343363
1,/data_nas/huangyj/data/placePulse/rawData/googleviews-110802files/513e5ca4fdc9f0358700ab97.jpg,-0.1935283,-1.9927723,1.5796671,0.5864759,-1.3894897,-0.44585565,-0.5530959,-0.04074423,-5.0417686,0.054390106,0.37384176,0.57566965,-2.0740707,0.21383184,2.1286402,0.009767023,-0.17482238,0.8816761,0.0047067897,-0.74635786,-0.78316647,0.48818526,-0.8501487,0.58624536,-0.8760874,0.61506444,0.39721906,0.33375832,-0.9328305,0.9398623,0.27424547,-3.7621698,-1.1076272,-0.26267955,-1.2107426,-4.92969,0.2685858,-0.751822,0.23124996,-1.8873264,3.8276823,-0.8763477,-2.0393958,2.2905972,0.889706,-1.8836597,0.36400315,4.5057225,-1.1545371,-1.3996603
0,/data_nas/huangyj/data/placePulse/rawData/googleviews-110802files/50f43524fdc9f065f0002b92.jpg,-1.1390754,-2.0298584,1.3537167,0.19028021,2.0584922,-1.4801666,-1.4569036,-1.6215624,-4.5196743,-1.4273323,1.6302532,1.5916188,-1.8917879,-0.34681314,1.6546798,2.1189318,-0.75069314,3.294178,-1.3156563,-1.3512231,-1.3749545,1.7189049,-0.21998246,-3.6125183,-0.33224392,0.08237932,1.0341154,-1.0111877,-1.779872,1.6347946,-2.3786979,1.364441,-4.5562544,-1.4492987,-2.509666,-4.201289,-0.10387244,0.96147734,-1.68616,0.055868432,-0.366251,-1.0704411,-1.8016223,-2.093984,1.2678527,-1.3808564,1.495914,4.626741,-3.277905,-1.7214403
0,/data_nas/huangyj/data/placePulse/rawData/googleviews-110802files/50f5eaa6fdc9f065f0007b92.jpg,-0.82378954,-1.7097964,1.1685172,0.29748598,0.94821715,-1.5203544,-1.4778206,-1.2619754,-5.8638763,-1.2613485,0.83094275,1.5296706,-1.8634028,-0.25156626,1.7173265,1.9754977,-0.23011184,3.310377,-1.3247609,-1.0773215,-1.2681572,1.8017731,-0.28193364,-2.7893183,-0.024799254,0.07424059,0.95990074,-0.61444914,-1.5155828,1.7247237,-1.8838793,-0.63176984,-4.2077336,-1.5365536,-2.3311467,-5.6963615,-0.0929745,0.4559126,-1.1621621,-0.819856,1.5559213,-0.7671469,-2.132133,-0.41398406,1.2758561,-2.1579127,1.6795186,5.7576103,-3.435946,-1.201661
1,/data_nas/huangyj/data/placePulse/rawData/googleviews-110802files/514147f0fdc9f04926006b90.jpg,1.5810156,-1.2963072,-0.18818872,1.7068983,-1.3759085,1.3792926,0.87013525,1.254807,-3.2796605,0.7918959,-0.92310464,-0.1414831,0.07585547,0.67970395,1.3125621,-0.8773948,1.1973658,-0.964877,1.5067583,0.57333493,0.7369257,-1.0685234,-2.5221753,1.1151873,-0.099414185,1.0647001,-0.8386723,0.48401555,0.5700201,0.10092212,-0.07853809,-2.398218,-0.4258066,-0.256618,-0.7295217,-2.886238,1.3759229,-0.34561688,1.2155111,-0.86568725,1.8890151,0.62253904,-1.6211041,1.0645436,-0.00019507855,-1.084785,-0.37759155,3.2793577,1.2855544,-0.521625
0,/data_nas/huangyj/data/placePulse/rawData/googleviews-110802files/513d5f4afdc9f03587003b94.jpg,-0.9909703,-1.9677513,1.7618437,0.120045304,-0.8106567,-1.1671755,-1.155756,-1.0220279,-3.7147782,-0.8210355,1.130812,1.3237702,-2.430052,0.21077117,1.8463016,1.1617281,-0.9756703,2.3613038,-0.86696327,-1.3778609,-1.2679832,1.0903468,-0.25521132,0.18104073,-0.69345516,0.8258076,0.8294472,-0.44708112,-1.552823,1.176951,-0.93274087,-2.7206552,-0.9544087,-0.9146385,-1.7480211,-3.6312134,0.17158695,0.43321595,-0.12397703,-0.673995,2.98907,-1.0885811,-1.1909736,1.3290446,0.77892023,-0.91427964,1.1534405,3.285556,-2.5175745,-1.4775867
0,/data_nas/huangyj/data/placePulse/rawData/googleviews-110802files/513cc948fdc9f03587001bfd.jpg,-1.7433224,-2.6519947,3.12672,-0.4145476,1.9517323,-1.4112141,-1.3384831,-1.1120517,-3.6692216,-0.13757683,2.3572104,0.6708301,-3.3221972,0.1439064,2.3882952,-0.019239694,-1.7012067,1.2262088,-0.8601258,-1.4705273,-1.7697029,0.9917202,0.6504582,-2.8102179,-1.9264107,0.40893605,1.2690538,0.32846752,-2.1960022,0.72867846,0.97996354,-0.9240968,-3.4493616,0.8405693,-0.9566685,-3.7880836,-0.3494689,-1.2336619,-2.4498155,-2.061413,1.5285137,-2.2760153,-1.1841865,0.10301301,1.3045083,-1.8133647,-0.25427884,3.2431717,-2.1824572,-2.6745877
0,/data_nas/huangyj/data/placePulse/rawData/googleviews-110802files/50f42c6bfdc9f065f0001bf2.jpg,1.5747423,-0.7503268,-0.49517372,1.3563071,-1.2566928,0.9755375,0.43476588,1.2226883,-2.699743,0.4495789,-1.166967,0.14049521,0.25010946,0.5636967,0.99272424,-0.59081316,1.3369312,-0.56019914,0.9154146,0.7836965,0.656123,-0.77443576,-1.8843904,0.8624716,0.27813762,0.82925665,-0.46501568,0.2901906,0.63679403,0.10293244,-0.15299912,-2.2603438,-0.43955457,-0.5446692,-0.59208757,-2.3723266,1.136606,-0.19998023,1.1414913,-0.7633004,1.8070345,0.891632,-1.1451997,0.99704427,-0.011441112,-0.902375,-0.15024613,2.704837,0.7734003,0.020118155
1,/data_nas/huangyj/data/placePulse/rawData/googleviews-110802files/50f5ed53fdc9f065f0008bf2.jpg,0.48085192,-0.98518795,0.75138974,0.7973087,-1.3875548,0.36515233,0.13142629,0.5643848,-2.434641,0.606748,-0.2907833,0.07180553,-1.1204628,1.0772345,1.178485,-0.71538556,0.1340313,-0.10932686,0.5255137,0.011718806,-0.020235311,-0.54187685,-1.1063709,1.2868042,-0.27542526,1.4503926,-0.21503347,0.6620164,-0.20727123,-0.12589064,0.7207866,-4.0700264,0.3545679,0.19405563,-0.2208947,-2.5062232,1.0860723,-0.6039511,0.42921022,-1.3832145,3.6299736,0.023535749,-0.35153064,2.543596,-0.18641084,-0.913613,-0.2533915,2.0317469,-0.08261189,-0.44864798
1,/data_nas/huangyj/data/placePulse/rawData/googleviews-110802files/50f44800fdc9f065f0003bf8.jpg,-0.18250617,-1.4595702,1.3427283,0.23968095,-1.8064913,-0.2855904,-0.4737419,0.035270028,-2.0070653,0.034124196,0.402166,0.62235934,-1.8164879,0.5835002,1.5371311,-0.22754708,-0.5454958,0.4814937,-0.059590515,-0.62001413,-0.5970852,0.008486539,-0.46115556,1.8620212,-0.7806087,1.1157314,0.40988734,0.13776311,-0.7584654,0.3112134,0.4676183,-3.9431846,0.9503566,-0.11743287,-0.61619467,-1.9911239,0.506083,-0.22846279,0.6644464,-1.038531,3.5870233,-0.60173994,-0.463295,2.4755983,0.22377497,-0.3798216,0.123872615,1.4595627,-0.7126665,-0.968917
1,/data_nas/huangyj/data/placePulse/rawData/googleviews-110802files/50f43529fdc9f065f0002bf8.jpg,1.8316821,-0.33600742,-1.7049246,0.48633364,-0.30019793,-0.743132,-1.6655171,0.9377161,-6.286887,-1.6611319,-2.025359,1.6915022,1.0022628,-1.771608,1.4043535,1.5040036,2.8980775,1.6936069,-1.2565134,1.3275515,0.09397857,1.6493087,-0.34780708,-2.3996682,1.228983,-2.0470872,1.3099527,-1.0070856,0.86485445,2.029826,-1.8677299,0.96711665,-4.5413027,-3.073952,-2.0196095,-5.5018406,-0.8264335,0.054984488,1.0893706,-0.93655026,-0.23777382,1.3914787,-3.594722,-1.5121411,1.8337095,-2.454132,1.6371526,6.5574126,-1.6267052,0.789003
0,/data_nas/huangyj/data/placePulse/rawData/googleviews-110802files/513e5cc6fdc9f0358700abf4.jpg,0.93956363,-0.38708648,-0.7043123,1.0068631,-0.80748034,-0.21141529,-0.5617707,0.14705959,-3.790655,-0.8025861,-0.9435138,1.138015,0.0013818359,0.28048894,0.7464962,1.2765535,1.1545006,1.9816958,-0.43195182,0.28910932,0.06624541,0.57356155,-1.209943,-0.39663592,1.1101987,0.56033057,0.15864177,-0.53954726,0.0912218,0.888872,-1.9766778,-1.5957075,-1.6940608,-1.9153924,-1.5835384,-3.4928715,0.832637,0.9440993,0.7038224,-0.014041429,1.7565477,1.0245401,-1.1703675,0.28690696,0.21631604,-1.0232172,1.3488394,3.8515239,-1.65185,0.46306852
0,/data_nas/huangyj/data/placePulse/rawData/googleviews-110802files/513f2e32fdc9f0358700db87.jpg,1.0742642,1.6918826,-2.3577974,-0.8741607,1.5013648,-2.0194225,-2.849393,0.055791523,-1.4010437,-2.769804,-1.6949657,2.4267464,1.464468,-1.3759081,-0.43275124,2.6029212,2.208391,3.2745905,-3.194231,1.647287,-0.24010926,2.2707195,2.0279093,-3.9495173,2.420115,-1.8830045,2.3165371,-1.7264122,0.6416176,1.214798,-2.4423845,2.8575718,-4.1261306,-3.3689961,-1.1316327,-1.0721368,-1.0385396,1.2406783,-0.32541353,0.60589504,-1.9701142,2.028157,-0.13039182,-2.9421842,0.92489356,-0.513731,2.0769148,1.8014508,-3.5479608,2.3473456
0,/data_nas/huangyj/data/placePulse/rawData/googleviews-110802files/514135edfdc9f04926004b8f.jpg,0.23337495,-1.8991927,1.2718698,-0.68165475,1.200188,-1.288483,-2.078907,0.7592968,-4.538628,-0.61115825,0.25069794,0.9991891,-1.4431856,-1.5669175,2.665695,-0.67030114,0.8481917,-0.27782822,-1.252936,0.53369355,-1.0635681,1.2948221,1.3178221,-3.1612844,-1.3980908,-1.9561778,2.1909409,0.1125918,-0.4441817,1.2511175,1.764554,0.5730896,-4.4948335,-0.21895091,-0.6135085,-4.1938434,-1.59995,-2.25164,-0.9281162,-2.914714,0.041345086,-0.9252092,-2.8852713,-0.8857354,2.38086,-2.5356843,-0.47856343,4.345528,-0.950429,-1.4088764
1,/data_nas/huangyj/data/placePulse/rawData/googleviews-110802files/5140b813fdc9f04926001b88.jpg,-1.4224186,-2.8131542,2.7849364,0.27223164,-0.025078602,-0.893278,-0.70386666,-1.0842931,-4.372067,-0.0844876,1.9466695,0.694387,-3.180657,0.32088318,2.3923068,0.37679303,-1.5744253,1.4946147,-0.22236195,-1.8146963,-1.435302,0.7807774,-0.5804344,-0.45123854,-1.6618866,0.9473492,0.5596655,0.12025282,-1.9801298,1.0689657,0.014108476,-2.6403408,-1.6368121,0.19115846,-1.5822234,-4.3335824,0.15713581,-0.43783298,-0.9665922,-1.431496,2.948108,-1.9836903,-1.7219725,1.3642792,1.029945,-1.4978923,0.37909475,3.8586786,-1.794547,-2.5798
0,/data_nas/huangyj/data/placePulse/rawData/googleviews-110802files/5140b811fdc9f04926001b80.jpg,-0.7806137,-2.6080084,2.0060353,-0.66567385,2.1173732,-1.6715828,-2.1299226,-0.34064993,-4.6609898,-1.0103652,1.4461656,1.3194185,-2.2043731,-1.6255869,2.804328,0.26006845,-0.20811899,0.8740655,-1.421058,-0.5546948,-1.6026015,1.6877158,1.0952961,-3.9440079,-1.7443174,-1.6944635,2.1864934,-0.43495655,-1.3985156,1.7113793,0.55028135,1.7802167,-5.1553564,-0.40131643,-1.5081487,-4.200019,-1.6056942,-1.3372356,-1.6372697,-2.0178447,-0.8627066,-1.7242241,-3.0053623,-1.9466915,2.5610588,-2.1857398,0.070374124,4.5399003,-1.7973678,-2.324425
0,/data_nas/huangyj/data/placePulse/rawData/googleviews-110802files/50f5eaa6fdc9f065f0007b8b.jpg,-1.6516391,-2.3686833,2.881346,-1.0545291,2.3365715,-1.7966355,-1.9878821,-0.92305315,-2.1864638,-0.6274404,2.3157542,1.0432652,-3.025135,-0.41995218,2.3169422,-0.069279164,-1.5268568,0.994406,-1.5230297,-1.0503364,-1.8702445,1.2417191,1.6489829,-3.2423635,-1.9949924,-0.33983776,2.0289364,-0.020132536,-2.0047817,0.7281853,1.2978867,0.4034218,-3.5030146,0.6415803,-0.67458224,-2.2259018,-0.9711506,-1.2924666,-2.4410393,-1.8872857,0.22442468,-2.154919,-0.84937036,-0.87303185,1.6092843,-1.255805,-0.40435362,1.8393471,-2.1985238,-2.4320889
0,/data_nas/huangyj/data/placePulse/rawData/googleviews-110802files/50f5eaa3fdc9f065f0007b56.jpg,-1.2902658,-2.4220958,2.6340873,-0.28724867,-0.011792734,-1.3750231,-1.3729461,-0.7694539,-4.4199443,-0.3205797,1.5311115,0.88323766,-3.0643754,-0.0631413,2.4350073,0.15865397,-1.1472709,1.361935,-0.85948706,-1.2910228,-1.5964189,1.0884037,0.42250168,-0.90847725,-1.5786294,0.26868543,1.225894,0.20811453,-1.8107909,1.0334901,0.79042345,-2.607605,-2.0992887,0.18120761,-1.1210471,-4.447247,-0.40699178,-1.0536059,-1.0392118,-2.1450627,3.023368,-1.8368263,-1.6800535,1.4776193,1.3330323,-1.8328764,0.22944327,3.8082483,-2.155827,-2.140007
1,/data_nas/huangyj/data/placePulse/rawData/googleviews-110802files/50f562e3fdc9f065f0005b56.jpg,1.7441634,-0.576618,-0.60004675,0.6100961,-1.6393995,0.48742703,-0.37351763,1.6317695,-1.9999917,0.03234037,-1.3752974,0.48242188,0.33823135,-0.23510468,1.253111,-0.8231146,1.6518551,-0.9394647,0.24517743,1.2175037,0.47036085,-0.35693625,-0.71785104,1.0905218,0.052233174,-0.18120027,0.4706817,0.084057786,0.9000931,0.24584565,0.5823526,-1.8889784,-0.13266157,-0.78435487,-0.23677875,-1.5812302,0.26251248,-0.6454286,1.5560117,-1.0984336,1.4332124,0.9270694,-1.2990303,0.86328924,0.50901186,-0.6821808,-0.30182534,1.888062,0.7709184,0.2565849
0,/data_nas/huangyj/data/placePulse/rawData/googleviews-110802files/51414faefdc9f04926007b5e.jpg,-1.4082354,-0.96420544,2.403771,-0.17263223,1.3016623,-0.78342915,-0.4840513,-0.82623327,-0.4284718,0.58709645,1.5937959,0.017556816,-2.6499748,1.882651,0.7667519,-0.5151612,-1.8064904,0.9328044,-0.484383,-0.90002227,-1.0482239,-0.21533602,0.5159398,-1.2209674,-0.8610247,2.1888127,0.34436676,0.945263,-1.707068,-0.84519047,1.4759688,-3.1271343,-0.8463886,1.594151,0.45119774,-1.0806245,1.0314597,-0.83508986,-2.3663344,-1.555924,3.0629683,-1.2232586,1.7273539,1.8942393,-0.5418005,-0.5621827,-0.6748901,-0.12261199,-1.8915474,-1.1290553
0,/data_nas/huangyj/data/placePulse/rawData/googleviews-110802files/50f5eaa2fdc9f065f0007b51.jpg,1.4599775,-0.4443934,-1.0643002,0.4018062,-0.4325275,-0.42102015,-1.2475286,0.84319323,-3.420428,-1.1766475,-1.2515988,1.4068211,0.5147562,-0.94298315,1.1734029,0.8245907,1.8980584,0.9941637,-0.8649404,1.023812,0.07407062,0.9001927,-0.31646037,-1.1430441,0.72857094,-0.9743557,1.0957795,-0.8009889,0.62164634,1.2199519,-1.2288083,0.22829401,-2.4984028,-2.1540246,-1.3884645,-2.869655,-0.2706754,0.24366578,0.95510507,-0.41693562,0.020194504,1.0892867,-1.9965122,-1.0247685,1.1141373,-1.1030761,0.9484728,3.59713,-0.9565815,0.4544814
0,/data_nas/huangyj/data/placePulse/rawData/googleviews-110802files/513e1e05fdc9f03587009b58.jpg,-1.8297933,-1.8430547,2.7972791,-0.3240212,0.8061637,-1.3935411,-1.1073318,-1.3479497,-2.148036,-0.16862985,2.0821931,0.7229622,-3.2448602,0.9040139,1.5953346,0.40956718,-2.015421,1.89779,-0.96114135,-1.6442044,-1.5755904,0.8245223,0.53698033,-1.0211868,-1.2459285,1.360997,0.8991817,0.28003284,-2.1328382,0.35524613,0.49557558,-2.7691774,-1.240311,0.6237037,-0.7391231,-2.5057006,0.2693743,-0.41246602,-1.887399,-1.3145603,3.0270126,-1.8041722,0.18352851,1.5340341,0.42614698,-0.88580626,0.22604543,1.5657084,-2.6246374,-1.8643503
0,/data_nas/huangyj/data/placePulse/rawData/googleviews-110802files/513d6ac5fdc9f03587004b5b.jpg,0.8090179,-1.4307692,0.1287988,0.8876855,-1.3688105,-0.12641191,-0.5640039,0.42990413,-5.0030627,-0.46977594,-0.6287095,0.93120277,-0.6877348,-0.26254368,1.76065,0.5132759,1.0116934,0.9881823,-0.060139857,0.034280125,-0.18799934,0.53881335,-1.2575573,0.18630734,0.001379475,0.04182061,0.35732642,-0.24290168,-0.09022961,1.21283,-0.8545548,-2.1528304,-1.6622053,-1.4125482,-1.605437,-4.5625854,0.28271866,-0.05178462,1.024198,-1.0643433,2.2630038,0.19558695,-2.4503894,0.8961856,0.939286,-1.6451665,0.83762825,4.843512,-0.88821846,-0.5563651
1,/data_nas/huangyj/data/placePulse/rawData/googleviews-110802files/513d7b7efdc9f03587006bad.jpg,0.7344651,-0.29622132,-0.08297221,0.9987227,-1.6198905,0.6966467,0.4733916,0.44440407,-0.5589909,0.3794943,-0.5455161,0.19202188,-0.38807973,1.4567587,0.33778816,-0.18512726,0.1398214,0.29145855,0.59894085,0.09793827,0.41398227,-0.82825184,-1.4678265,2.0429986,0.4567566,2.0079381,-0.620602,0.21203956,0.12215892,-0.42755327,-0.38473427,-3.6609783,1.6127646,-0.34673908,-0.27178022,-0.5819073,1.6490428,0.56743,0.92678785,0.024830258,2.9956248,0.702314,0.7043839,2.1275187,-0.9264296,0.29532853,0.151989,0.33008057,-0.023001008,0.24010924
0,/data_nas/huangyj/data/placePulse/rawData/googleviews-110802files/50f5eaa7fdc9f065f0007bad.jpg,-1.3742365,-2.0860524,2.5903475,-0.45315996,0.47922492,-1.5718305,-1.5434039,-0.82108486,-3.9232364,-0.36035416,1.5494697,0.89365786,-3.045762,0.032133266,2.1982038,0.22028951,-1.2021986,1.5482137,-1.1298302,-1.2002198,-1.643383,1.1965723,0.77492326,-1.4297467,-1.4010512,0.26865035,1.3849888,0.24674231,-1.8321655,0.8850065,0.8711488,-2.4020107,-2.3228958,0.25412017,-0.91451764,-4.052182,-0.43823433,-1.0763456,-1.4524543,-2.1267898,2.870119,-1.7378942,-1.2119726,1.3326659,1.2303784,-1.7641044,0.19881278,3.321818,-2.4384937,-1.8813044
0,/data_nas/huangyj/data/placePulse/rawData/googleviews-110802files/51414fcafdc9f04926007ba3.jpg,-1.8732439,-2.8163655,3.3566723,-0.64294845,0.4899357,-1.727189,-1.6413633,-1.0674096,-4.146494,-0.34305334,2.234615,0.8974063,-3.7200081,-0.2803137,2.7280173,0.091927916,-1.7547356,1.355388,-1.0686741,-1.7064683,-1.9902856,1.3326145,0.90241045,-1.2741548,-2.1614833,0.056869507,1.5789186,0.20876227,-2.2617893,1.1431627,1.1897794,-2.261987,-2.2811072,0.5539955,-1.098183,-4.211671,-0.80828106,-1.3155261,-1.5729465,-2.321252,2.7795236,-2.5007877,-1.7166767,1.3077142,1.635014,-1.7993494,0.064955786,3.4380424,-2.3442998,-2.725577
0,/data_nas/huangyj/data/placePulse/rawData/googleviews-110802files/50f5eaa7fdc9f065f0007ba3.jpg,-1.716709,-2.3362288,2.9332209,-0.7026995,1.0182098,-1.7559881,-1.736254,-1.0399494,-3.1600769,-0.50213265,2.058057,1.0086223,-3.310004,-0.16277094,2.3040228,0.23616481,-1.600135,1.4980303,-1.3230973,-1.4206342,-1.8433826,1.3012742,1.0966847,-1.7686948,-1.7659782,0.09214777,1.6450471,0.08498746,-2.0739121,0.93667954,0.96303606,-1.5996909,-2.4095848,0.40628222,-0.9448142,-3.2664604,-0.70359826,-1.0576327,-1.7845551,-1.9376159,2.1061172,-2.1162522,-1.0706053,0.72661144,1.4219701,-1.4440715,0.09900769,2.611932,-2.4726396,-2.2713704
0,/data_nas/huangyj/data/placePulse/rawData/googleviews-110802files/513e1de6fdc9f03587009b03.jpg,-1.2084365,-2.1340108,1.9455795,-0.8743753,1.3911715,-2.2174406,-2.49059,-0.93685603,-4.6767087,-1.5149101,1.4348122,1.7357666,-2.4826465,-1.3568281,2.4045658,1.185127,-0.54577553,2.2655284,-2.056443,-0.9423522,-1.8300952,2.1802793,1.4359909,-3.194535,-1.1948886,-1.2989699,2.304636,-0.7379151,-1.6912658,1.8330221,-0.19092453,0.52699083,-4.3227434,-0.99220675,-1.7388605,-4.3696465,-1.4982265,-0.6423883,-1.4403384,-1.6401911,0.45943245,-1.593191,-2.381042,-0.9887377,2.2325478,-1.9051088,0.90965986,4.351992,-3.1024976,-1.825937
1,/data_nas/huangyj/data/placePulse/rawData/googleviews-110802files/50f55e1efdc9f065f0004b03.jpg,0.7107177,-0.87147695,0.6914737,0.6482551,-0.0037564188,0.31815672,-0.06968039,0.9140644,-2.4003823,0.78503805,-0.4091446,-0.10985018,-0.8126363,0.9550455,1.2233217,-1.2587887,0.5419252,-0.7106266,0.42069325,0.60257345,-0.0034617,-0.63712865,-0.65514714,-0.55443335,-0.33619058,0.9961096,0.052346468,0.9871365,-0.07635052,-0.4149569,1.4754262,-2.6851864,-1.3394533,0.6948872,0.2617105,-2.5238137,0.8802054,-1.340697,-0.44403613,-1.9867655,2.3970485,0.099236935,-0.30370697,1.4873935,0.038031355,-1.4344398,-0.8954346,2.1741507,0.07739714,-0.40166324
0,/data_nas/huangyj/data/placePulse/rawData/googleviews-110802files/513d9bc8fdc9f03587007b07.jpg,0.06176658,-1.8541288,0.7965758,-0.22976883,1.7513014,-1.4347373,-2.010645,-0.011511562,-5.955341,-1.1934029,0.2876165,1.4043282,-1.1818475,-1.5924681,2.3969927,0.7621117,0.90961736,1.3830982,-1.4250629,0.09058419,-1.0682725,1.8251113,0.5780372,-4.1645885,-0.64957327,-1.7882948,1.8629183,-0.48551303,-0.6950167,1.8683106,-0.27881154,1.5502439,-5.754389,-1.2959706,-1.7368311,-5.487645,-1.2932802,-1.0559491,-1.1229768,-1.9281375,-0.5381801,-0.6792004,-3.3797843,-1.8938768,2.3584127,-2.7705393,0.6636707,6.010197,-2.0376408,-1.2889555
1,/data_nas/huangyj/data/placePulse/rawData/googleviews-110802files/513d7b4dfdc9f03587006b01.jpg,-1.4852026,-2.93087,3.272314,-0.15009272,-0.0049591064,-1.0641308,-1.0040534,-0.6775053,-4.234223,0.2132667,1.977671,0.46025246,-3.4927878,0.057595722,2.7513754,-0.45421594,-1.559439,0.6166927,-0.31237426,-1.5626246,-1.6202531,0.70810604,0.12516832,-0.48876938,-2.221765,0.4576804,1.0004563,0.5508311,-2.0022495,0.8604529,1.4674897,-2.9160676,-1.6936237,0.9108196,-0.91628104,-4.252859,-0.35083014,-1.4893944,-1.1778349,-2.446229,3.1761777,-2.3537116,-1.7957109,1.8287531,1.3517423,-1.8369812,-0.32089707,3.524313,-1.4648937,-2.7774284
0,/data_nas/huangyj/data/placePulse/rawData/googleviews-110802files/50f5ea5ffdc9f065f0007b09.jpg,-1.5984571,-2.660495,2.9667788,0.09943114,1.0417562,-0.397159,-0.23037179,-1.0460836,-0.7781528,0.35013315,2.587899,0.29058003,-2.9982207,0.978845,1.8020647,-0.39033735,-2.2731118,0.45722115,0.1417695,-1.6903656,-1.2243563,-0.23327333,-0.3899963,-0.5370774,-2.0289176,1.683571,0.30725574,0.20335427,-2.0215383,-0.009472866,0.63252974,-1.3313788,-0.6579789,1.2296702,-0.71297467,-0.80424035,0.64360654,-0.25421458,-1.5645113,-0.66292554,1.2654761,-2.106711,0.068036675,0.36001822,0.27321887,-0.008574958,-0.6043407,0.40329325,-0.8626946,-2.7700257
0,/data_nas/huangyj/data/placePulse/rawData/googleviews-110802files/50f5ea5ffdc9f065f0007b08.jpg,-1.0284271,-1.4512124,1.4641204,-0.65094566,0.82223535,-2.0620818,-2.2577348,-0.9904144,-3.8529012,-1.4901366,1.0111644,1.7390805,-2.1484487,-0.68782973,1.7762053,1.4739027,-0.49830174,2.7385614,-2.0478787,-0.83312714,-1.5454264,1.9677055,1.1790156,-2.3382604,-0.48066175,-0.5386578,1.9203517,-0.69937176,-1.5044154,1.4716396,-0.66011167,-0.5949422,-3.2164843,-1.2503126,-1.5756904,-3.7378802,-0.85520995,-0.067219496,-1.1160527,-1.1293256,1.3603321,-0.98871845,-1.3810947,-0.21343401,1.5066631,-1.4420018,1.2027776,3.5412107,-3.3941808,-1.0753267
0,/data_nas/huangyj/data/placePulse/rawData/googleviews-110802files/513f1382fdc9f0358700cb04.jpg,-0.40179765,-2.7749243,2.3179855,-0.39499587,1.2348187,-0.8920819,-1.4184939,0.36678213,-4.3714585,0.0032921745,1.2348728,0.54170483,-2.3155453,-1.0779588,3.0314171,-1.0727376,-0.18454647,-0.6622556,-0.48205003,-0.29787478,-1.2412677,0.8083981,0.62993956,-2.5056467,-2.2223985,-1.1414989,1.6711192,0.40259635,-1.0531904,1.0614907,2.0162036,-0.094796985,-3.7639554,0.6055314,-0.702512,-4.086037,-1.1763884,-2.3000002,-1.247328,-2.8634167,0.5438051,-1.7709846,-2.8250263,-0.3882033,2.195739,-2.3279803,-0.90471476,4.055138,-0.37034023,-2.5020666
0,/data_nas/huangyj/data/placePulse/rawData/googleviews-110802files/5140cb8efdc9f04926002bbd.jpg,2.1252139,1.2492946,-2.6320508,0.7477862,-1.4874524,-0.16001931,-0.89573556,0.94805044,-2.3678443,-1.3740993,-2.5773783,1.4630843,1.7638546,-0.18937884,-0.24365538,1.5954819,2.5907779,1.9030927,-0.9710276,1.5931551,0.77439106,0.67416656,-0.6631564,0.047957864,2.4433913,-0.20293638,0.44523874,-0.97514576,1.33399,0.7655566,-2.4155052,-0.9721235,-1.002773,-3.0203114,-1.1488572,-1.979418,0.5880088,1.3834361,1.7858541,0.6032304,0.9874693,2.5686777,-0.6047481,-0.09563651,-0.04376571,-0.4183094,1.7420264,2.6062813,-1.4304628,2.3137264
0,/data_nas/huangyj/data/placePulse/rawData/googleviews-110802files/50f5e640fdc9f065f0006bb3.jpg,-0.6369614,-2.250586,2.5446312,-0.12659845,-0.23048708,-0.6989236,-0.89238656,0.2000282,-3.5076635,0.5268326,1.0393188,0.22001956,-2.7273319,0.15915903,2.476131,-1.2080544,-0.73147774,-0.37681222,-0.1502272,-0.6215732,-1.139003,0.2808625,0.26039252,-0.33110714,-1.8444037,0.321612,0.9912805,0.9033595,-1.2106128,0.40818605,2.2627654,-3.2620409,-1.3840022,1.0777438,-0.17992806,-3.6293066,-0.2555426,-2.0088239,-0.83356535,-2.8243334,3.2528634,-1.5919507,-1.3999499,2.1387703,1.1323719,-1.8467078,-0.8127919,2.8779182,-0.663954,-1.9530768
1,/data_nas/huangyj/data/placePulse/rawData/googleviews-110802files/514147fefdc9f04926006bb2.jpg,0.110727005,-1.6420949,0.6105411,0.89668304,-0.3841149,0.018073054,-0.21691768,-0.2678426,-2.6259634,-0.41906503,0.46902817,0.90298676,-1.0294415,0.34022903,1.3339691,0.7089094,-0.12456858,1.200963,0.11105115,-0.6068152,-0.30206788,0.12054847,-1.431615,0.068984374,-0.24888657,0.9565645,0.057942808,-0.5315095,-0.654869,0.7727541,-1.4250238,-1.0897574,-0.97136265,-0.9728804,-1.6451756,-2.226247,0.7854771,0.836604,0.33495075,0.16439338,1.075938,-0.2251682,-1.1206378,-0.06553417,0.35325924,-0.35098913,0.7052483,2.6179843,-0.86149496,-1.0886704
1,/data_nas/huangyj/data/placePulse/rawData/googleviews-110802files/513d36c0fdc9f03587002bbb.jpg,0.9377583,0.4742507,-0.43101665,1.030965,-0.92532337,0.71660006,0.54646903,0.65526056,-0.46443018,0.6682159,-0.97772133,-0.11521358,-0.046508204,1.8989009,-0.19495429,-0.42097795,0.4553811,0.2512424,0.5307174,0.5786763,0.5963769,-0.96607834,-1.2394758,1.0573027,1.0150241,2.2216628,-0.75427663,0.6350041,0.3408623,-0.9092667,-0.012521139,-3.7987385,0.92058015,0.009148164,0.314861,-0.7216785,1.9246149,0.21835223,0.2205833,-0.37714735,3.2096155,1.1580665,1.3889751,2.2829335,-1.3047528,-0.0771145,-0.097749434,0.244243,-0.1883477,0.94951326
0,/data_nas/huangyj/data/placePulse/rawData/googleviews-110802files/513e5cb1fdc9f0358700abbb.jpg,-0.50051427,-2.2380905,1.6371542,-0.74888694,-0.050976686,-1.7760178,-2.3064456,-0.1796135,-5.044686,-1.2674332,0.70813704,1.6242378,-2.12599,-1.538005,2.764224,0.5394785,0.101526916,1.3132064,-1.6244072,-0.4696885,-1.5251632,1.8113457,1.149929,-1.670173,-1.329761,-1.4990007,2.2136028,-0.5406618,-1.1333678,1.817259,0.41412097,-0.57814944,-3.300107,-1.0722343,-1.5243301,-4.6487155,-1.5120624,-1.069039,-0.24609037,-2.096135,1.2451892,-1.2737328,-2.946061,-0.09273101,2.32234,-2.0339427,0.6097154,4.657353,-2.159781,-1.6608975
0,/data_nas/huangyj/data/placePulse/rawData/googleviews-110802files/50f44567fdc9f065f00034dd.jpg,-1.8359462,-2.2802238,3.4505742,-0.33382866,0.63612527,-1.0365213,-0.7933809,-0.88221854,-2.0721562,0.58536386,2.27106,0.13332088,-3.6351526,0.9872734,2.0182624,-0.76068723,-2.1910634,0.55095357,-0.36062962,-1.5556977,-1.6026108,0.27268037,0.52453077,-0.5978568,-2.006946,1.3924019,0.79594344,0.9208947,-2.1588814,-0.014640504,1.9501146,-3.4299521,-0.86843973,1.6832525,-0.107114166,-2.481811,0.20253071,-1.4240626,-1.995254,-2.2009284,3.4883246,-2.266975,0.038974658,2.2376344,0.50846523,-1.1466435,-0.7262648,1.3212035,-1.580353,-2.4038882
1,/data_nas/huangyj/data/placePulse/rawData/googleviews-110802files/5140c956fdc9f049260024de.jpg,-0.4914504,-1.3060702,1.3401837,0.82223296,-0.8508619,0.08612046,0.20162904,-0.5555674,-1.1064876,0.25871593,0.8558615,0.38585347,-1.7563918,1.5191046,0.87029666,0.20193574,-1.1082993,1.0787002,0.34477895,-1.0182748,-0.4022543,-0.3954623,-1.2941604,1.334104,-0.36194593,2.2618272,-0.3916244,0.16652521,-1.0468735,-0.089788444,-0.51465535,-3.4847653,0.9038012,0.114745565,-0.79225564,-1.2110536,1.4606826,0.6305091,-0.08354377,-0.06940635,3.0986536,-0.511947,0.5461611,1.9243879,-0.56117034,0.10838134,0.27347568,0.76582795,-0.9568896,-0.9986374
0,/data_nas/huangyj/data/placePulse/rawData/googleviews-110802files/50f44566fdc9f065f00034d1.jpg,-0.7662979,-0.8539998,1.6446707,0.08881737,0.2085712,-0.90746903,-0.83434683,-0.4917483,-2.38721,0.08188812,0.6583914,0.49538624,-2.1493928,1.1688625,1.0767938,0.07749531,-0.8085168,1.4724334,-0.70180714,-0.6185368,-0.8738297,0.44150648,0.17640112,-0.7039512,-0.2842692,1.4327677,0.55496436,0.622127,-1.2190032,-0.021380566,0.6919117,-3.63095,-1.0969534,0.35796705,-0.2397969,-2.803724,0.68669194,-0.62938213,-1.2801495,-1.6169689,3.680857,-0.6419082,0.4293688,2.211046,-0.005758755,-1.2187862,0.15835983,1.8790041,-2.1994827,-0.6075287
0,/data_nas/huangyj/data/placePulse/rawData/googleviews-110802files/513d2d72fdc9f035870024df.jpg,-0.86301553,-0.75203645,0.9584722,-0.57068586,2.5047953,-1.5132872,-1.7047832,-0.91156805,-0.71215326,-1.1539806,1.198783,1.341776,-1.3672352,-0.07627797,0.79284716,1.0657961,-0.6698679,2.024339,-1.7319072,-0.40320855,-1.073586,1.1583573,1.1317508,-3.438531,-0.16380745,0.020581722,1.5228493,-0.67949855,-1.2133158,0.53372645,-0.6862804,1.4367046,-3.2264447,-0.6032096,-0.8645161,-0.68244386,-0.29635435,0.34556982,-2.0011897,-0.10778171,-0.86233586,-0.5743953,0.31560203,-1.8611246,0.71085,-0.2847055,0.53875715,0.7287446,-2.5791745,-0.69420165
0,/data_nas/huangyj/data/placePulse/rawData/googleviews-110802files/513cc1b8fdc9f035870014d5.jpg,-1.550585,-3.143538,3.2807925,-0.62485814,1.9120145,-1.3964863,-1.5626167,-0.72198933,-4.1227283,-0.13632677,2.379307,0.67372787,-3.3072386,-0.64850664,2.9901297,-0.4764295,-1.4227363,0.40313986,-0.7883164,-1.2921989,-1.8329057,1.1000837,0.8674356,-2.9312117,-2.5260172,-0.4963126,1.6747051,0.2859139,-2.058245,1.0409807,1.5652202,-0.13809127,-3.889716,0.8956733,-0.9621328,-4.047048,-1.0274054,-1.8322105,-2.185739,-2.509313,0.78757924,-2.569148,-2.1721516,-0.40481454,1.9990635,-2.0873296,-0.63600135,3.7089813,-1.4507173,-3.1399174
1,/data_nas/huangyj/data/placePulse/rawData/googleviews-110802files/513d7eb5fdc9f0358700746d.jpg,-0.5418584,-1.7735453,2.0305579,0.6601101,0.16140622,0.16813673,0.18683001,-0.1335553,-2.0514154,0.8932387,1.0897883,-0.16590981,-2.1363618,1.3649864,1.4713211,-0.90977263,-1.0464698,-0.089212,0.6098432,-0.7641546,-0.5319334,-0.59078276,-0.960861,-0.0014919704,-1.1319473,1.8360597,-0.20338273,0.8886138,-1.1352729,-0.3173704,1.1206415,-3.1882288,-0.55062586,1.1814986,-0.19178975,-2.2480006,1.1168262,-0.85148555,-1.01384,-1.5053927,2.9306579,-1.055134,-0.024693647,1.841159,-0.109245695,-0.9322083,-0.7402118,1.6356884,-0.34099144,-1.6174834
0,/data_nas/huangyj/data/placePulse/rawData/googleviews-110802files/513d7eaffdc9f03587007461.jpg,-0.80480367,-2.1727242,2.0069044,-0.0930594,1.1120989,-1.2867292,-1.4303201,-0.54464036,-4.8937936,-0.47546682,1.152724,0.93871397,-2.373071,-0.2896947,2.308647,0.31924537,-0.45249334,1.3969334,-0.9276839,-0.7723271,-1.3537958,1.2097658,0.30009827,-2.5774033,-1.1450185,-0.15920702,1.2782731,0.11613207,-1.447121,1.1519042,0.3737387,-1.0026387,-3.7958934,-0.15347369,-1.2735745,-4.839661,-0.4445255,-1.0527902,-1.4651687,-2.0400977,1.6395191,-1.3604282,-2.014486,0.08420428,1.5100409,-2.2384336,0.27076754,4.595324,-2.154785,-1.8158156
1,/data_nas/huangyj/data/placePulse/rawData/googleviews-110802files/51409132fdc9f04926000469.jpg,0.40437177,-1.0813744,0.32593453,0.941489,-1.0946181,-0.29889983,-0.4732765,-0.02034183,-5.0902886,-0.34269378,-0.49276823,0.83217144,-0.9998445,0.44095466,1.3856677,0.801112,0.6095155,1.729416,-0.19304106,-0.24023153,-0.28499243,0.594431,-1.249215,-0.053294595,0.3728577,0.7975879,0.08724165,0.016557934,-0.4047074,0.952116,-0.9943631,-3.179681,-1.6404872,-1.2225568,-1.4816778,-4.975437,0.75199753,0.09446027,0.40338546,-1.1045907,3.3337615,0.21326616,-1.6610198,1.6482792,0.44303688,-1.8142122,1.0670943,4.8564467,-1.6725036,-0.30293605
0,/data_nas/huangyj/data/placePulse/rawData/googleviews-110802files/51414cf1fdc9f04926007469.jpg,-0.7800128,-3.2659013,2.393021,-0.49941814,2.3365912,-1.1648399,-1.6660966,-0.21865998,-4.0572543,-0.5941954,1.9418384,0.99860543,-2.3234446,-1.5872495,3.128791,-0.345824,-0.5125153,-0.059554525,-0.778363,-0.7052133,-1.5086046,1.1550299,0.65625495,-3.729169,-2.4314537,-1.5384529,1.9097844,-0.32737157,-1.4400066,1.5233828,0.9221813,2.409417,-4.8934135,0.15859689,-1.4339104,-3.4861827,-1.4861299,-1.5189874,-1.6369203,-1.91173,-1.6579821,-2.1282108,-3.187385,-2.457373,2.5787578,-1.8804969,-0.53926504,4.017375,-0.76708716,-3.0808117
1,/data_nas/huangyj/data/placePulse/rawData/googleviews-110802files/513e2198fdc9f0358700a468.jpg,-1.7283741,-2.3048875,2.7764783,0.5311852,0.47154152,-0.75748414,-0.29379302,-1.5200539,-3.8472757,0.19149508,2.045012,0.4135604,-3.1947696,1.2930769,1.6989888,0.60932267,-1.9763545,2.094615,-0.097564675,-1.9979488,-1.3203465,0.47285885,-0.8692195,-0.7048818,-1.1392554,2.0091264,-0.024548212,0.4024107,-2.2294207,0.5086131,-0.30409327,-3.2686007,-1.4883051,0.527932,-1.3341539,-4.0817575,0.9687354,-0.0568652,-1.6455814,-1.1455616,3.5443177,-1.80921,-0.54052883,1.7962571,0.19476354,-1.3668127,0.45538816,3.33663,-2.3493903,-2.234973
1,/data_nas/huangyj/data/placePulse/rawData/googleviews-110802files/513e1b4bfdc9f03587009433.jpg,-0.8059904,-3.438215,2.325607,0.10358776,1.6718329,-1.0462158,-1.313298,-0.5534096,-6.6899114,-0.56487674,1.6931859,0.9437619,-2.436713,-1.363261,3.209564,0.3133316,-0.34585902,0.86478925,-0.47825593,-1.0875742,-1.4648272,1.4122622,-0.27461988,-3.4953194,-2.0245948,-1.171685,1.3110532,-0.23084788,-1.5739493,1.9772247,0.006082897,1.1611342,-5.3827677,-0.31629893,-2.1531978,-6.1340694,-1.0822124,-1.2557838,-1.4166839,-2.0900965,-0.19704291,-2.062461,-4.1090345,-1.579519,2.5292556,-2.8472729,0.1915185,6.5820026,-1.3526161,-3.0950842
0,/data_nas/huangyj/data/placePulse/rawData/googleviews-110802files/513cefa7fdc9f03587002437.jpg,-1.2739259,-1.8031839,1.3507507,0.036779664,3.739868,-1.6723305,-1.6168116,-1.7318395,-4.730266,-1.3891279,1.7814893,1.4595413,-1.7974151,-0.41336185,1.4715676,2.1215057,-0.7017922,3.3559668,-1.5786144,-1.1739242,-1.4155777,1.9409966,0.14269392,-5.7063346,-0.23946957,-0.21902966,1.1926991,-0.8440192,-1.8330686,1.5756929,-2.193926,2.6819997,-6.349668,-1.1821836,-2.3470592,-4.5426426,-0.28360072,0.5583876,-2.8954816,-0.2521597,-1.3687053,-1.1224387,-1.7328888,-3.106991,1.4198002,-1.9350626,1.316177,5.0059524,-3.5155525,-1.6991999
0,/data_nas/huangyj/data/placePulse/rawData/googleviews-110802files/5140c919fdc9f04926002431.jpg,-1.1055936,-2.531251,2.1836286,-0.010654807,-0.20993605,-1.1603717,-1.225383,-0.9538171,-3.9123616,-0.7204299,1.5564828,1.2361188,-2.6482508,-0.16807748,2.3000531,0.76795524,-1.0988044,1.7704884,-0.76023537,-1.4358106,-1.4177341,1.064538,-0.12398988,-0.4839864,-1.3325254,0.38296238,1.0469086,-0.4137475,-1.7148612,1.2826107,-0.4465671,-1.7431301,-1.7078656,-0.5460811,-1.7498239,-3.689576,-0.19511305,-0.020225827,-0.44924918,-1.0085803,2.097392,-1.567897,-1.7382314,0.6070071,1.2322421,-1.1089411,0.715974,3.5081868,-2.0908487,-2.1339753
1,/data_nas/huangyj/data/placePulse/rawData/googleviews-110802files/50f46440fdc9f065f000443a.jpg,0.4138619,-0.5820917,0.44393435,0.11661099,-0.72847635,-0.867194,-1.2410802,0.38693538,-4.2955647,-0.39089397,-0.70377874,0.871827,-1.0768006,0.13898876,1.4062266,0.19017817,0.81848115,1.1906242,-0.9068266,0.34489495,-0.5276911,0.8472812,0.20068198,-0.67406625,0.22231145,0.10193418,0.95995164,0.3141354,-0.2590099,0.65502447,0.45474094,-3.2174344,-1.9133946,-0.767627,-0.5841539,-4.4034104,0.045884,-0.9136372,-0.047995012,-2.057393,3.4066234,0.21024936,-1.1437768,1.8743085,0.7123137,-2.0168009,0.51366276,3.9053373,-1.8212717,0.11145093
1,/data_nas/huangyj/data/placePulse/rawData/googleviews-110802files/50f5e8a6fdc9f065f0007430.jpg,0.28229168,-1.7927517,1.0855197,0.6912718,0.0437311,0.06878213,-0.29780418,0.36496413,-3.1173546,0.18630028,0.3960909,0.37324423,-1.2695998,0.1534051,1.813799,-0.4559989,0.12783796,-0.06324163,0.27531093,-0.17312226,-0.3264392,0.035177384,-0.9541658,-0.5821307,-0.8496336,0.44517338,0.36335808,0.25897455,-0.45188785,0.5381795,0.38023746,-1.4752651,-1.6644797,-0.0398869,-0.8805431,-2.9097478,0.36015978,-0.7227598,-0.21911152,-1.293987,1.4545237,-0.5070632,-1.529646,0.3916057,0.762383,-1.2528155,-0.25869644,2.9532135,-0.14136308,-1.33032
0,/data_nas/huangyj/data/placePulse/rawData/googleviews-110802files/50f4455efdc9f065f000343b.jpg,-1.8520582,-2.3311725,2.951048,-0.963343,1.1707753,-1.540053,-1.5986366,-1.1303418,-0.3674677,-0.5652422,2.5890315,1.061273,-3.1818597,-0.0053495513,1.9679888,0.03683628,-2.1686614,1.0011473,-1.2241226,-1.5032591,-1.7729961,0.8263215,1.3105259,-1.1183357,-2.0361898,0.43092176,1.6662718,-0.2794921,-2.094254,0.48047268,0.8959147,-0.6256751,-1.054745,0.63611823,-0.66723174,-0.3906285,-0.57222503,-0.45232654,-1.6439303,-0.8984857,0.8386468,-2.1931057,0.0405221,-0.052764483,1.0120838,0.05544777,-0.24225229,-0.11641121,-1.8558486,-2.4398603
0,/data_nas/huangyj/data/placePulse/rawData/googleviews-110802files/50f5ebadfdc9f065f0008477.jpg,-0.0030319858,-0.9709998,-0.057431176,-0.49378788,1.7276334,-2.0275304,-2.5884752,-0.5318513,-5.0268855,-2.2025294,-0.0015781038,2.1681917,-0.6225535,-1.7058761,1.5801917,2.107326,1.0325906,2.9421306,-2.3791265,0.13431855,-1.119403,2.4333808,1.0927862,-4.320702,0.373263,-1.8717155,2.1942778,-1.3128374,-0.6741906,2.0802555,-1.8162814,2.329284,-5.590687,-2.4591346,-2.156512,-4.506112,-1.3388107,0.26297784,-0.919172,-0.71243304,-1.1482414,-0.032680094,-2.5779438,-2.6026118,2.094352,-1.9841224,1.6990772,5.1910586,-3.3618078,-0.3475868
1,/data_nas/huangyj/data/placePulse/rawData/googleviews-110802files/50f56125fdc9f065f0005477.jpg,1.141205,-0.6410516,-0.25950024,0.53019726,-0.8908583,0.028522303,-0.5858473,0.9506378,-2.5241792,-0.2135298,-0.877558,0.68682796,-0.17107235,-0.03810841,1.1557963,-0.20241614,1.1485019,0.073148936,-0.15084103,0.72488207,0.100978374,0.039906446,-0.5647177,0.09470168,0.16502856,0.081683196,0.5348639,-0.04798124,0.3542253,0.43162617,0.020727165,-1.7134507,-0.9808448,-0.87668806,-0.59459186,-2.231782,0.31499907,-0.3320156,0.7734874,-0.9711357,1.5508761,0.6283281,-1.1182175,0.64448446,0.5024876,-0.8807919,0.1340993,2.4185498,-0.23944521,0.08534953
0,/data_nas/huangyj/data/placePulse/rawData/googleviews-110802files/50f5ebadfdc9f065f0008472.jpg,-0.9774111,-1.3848614,2.3489642,-0.22276936,2.1965837,-0.84377515,-0.8598282,-0.2589464,-1.7877829,0.5674703,1.4002647,0.026574045,-2.4232469,0.9532853,1.4454867,-0.9867012,-1.0752798,0.1613235,-0.5374192,-0.42569786,-1.0620836,0.1425004,0.7110259,-2.7791598,-1.2186892,0.93564034,0.8662475,1.047259,-1.4015983,-0.38341945,2.070616,-1.6073215,-2.7846718,1.6040591,0.35240558,-2.2120137,0.25841436,-1.7734181,-2.6790557,-2.37981,1.8126947,-1.339562,0.36330387,0.7500629,0.43521383,-1.548246,-1.0535648,1.3822025,-1.3870254,-1.4692937
1,/data_nas/huangyj/data/placePulse/rawData/googleviews-110802files/5140d54ffdc9f04926003472.jpg,1.5530748,1.3418225,-2.5039365,0.8101356,-0.3569552,-0.58012235,-1.0495597,0.12884156,-2.8709996,-1.7168449,-2.1012716,1.699704,1.4902136,0.05980721,-0.5361094,2.5181441,2.1489062,3.231673,-1.3854805,1.1007997,0.51220965,1.1607995,-0.6858004,-1.3735626,2.8252344,0.11089969,0.3902925,-1.2003098,0.8283144,0.97840387,-3.4509554,-0.31733543,-2.1995747,-3.3088803,-1.6615636,-2.5969615,0.77459896,1.9930787,0.82634836,1.0794678,0.69081396,2.44012,-0.33764538,-0.756201,-0.15308207,-0.605193,2.3647633,3.2270792,-2.6075814,2.2720318
0,/data_nas/huangyj/data/placePulse/rawData/googleviews-110802files/5140d554fdc9f04926003479.jpg,0.16061734,-0.94864696,-0.1985065,0.29509145,1.3016081,-1.2403361,-1.6053821,-0.6344254,-4.5766935,-1.6687002,0.0078662345,1.7885377,-0.46257606,-0.7443777,1.1875916,2.084557,0.79885715,2.899175,-1.4731318,-0.11532077,-0.6882965,1.7032866,-0.18436116,-3.2950504,0.6853713,-0.61044234,1.1629331,-1.1369587,-0.6044945,1.6897105,-2.493428,1.3244495,-4.4836497,-2.2869732,-2.274156,-4.1601167,-0.24529923,0.94446224,-0.646257,0.021932757,-0.4514625,0.25704128,-1.9746983,-2.0426018,1.258648,-1.5245545,1.7347862,4.843668,-2.7993326,-0.30011988
1,/data_nas/huangyj/data/placePulse/rawData/googleviews-110802files/513cc15afdc9f0358700147f.jpg,0.9099523,-0.9915873,0.38859573,1.0752935,-1.187887,0.79635227,0.43404418,0.9032242,-1.8819274,0.7247085,-0.43265662,-0.07286425,-0.57849205,0.9701355,1.0743431,-0.92719114,0.45383117,-0.64126194,0.90782094,0.32077324,0.30846602,-0.91980654,-1.490375,1.1983217,-0.2639398,1.3334111,-0.40181231,0.5780345,0.11167669,-0.26265505,0.56390476,-3.0423472,0.25132713,0.1947238,-0.18844989,-1.7541804,1.2218181,-0.45869753,0.64505976,-0.9990204,2.507616,0.2749098,-0.4580347,1.7021598,-0.22971499,-0.5936422,-0.52315974,1.6292665,0.5979601,-0.4344047
1,/data_nas/huangyj/data/placePulse/rawData/googleviews-110802files/513cc0fcfdc9f03587001423.jpg,-0.3866614,-1.9986309,1.7101225,-0.1623148,-1.0249548,-1.0761088,-1.3887411,-0.05843264,-4.3871512,-0.49558324,0.54155076,1.0452416,-2.195878,-0.39723012,2.3598292,0.07846901,-0.1810936,0.96322167,-0.79802406,-0.58896226,-1.1534947,0.9636233,0.27543804,-0.016241718,-1.1346881,-0.16002008,1.2824855,0.009773517,-1.0326741,1.1176338,0.66404194,-2.771266,-1.5117925,-0.45876405,-1.0885471,-4.2369876,-0.47557867,-0.95409095,0.11091947,-2.016214,2.985565,-1.0441535,-2.0017443,1.5818406,1.3723907,-1.6707479,0.34293047,3.8496037,-1.6205571,-1.4151784
1,/data_nas/huangyj/data/placePulse/rawData/googleviews-110802files/50f4450bfdc9f065f0003421.jpg,-0.97601336,-1.937589,1.993083,0.21612902,-0.1507949,-0.99927163,-0.9410254,-0.8258605,-3.9382205,-0.32726535,1.180069,0.8880408,-2.5281022,0.39354637,1.841882,0.61467016,-0.9789013,1.7852222,-0.6054641,-1.2414342,-1.1783836,0.86601764,-0.29042563,-0.51527804,-0.85696816,0.8704981,0.6864751,0.045362156,-1.5478088,0.9011827,-0.20088215,-2.8084216,-1.5687952,-0.24284022,-1.3377652,-3.9685044,0.23049502,-0.2340056,-0.7688079,-1.3056371,3.0839689,-1.2333277,-1.1478478,1.4805554,0.7569108,-1.4135383,0.63877475,3.485738,-2.144581,-1.5972857
0,/data_nas/huangyj/data/placePulse/rawData/googleviews-110802files/513cc0fcfdc9f03587001424.jpg,1.5620408,-0.04393956,-0.988336,0.9570125,-1.7529095,0.2768555,-0.29163674,1.0197855,-2.829799,-0.2859101,-1.6371975,0.7464093,0.37679493,0.36007774,0.70454675,0.2507932,1.612768,0.5991301,-0.015817823,0.9231029,0.48072618,-0.021464212,-1.1605473,0.9681111,1.0050727,0.52893144,0.07321909,-0.08364329,0.72892994,0.41043505,-0.72610223,-2.777296,-0.2659105,-1.4456092,-0.7547412,-2.5981565,0.8482879,0.21708098,1.4272615,-0.5962944,2.4865732,1.3575605,-0.867657,1.3912194,0.020901501,-0.8539639,0.67098945,2.759882,-0.4475054,0.87039095
0,/data_nas/huangyj/data/placePulse/rawData/googleviews-110802files/5141399bfdc9f049260054e7.jpg,-0.35708505,-2.2374039,1.171233,0.5916722,2.4988666,-0.75230217,-0.9279485,-0.675421,-6.0180964,-0.61752355,0.9924514,0.8893245,-1.4083962,-0.5019833,2.0328388,0.9247236,0.14202303,1.6805875,-0.510196,-0.610527,-0.91600984,1.1360949,-0.7437562,-4.4925647,-0.6287927,-0.35616997,0.6828062,-0.2807664,-1.1878209,1.4651468,-1.1445152,1.5936562,-5.9280534,-0.7382509,-2.065824,-5.656518,-0.15209775,-0.36939013,-1.8519518,-1.2202863,-0.60699207,-0.9465398,-2.8409078,-2.1482058,1.5778486,-2.595095,0.5883839,6.240619,-1.8497217,-1.8824456
0,/data_nas/huangyj/data/placePulse/rawData/googleviews-110802files/513d7975fdc9f035870064e2.jpg,-2.0202777,-2.2430222,2.872136,-0.8461572,1.9026842,-2.311191,-2.1907318,-1.5416082,-4.767704,-0.96044487,2.1525939,1.2868681,-3.3927283,-0.4576056,2.3025148,1.0453358,-1.5131387,2.6202595,-1.8890536,-1.581987,-2.142304,2.0662675,1.3991717,-3.431165,-1.4120125,-0.30922738,1.916993,-0.12246169,-2.359578,1.4053955,0.2394901,-0.7761209,-4.2322164,-0.09530288,-1.4357889,-4.897052,-0.9821101,-0.92628294,-2.5106246,-2.0414064,1.7930164,-2.1682994,-1.6004195,0.030834232,1.7474291,-2.2239356,0.68966484,4.2819266,-3.5974977,-2.2128851
1,/data_nas/huangyj/data/placePulse/rawData/googleviews-110802files/513e220bfdc9f0358700a4ee.jpg,0.79092306,-0.9846678,0.6076674,0.7016272,-1.5632449,0.33317864,-0.056846485,0.9583976,-2.6296005,0.5885628,-0.55627316,0.0934208,-0.9182684,0.6390113,1.3742797,-0.969455,0.5283358,-0.54616463,0.47539285,0.33512855,0.028374353,-0.4943082,-0.887571,1.281466,-0.39525765,0.86336887,0.07607031,0.6672143,0.028085236,-0.029785803,1.0721806,-3.7874393,0.14090385,0.1589155,-0.104205295,-2.5833533,0.73179996,-0.9538012,0.6893945,-1.6921768,3.3364713,0.10307874,-0.7936441,2.3892145,0.15507427,-1.0791285,-0.4461881,2.2217546,0.20721266,-0.38240972
1,/data_nas/huangyj/data/placePulse/rawData/googleviews-110802files/5141447bfdc9f049260064e9.jpg,0.75225973,-2.1063144,0.41423115,-0.21743926,1.0342529,-0.996094,-1.9276843,0.7771824,-5.479813,-1.1618285,-0.10607445,1.3876979,-0.6095645,-2.3253782,2.7250972,0.15147008,1.5139779,0.11610219,-1.04874,0.6057166,-0.76383716,1.4791809,0.47023988,-3.307492,-1.0464345,-2.5706956,2.034933,-0.68133706,-0.10146641,1.9992726,0.1322758,2.3422265,-5.1864076,-1.3905909,-1.6560483,-4.635963,-1.7225645,-1.3000431,-0.10622402,-1.897637,-1.5582377,-0.52318144,-4.1427283,-2.4186823,2.7837236,-2.4208293,0.22249503,5.597458,-0.67742085,-1.4097718
1,/data_nas/huangyj/data/placePulse/rawData/googleviews-110802files/50f5611dfdc9f065f0005413.jpg,0.5299698,-1.5162163,0.8746278,0.10830934,-1.5012207,-0.2473414,-0.86097246,0.8177562,-2.78725,-0.10748122,-0.19089484,0.69732934,-1.2143855,-0.31652611,1.9922906,-0.6523618,0.4657257,-0.32204238,-0.18084994,0.17224579,-0.41386357,0.17605837,-0.15175933,1.0177702,-0.89569205,-0.10677846,0.9445414,0.104696214,-0.1667433,0.6084823,1.0163981,-2.6295695,-0.2701001,-0.37061158,-0.5383338,-2.5015705,-0.1718139,-0.9737857,0.9084485,-1.6866016,2.3897383,-0.32454088,-1.5613126,1.5127387,0.96537226,-0.9973547,-0.20701031,2.3850262,-0.14633927,-0.86039287
0,/data_nas/huangyj/data/placePulse/rawData/googleviews-110802files/51414cd4fdc9f0492600741f.jpg,-1.6318039,-2.4863358,3.0641277,0.15502962,0.23816362,-0.8744102,-0.58997864,-1.0962139,-3.5318015,0.32495475,2.0359504,0.3576815,-3.3818421,0.9580996,2.0981417,-0.046333086,-1.8812916,1.3027208,-0.18710135,-1.7394203,-1.4401457,0.44606644,-0.3008427,-0.4529625,-1.6353762,1.5266871,0.42308965,0.6060034,-2.1101837,0.4417544,0.7652083,-3.4354968,-1.2662852,0.88708705,-0.89570445,-3.7948458,0.4932674,-0.7991255,-1.4982733,-1.7865772,3.6076694,-2.0189698,-0.722633,2.0550685,0.5346551,-1.4468542,-0.04098873,2.9126916,-1.9212873,-2.3957605
1,/data_nas/huangyj/data/placePulse/rawData/googleviews-110802files/51413943fdc9f04926005410.jpg,-0.33886242,-0.57799494,0.89774597,0.35157287,-1.7479405,-0.6138574,-0.56811184,-0.4317663,-2.0307307,-0.25445834,0.046779804,0.8120002,-1.6388936,1.2376708,0.7788114,0.6485317,-0.52641946,1.88824,-0.5400112,-0.6366752,-0.565082,0.28934467,-0.40876824,1.6137675,0.25225133,1.7699628,0.19841494,0.10706468,-0.8428556,0.16186167,-0.38025746,-4.732911,0.9430649,-0.5802739,-0.66863346,-2.2826304,1.036465,0.43281472,0.35623512,-0.6634242,4.488472,-0.039642647,0.4752198,3.0113747,-0.40323123,-0.38745698,0.863671,1.4854269,-2.0636904,-0.058113217
1,/data_nas/huangyj/data/placePulse/rawData/googleviews-110802files/51414465fdc9f049260064cf.jpg,0.3118042,-1.2794441,0.2049633,-0.80227077,2.722724,-1.8722689,-2.7196362,0.23303936,-4.9449844,-1.7510514,-0.0070543652,1.7489673,-0.5265726,-2.2867877,2.1110075,0.8851836,1.4361426,1.3085034,-2.1768367,0.75988483,-1.0901561,2.19666,1.6292305,-5.5478354,-0.38496733,-2.8197672,2.6233573,-0.847242,-0.36358094,1.9028289,-0.20010884,3.6381807,-6.79899,-1.606869,-1.471425,-4.3635063,-1.9913208,-1.1464331,-1.4551172,-1.7890086,-2.4177291,-0.3284525,-3.1685846,-3.4375763,2.7242517,-2.5684397,0.58993495,5.183337,-2.222287,-0.7645982
0,/data_nas/huangyj/data/placePulse/rawData/googleviews-110802files/50f5ebaffdc9f065f0008497.jpg,-1.2532225,-0.5566799,1.0354176,-0.56271154,1.8049915,-2.276845,-2.2157538,-1.51608,-2.8480253,-1.6759093,1.0025458,1.8100908,-1.8505343,-0.05224715,0.82502174,2.1901968,-0.6718283,3.7867217,-2.4052107,-0.85053873,-1.4848562,2.0820925,1.2633343,-3.3456106,0.43324852,0.07499157,1.6887268,-0.80713224,-1.6131405,1.172387,-1.5775439,-0.11178616,-3.596789,-1.3947963,-1.5255967,-2.978118,-0.3604059,0.7202658,-1.9532689,-0.32997686,1.0105127,-0.5235198,-0.104281224,-0.7154646,0.85338175,-1.0799372,1.6484672,2.7120895,-4.302643,-0.33287224
1,/data_nas/huangyj/data/placePulse/rawData/googleviews-110802files/513e60eefdc9f0358700b492.jpg,0.074382186,-2.167375,1.6693931,0.6784609,-1.0930464,0.08829003,-0.18120919,0.40105364,-3.7360187,0.52339435,0.46246248,0.21149997,-1.8727713,0.33241916,2.1957328,-0.83724755,-0.18365017,-0.31820297,0.5413796,-0.47186127,-0.50861245,-0.16638759,-1.0422453,0.7348694,-1.2892001,0.7296643,0.22463503,0.5826855,-0.7113474,0.4818193,1.0013877,-3.237523,-0.6980936,0.36309543,-0.7169369,-3.581238,0.42618954,-1.071122,0.23663534,-1.870753,3.0250542,-0.9038743,-1.7183167,1.921528,0.73995185,-1.4543219,-0.4100203,3.3043444,-0.04280644,-1.6332682
0,/data_nas/huangyj/data/placePulse/rawData/googleviews-110802files/5141442ffdc9f0492600649e.jpg,0.3106624,-1.60011,0.7477054,-0.056064308,1.1313304,-1.1264147,-1.7104094,0.3119159,-5.507581,-0.81173295,-0.006574246,1.1240703,-1.1019508,-1.105334,2.2203343,0.28434753,0.9960403,0.9152529,-1.1137106,0.31225014,-0.8479314,1.3938024,0.41782346,-3.2725294,-0.5555016,-1.3273203,1.595816,-0.12356947,-0.47027734,1.4227325,0.2438686,0.31578073,-4.8224044,-0.916043,-1.2820622,-5.1821585,-0.92019635,-1.2825713,-0.8628609,-2.1851602,0.43271467,-0.4438124,-2.8421183,-0.9198405,1.9508142,-2.6516116,0.32685408,5.445921,-1.6375704,-0.9909163
0,/data_nas/huangyj/data/placePulse/rawData/googleviews-110802files/50f5ebaffdc9f065f0008498.jpg,-1.6116683,-2.2599208,2.8168182,-0.02898172,-0.294709,-1.2176155,-0.9631102,-1.1657491,-3.8365645,-0.096204974,1.7320405,0.730335,-3.3098776,0.7013516,2.0524466,0.39106166,-1.6914179,1.8393005,-0.62879956,-1.7059969,-1.5543588,0.82526,-0.0020507667,-0.14162362,-1.3534563,1.252838,0.69844216,0.33752745,-2.0785227,0.71913564,0.43635252,-3.7408195,-1.0942154,0.3528376,-1.0970982,-4.060825,0.2502059,-0.55765617,-1.1060797,-1.7160443,3.9879735,-1.838445,-0.83347094,2.3239355,0.67096925,-1.4410094,0.42281553,3.164514,-2.453917,-2.0504038
0,/data_nas/huangyj/data/placePulse/rawData/googleviews-110802files/50f5ebc7fdc9f065f00084fe.jpg,-2.1046035,-2.3772683,2.6929781,-0.19737819,2.907639,-1.8181725,-1.4893615,-2.021702,-4.5897975,-0.8379784,2.5601726,1.1239424,-3.118011,0.11129889,1.8966395,1.5088526,-1.7949685,3.0651672,-1.3590968,-1.9089837,-1.8940309,1.7060301,0.3640257,-4.289928,-1.1160687,0.48210654,1.1286427,-0.2998035,-2.5346851,1.2837287,-1.0151772,0.42146915,-4.8914332,-0.158104,-1.9254044,-4.6579595,-0.18438654,-0.03130234,-3.0307844,-1.0034523,0.6802741,-2.0606537,-1.33229,-1.176813,1.2666433,-1.9181874,0.87381583,4.4143596,-3.5477538,-2.4501104
1,/data_nas/huangyj/data/placePulse/rawData/googleviews-110802files/513d9ec6fdc9f035870084fe.jpg,0.22688007,-1.8123975,1.0647063,-0.44541,-0.6435621,-1.1788981,-1.876408,0.54181206,-4.584628,-0.836933,-0.015804078,1.2675318,-1.5124353,-1.3572611,2.5527806,-0.06590836,0.701551,0.42037395,-1.1299462,0.12258327,-0.967362,1.2823269,0.75226325,-0.8535745,-1.0675334,-1.4052953,1.8895231,-0.23952171,-0.4579995,1.4654161,0.88606083,-1.2435039,-2.4880807,-0.9337174,-1.0595493,-4.184882,-1.2426038,-1.3557942,0.34329653,-2.2560306,1.5933303,-0.70250565,-2.7974207,0.47253847,2.0298343,-1.9380673,0.25571343,4.21005,-1.1981186,-1.1244715
1,/data_nas/huangyj/data/placePulse/rawData/googleviews-110802files/51408971fdc9f0358700e4fe.jpg,-0.63599557,0.8552036,-0.4335419,-0.2887274,2.5410056,-1.8396705,-1.8281507,-1.4664934,-0.63770455,-1.8607332,0.3176399,1.8188591,-0.4428281,0.6022745,-0.6094848,2.7246583,-0.19710687,4.209076,-2.4417953,-0.18268888,-0.7659092,1.6996984,1.00169,-3.8583746,1.8265691,0.6938562,1.1731002,-1.1226845,-0.9228561,0.52845305,-2.7705748,1.0012738,-3.2829144,-1.9072051,-1.270161,-0.8633362,0.44921994,1.860125,-2.0733383,1.1131994,-0.23358938,0.7537693,1.5491745,-1.7513332,-0.20237064,-0.060218897,1.9593863,0.8580333,-4.2831197,1.03662
1,/data_nas/huangyj/data/placePulse/rawData/googleviews-110802files/50f42efdfdc9f065f00024fc.jpg,1.4966687,-0.48219323,-0.58562297,-0.019546822,-1.1326646,-0.78720474,-1.7067512,1.3560807,-5.11509,-0.82832354,-1.720554,1.1863374,-0.0034595365,-1.1902887,1.7695115,0.0396873,2.2392726,0.4292235,-1.1008135,1.3369751,-0.16008948,1.1223321,0.4434565,-0.9101206,0.33757633,-1.5159652,1.5448462,-0.06342109,0.65089464,1.2220907,0.50862414,-1.6578841,-2.7527163,-1.6334468,-0.74669886,-4.759603,-0.81374973,-1.2966313,0.98463255,-2.3120563,1.9323786,0.8116037,-2.6544893,0.74672174,1.5798708,-2.4068007,0.5398522,4.928955,-1.1181216,0.5010855
0,/data_nas/huangyj/data/placePulse/rawData/googleviews-110802files/514139a5fdc9f049260054fc.jpg,-0.38099167,-0.2432043,-0.055250317,-0.46885118,1.8129703,-1.8269607,-2.1378465,-0.9547018,-2.4552007,-1.9364268,0.33702028,1.9454386,-0.7263598,-0.5850225,0.62682563,2.2028227,0.19300789,3.274889,-2.2759812,-0.16953291,-0.9506735,1.9579895,1.0320171,-3.495339,0.8177061,-0.5237744,1.7091033,-1.2468889,-0.82697386,1.2626296,-2.1073153,1.3501208,-3.7800107,-2.1002817,-1.652583,-2.2833204,-0.47367734,1.0261912,-1.2712505,0.24815544,-0.5005758,0.20193517,-0.5018449,-1.9406796,0.94882005,-0.7372861,1.6754937,2.5774076,-3.4651017,0.13725305
1,/data_nas/huangyj/data/placePulse/rawData/googleviews-110802files/513e6eb2fdc9f0358700c483.jpg,-0.08143367,-2.0669012,1.6906792,-0.43979383,-0.7618072,-1.1369573,-1.6937584,0.46690956,-5.0476108,-0.382253,0.26179636,0.91597676,-2.0721738,-1.0063409,2.7525146,-0.48573938,0.3157686,0.18558268,-0.89619267,-0.12385748,-1.1203359,1.118573,0.7341551,-0.631761,-1.4433132,-1.0313827,1.71288,0.2553088,-0.7446742,1.2337263,1.6055125,-2.3762848,-2.3111296,-0.2872679,-0.77034086,-4.840237,-1.0881695,-1.9110116,0.014720643,-2.9239702,2.6885428,-1.1098083,-2.7308478,1.4396694,1.9282284,-2.3517165,-0.09168335,4.4764957,-1.1521885,-1.4723413
0,/data_nas/huangyj/data/placePulse/rawData/googleviews-110802files/513d9ea0fdc9f03587008488.jpg,-0.30222732,-1.8673645,1.4819213,-1.0681053,0.096576415,-1.6302543,-2.3436441,0.21980111,-2.8100827,-1.1288488,0.6463461,1.4999046,-1.8310654,-1.5001624,2.472424,-0.08729783,0.080839306,0.4079852,-1.653862,-0.047577526,-1.3421075,1.4022377,1.6729965,-1.3509821,-1.4607644,-1.5611209,2.4357147,-0.48497647,-0.8336785,1.2726202,1.1945673,-0.18102215,-2.3978112,-0.65547043,-0.7942718,-2.4613616,-1.6164587,-1.2598616,-0.18216659,-1.935404,0.55912596,-1.1095301,-1.9922361,-0.30196333,2.0980291,-1.1878182,0.004498247,2.4375253,-1.4577098,-1.3852291
0,/data_nas/huangyj/data/placePulse/rawData/googleviews-110802files/514133e8fdc9f04926004484.jpg,-0.26331064,-2.2198887,1.4763935,-0.41272664,0.46805692,-0.84160125,-1.4476728,0.06863049,-1.8039331,-0.74295765,1.1311908,1.1863604,-1.6652195,-0.982312,2.2426984,-0.14170094,-0.33210847,0.09266521,-0.7779107,-0.36708465,-0.99421555,0.70101404,0.52412933,-1.042436,-1.5583541,-0.72762173,1.6253353,-0.5891621,-0.8521725,1.0051188,0.44197145,0.52651805,-1.8399742,-0.41631764,-1.075531,-1.3161522,-0.84401524,-0.5366644,-0.21683337,-0.9138958,-0.35121766,-1.1433964,-1.6698776,-1.049235,1.5955075,-0.45175812,-0.15149035,1.6425656,-0.59988844,-1.854731
0,/data_nas/huangyj/data/placePulse/rawData/googleviews-110802files/513e60d1fdc9f0358700b45d.jpg,-1.524081,-2.6806066,2.69966,-0.6235781,1.7094402,-1.8820379,-1.9687377,-1.0592732,-4.849575,-0.84027964,2.0148718,1.2341214,-3.0668564,-0.8585537,2.677201,0.6174891,-1.1193913,1.7502487,-1.4274254,-1.3346735,-1.9096023,1.78226,0.96477693,-3.2227538,-1.7531672,-0.68873453,1.8608812,-0.2100418,-2.017789,1.5746384,0.34627897,-0.08000508,-4.2838707,-0.14930704,-1.5788615,-4.731813,-1.1199199,-1.0652779,-1.9712646,-1.9865663,0.9729597,-2.1154857,-2.3586757,-0.5635496,2.0679412,-2.1567602,0.38811362,4.495774,-2.5985909,-2.5136502
1,/data_nas/huangyj/data/placePulse/rawData/googleviews-110802files/513d7947fdc9f03587006453.jpg,-1.0910277,-2.2754662,2.632423,0.22874601,-0.7325009,-0.47245702,-0.3826551,-0.5040473,-2.652045,0.4433287,1.5140295,0.27181274,-2.936334,0.8292676,2.0161254,-0.5020733,-1.5026248,0.48765647,0.1132279,-1.3510038,-1.092871,0.0397613,-0.45690238,0.86685425,-1.6125319,1.4050488,0.355873,0.5666686,-1.5920887,0.28635502,1.082127,-3.8568413,0.029209048,0.832975,-0.61870944,-2.7709186,0.48861507,-0.8093776,-0.56642973,-1.6470356,3.6969488,-1.6607802,-0.6393852,2.4685574,0.43288335,-0.919303,-0.28228605,1.9873639,-1.0102118,-2.0747619
0,/data_nas/huangyj/data/placePulse/rawData/googleviews-110802files/51409127fdc9f04926000452.jpg,-1.1355859,-2.6330347,2.2330642,-0.284951,0.48028433,-1.6531943,-1.7985154,-0.9323904,-5.5777717,-0.9942757,1.4533588,1.3989217,-2.7090292,-0.8334814,2.672514,0.9416224,-0.6870698,2.0297458,-1.2688776,-1.2606937,-1.6648295,1.7255149,0.40289283,-1.9778984,-1.4053464,-0.55894905,1.5672686,-0.36502343,-1.7527506,1.7646713,-0.22117741,-0.9643344,-3.5374615,-0.73787063,-1.9213356,-5.325747,-0.868649,-0.6586264,-0.962377,-1.793045,1.7290314,-1.7318847,-2.7261708,0.07121986,1.9550703,-2.1848125,0.8399053,5.207729,-2.6471398,-2.2229342
1,/data_nas/huangyj/data/placePulse/rawData/googleviews-110802files/50f56122fdc9f065f0005459.jpg,-0.2417946,-2.199764,2.0428777,0.43933403,-0.17627275,-0.17748635,-0.40769035,0.28293192,-4.144452,0.6298629,0.70977485,0.080575705,-2.1816208,0.36690837,2.2866495,-1.013276,-0.33923557,-0.30305603,0.31281477,-0.48029742,-0.74220026,-0.0011228584,-0.60031515,-0.4201964,-1.4484502,0.60517025,0.43065038,0.857764,-0.95498234,0.38101965,1.5659792,-2.9593654,-1.717038,0.79643214,-0.47623053,-4.1368675,0.23440206,-1.6508822,-0.6366114,-2.4859927,2.9536445,-1.2011683,-1.6491194,1.7609645,0.8850112,-2.0023673,-0.6735954,3.6776774,-0.39023805,-1.828553
0,/data_nas/huangyj/data/placePulse/rawData/googleviews-110802files/513d2cb7fdc9f03587002455.jpg,1.8189584,0.31412783,-2.0772922,1.2789711,-0.21997857,-0.01320182,-0.5812141,0.5283931,-4.7144685,-1.1444824,-2.0139494,1.279853,1.3418715,-0.1678613,0.31532356,1.7727611,2.4207482,2.2037094,-0.5294413,1.1078343,0.6037825,0.7677064,-1.5146854,-1.7198987,2.0872982,-0.11012095,0.05444073,-0.8027008,0.8343854,1.1581299,-2.8753626,-0.031053605,-3.2499847,-2.8163788,-1.8632354,-4.234713,0.7744804,1.2040566,0.86644006,0.26450148,0.43154484,2.0017712,-1.7742383,-0.98813915,0.33541286,-1.5485008,1.7865103,5.1290717,-1.6289868,1.3446972
0,/data_nas/huangyj/data/placePulse/rawData/googleviews-110802files/513e1b59fdc9f03587009455.jpg,1.223512,-0.051146246,-0.9547755,0.8592392,-0.7984719,-0.024896579,-0.49464852,0.5175585,-2.7878883,-0.6150902,-1.2143943,0.96263194,0.3234065,0.30300477,0.52520984,0.80939,1.3432823,1.31185,-0.36228347,0.6743185,0.28235134,0.27577662,-0.98359495,-0.2155478,1.1294296,0.49481624,0.18562126,-0.39712697,0.40534532,0.54952306,-1.4283768,-1.5710709,-1.248941,-1.6704584,-1.0842496,-2.5487742,0.812495,0.68951595,0.7905702,-0.09580368,1.5459641,1.2446957,-0.74230283,0.33693507,0.06771598,-0.7472192,0.95561993,2.8591425,-1.0913675,0.7507128
0,/data_nas/huangyj/data/placePulse/rawData/googleviews-110802files/513d68a6fdc9f03587004450.jpg,-0.84122527,-1.3287823,1.6243496,-0.24519259,0.34077162,-1.5140663,-1.56593,-0.71509534,-4.1628346,-0.67759967,0.7589793,1.1245855,-2.2682514,0.15383172,1.6676732,0.7626916,-0.51845706,2.1335006,-1.3362161,-0.74997616,-1.2852126,1.3382558,0.59554917,-1.6133021,-0.44328833,0.32732984,1.2427765,0.038172856,-1.3629297,0.92891306,0.035005562,-2.4493332,-2.5439928,-0.50618565,-1.0688572,-4.3356857,-0.15874623,-0.5603601,-1.1602346,-1.72348,2.947221,-0.87495214,-0.9937499,1.215905,0.9411635,-1.8157977,0.744048,3.7349854,-2.809886,-0.94839305
0,/data_nas/huangyj/data/placePulse/rawData/googleviews-110802files/513e2182fdc9f0358700a450.jpg,1.0524354,-1.0280291,0.26928625,-0.021373063,-1.5779486,-0.263404,-1.0647075,1.2886314,-2.4320645,-0.20287865,-0.81578976,0.7623637,-0.61514467,-0.5320552,1.8177807,-0.8389135,1.1150872,-0.64927024,-0.36621284,0.81558096,-0.21491534,0.18737525,0.18074568,0.83479637,-0.545257,-0.5367061,1.1689116,0.120257765,0.31650892,0.51092416,1.25632,-2.275478,-0.40874496,-0.5593547,-0.22331849,-2.142212,-0.36116385,-1.1634067,1.1614379,-1.7848569,2.00218,0.19286926,-1.4800346,1.2698238,1.0153172,-1.0008708,-0.30611867,2.105161,0.026593864,-0.25525105
1,/data_nas/huangyj/data/placePulse/rawData/googleviews-110802files/5141443bfdc9f049260064a7.jpg,2.083061,-1.091721,-0.7431546,1.0148629,-0.5508473,0.93259186,-0.013613785,1.8472956,-2.7750537,0.20751098,-1.3158637,0.27368093,0.75326765,-0.52392733,1.5505586,-1.0756452,2.0631566,-1.5676115,0.7610823,1.424222,0.66807336,-0.6100782,-1.3610371,-0.3160293,-0.18710041,-0.57449967,0.21930426,0.081920885,1.0525904,0.41089344,0.4184866,0.07858235,-1.7925242,-0.62934893,-0.5386778,-2.10949,0.23298182,-0.8531081,1.2091241,-1.1105742,-0.35621127,0.85384697,-2.1999424,-0.73435235,0.8783798,-1.1298679,-0.64979666,2.9833212,1.5201752,-0.26017472
0,/data_nas/huangyj/data/placePulse/rawData/googleviews-110802files/513f29befdc9f0358700d40d.jpg,-0.263441,-0.5736177,0.8879599,-0.51233816,-0.5567588,-0.9913484,-1.3569372,-0.070293546,-0.8990978,-0.56106526,0.22765677,1.0119073,-1.4472697,0.27011174,1.0895969,0.16789922,-0.3370676,1.0889903,-1.1261832,-0.16788463,-0.73113215,0.6505637,0.8454723,0.25496352,-0.2235925,0.49949244,1.2060755,-0.12575687,-0.65073216,0.20835303,0.46795127,-2.5928464,-0.002047571,-0.51402646,-0.22592495,-1.0374963,0.0040444643,-0.23113354,-0.08662111,-0.9087583,2.5054984,-0.21420716,0.35502648,1.4889663,0.30288953,-0.22140236,0.3103302,0.47206372,-1.6514384,-0.15600887
1,/data_nas/huangyj/data/placePulse/rawData/googleviews-110802files/50e748e6d7c3df413b001406.jpg,0.4717134,-2.3404207,0.6760711,-0.3639127,0.7588577,-1.277463,-2.1635392,0.5191508,-6.205108,-1.352832,0.025129069,1.5595667,-0.9549154,-2.4248357,2.9573321,0.42627546,1.3566792,0.57215554,-1.2984856,0.32595757,-1.0147998,1.7771775,0.6165762,-3.143284,-1.1560192,-2.6383457,2.1734421,-0.74175394,-0.37571973,2.2304795,0.051485706,1.9483998,-5.2449713,-1.5521842,-1.872853,-5.369026,-1.8712484,-1.3025843,-0.029467246,-2.0953085,-1.065176,-0.7806189,-4.4305573,-2.0810692,2.9512732,-2.672588,0.49609107,6.2279005,-1.2411621,-1.605301
0,/data_nas/huangyj/data/placePulse/rawData/googleviews-110802files/513ceeadfdc9f03587002406.jpg,-0.86781985,-1.2802174,1.4433445,-0.00811103,-0.8669148,-1.102932,-1.0930823,-0.8871316,-2.178458,-0.7269618,0.8417607,1.2288485,-2.1027777,0.6409525,1.2402518,0.97843957,-0.9628427,2.1995842,-0.9762996,-1.0465769,-1.0677694,0.746129,0.043892644,0.5245283,-0.32629895,1.1891892,0.75088286,-0.33350626,-1.3700927,0.620244,-0.6434508,-3.0762498,-0.16470234,-0.6919764,-1.153902,-2.253308,0.43491602,0.5383507,-0.13160782,-0.4883793,3.1241279,-0.70142287,-0.04179401,1.6706146,0.23790482,-0.34940857,0.95822114,1.732533,-2.4772766,-0.8548942
1,/data_nas/huangyj/data/placePulse/rawData/googleviews-110802files/51414ccefdc9f0492600740e.jpg,0.9942884,-0.6292058,0.26729062,1.2949626,-0.23740998,0.8890891,0.64379424,0.9196513,-2.6419117,1.0808347,-0.7103868,-0.41256785,-0.39662147,1.4702426,0.7914304,-1.1224027,0.7045926,-0.6100453,1.0131494,0.6037306,0.43314397,-1.0719599,-1.6185085,-0.17665222,0.12018598,1.6497474,-0.71109045,1.07949,0.13088503,-0.60871226,0.8450808,-3.0873806,-1.0774506,0.6248688,0.13587366,-2.7650437,1.5982554,-0.89186275,-0.24903075,-1.572849,2.7015734,0.49178827,-0.1730018,1.7057159,-0.48964852,-1.3865494,-0.7493215,2.4868464,0.35962665,-0.12645093
1,/data_nas/huangyj/data/placePulse/rawData/googleviews-110802files/513cc0e4fdc9f0358700140c.jpg,1.3629422,0.3104402,-1.1305794,0.9246546,-2.3818,0.11936605,-0.31175095,0.67060506,-2.5401921,-0.48766002,-1.7308,0.9182286,0.3406017,0.6919094,0.34351438,0.7684195,1.3926625,1.365401,-0.2294043,0.68745226,0.45218232,0.09405951,-1.1519942,1.7599553,1.4270916,1.0019475,-0.07163388,-0.22611403,0.5996218,0.36000013,-1.2590879,-3.7083204,0.6304663,-1.7828884,-0.8411187,-2.422782,1.124122,0.7941376,1.712266,-0.17565434,3.359067,1.5399384,-0.29708272,2.1119475,-0.38794222,-0.5099234,1.1725435,2.379102,-1.085974,1.2556043
0,/data_nas/huangyj/data/placePulse/rawData/googleviews-110802files/50f5eba8fdc9f065f000840c.jpg,-0.44477314,-2.6598077,2.4164956,-0.31442705,1.1523397,-0.36439434,-0.8528497,0.42590913,-1.3647801,0.40872392,1.5800983,0.26260924,-2.1963813,-0.3900598,2.542721,-1.6173747,-0.75668293,-1.455984,0.02297041,-0.34421763,-0.9874436,-0.12671089,0.4007317,-1.3553988,-2.4179049,-0.25544462,1.2496196,0.4463428,-1.0341094,0.26009613,2.2952085,-0.012280354,-1.9220948,1.3014387,-0.11195676,-1.1313303,-0.60307264,-1.8469138,-1.083778,-2.006128,-0.038326405,-1.7567106,-1.3245689,-0.43566543,1.4165696,-0.86358756,-1.4826751,1.0943213,0.47712004,-2.543487
1,/data_nas/huangyj/data/placePulse/rawData/googleviews-110802files/50f60868beb2fed6f8000405.jpg,1.4359618,-1.7896628,-0.5385155,-0.10421329,1.2815483,-0.655231,-1.8477321,1.1790358,-4.873994,-1.4088668,-0.6430541,1.4875541,0.43442565,-2.7747624,2.4588509,0.27223116,2.2564743,-0.22832409,-0.96979797,1.1736383,-0.30243644,1.3841943,0.2631434,-3.6354878,-0.6416022,-3.1033068,1.9971273,-1.0573022,0.5168297,2.092241,-0.4238886,3.9947655,-5.466538,-1.9607872,-1.7725663,-3.7671423,-1.8350391,-0.9321706,0.35056248,-1.241462,-3.2253506,0.091101624,-4.38147,-3.7250943,2.8484688,-2.0754929,0.29646045,5.2994704,-0.088976346,-0.9942717
0,/data_nas/huangyj/data/placePulse/rawData/googleviews-110802files/513d7967fdc9f035870064b3.jpg,-0.48096302,-1.435857,0.7842006,-0.24153194,2.089663,-1.7204002,-2.042223,-0.8074228,-4.3221536,-1.5747788,0.79802483,1.7220739,-1.3111547,-0.9797767,1.650222,1.6335232,0.15801542,2.5806665,-1.7956079,-0.3970825,-1.230791,1.9076769,0.6597679,-4.1050563,-0.15716371,-0.95255566,1.7471153,-0.92141193,-1.1456527,1.6440068,-1.4607091,1.7209233,-5.0661845,-1.552604,-1.9605598,-3.9937515,-0.7967063,0.18999407,-1.5075551,-0.66542304,-0.72570735,-0.56512076,-1.9781568,-2.2324388,1.7040223,-1.6905367,1.1737378,4.435513,-2.9545228,-1.0152825
0,/data_nas/huangyj/data/placePulse/rawData/googleviews-110802files/50f44565fdc9f065f00034b7.jpg,-0.93705314,-1.122101,1.6863649,-0.08701064,-0.022555117,-0.9251464,-0.9207833,-0.7097876,-1.1914586,-0.25778496,1.1237025,0.80110425,-2.2130718,0.83961153,1.1053162,0.3795402,-1.2233218,1.5242126,-0.7808718,-0.96518415,-0.9541182,0.53330594,0.22158414,0.031050995,-0.5381643,1.2889678,0.725675,0.066582605,-1.2856938,0.19964513,0.10275193,-2.9044123,-0.14205924,0.03277173,-0.5970933,-1.4014871,0.47570264,0.027897416,-0.86305565,-0.71782726,2.8653636,-0.8460516,0.5091213,1.6177291,0.096531056,-0.29746222,0.37493542,0.72959477,-1.9303888,-0.934059
0,/data_nas/huangyj/data/placePulse/rawData/googleviews-110802files/50f5ebb0fdc9f065f00084b2.jpg,2.020702,1.5869867,-2.0796402,0.053273007,-0.13944453,-0.4964707,-1.3232011,1.4614885,-1.779724,-0.8005292,-2.5795887,0.9566456,1.4548723,-0.01915352,-0.19598149,0.2675399,2.627913,0.75164866,-1.3283046,2.2860303,0.55518574,0.4394381,0.7080857,-1.6824583,1.9950193,-0.53080815,1.0143985,-0.04333084,1.3109634,-0.040716663,-0.052656263,-0.9228296,-2.2470803,-1.6008618,0.27045068,-1.7724317,0.19034655,-0.35328722,0.4057727,-1.065661,0.9876953,2.2920012,0.12573385,0.13044778,0.054101296,-1.1435161,0.4878059,1.883459,-1.3442553,2.411496
0,/data_nas/huangyj/data/placePulse/rawData/googleviews-110802files/513e6edcfdc9f0358700c4bc.jpg,-2.1609268,-2.8181503,3.6528502,-0.69859403,0.60313666,-1.5321486,-1.354956,-1.2553905,-2.5936828,-0.09679567,2.6813738,0.6981565,-3.9193206,0.22909383,2.4827566,-0.15917887,-2.3650484,1.119785,-0.86699164,-1.9353516,-1.9786637,0.89508593,0.8920672,-0.7817079,-2.3714366,0.70746166,1.3500549,0.29750147,-2.4586146,0.6485939,1.3928504,-2.4295208,-1.312504,1.0363766,-0.7652548,-2.7721834,-0.43714353,-1.113155,-1.7639519,-1.9425366,2.7359357,-2.6761944,-0.7502496,1.4486887,1.149816,-1.0635802,-0.26533327,1.8424919,-2.0953426,-2.895051
0,/data_nas/huangyj/data/placePulse/rawData/googleviews-110802files/513e21defdc9f0358700a4b9.jpg,-1.6632049,-2.212388,2.9202042,-0.7235199,0.78151333,-1.479233,-1.4965857,-0.91758376,-1.4812845,-0.3246615,2.177216,0.8901567,-3.214967,0.14755394,2.068651,-0.06655714,-1.8515208,1.0476515,-1.0813593,-1.3813683,-1.679878,0.8465066,1.0530591,-0.94837534,-1.8348134,0.51431984,1.5065109,0.07135046,-1.9807874,0.52273446,1.1394662,-1.7358748,-1.1991246,0.66187286,-0.5995381,-1.6082528,-0.4321041,-0.81233776,-1.541251,-1.4680282,1.9372978,-2.027771,-0.27455476,0.8310405,1.0060896,-0.59491736,-0.18475819,0.9155178,-1.9812012,-2.2048585
1,/data_nas/huangyj/data/placePulse/rawData/googleviews-110802files/51414d0ffdc9f049260074b5.jpg,1.1344241,-1.065457,0.26709017,0.6082188,-1.7901562,0.36800236,-0.24049236,1.2430217,-2.2552085,0.305138,-0.78629297,0.34013802,-0.5343472,0.18890572,1.5224117,-0.9834692,0.9135679,-0.8353646,0.3867787,0.6264549,0.11923359,-0.44460648,-0.79705083,1.4691513,-0.4348775,0.3925598,0.3314479,0.3685688,0.32673573,0.16573682,0.98241454,-2.999212,0.23959939,-0.21754093,-0.2318028,-2.0259583,0.44351932,-0.84799576,1.2318904,-1.4524792,2.5101407,0.30202568,-1.1174803,1.7534637,0.41057432,-0.80655724,-0.42461818,1.9610618,0.5178403,-0.33371866
0,/data_nas/huangyj/data/placePulse/rawData/googleviews-110802files/50f5ebb0fdc9f065f00084b4.jpg,-1.0002763,-1.901374,2.1593466,0.2202108,-1.4207432,-0.843198,-0.7166144,-0.71561205,-3.6989713,-0.068978615,1.0428722,0.7244029,-2.7606487,0.740428,1.8725529,0.33394954,-1.1608638,1.5983056,-0.36778075,-1.3479215,-1.1514106,0.58694303,-0.3891641,1.1080561,-0.9586657,1.333395,0.468324,0.26314726,-1.5187411,0.66975087,0.21393977,-4.5169454,-0.013595305,-0.062203877,-1.0626884,-3.8393426,0.47688347,-0.3075044,-0.113346085,-1.4649839,4.5216794,-1.2339683,-0.8667536,2.8971367,0.42927232,-1.1575332,0.5612509,3.010919,-1.9554982,-1.4917198
1,/data_nas/huangyj/data/placePulse/rawData/googleviews-110802files/50e748e9d7c3df413b001446.jpg,0.41116965,0.5308906,0.16771112,0.36261162,-0.5051919,-0.31975347,-0.40984762,0.3741917,-1.698384,0.35405123,-0.886193,0.19258703,-0.7557351,1.7317536,0.10353851,-0.2727375,0.38014892,0.9720528,-0.47251973,0.5872772,-0.06800254,-0.22060874,0.0038228445,-0.15463805,0.90198475,1.7689071,0.059091464,0.9059111,-0.14743632,-0.7378774,0.7950547,-4.41095,-0.43122467,0.17840965,0.5258615,-2.2653441,1.3264802,-0.59570163,-0.5971021,-1.5905867,4.16698,0.7777877,1.3044658,2.8263428,-0.8407414,-1.0877217,0.0035607743,1.2866046,-1.6432328,0.9829676
0,/data_nas/huangyj/data/placePulse/rawData/googleviews-110802files/513d7e9ffdc9f03587007443.jpg,0.7604873,-2.077836,0.000868557,0.91939056,1.7856717,-0.2971076,-0.8496615,0.14552629,-6.947961,-0.8424749,-0.076270185,1.0232778,-0.24359678,-1.375014,2.1748629,1.0021962,1.4599607,1.172271,-0.2315263,0.14118269,-0.31977212,1.1863708,-1.3033466,-4.1107144,-0.22834848,-1.3506745,0.66178864,-0.61434644,-0.24023536,1.9798968,-1.6664183,2.4937413,-6.15115,-1.690141,-2.433374,-6.147286,-0.45867193,-0.30597174,-0.61445737,-1.0427202,-1.5314144,-0.17401378,-4.196238,-2.8201241,2.028089,-2.8708706,0.87033105,7.373899,-1.0136236,-1.3902292
1,/data_nas/huangyj/data/placePulse/rawData/googleviews-110802files/513d68a4fdc9f0358700444a.jpg,1.1441507,-1.5727158,0.32432598,1.3825226,-0.70054156,1.086359,0.6104389,0.9985895,-3.0699034,0.75188935,-0.4043896,-0.109609954,-0.37352434,0.6865479,1.5086762,-0.9548989,0.79236543,-0.8649483,1.2414732,0.36366844,0.40235838,-0.92669255,-2.0498002,0.38207746,-0.45119965,1.0542831,-0.56375724,0.5277973,0.19114442,0.024789492,0.29181194,-1.9326292,-0.92001045,0.041301638,-0.62409735,-2.7453358,1.1980245,-0.59450656,0.6092872,-1.087657,1.5613003,0.20100954,-1.4573065,0.7227165,0.12438428,-1.1290379,-0.569752,3.0372741,0.9224851,-0.920069
0,/data_nas/huangyj/data/placePulse/rawData/googleviews-110802files/50f5ebaafdc9f065f0008440.jpg,-0.7657013,-0.5995303,1.1267252,0.03292308,0.15139931,-1.2783052,-1.1909462,-0.8689687,-2.6581151,-0.6331061,0.5091983,1.0649472,-1.8588326,0.9130086,0.8256359,1.0612571,-0.6412587,2.5501792,-1.2403166,-0.7037336,-0.9657616,0.95742166,0.28075498,-0.9797922,0.26658228,1.2021766,0.7480823,-0.0054689012,-1.2258073,0.42526525,-0.5627003,-2.967464,-1.4451655,-0.5834858,-0.86897266,-2.9684286,0.565565,0.23172702,-1.0381047,-0.8768554,3.2262018,-0.32217798,0.33153483,1.5624282,0.08194054,-1.0042964,0.9780739,2.2744913,-3.0074487,-0.24463615
0,/data_nas/huangyj/data/placePulse/rawData/googleviews-110802files/51409e84fdc9f0492600144b.jpg,0.61217225,-0.6436263,0.39882722,0.43476444,-0.6163009,0.32083717,-0.094176054,0.74014366,-0.6401427,0.38503614,-0.23522188,0.18400502,-0.66329175,0.75066787,0.8800439,-0.81435966,0.20646064,-0.46143365,0.26384676,0.34635198,0.08245724,-0.5886364,-0.5698877,0.69537014,-0.23884134,1.0355747,0.16084069,0.34407115,0.02828179,-0.3287154,0.76622707,-2.4084175,0.30089933,0.1549971,0.075913444,-0.60822344,0.7998192,-0.44152185,0.24989514,-0.84177285,1.9560854,0.21077153,0.20514114,1.2922583,-0.1650646,-0.16506192,-0.49524504,0.38501742,0.22371402,-0.21892017
0,/data_nas/huangyj/data/placePulse/rawData/googleviews-110802files/513d7941fdc9f03587006444.jpg,1.1253872,-0.8419482,-1.169764,0.7139651,1.1233987,-0.86674386,-1.482789,0.048656173,-7.025661,-1.705632,-1.0718573,1.6793069,0.5300802,-1.5207238,1.4266151,2.1460598,2.1872175,2.5857053,-1.184669,0.5900343,-0.19774053,1.8795602,-0.7678851,-3.9754632,1.1045487,-1.6260381,1.0027499,-1.1294312,0.16460556,2.2362177,-2.8084536,2.129211,-5.998247,-2.9959733,-2.6470842,-6.2876377,-0.55177426,0.52535146,-0.052911703,-0.47050014,-1.0276743,0.85917383,-3.7421176,-2.6022606,1.8216577,-2.7208674,1.9343258,7.4833407,-2.2823699,0.0589026
