label,path,0,1,2,3,4,5,6,7,8,9,10,11,12,13,14,15,16,17,18,19,20,21,22,23,24,25,26,27,28,29,30,31,32,33,34,35,36,37,38,39,40,41,42,43,44,45,46,47,48,49
0,/data_nas/huangyj/data/placePulse/rawData/googleviews-110802files/513d49cafdc9f03587002dd3.jpg,1.5332938,-0.37989056,4.2321367,0.24188216,-5.394315,-1.8564796,-12.854254,2.5088727,-2.4914384,-2.2142303,0.67262185,-0.33459747,-4.3876476,3.6965454,-1.2340223,-3.8829267,-3.9181755,2.8444438,2.8937259,2.3185248,-0.82070625,0.35697156,2.3522124,3.431861,-2.7298057,-3.263652,-1.6132634,2.0054307,0.5904536,-2.0783875,2.5342417,-1.798439,-1.3083004,2.3023279,-0.54697424,-1.8738742,-1.0489836,0.28367716,-1.0628084,-1.0013634,-0.17088705,0.385133,-7.121372,1.7485756,-1.3629376,-1.5192184,-8.851872,-1.5583436,1.331466,0.5012593
1,/data_nas/huangyj/data/placePulse/rawData/googleviews-110802files/513f2f93fdc9f0358700ddd3.jpg,-8.545558,-1.5310866,1.3743732,1.1233423,4.1134005,0.84443223,-9.533403,-0.008469243,-1.2182318,-0.37512445,3.4217145,-3.8964026,-1.1750785,-0.86419773,-1.0759878,-2.2241213,-3.137317,0.9345505,1.2210306,0.42351335,-1.2207506,0.25958198,2.0515785,-1.0882887,3.318384,-1.9295756,2.7961512,2.1313071,0.20169058,-1.1181991,-0.18229072,-2.4209585,-1.7703432,-2.2176542,4.1783824,1.0081325,-4.632002,-1.8245034,0.23430827,-2.9599173,-0.67256665,-0.22567864,-3.1072779,1.3415831,-0.6137508,0.83987635,-9.592011,0.3938635,2.6259947,-2.465518
0,/data_nas/huangyj/data/placePulse/rawData/googleviews-110802files/5141371cfdc9f04926004ddc.jpg,-4.179218,0.6292563,-0.29938847,-0.7718746,-1.5151615,-4.094071,0.74843955,1.7415736,-0.7223224,0.4513879,1.8683245,-0.71122855,-1.6931243,1.5488019,-1.0792239,-3.2781472,-4.1982765,1.094599,0.14343086,-0.5013567,-2.0209148,2.088395,1.5219527,-2.229211,1.5187176,-4.5283914,4.2392435,2.2004085,3.145353,-1.4578065,1.0251571,-0.96655613,1.0993303,0.71546793,2.1082616,-3.5070572,-4.014028,-0.074407235,-1.597224,-0.5733019,1.9510919,0.5260708,-6.1962543,2.7027912,0.4149919,-0.30523413,-3.2657864,0.45154688,2.2168384,-2.6891563
0,/data_nas/huangyj/data/placePulse/rawData/googleviews-110802files/5140b937fdc9f04926001ddc.jpg,-3.8694224,-3.9224184,0.12941572,-2.6347537,-12.056817,-3.8204787,3.2688465,-0.2557394,1.2269604,1.3367156,0.48967606,0.7943956,-1.1615996,-0.2194982,-0.57013404,-1.8757613,-3.145837,-4.349473,-2.2344136,-1.20504,-1.3464746,2.469812,0.44904482,-3.1539252,3.72958,-5.5502048,1.4892855,0.92803216,4.2895584,-1.8446418,0.5017709,-1.7491854,3.2275443,-1.1603632,3.0360334,-1.9742264,3.873206,0.15032637,-2.1317255,0.95364076,-0.06705492,-0.9393173,0.38445577,1.6369249,0.45370612,0.5162442,5.1882114,1.5253069,1.924706,-1.7415853
0,/data_nas/huangyj/data/placePulse/rawData/googleviews-110802files/5140da85fdc9f04926003ddf.jpg,-6.161176,-1.5340163,-0.15695132,-1.6509155,-0.5750356,-4.3882313,6.1826887,1.4432175,0.9254813,0.87861985,1.7466878,0.21816368,-0.7508483,1.1659958,-0.45833355,-1.87226,-3.5780752,-0.97348046,-1.0400752,-1.3141644,-1.303811,3.5371563,1.1218356,-4.2750983,5.2854743,-5.2040086,4.1950006,1.2400315,5.4917684,-1.9061438,0.49715,-1.0145496,2.6572762,-1.4473611,1.2206954,-2.8749993,-4.1196356,-0.317004,-1.9942935,0.35478953,1.74035,-0.15115477,-2.5358074,2.857463,1.1481757,-0.276276,-3.3169215,2.1648355,2.0907056,-2.677083
0,/data_nas/huangyj/data/placePulse/rawData/googleviews-110802files/513d6118fdc9f03587003dd5.jpg,-7.666132,-1.4953239,1.1653957,-1.3939289,3.34556,-4.175426,2.6927629,0.4077765,0.49605167,0.9931598,0.81781685,0.7121498,-1.1876701,0.095097095,-0.30799317,-1.4836096,-3.1010113,-1.1866966,-0.88084567,-1.5617748,-0.5355062,0.6801523,-0.0100695845,-4.0104766,-0.019880338,-4.493477,0.59061176,0.72490805,2.605857,-1.8258746,0.36119556,-0.7512992,3.1241326,-2.265296,6.3105617,-1.3445257,-8.873573,0.28643402,-1.3873533,2.2155168,-0.7603704,-1.6839374,-1.6210533,1.4652085,-0.7181381,0.24445318,-2.5335388,1.8423203,2.0501666,-0.9357106
1,/data_nas/huangyj/data/placePulse/rawData/googleviews-110802files/513d7c26fdc9f03587006ddb.jpg,-0.6106987,1.088127,1.1359962,0.16109936,9.170023,-0.9221219,1.4204298,1.0210891,-1.6631607,-0.2067894,1.7335715,-0.70381624,-0.5071377,1.1115831,-1.346624,-3.3137784,-3.299273,1.6844903,1.1859294,2.3688507,-0.4316058,-0.20588003,0.2680423,1.541498,4.1954126,-1.6919366,0.46608704,1.1756059,4.8613677,-1.9539986,1.2416165,-1.7516147,-0.3082114,0.773326,-8.692713,-1.9980668,-6.677875,-0.48214242,-1.8849207,-0.52676773,-0.46169353,0.0019799713,-3.2875702,0.1859426,-0.7403883,0.30998904,-14.429337,-1.2970481,1.0823383,-1.1900855
0,/data_nas/huangyj/data/placePulse/rawData/googleviews-110802files/513d60b5fdc9f03587003d61.jpg,-0.8714835,0.10159336,1.590611,2.6101036,-6.8963103,1.2484405,-10.802185,1.8820313,-1.5164881,-2.473265,1.1808875,-1.2028042,-1.9797546,2.9889238,0.14915007,-0.5817933,1.1923232,4.02413,3.2870328,2.4635537,0.45631105,2.7564754,0.99775743,2.5443225,-1.8728284,1.2197374,1.5767454,-0.5036431,0.5933318,-0.79557043,1.7962916,-1.0265518,-2.1769116,-0.3092811,2.9303696,-0.24889877,-2.8941371,-1.0773191,1.0813783,-0.87929285,2.1994724,0.6941431,-2.522527,1.7601212,0.15249063,-1.6967409,-13.871438,0.00015390792,-0.9829888,-0.052723024
0,/data_nas/huangyj/data/placePulse/rawData/googleviews-110802files/50f5ead0fdc9f065f0007d6c.jpg,-5.224873,-0.15142183,-0.8800292,1.0201669,-1.2656372,0.23703977,-9.243756,1.1636086,-0.29855904,-1.0779142,2.9399178,-3.0049744,-2.4748735,1.3646673,-1.4093262,-1.5569178,-2.300519,1.1766343,1.2453973,1.0123748,-0.43071085,1.2435632,2.9835203,1.2722852,6.3326755,-1.6007583,3.1433303,1.8791108,1.7338756,-1.2059447,0.176581,-1.3066398,-1.0475521,-2.190348,-0.39925417,0.51096576,-1.8497459,-2.3718123,-0.048900794,-3.0017745,1.2932866,0.96816474,-3.8820221,1.772237,0.15212955,-0.83757097,-12.169797,0.8737242,1.9233862,-2.5704622
0,/data_nas/huangyj/data/placePulse/rawData/googleviews-110802files/50f5e690fdc9f065f0006d6a.jpg,0.77429074,-1.6874,2.782635,-1.4951876,-8.863722,-2.9481063,-4.981151,1.065729,-1.1190312,-0.56434107,-0.73883855,0.40267885,-3.3393517,1.8057189,-1.0934702,-3.4131856,-3.7726355,0.003902819,0.14409915,-0.042966112,-1.7268122,1.1010605,1.6137484,-0.5567055,-4.671566,-4.451698,0.045063782,2.1919954,1.3850148,-2.0158222,1.8086594,-2.2803645,0.034591474,2.507334,3.9553154,-2.2709434,-3.3765829,1.8607801,-1.5692393,-0.33733177,-0.19294879,0.016412364,-4.606763,1.7757628,-0.18340957,-0.5256581,-4.4870443,-0.67465055,1.7643694,-0.61625636
1,/data_nas/huangyj/data/placePulse/rawData/googleviews-110802files/513cb9b4fdc9f03587000d39.jpg,-5.622126,-0.7487755,1.7179825,-0.055743378,1.3166252,-2.7761223,6.0530486,0.78141695,-2.2491722,1.2267781,4.181141,-0.99145925,1.1422446,0.5898334,-0.7018374,-4.74399,-3.8133786,1.4478064,1.360011,2.148021,-1.725455,1.181043,-1.3602823,-0.8822895,6.5796924,-3.789728,2.7482278,0.81625605,6.7857246,-1.5053264,1.7681483,-2.0297496,0.89019775,0.6869469,-4.1991115,-4.413151,0.07118428,-1.5043726,-2.653205,0.8780062,0.1730685,-1.9743814,-3.4703515,1.0240546,-0.8982714,1.656655,-4.311438,-0.99588,1.1027108,-1.7593743
1,/data_nas/huangyj/data/placePulse/rawData/googleviews-110802files/50f44812fdc9f065f0003d71.jpg,-4.5542006,-2.1916437,2.6999824,-1.444483,-3.5686228,-1.7532761,2.8687737,2.1942813,0.16622293,-2.9872746,0.95691127,1.2762102,1.5544466,2.8282158,-0.3342859,0.032035384,-3.448575,0.059004962,1.7686211,-0.846008,0.8168023,0.5757906,1.9084148,-5.1519103,7.6779504,-1.1072999,-2.2058866,1.1971157,4.6003404,-1.5784032,1.4752373,-0.060154855,-0.03719167,-2.909016,-1.3786932,-1.1709702,6.8495955,-1.7702173,-0.422499,-2.8674352,0.7866051,0.7891529,-4.7100444,2.7457616,2.7345018,-3.1777968,3.2760737,2.6929913,0.5832525,1.3671238
0,/data_nas/huangyj/data/placePulse/rawData/googleviews-110802files/51413703fdc9f04926004d7c.jpg,-2.115742,0.72313166,-3.6524656,-1.8686035,-7.1934495,-4.2520347,-1.6480532,2.2189722,1.7153814,-0.14211904,0.44508442,0.5606316,-2.0361905,2.5867338,-1.3516412,0.100804806,-3.0079975,-1.3384708,-1.490119,-1.703593,-0.7199817,3.430022,2.99088,-2.9647932,6.430927,-3.681836,4.5347204,1.5887192,4.3693156,-1.3055813,0.088665925,0.55561054,2.4337935,-1.4241071,-1.0173628,-2.4095955,2.3672078,-0.598942,-1.3990412,-1.4152308,3.7394295,2.3517594,-4.2780976,3.1370354,2.3176126,-2.5340886,-0.6978917,2.750624,1.7289248,-3.1174638
1,/data_nas/huangyj/data/placePulse/rawData/googleviews-110802files/50f563b0fdc9f065f0005d79.jpg,-1.1758983,-0.11445671,1.6965736,-2.0313976,8.292649,-4.0606575,-3.6683183,1.9463736,-0.22272247,0.04301152,1.0072747,1.6619811,-1.0858649,2.2647214,-1.094565,-1.8518658,-4.016008,0.18740222,-0.2507512,1.4024765,0.4675842,-0.31648603,0.35697734,-0.3317245,8.1018,-4.0586305,-1.7463592,1.2220821,8.210157,-2.773218,1.2613174,-0.7737231,2.3275287,-0.51697475,-11.118356,-3.3391838,-3.657058,-0.19170687,-3.3290045,1.135096,-0.9618453,-0.3572184,-3.3503056,0.8207996,-0.03605858,-0.9780271,-12.942824,0.7371009,1.7761211,-0.074852705
0,/data_nas/huangyj/data/placePulse/rawData/googleviews-110802files/50f5ead0fdc9f065f0007d74.jpg,0.53337955,-1.5204895,4.093352,-0.59614664,-1.1127894,-1.9266957,-8.343762,1.621102,-1.075037,-1.6036414,-0.69383335,1.131467,-2.316197,2.7237077,-0.5444674,-1.7947185,-2.0912046,1.4420488,1.2418141,0.970416,-0.08678998,1.3179353,0.96206003,-0.14756645,-2.9347157,-2.6773937,-1.8655916,0.79499936,2.5140522,-2.1524372,2.1018393,-1.8288717,-0.27981576,1.0485666,0.3573003,-1.7309867,-5.4183493,1.2838707,-1.1195136,0.31192797,-0.360607,-0.22271605,-3.1835978,1.543417,-0.051083382,-1.4437559,-10.769672,0.046450607,0.6684205,0.9625066
0,/data_nas/huangyj/data/placePulse/rawData/googleviews-110802files/513d7c09fdc9f03587006d74.jpg,-6.358167,-1.4903234,0.39444745,-1.4470574,-4.1471686,-4.2732368,-1.0841247,0.80345726,0.8228139,0.7808899,0.94568455,-0.48496717,-3.166659,0.74545085,-0.70451355,-2.0598977,-3.4468362,-1.1238265,-1.0290327,-1.8352603,-1.2700117,1.857077,1.8397486,-2.4932225,0.79474103,-5.636808,2.5415952,1.8030019,1.806961,-1.7909217,0.058114905,-0.9225259,2.4507635,-1.4353752,6.8713593,-1.3630681,-6.2646375,0.02964583,-1.3293623,0.68631554,0.4766596,-0.4199768,-3.405019,2.3116157,-0.089335665,0.0066414094,-3.1107514,1.7208425,2.8908603,-2.1617713
1,/data_nas/huangyj/data/placePulse/rawData/googleviews-110802files/513d9c6bfdc9f03587007d26.jpg,3.4927433,-0.9772882,4.5673003,1.1032127,1.2485813,1.1715893,-7.20743,1.146085,-2.4754598,-2.2317045,-0.5356373,-0.013343057,-0.8416039,1.9576875,0.080693476,-1.8844354,-0.8901363,2.7823796,2.4775918,2.6001656,-0.08815574,0.80937505,0.25054798,2.1510766,-4.936405,0.44569108,-1.6734843,0.09489603,-0.015419163,-1.1777383,1.9232898,-2.5258765,-2.8294563,2.465444,-2.1412728,-0.7482535,-2.7401733,1.270895,0.26998776,-1.0576155,-0.6564022,0.44340408,-1.9653168,0.9058085,-0.3571067,-0.83649033,-9.062724,-1.8946753,-0.64163744,1.0235479
0,/data_nas/huangyj/data/placePulse/rawData/googleviews-110802files/50f5eaccfdc9f065f0007d2c.jpg,0.66822606,-3.0693085,2.9686098,-2.0223386,-4.782812,-3.5559337,-14.1585045,2.4929166,1.0741141,-1.8965797,-1.3910253,1.2838651,-6.127999,3.4537587,-0.8903621,-1.4532155,-3.9576416,-1.0764751,-0.23236403,-0.5588734,-0.021636114,1.8469373,4.466544,1.3701677,-0.48290983,-5.5203056,-2.5002267,2.4223204,0.3906584,-2.885689,0.8506966,-1.0735382,1.5516596,-0.09062358,0.71683687,0.4719221,-2.633272,1.0683259,-1.2366266,-0.67306376,-0.26037696,0.99563974,-4.2191477,2.5939555,-0.011139531,-2.7438276,-7.562873,1.5033915,2.573049,0.563735
0,/data_nas/huangyj/data/placePulse/rawData/googleviews-110802files/50f5eaccfdc9f065f0007d28.jpg,1.5945532,-1.0606319,-0.23291463,-2.6429198,-7.4340186,-3.0590496,-11.754332,1.2362165,0.19446957,-0.27374175,-0.6485562,1.8268042,-0.96280867,1.7159511,-1.2608503,0.053590093,-2.8504703,-1.7702117,-1.2385496,0.14969496,-0.22311315,0.65685785,1.0125645,-1.529059,4.0712047,-2.7425325,-0.8221311,0.68892634,4.178389,-1.5168962,0.89480376,-0.8178813,1.5217491,0.37219194,-4.5417695,-2.434823,9.311754,0.6190616,-1.9880453,-0.1390801,0.71235836,0.7934765,-2.4087431,1.296436,1.2810358,-2.1154792,2.657371,0.9908043,0.900011,-0.15873428
0,/data_nas/huangyj/data/placePulse/rawData/googleviews-110802files/5140cc29fdc9f04926002d2a.jpg,-2.1064448,-2.8766353,1.4961257,-1.3669642,-4.506205,-1.1461953,-11.790773,0.97838557,0.7301455,-1.289176,-0.23211055,-0.98205304,-4.7257667,1.3512288,-1.2083796,-1.6489179,-3.88045,-1.2514775,-0.42797795,-0.9929987,-0.79383147,1.0328616,4.4045825,-0.015735667,0.24755993,-4.0227757,-0.11359022,3.002436,-0.35238016,-1.9423643,-0.2643026,-1.6519325,-0.47125688,-0.58393604,3.673721,1.577336,-4.4018855,0.5083617,-0.08635417,-2.752963,-0.36818027,0.93511033,-3.5815868,2.1028664,0.32736933,-1.364933,-9.989194,0.93078804,2.9513385,-1.3337909
1,/data_nas/huangyj/data/placePulse/rawData/googleviews-110802files/513f2f24fdc9f0358700dd24.jpg,1.9746506,3.2680118,-2.9711292,-0.5859706,-0.039873507,-1.9844027,-8.501977,1.1179744,-1.1370579,0.8042932,1.1378132,-0.8542779,-2.193722,1.2684383,-2.18232,-2.3450577,-3.09156,1.1187019,-0.45209876,1.7604897,-1.0369763,-0.82393855,1.0025029,2.5370808,4.307923,-2.0443199,2.7645907,1.7515006,3.8709705,-0.9574669,0.5325864,-0.5558598,0.19207309,1.9218842,-7.7407703,-2.9815633,-0.68413013,-0.10734576,-2.1037452,-0.84407586,1.2850533,1.3532109,-4.9410896,0.3087347,-0.33326116,-0.3915084,-10.654095,-1.2915647,1.5294294,-2.8295925
0,/data_nas/huangyj/data/placePulse/rawData/googleviews-110802files/513d6bcdfdc9f03587004de6.jpg,-7.612412,-0.7468078,2.4913936,0.294914,-3.4614067,-2.181993,6.7831755,0.38980827,-1.5351298,-0.21118928,2.2222815,-1.7097856,-1.370694,0.117407784,-0.71648395,-3.8947494,-3.9687715,0.99051505,1.6138306,-0.6532451,-1.8037667,0.6975032,0.87648636,-2.5927694,-2.567094,-3.504986,1.918505,2.02835,0.084955566,-1.3823392,1.2165611,-1.6419401,-0.07735965,-0.6114801,9.902164,-1.6139387,-7.5133004,-0.4637187,-0.36108974,-0.90000623,-0.35426962,-0.6669364,-5.4611936,2.189617,-0.66484314,0.6405675,-1.716644,0.13938108,2.1172268,-1.3916016
0,/data_nas/huangyj/data/placePulse/rawData/googleviews-110802files/50f5e6c5fdc9f065f0006de3.jpg,-1.5400292,-2.687886,2.9964561,-1.9082665,-8.820224,-3.3992345,-9.633746,1.5796245,0.106078796,-1.1846999,-0.51080555,0.8829729,-4.5165567,2.7262666,-1.2105538,-2.272429,-3.71746,-0.71365464,0.11868393,-0.5194064,-0.651039,1.6361374,2.7320926,-0.59284216,-1.0470151,-5.161922,-1.3548855,1.9408814,2.259076,-2.559111,1.5030226,-1.6050038,1.0791728,0.11075111,3.8483107,-1.0512909,-3.4210467,0.930866,-1.5021479,-0.028215675,-0.14948109,-0.2534655,-4.2290635,2.0792167,-0.0042705126,-1.6470441,-8.169391,1.0363672,2.2315469,0.096920274
0,/data_nas/huangyj/data/placePulse/rawData/googleviews-110802files/513cba6efdc9f03587000de3.jpg,-1.5991899,-4.083136,3.1008744,-2.226006,0.14133364,-5.1868696,14.464688,1.6638991,1.0025672,0.8391826,0.5999952,2.5280132,0.37035707,2.1072612,1.0104579,-2.9732397,-2.8177228,-1.0787578,-1.1284919,-0.3851626,-1.4708365,4.8039556,-0.2592652,-3.4588058,3.995762,-6.374263,2.1886783,0.63038903,7.480134,-2.4818428,1.5558267,-1.97614,3.3361993,1.2004073,-4.2019324,-4.16919,-2.814732,0.8803925,-2.878646,2.1525717,1.4179417,-1.1040865,-0.046393692,3.0915728,1.1846635,0.15160997,-0.48110583,1.0673357,0.74744076,-1.0569234
1,/data_nas/huangyj/data/placePulse/rawData/googleviews-110802files/513f2f98fdc9f0358700dde0.jpg,0.89567256,0.38971058,1.6362257,0.014908067,1.9591782,-2.9503314,-3.7824848,1.8452007,-2.3010077,0.6460823,2.996984,-0.18178718,-0.31729108,2.1473768,-0.8158336,-4.320514,-3.1198528,2.2515624,1.4809933,3.9968686,-1.1878731,0.6494448,-1.0070213,3.4203024,7.609641,-3.6181142,1.5412275,0.6915168,7.003833,-1.879338,2.140416,-1.9418542,1.082958,2.3325076,-13.1737585,-5.001205,4.723794,-1.1551734,-3.134913,1.129377,0.53115857,-0.6795111,-3.9269166,0.65833676,-1.0603093,0.55125237,-6.0955873,-1.8300186,0.33194375,-1.215094
0,/data_nas/huangyj/data/placePulse/rawData/googleviews-110802files/513d607cfdc9f03587003d15.jpg,-4.914432,-0.5862666,-0.9637179,-0.12337193,-5.8592076,-2.570579,-9.853012,1.2043729,-0.042573184,0.5012647,3.0682492,-1.099534,-2.4058425,1.882457,-1.3566955,-1.6465642,-1.7958419,0.168226,0.32622474,1.5407119,-0.222525,1.7503917,0.83926564,1.3854139,8.250917,-3.6451306,2.5452724,0.5113041,5.3449993,-1.631004,0.9556997,-1.0374043,1.9375808,-2.0589392,-2.670179,-2.124393,2.121142,-2.1408584,-1.9889129,0.687432,1.2722813,-0.63170916,-2.4050148,1.3374352,-0.5142924,-0.5024224,-8.912925,1.2298074,1.4475694,-1.9671295
0,/data_nas/huangyj/data/placePulse/rawData/googleviews-110802files/513cb990fdc9f03587000d1a.jpg,-8.003634,-0.27951542,1.54119,1.0300915,1.7928554,-1.5111665,12.234285,0.61802655,-2.1008453,0.46958056,4.664895,-2.0661197,0.97145426,0.04590501,-0.52644897,-4.8214507,-3.9220693,1.7084575,2.3403487,1.3107647,-1.6304638,1.0863726,-0.43134463,-1.1019526,4.563254,-2.6432092,2.9074693,1.0919445,3.3219867,-1.0247059,1.4411733,-1.4592663,0.15257627,-0.5109608,1.3134191,-2.5916646,-2.6931388,-2.227326,-1.0603482,-0.55058587,0.20864019,-1.5107127,-4.3298674,1.4974706,-1.1171327,1.6815196,-1.749085,-0.73718107,1.2350168,-1.6121093
0,/data_nas/huangyj/data/placePulse/rawData/googleviews-110802files/513e1eeffdc9f03587009dcd.jpg,-6.5178466,-1.691956,2.4703593,0.07925375,-3.3887918,-2.7112954,1.5089717,1.0658538,-1.8701249,0.86693037,3.9679148,-1.3563848,0.49871153,1.1737417,-0.5626881,-4.168089,-2.5950985,1.8067439,1.492713,1.446319,-2.05583,3.262192,-0.7785496,-2.0037346,5.209023,-4.257624,4.2798615,0.7978636,6.3561883,-1.5245758,2.2175097,-2.6471212,0.32087034,0.44798484,-0.12896192,-4.5362525,0.03451657,-1.3682013,-2.2777355,0.6213211,1.4768225,-1.8266237,-3.4714909,2.0396304,0.08168717,1.1867257,-5.319605,-0.09466668,1.0628868,-1.8156549
0,/data_nas/huangyj/data/placePulse/rawData/googleviews-110802files/5140cc69fdc9f04926002dc3.jpg,-7.230582,-1.7227304,0.064664036,-0.6780187,-4.519126,-2.5046885,-4.1469016,0.16294278,-0.22499493,1.385384,3.1117344,-1.9840248,-1.3546953,0.12222925,-1.282423,-2.6711535,-2.9651613,-0.8054159,-0.3935079,-0.110136844,-1.8268477,2.2792306,0.87099934,-1.7744617,5.5021796,-4.660438,4.1561213,1.2688626,3.9245627,-1.21123,0.23170127,-2.053865,0.9608502,-1.165616,2.514531,-2.0864196,-0.36656815,-1.2778703,-1.7282271,-0.08887831,0.7935801,-1.1111072,-2.273123,1.5992186,-0.16015524,1.0199109,-4.6486297,0.8666132,2.51137,-2.8193054
0,/data_nas/huangyj/data/placePulse/rawData/googleviews-110802files/513d4965fdc9f03587002dc7.jpg,-7.2584267,-0.075558305,-0.63600135,1.4029273,-12.308173,-1.0299037,-6.0402293,1.3484144,-1.2555982,-0.81998706,5.0684757,-2.6032841,-1.7908399,2.2838469,-1.4111465,-2.5482445,-2.2249615,1.7714565,2.9052272,2.4310017,-0.2585437,0.91797733,1.2189972,2.3080425,10.121034,-2.0273113,2.8783207,0.7611101,4.4984794,-1.1032594,1.4317579,-0.74875796,0.29096103,-2.9934812,-0.5488838,-1.7209847,6.914373,-4.232546,-0.7181127,-1.2081091,1.8194436,-0.49704325,-4.8927927,1.5585412,-0.7575495,-0.6776379,-5.786477,0.5999629,0.9714235,-1.9129779
0,/data_nas/huangyj/data/placePulse/rawData/googleviews-110802files/50f5ead6fdc9f065f0007dce.jpg,1.1023514,-0.9193202,1.1003966,-0.20203575,2.73953,-0.9226066,-8.085084,2.6473656,1.7064357,-3.2862308,-2.6031303,2.5055833,-0.033525012,3.6375403,0.75920945,3.9207911,1.3453463,0.752561,0.35985142,-0.8937231,1.9834802,4.0152044,1.9711926,-3.5852816,-0.28809804,1.3578275,-1.0214046,-0.67043465,1.8218949,-1.1078944,0.9996052,0.55160683,-0.08842729,-2.1199558,-0.39818853,0.3462267,-1.9612954,0.64594525,0.5928304,-1.0397997,2.5206497,2.380684,-0.5183328,2.9296126,3.4303367,-4.502548,-5.867248,3.5337393,-1.0984167,1.8405252
0,/data_nas/huangyj/data/placePulse/rawData/googleviews-110802files/513e5d6efdc9f0358700adc1.jpg,-5.1082745,0.61731416,1.8360049,2.1679518,-5.407069,-0.9833879,-2.734139,1.5580294,-1.9364086,-0.6749835,3.3999228,-1.4058354,-0.7750061,2.2225602,-0.1567926,-2.3964596,0.12243967,3.9264963,3.1782205,2.4655364,-0.15455171,2.3133094,-0.9006515,1.3578098,2.1169446,-0.8279993,2.504386,-0.51488,3.4958875,-1.0408012,2.3734825,-1.0792351,-0.23446995,-0.77117366,2.2217522,-2.731769,-2.261316,-2.1876383,-0.78776526,1.1166878,1.8098243,-1.1081159,-3.4396718,1.4578277,-0.64557326,-0.14497213,-9.630259,0.055682313,-0.3476263,-0.2633277
0,/data_nas/huangyj/data/placePulse/rawData/googleviews-110802files/51409941fdc9f04926000dc1.jpg,-9.061829,-2.955159,1.7779871,1.5560209,-5.5882587,0.16404076,-4.2286067,0.8079537,-1.031134,-0.8102367,5.460672,-3.3220775,-0.33664948,1.3348261,-0.6701764,-2.9612951,-1.8228182,1.4508075,2.7074778,2.057073,-0.87215227,2.5167835,1.3110244,0.7248487,10.63399,-2.615887,3.5195723,0.9668832,4.3815875,-1.2335873,1.1638943,-2.3913279,-0.7984523,-2.9302342,-0.7330228,-0.90366256,4.5995216,-4.1426015,-0.40543446,-1.9691697,1.2170104,-1.2312752,-2.5841339,2.0501823,-0.13494766,0.369376,-7.1090493,0.90505373,1.013988,-1.88134
0,/data_nas/huangyj/data/placePulse/rawData/googleviews-110802files/513d6112fdc9f03587003dcc.jpg,2.286245,1.1294914,-1.9991153,-2.2920268,-1.5086755,-3.8270113,-4.4510384,2.4091334,1.4221869,-0.5963293,-1.5675012,1.4669504,-4.093482,2.917744,-1.3764261,-0.6019923,-3.253686,-0.47269613,-1.7835602,-1.1069771,-0.40531152,1.5685762,3.3085403,-0.39850956,1.8845053,-3.7036867,1.6842294,2.276884,3.4591231,-1.9753922,0.30703276,0.23219211,1.7083324,0.63740015,-3.3256571,-1.5383874,-6.5463758,1.4008862,-1.6489602,-0.7940779,2.104506,2.3432684,-4.732647,2.2453501,1.476775,-2.5069327,-11.690966,1.2804929,2.0636072,-1.9865946
0,/data_nas/huangyj/data/placePulse/rawData/googleviews-110802files/513f2f89fdc9f0358700ddc4.jpg,-6.1721315,-1.3327239,1.5647461,-0.9501392,6.9824424,-4.774243,3.8994472,1.290513,-1.264506,0.90174234,2.7527092,-0.1263747,1.4986197,1.1237181,-0.615273,-3.4911954,-4.5998483,0.32005507,0.32492864,-0.13551821,-2.1832495,2.72304,-0.30524653,-4.7882023,2.8572812,-4.881011,3.4080522,0.8997694,4.487365,-1.1318022,1.1932325,-1.7514513,1.7671832,0.5559446,-0.693169,-4.4857626,0.4214996,-0.2812555,-2.1840456,0.7177799,1.1611605,-1.2260835,-3.9104645,2.5366702,0.03719243,0.75903225,6.018082,0.47249663,1.8013135,-1.4492565
0,/data_nas/huangyj/data/placePulse/rawData/googleviews-110802files/5140cc55fdc9f04926002d92.jpg,-0.98092663,-0.34755683,0.47142306,-0.5601875,-1.0702158,-0.90025,-11.968642,2.1365802,-0.15744752,-1.9559054,0.51695037,-1.3890264,-3.5790324,2.4816434,-1.5465095,-1.6675768,-3.737684,1.105761,0.66755235,-0.02021644,-0.8604155,1.097228,4.3768682,0.13192204,2.6937037,-2.5322216,1.5543777,3.1824992,1.2398009,-1.6451385,0.4976397,-1.2036084,-1.577706,0.056521922,-1.140125,0.038379326,-3.041237,-0.19414485,-0.3725269,-3.9331644,1.4446229,2.1532748,-6.153463,2.3951118,1.1786635,-2.114923,-12.476907,0.68277544,2.3595464,-1.7524995
0,/data_nas/huangyj/data/placePulse/rawData/googleviews-110802files/513d6136fdc9f03587003dfc.jpg,-1.3558308,0.90393585,-2.2490144,-0.8752547,-9.828131,-2.48803,-2.5171912,1.8280872,0.49193835,-0.19076312,1.3762994,0.5763895,-1.9105396,2.2342308,-0.8046517,-0.33268318,-1.8102932,-0.24124384,0.021767348,0.9970915,0.70623296,0.48715004,0.991578,1.1431487,8.4728365,-1.6130673,1.1482089,0.36482513,5.488878,-1.3467157,0.65436393,0.5864777,2.2008483,-1.9918215,-4.5958505,-1.8219115,4.422168,-1.6861455,-1.5547698,0.09501256,1.6397803,0.7965261,-2.8999312,1.1790036,0.6003528,-1.9463106,-5.6988707,1.3307364,0.67397803,-1.4294586
0,/data_nas/huangyj/data/placePulse/rawData/googleviews-110802files/50f3981ffdc9f065f0000dff.jpg,0.8033213,-0.8020728,3.5313082,-0.7506136,-1.6819245,-3.464553,-9.91777,2.9008632,-0.51236415,-2.1149113,-0.93861294,2.1761718,-2.0445535,4.229207,-0.2663627,-0.51131344,-1.5574256,1.9905821,1.3066205,0.5771868,0.32662228,2.8117537,1.1395116,-1.2714554,-1.8014652,-2.60131,-1.3350673,0.32253847,3.3642235,-2.0901823,2.5040393,-0.86657757,0.6567142,0.7878255,-0.45674697,-2.8774788,-2.3906193,1.0608717,-1.4727829,0.78758836,1.3964647,0.56105536,-4.230893,2.6183023,0.93891877,-2.8096714,-7.012057,1.3126391,0.217234,1.5078748
1,/data_nas/huangyj/data/placePulse/rawData/googleviews-110802files/5141491cfdc9f04926006d8d.jpg,3.6651373,4.0712614,-0.24921688,2.9472935,4.21899,-0.8343412,-2.8193922,2.5820503,-1.5792172,-1.2862114,0.05485987,1.1320024,0.21023643,3.857796,0.4798637,0.27648807,2.991277,5.5722904,2.829296,3.518849,1.285593,3.2982314,-2.1312108,2.7936378,-3.2703042,2.6386452,2.0150023,-2.2142859,3.2176557,-0.38243642,2.7139454,0.40537873,-0.19981928,1.43678,-4.76119,-3.583759,-6.827464,-0.29321724,-0.49927005,2.3229802,3.644291,1.101812,-2.0661743,1.0507791,0.30370507,-1.6748142,-13.402255,-0.33440113,-2.8776703,0.746033
1,/data_nas/huangyj/data/placePulse/rawData/googleviews-110802files/50f5ed6cfdc9f065f0008d82.jpg,-6.8366475,-0.05145841,-0.64111614,1.0118752,-4.095534,-1.5079427,-7.4296045,1.1176764,-1.4183023,0.46532062,4.97581,-2.9034698,-0.55616623,1.4964784,-1.5663608,-2.9840388,-2.1787834,1.9473349,1.6820204,2.1448517,-1.3999704,2.3521445,0.59260243,0.47223663,9.397178,-3.085239,5.3721046,0.99500895,5.669192,-1.0905985,1.3027912,-1.9328885,-0.120251805,-1.3661655,-2.7759163,-3.1896114,3.4029052,-3.1296694,-1.5670382,-0.954644,2.1719759,-0.6706478,-3.9456568,1.8042752,-0.21848422,0.398058,-8.348877,0.32173032,1.3455621,-3.1004438
0,/data_nas/huangyj/data/placePulse/rawData/googleviews-110802files/5140cc53fdc9f04926002d8c.jpg,-2.7090905,0.30241063,2.2073328,0.2602717,-2.2809696,-2.844616,-5.351442,2.52351,-1.2047913,-1.7664437,0.7776013,0.68367565,-0.37361592,3.4095361,-0.56515896,-0.96202314,-1.4293784,2.9111874,2.1403577,0.35905418,-0.40803155,3.2407773,0.6101215,-3.056973,-0.7983496,-1.6117398,1.4814488,0.43030378,3.4139438,-1.3816317,2.6699476,-0.76421416,-0.095872685,0.08295368,2.512032,-3.5109885,-1.4053996,-0.10125021,-1.0682969,-0.1438703,2.6340015,0.4736706,-5.3328767,2.7813365,1.2981328,-2.1442459,-3.9669776,1.3984925,-0.037823807,0.49660048
0,/data_nas/huangyj/data/placePulse/rawData/googleviews-110802files/50f439f1fdc9f065f0002d88.jpg,-2.0741632,-0.6590153,3.7671928,3.4645684,-6.314393,2.10641,-13.448928,2.197482,-2.6536603,-3.7143404,2.4990969,-2.5367844,-2.6854045,3.57545,-0.15825891,-2.1095593,-0.36293426,4.909616,5.021634,3.5078037,0.11523252,2.1783576,2.2211175,4.0849133,-0.92449355,0.80314726,0.7145199,0.409196,-0.5655273,-1.1436234,2.3025768,-2.0445278,-3.6018374,-0.34600943,2.3051426,0.4282456,-0.93038005,-2.095441,1.4803027,-2.6565654,1.4028914,0.7530648,-4.6570926,2.1667495,-0.6492803,-1.757045,-13.838071,-0.8327939,-0.43081573,0.12139758
1,/data_nas/huangyj/data/placePulse/rawData/googleviews-110802files/513ccde2fdc9f03587001d8a.jpg,-1.86537,0.82491934,-1.1152078,-0.516173,1.707102,-1.9465988,-4.40612,2.6745706,0.48906457,-1.340267,1.2990359,-0.7160261,-2.3231728,2.6755316,-1.2061698,-1.1124872,-3.2038517,1.1405241,0.2903765,0.22107099,-0.30817962,2.018881,3.4787226,-0.2183201,7.317295,-2.549283,2.9950259,2.3147497,4.118594,-1.8895051,0.56207895,-0.38624576,0.2336616,-1.1441631,-5.3640866,-1.1722636,-2.8320212,-1.13164,-1.0965213,-2.790492,2.3468175,2.3293061,-5.3530226,2.6739147,1.6043984,-2.1582239,-12.0416355,1.5304036,1.7964569,-2.366874
0,/data_nas/huangyj/data/placePulse/rawData/googleviews-110802files/513d60cffdc9f03587003d80.jpg,-3.8488576,-1.7698247,-0.08169361,-1.7495183,-8.127489,-3.0898182,-7.4443827,1.1912806,0.78654087,-0.037738588,1.4032599,0.73731834,-2.1653006,1.8584061,-1.0252312,-0.66355747,-2.4424326,-1.4522892,-0.39864072,0.39717492,0.42194995,1.0608865,1.0739585,-0.51771694,7.9169335,-3.5939806,-0.2630412,0.62309283,5.7830505,-1.9759027,0.8358964,-0.48050854,2.535424,-2.482577,-2.177037,-1.5571145,3.4107118,-1.2164652,-2.0146344,0.744038,0.37893775,-0.5951187,-1.89761,1.2810493,0.3135725,-1.4930712,-5.986175,2.0182047,1.4317716,-0.568361
0,/data_nas/huangyj/data/placePulse/rawData/googleviews-110802files/514148e7fdc9f04926006d53.jpg,-0.49772727,-5.9269633,2.4202464,-1.5170918,-3.7217736,-0.3119225,6.7488904,1.7821642,4.0777383,-1.9158381,-0.7468043,2.0428429,-2.4620497,2.1548805,1.9433413,1.3270859,-0.20822467,-2.650417,-1.3211751,-1.0000911,1.736653,3.5297577,3.7820728,1.1259438,10.11102,-3.1883316,-1.0597775,0.4726662,3.1062374,-2.6166155,-1.182344,-0.47547388,2.249218,-3.9486008,-6.036489,3.5697124,-0.79382247,-1.2680626,0.33348948,-1.1116328,0.13344985,1.2297904,3.3163655,2.7046435,2.6097212,-2.5128853,-8.5618305,3.2954135,0.6392551,-0.068646245
0,/data_nas/huangyj/data/placePulse/rawData/googleviews-110802files/50f42c7efdc9f065f0001d5f.jpg,-3.172774,-0.57881993,1.1501788,-1.6105108,6.387223,-3.106066,6.6824455,2.2547472,-0.018357567,-0.99582636,1.5308423,0.7545362,0.8781651,2.1875472,-0.98746634,-2.0103593,-4.761652,0.27947366,0.3997914,-0.14981614,-0.4792633,1.6639389,1.6735287,-3.8974335,7.7539663,-3.2189429,1.0813189,1.9151814,6.375972,-2.1260083,1.0771078,-0.87618446,0.7255615,-0.6219692,-6.7342415,-2.7884526,-1.001975,-0.6117348,-1.9933815,-1.9418705,1.1270361,0.81207114,-4.713003,2.6676054,1.7433916,-1.4032812,-4.271973,1.2994424,1.623031,-1.1723416
1,/data_nas/huangyj/data/placePulse/rawData/googleviews-110802files/513e5d45fdc9f0358700ad50.jpg,-3.5973933,-1.5034839,-1.2377893,-0.2579767,-3.0058317,0.83972585,-7.013244,1.833755,1.8137856,-2.3708541,1.0265698,-1.5378397,-2.2194364,1.9676895,-0.69738674,1.0446854,-1.7834246,-0.30740172,0.1091811,-0.8167517,0.4622682,2.462401,4.9386063,-0.9368455,8.646522,-0.7114153,2.5297585,2.0925894,1.8051958,-1.3016921,-0.8011946,-0.31943622,-1.0498172,-3.5879982,-1.4199742,2.3135445,-0.123261824,-1.9259748,0.8883705,-4.9907866,2.1147423,2.8055263,-2.6684804,2.7996786,2.7877893,-2.8435576,-11.546993,2.8189654,1.6881361,-2.2918897
0,/data_nas/huangyj/data/placePulse/rawData/googleviews-110802files/513d60fafdc9f03587003dad.jpg,-2.9600415,0.25539306,1.022922,0.69402504,-9.494014,-0.6238422,0.63928676,1.8764443,-1.2758086,-1.3835274,2.9859886,-0.40093288,-0.5426162,2.3661175,-0.21139188,-1.8075334,-1.6335385,2.0391524,2.866899,2.672382,0.9637372,-1.0136582,-0.027412603,2.5582163,8.751124,-0.14893964,-0.7935472,0.06666555,4.8952656,-1.3596872,1.7049496,-0.171706,0.38082564,-2.1066887,-4.622641,-1.4836562,6.409365,-3.077971,-1.0613112,-0.43212563,0.49205503,-0.34110865,-3.9023442,0.69992834,-0.34365624,-1.4505907,-4.9250774,0.15521161,-0.27594918,0.21689773
0,/data_nas/huangyj/data/placePulse/rawData/googleviews-110802files/5140b91afdc9f04926001da1.jpg,-9.677513,-1.8624777,1.1620922,-0.6465256,1.8936063,-3.8893902,9.91166,0.06995353,-0.55704963,1.8894194,3.2599895,-0.9357214,0.8452714,-0.76170695,0.14489152,-3.2395918,-3.489499,-0.50578374,-0.34964243,-0.87996304,-1.9433445,2.3561933,-0.91498524,-4.9102907,2.5369422,-4.6555266,3.9661589,0.7928408,3.8204205,-0.9509387,0.512034,-1.6001824,2.1356554,-1.195515,5.688211,-3.069749,-4.9294324,-0.6657017,-1.5151016,1.2956483,0.22325087,-1.6659126,-1.9946134,2.1394432,-0.19722992,1.8354136,1.4981956,1.0010163,2.1125097,-2.2920501
0,/data_nas/huangyj/data/placePulse/rawData/googleviews-110802files/5140cc5afdc9f04926002da0.jpg,-6.961129,-0.69663763,3.4345422,1.1839458,-2.12538,-1.7981635,-6.2050505,0.6834178,-2.6714408,0.19430812,3.6370423,-2.4585104,-1.3548589,0.94555724,-1.0982374,-4.5017405,-2.9042804,2.9695182,2.4642463,1.4983206,-1.9915589,1.2608842,0.051678862,-0.32467172,-0.29324275,-3.8934464,2.8654242,1.3765224,2.309639,-1.5615438,1.9863471,-2.6818504,-0.8063184,0.46022096,5.1488385,-3.0578141,-4.602674,-1.1436441,-1.128096,0.07475791,0.032466713,-1.6123593,-5.2162285,1.7713007,-1.3578452,1.1809876,-8.029093,-0.8316835,1.7222725,-1.45476
1,/data_nas/huangyj/data/placePulse/rawData/googleviews-110802files/50f44810fdc9f065f0003d0d.jpg,1.2553226,-3.8212025,3.2377145,-3.0193806,-3.2298093,-4.5080633,-14.435567,2.976007,2.2971683,-2.0922687,-2.3860052,2.5272691,-7.1419516,3.7512794,-0.60065454,-0.5543859,-4.274364,-2.2745757,-1.1219488,-1.1843675,0.83476,1.5236918,5.1910167,1.6059399,0.76552033,-6.388392,-4.252737,2.4527166,0.7202475,-3.428715,0.4177009,-0.45418224,3.0722141,-1.0688456,-0.80075085,1.3323401,-3.6184144,1.3193419,-1.4619608,0.12614505,-1.0137975,1.0728114,-3.536578,2.690338,0.09745765,-3.4615946,-8.177097,2.4479547,2.9575293,1.221213
1,/data_nas/huangyj/data/placePulse/rawData/googleviews-110802files/513d7be6fdc9f03587006d01.jpg,-2.6880062,1.8413768,-4.280308,-0.20231725,-0.45527318,-0.7388977,-16.570293,1.286156,0.443045,-0.38450912,1.8289446,-2.8710532,-3.3171296,1.5083416,-2.7107022,-0.7583666,-2.9888134,0.2750414,-0.48859343,-0.18239371,-1.0390009,1.0531642,4.300264,0.4337984,6.590456,-1.9899681,4.809897,2.8976603,1.5655543,-0.73443663,-0.6147184,-0.4706712,-0.772144,-1.1240494,-2.3366642,-0.08425155,-0.50305545,-1.508541,-0.37085187,-4.1775565,2.7221978,2.5601318,-5.4553614,1.9435532,1.001748,-1.7261662,-11.6076,1.1359035,2.728064,-4.018452
0,/data_nas/huangyj/data/placePulse/rawData/googleviews-110802files/513d606cfdc9f03587003d01.jpg,-5.660058,-0.058333203,0.87656057,1.0287207,-2.576733,-0.7243014,-5.037411,0.17345622,-1.8784347,0.5123253,3.4940004,-3.1946833,-1.858173,0.13361952,-1.3953048,-4.0871716,-2.9469597,1.6479533,1.4693633,1.3322175,-1.9047209,0.36415714,0.88257366,1.1141756,1.9235564,-3.0239954,3.3022163,1.7838275,1.3794254,-1.0513487,0.8273427,-2.2266052,-0.9337821,0.22918387,2.909871,-1.5346353,-3.1584072,-1.4754924,-0.8394639,-1.070016,0.07528381,-0.91879183,-4.3565483,1.055511,-1.4162135,1.3035088,-7.9430847,-1.074745,2.0732265,-2.4846401
1,/data_nas/huangyj/data/placePulse/rawData/googleviews-110802files/513f2f16fdc9f0358700dd0f.jpg,-3.1653838,-1.8492209,0.4372538,-1.6369439,1.6271785,-1.9283541,-24.71468,1.4732054,0.62128425,-1.0989524,0.69390607,-1.3107045,-4.192412,1.9036269,-2.3790684,-0.86011386,-4.162514,-1.0801374,-0.54096985,-0.34573412,-0.6318673,0.7770899,4.5188746,-0.5802826,4.8745794,-4.20293,-0.009787965,3.079518,1.8119282,-2.0854938,0.015736412,-1.4990573,0.08691558,-1.3926873,-1.5833331,0.49070665,0.19881867,-0.43594167,-1.2111329,-2.808748,0.001667045,1.0916959,-4.526768,1.9229639,0.33273998,-2.1075063,-10.648147,1.8897331,3.2646515,-1.4183161
0,/data_nas/huangyj/data/placePulse/rawData/googleviews-110802files/513f14f3fdc9f0358700cd08.jpg,-8.45546,-2.666839,1.3283986,-0.21467288,-4.669123,-3.5170522,8.634397,0.8670086,0.13628691,1.1482619,3.4804995,-1.5838422,-0.9996636,0.6134492,0.12548396,-3.5247333,-3.021056,-0.4870678,0.21940917,-0.5184207,-1.9628041,4.1055646,0.8019497,-2.373036,4.953646,-5.7200265,5.101768,1.2205305,3.8593493,-1.615635,0.7613896,-1.8926368,2.0178614,-1.4083053,4.2827134,-2.6694684,-2.3627214,-1.5792763,-1.4839305,0.29289678,1.404685,-1.0620677,-2.3321762,2.828414,0.012162421,1.2714925,-0.24899018,1.3069922,2.0447066,-2.8487983
1,/data_nas/huangyj/data/placePulse/rawData/googleviews-110802files/5140d9f9fdc9f04926003d05.jpg,-4.9503713,1.816311,0.25261962,3.7151253,-6.2985673,0.45444417,-5.210805,1.8453345,-1.9718342,-1.5316751,3.6871767,-2.1414354,-0.5128121,2.7964146,-0.1694606,-1.2864281,1.6901156,5.252641,4.2042365,3.042781,0.2264327,3.2416592,-0.5351389,2.1635199,1.9394671,1.2790536,4.0110917,-1.0201489,2.621259,-0.4099078,2.4065647,-0.44679558,-1.264532,-1.4272307,2.887885,-2.0966904,-1.9578009,-3.0918825,0.37213367,0.21132982,3.5219746,-0.14813012,-3.4580338,1.770952,-0.17816092,-0.7822032,-11.997846,0.31241632,-1.326773,-0.6447728
1,/data_nas/huangyj/data/placePulse/rawData/googleviews-110802files/513e5d2cfdc9f0358700ad0b.jpg,-0.86263585,-2.9120848,1.954781,-0.8096383,-3.0320694,-1.3257462,-4.0746727,2.915625,1.7615811,-2.642361,0.34723812,1.4176624,-1.0172974,3.4314272,0.6839675,1.3049145,-0.91749096,-0.15336782,0.66760385,0.20131378,1.5903544,2.36768,2.892103,-0.20715348,9.537151,-1.4962754,-1.1067727,0.3645873,3.6899333,-2.0333536,0.609981,-0.22489984,1.2358372,-3.0583978,-6.7347856,0.5157071,6.801357,-1.8036968,-0.32443106,-1.7456717,1.387651,1.6696119,-1.4040549,2.926327,2.4423068,-3.681695,-2.069872,2.9770904,0.04623037,0.82732266
0,/data_nas/huangyj/data/placePulse/rawData/googleviews-110802files/50f5ead4fdc9f065f0007db4.jpg,-3.1893575,0.9900805,-0.44607872,1.4035392,-3.4517915,-0.067291014,-11.1544,1.7789017,-1.2303879,-1.3740499,3.0597222,-2.805729,-2.7147062,2.251578,-1.4340985,-2.2203534,-2.2823322,2.6642258,2.1070414,1.9959133,-0.53768545,0.87542754,2.6991527,2.7066658,5.6749682,-1.3366915,2.9445777,1.8462387,2.030673,-1.1055969,0.9167538,-1.1301053,-1.4646422,-0.86067665,-2.126411,-0.68217987,0.17109984,-2.3908317,-0.28867358,-2.7721221,1.7788416,1.1974134,-5.5606155,1.7333823,-0.12775634,-1.1690364,-12.207481,-0.029654736,1.4405696,-2.1964717
1,/data_nas/huangyj/data/placePulse/rawData/googleviews-110802files/513d6b8dfdc9f03587004d4d.jpg,-2.3883052,-0.9249364,-0.24977896,-2.8380024,7.1170354,-2.8494186,-7.439184,0.8867947,1.4267539,0.18972756,-0.5992807,0.537819,-3.1204684,0.7335644,-1.9432793,-0.8503083,-4.5077653,-2.250167,-2.1767027,-1.3229482,-0.03977559,-0.8334835,2.7181993,-1.7567989,4.317047,-4.188789,-1.0384655,2.5916464,3.739067,-2.380002,-0.39346832,-0.86553854,1.6929455,-1.4407098,-3.360219,0.050897323,-8.215754,0.8112755,-2.082527,-0.79560715,-1.2150339,0.34832358,-2.7338893,0.766751,0.20417285,-1.0524654,-13.127095,1.5663034,3.275476,-1.2920833
0,/data_nas/huangyj/data/placePulse/rawData/googleviews-110802files/5140cc37fdc9f04926002d47.jpg,-8.617805,-1.5131269,1.9260124,1.1583458,-1.2192881,-0.9403096,4.329624,1.417734,-0.28264025,-1.0058739,3.6405706,-2.03418,-1.3694831,1.4581412,-0.2478964,-2.5318313,-2.1771622,1.6201092,2.2720728,0.52061325,-0.27046096,2.2411017,1.5770257,-0.37574202,6.0315323,-2.607012,2.4172664,1.1107823,2.7495027,-1.7738953,1.1793323,-1.3885677,0.3574211,-3.1027179,3.0676358,-0.37466517,-4.538821,-2.8312316,-0.42417154,-1.0379677,0.8004496,-0.747304,-3.3959336,2.2251413,-0.18708363,-0.16390455,-8.138918,1.473314,1.2808974,-1.0900602
0,/data_nas/huangyj/data/placePulse/rawData/googleviews-110802files/50f5e68ffdc9f065f0006d47.jpg,-5.3147635,-1.8161316,-0.40166688,-1.7735752,-1.8107373,-3.251953,-2.1145988,-0.4706815,-0.38387266,2.6465342,2.432103,-1.0627713,-0.729256,-0.58118725,-1.816822,-3.44126,-3.7736785,-2.2934,-1.6078242,0.248145,-2.231772,1.4645269,-0.31789416,-1.9439163,5.0092545,-5.510738,3.5976887,1.0950218,5.413471,-1.468174,0.32607573,-2.4828064,1.9481627,0.17145509,-0.8179778,-3.1195579,-0.5389042,-0.114704505,-2.9796119,1.1249919,-0.114460714,-1.9027987,-0.94382495,0.63635176,-0.835148,1.9383489,-3.563766,-0.042789515,2.5552232,-3.1264927
0,/data_nas/huangyj/data/placePulse/rawData/googleviews-110802files/50f44811fdc9f065f0003d4e.jpg,-4.1137877,-1.2852111,0.92698246,-0.8058668,5.1695905,-0.88018227,-12.071651,0.8641666,0.2697922,-0.42161456,1.3316485,-1.3633441,-2.5256326,0.778563,-1.4814512,-1.2652979,-3.1428401,-0.2846856,-0.22942072,0.3281805,-0.046400625,-0.1590493,2.409431,-0.050617244,5.566973,-2.8611805,0.09723615,2.0410092,3.0194857,-1.9871379,0.053632125,-1.631003,0.06072489,-1.9174953,-2.7937326,0.37810594,-4.931615,-0.81472117,-1.2782078,-1.6524571,-0.89486825,0.08420774,-2.5811667,0.9127354,-0.18569273,-0.6563198,-14.211345,1.1052412,2.5760784,-1.3637433
0,/data_nas/huangyj/data/placePulse/rawData/googleviews-110802files/50f5eacefdc9f065f0007d4e.jpg,-5.3903103,0.3747146,0.48952913,0.94439036,11.585736,0.9889774,-2.2629762,0.48627368,-0.9005798,-1.49568,1.0170932,-1.2676349,0.6418864,-0.0595513,-0.9683288,-0.30406532,-2.3561282,0.9940726,1.4401665,0.2690131,0.3820774,-0.18651548,1.0244251,-2.8192387,0.625431,1.0837593,0.08318854,0.76715976,0.86462164,-1.1747003,0.55400485,-1.0962467,-1.4252383,-2.582672,1.4313859,0.9903067,-8.333665,-0.559892,0.44290766,-2.4944205,-0.69859767,0.62284935,-2.2569392,0.77942115,0.18230487,-0.7279901,-9.605684,0.81124294,0.87273514,-0.58973736
0,/data_nas/huangyj/data/placePulse/rawData/googleviews-110802files/51413d78fdc9f04926005d49.jpg,-5.028434,-3.817914,2.308975,-0.27020097,-0.783408,-0.53156984,3.9838824,0.58121073,0.35944298,0.04580866,2.5892386,-0.8296548,-0.87194973,0.5704398,-0.050866522,-2.6129253,-2.0365438,-0.9052635,0.31509697,1.1165444,-0.4052958,2.2535868,0.94246614,0.34766462,8.011064,-3.4748693,1.3091795,0.76261127,5.04122,-2.1707273,0.61664015,-2.4422362,0.9059322,-1.9331863,-3.5351655,-0.08659063,-2.159659,-1.6336678,-1.3808002,-0.33827528,-0.316932,-1.2798662,0.53955096,1.2180192,-0.060259003,0.5758873,-9.964712,0.8037015,1.2105149,-1.3735188
0,/data_nas/huangyj/data/placePulse/rawData/googleviews-110802files/50f5eacefdc9f065f0007d40.jpg,-6.486148,1.2126137,0.9260031,1.9999834,-1.9401821,-1.8783551,0.06544122,0.9811253,-1.4049743,-0.019341538,2.297436,-0.9621591,0.07811279,1.2525622,-0.2907948,-1.5100957,0.36899894,3.3337393,2.2250533,0.6956592,-0.7703958,2.837925,-1.3052727,-1.8972507,-2.4223921,-0.9865619,3.5949059,-0.56986874,1.8393868,-0.7035826,1.935026,-0.8128712,0.33852306,-0.89192957,7.776381,-2.955608,-6.544121,-1.1034391,-0.44154748,1.4751244,2.1163,-0.8533576,-3.1938415,1.8122579,-0.1279326,-0.008863032,-5.1644874,0.7518087,-0.2852919,-0.6275507
0,/data_nas/huangyj/data/placePulse/rawData/googleviews-110802files/5141506efdc9f04926007d4b.jpg,-7.325625,-1.1207469,0.23989186,1.1014988,-7.653662,-1.4456526,-7.4163423,1.1694169,-1.1311471,-0.031821415,4.837962,-2.734204,-1.462913,1.9276656,-1.2415695,-2.911288,-1.829782,1.6291856,2.0331197,2.13295,-1.0077976,2.6561377,0.86082053,1.2131604,8.869762,-3.3331528,4.3312497,0.74582416,5.1070576,-1.3369266,1.4195714,-1.9172722,0.20435496,-1.9790719,-0.8010886,-2.4043686,3.4583707,-3.2712665,-1.308013,-0.5219869,1.9620001,-0.98572785,-3.4782972,1.9310572,-0.43210524,0.12964,-8.40895,0.64883953,1.2318673,-2.3936775
0,/data_nas/huangyj/data/placePulse/rawData/googleviews-110802files/513d9f51fdc9f035870086dd.jpg,-2.5113735,-0.012703627,0.8942386,1.1626066,-1.5667809,-2.07305,-2.754662,2.181812,0.75541306,-1.888588,-0.54244804,1.3463881,-1.7606084,3.2146792,0.5720914,1.1920913,1.1969545,1.9303718,1.4640009,-0.029453268,1.2697686,3.716706,0.77557766,-1.0151795,-2.7130117,-0.6223515,0.58213365,-0.96016914,0.862379,-1.3641492,1.5437279,0.33840343,1.5443634,-2.2466104,5.3184104,-0.65615886,-6.7406163,-0.33661634,0.24900284,1.268115,2.2826138,0.6491231,-1.3667972,2.5522428,0.7597455,-2.5445383,-6.2848506,2.5859997,-0.80686355,0.8011976
1,/data_nas/huangyj/data/placePulse/rawData/googleviews-110802files/513e6280fdc9f0358700b6de.jpg,-6.3753123,-1.9683435,1.5779305,1.2147806,-9.4622965,0.37049913,-3.518639,1.0575749,-1.3392553,-1.5517244,4.7028384,-2.0581465,-0.15626256,1.7723839,-0.7500472,-2.6807854,-2.0643582,1.4066961,3.24277,2.7131171,-0.012075958,0.10638128,0.9372828,1.8340497,10.865385,-1.1845402,0.6123727,0.6932324,4.2156825,-1.2026036,1.6546149,-1.3770411,-0.5473926,-2.8213778,-3.0811324,-0.7730157,9.708554,-4.230516,-0.31985176,-1.9664415,0.66361237,-0.8041312,-3.6111145,1.2268037,-0.38592428,-0.6582119,-2.7272437,0.3480631,0.13392982,-0.573982
1,/data_nas/huangyj/data/placePulse/rawData/googleviews-110802files/5140929cfdc9f049260006d1.jpg,-0.34486336,1.1423404,2.6469038,2.3340285,5.0622125,0.14502619,-12.311314,1.8773134,-2.4712243,-1.74769,1.6110526,-1.1330839,-1.2220883,2.6717167,-0.5688148,-1.7718227,-0.3559205,4.160986,3.2104063,3.3567984,0.31196705,1.0611892,0.079068586,2.9444406,-0.64041895,0.057079807,0.28167537,-0.20819795,1.668099,-1.285966,2.2308989,-1.7503119,-1.5399785,0.55284876,-3.3520706,-1.7484016,-3.8400288,-0.84654325,-0.4538754,-0.28809315,0.5548904,0.23694496,-3.4350061,0.9728809,-1.060565,-0.8456096,-13.012162,-0.8601047,-0.36590266,0.24207374
0,/data_nas/huangyj/data/placePulse/rawData/googleviews-110802files/51408a52fdc9f0358700e6d5.jpg,-5.919845,-3.900213,1.2827312,-2.5361593,3.1351411,-3.0144172,-3.1356204,0.602551,3.0180056,0.21432476,-0.74517465,1.5784754,-3.0802228,0.41235843,0.11712197,1.0447607,-2.0637984,-3.3759093,-2.4650424,-2.220343,1.2262888,1.0787178,2.0269067,-2.617402,4.5797424,-4.532171,-1.6637847,0.7296998,3.1291559,-2.5126882,-0.93572927,-0.43030998,3.714642,-4.4506745,2.2292836,1.9448775,-8.6782675,0.12596852,-1.1634271,1.6122442,-1.5487645,-0.8832972,1.664938,1.2900866,0.40021703,-1.1435367,-9.72246,3.598617,2.444692,-0.2873608
0,/data_nas/huangyj/data/placePulse/rawData/googleviews-110802files/513d7a0cfdc9f035870066d0.jpg,-1.8511355,-0.83773994,0.94282943,-0.87114483,-7.3975234,-2.2919147,-3.1799688,2.2563705,0.18825448,-1.390979,0.6679219,0.23034404,-2.2351975,2.780676,-0.48194474,-1.0658084,-2.3916848,0.7897641,0.57802355,-0.12206915,-0.28106594,2.3730547,2.3926451,-1.0278846,3.9675748,-2.6452403,1.5101843,1.4762697,3.565577,-1.7568568,1.2174108,-0.69076306,0.3143267,-0.6888702,-0.08337155,-1.501339,-0.0035300292,-0.50890577,-1.0252081,-1.3558085,1.9645058,1.1073694,-4.40849,2.5650828,1.5462859,-2.1278183,-6.8322473,1.4880606,1.1700809,-0.8318588
0,/data_nas/huangyj/data/placePulse/rawData/googleviews-110802files/5140c9d7fdc9f04926002664.jpg,1.3896236,3.434087,-3.6332388,1.0375986,-2.9096043,0.64641064,-9.397174,1.4818025,-0.8881921,-0.7426022,1.473474,-2.553864,-2.720455,1.5841464,-1.6370349,-1.3439331,-1.8148189,2.1842234,0.6800867,1.6148791,-0.6792408,-0.030515777,2.8090937,3.4945688,4.21855,0.38325748,4.2153716,1.9238371,1.0246165,-0.32816115,-0.06811254,-0.34855112,-1.8770027,0.6163622,-4.7724204,-0.40691274,-0.4750806,-1.1976672,0.022615971,-3.460428,2.5651498,2.7325664,-5.2185655,0.9722897,0.44736403,-1.2952709,-12.508759,-0.9821662,1.1249328,-3.4374807
1,/data_nas/huangyj/data/placePulse/rawData/googleviews-110802files/513cc322fdc9f03587001632.jpg,-1.9935468,1.0814033,-0.92205095,-1.0625875,2.8485742,-2.6620796,4.6647487,1.4322687,-0.6832468,0.68599606,2.209653,-0.122073844,-0.091897435,1.0768385,-0.9168903,-2.8140395,-3.780042,0.96448404,-0.315005,1.3009603,-0.8767058,1.0191841,0.32140583,-0.9334399,7.681661,-2.852715,3.0557833,1.5813057,7.5241985,-1.7269764,0.74608195,-0.7905748,0.806908,0.2933357,-7.7724376,-3.4575198,-3.9277883,-0.60061234,-2.4793396,-0.44360524,1.0632201,0.56322175,-3.7932076,1.2487699,0.7603939,-0.049395222,-12.487076,-0.17898598,1.4428728,-2.8141901
0,/data_nas/huangyj/data/placePulse/rawData/googleviews-110802files/51422741fdc9f0492600863e.jpg,-2.9409244,1.8315902,-5.4349475,0.39808053,-14.338595,-0.7667927,-9.148239,1.9014298,1.2910707,-1.0285344,2.3024454,-1.89852,-3.8983994,2.5303338,-1.6477638,0.5869043,-1.6249614,-0.14985827,0.1671015,0.26579306,0.26858443,1.8058798,4.1699977,2.222684,9.915939,-0.8590773,4.6724195,1.4241655,2.4776363,-0.6889864,-0.51402014,1.0345906,0.90745854,-3.474332,-1.0735556,0.46514183,5.4743495,-3.0505617,0.3095439,-3.2343185,3.6815689,2.928353,-4.244234,2.2162282,1.246968,-2.8404644,-7.67334,2.0932133,1.3671219,-3.8229802
0,/data_nas/huangyj/data/placePulse/rawData/googleviews-110802files/513d79dffdc9f03587006631.jpg,-1.5941036,0.82121813,-3.6580489,-2.0782468,-6.611846,-5.6091237,3.4186568,2.0426672,2.2618184,0.70614344,-0.8815497,1.2773743,-3.6319127,2.2200906,-0.8098211,-0.13166958,-2.5127094,-1.75914,-2.3786407,-2.4273095,-0.66936344,3.167756,2.3537493,-2.1982403,1.3374112,-4.8810034,4.2509174,1.2440438,2.7900395,-1.6267452,0.013075215,0.72222555,4.2911844,-1.2203566,3.090292,-2.1349652,-4.984832,0.6854143,-1.5939896,1.0117573,2.9053907,1.5909073,-3.1735823,2.8460045,1.0871841,-1.7766165,-0.6347494,2.6217067,1.8795339,-3.074864
1,/data_nas/huangyj/data/placePulse/rawData/googleviews-110802files/50f46482fdc9f065f0004677.jpg,1.1641808,0.3562301,-2.203351,0.18868257,-2.6940866,1.5578132,0.50924575,1.3056227,0.90663797,-1.2518713,0.8124967,-1.1026783,-1.531952,1.1516582,-0.3749608,-0.3314594,-1.2177364,0.20343673,-0.20658112,0.86580503,0.19865806,1.1412377,3.1617277,2.523178,8.141995,0.36285865,2.838418,1.4073718,2.2244177,-0.9267454,-1.011872,-0.4079601,-1.156451,-1.1488334,-7.2825637,1.5814613,0.1659871,-1.4234362,0.43908378,-3.610184,1.7419641,2.7441688,-1.5353338,1.3256948,1.8169034,-1.6291647,-11.974909,0.30292758,0.67217964,-2.8572083
0,/data_nas/huangyj/data/placePulse/rawData/googleviews-110802files/50f5e51efdc9f065f000667c.jpg,-5.2957997,-1.6720803,0.6047457,0.24023728,-9.303587,-1.1250826,-9.314625,1.8045822,-0.13808069,-1.3467792,3.2424672,-1.0849878,-1.8020229,2.8042068,-0.83453304,-1.1252366,-1.5117995,1.0486339,1.7999514,1.727464,0.39350408,1.8668464,1.7230805,0.9761387,10.081211,-2.1630213,1.3668458,0.6793217,5.562251,-1.6756356,1.3461643,-0.98844665,0.47365707,-3.017131,-2.6783512,-1.1364996,4.839454,-3.0481083,-0.9634637,-1.0640695,1.5865694,-0.12866871,-3.1626215,1.9293838,0.6001701,-1.8065972,-10.0209,1.7285787,0.786123,-0.9301788
0,/data_nas/huangyj/data/placePulse/rawData/googleviews-110802files/50f42bb4fdc9f065f000162d.jpg,-3.6832387,-0.77036357,-1.804357,-0.87920225,-4.3404803,-1.11044,1.9748693,0.40525657,0.42821518,0.57679224,1.7871732,-1.5866418,-0.83773583,0.22360079,-1.1922497,-1.7991058,-2.9269724,-1.2290956,-0.9361005,-0.56207347,-1.5722986,2.431518,1.9682571,-1.8863578,5.7435074,-2.8490736,4.7699265,1.8018113,3.4031856,-0.96696794,-0.27872097,-1.3527048,-0.03530993,-0.61328757,-0.27232555,-1.129252,-0.55994654,-0.66245824,-0.875117,-2.2961526,1.810599,0.81318796,-2.2129524,1.8071451,1.2655607,0.05393085,-5.4571896,0.73769486,1.9634895,-3.5942338
0,/data_nas/huangyj/data/placePulse/rawData/googleviews-110802files/51413460fdc9f0492600462e.jpg,-9.612435,-2.917411,1.0244243,-0.9951599,0.94061303,-3.0982313,6.0776124,-0.23025523,0.44284093,1.7617356,2.802401,-1.0434865,-0.23570715,-0.894333,0.07342819,-2.3126626,-3.1567843,-1.7950697,-0.93955016,-1.2146318,-1.3272922,2.0041742,-0.013328677,-3.8888755,4.355455,-4.812824,2.9705148,0.78311026,3.29061,-1.2012221,-0.24598838,-1.5701137,2.2878754,-2.3975594,5.0671186,-1.3274138,-4.2435575,-0.9489598,-1.2889345,0.98669547,-0.42209718,-1.7582157,-0.44719768,1.7320379,-0.3108966,1.6081687,-0.41936567,1.5630009,2.5089273,-2.1635666
1,/data_nas/huangyj/data/placePulse/rawData/googleviews-110802files/50f5e901fdc9f065f0007629.jpg,-5.8905153,-2.6818986,1.7860874,-0.61553204,-4.9909286,-2.8989139,-7.724529,2.473288,1.2901129,-1.4660009,2.160498,0.46615848,-2.993218,3.4092941,-0.107522525,-0.3189495,-1.6188325,0.18358344,0.97079134,0.63092494,1.3515617,2.0136788,2.2400908,0.5222457,10.050756,-3.7011998,-0.7562063,0.5641229,5.8290067,-2.398645,1.0820613,-0.24732442,2.5055864,-4.2345967,-2.475783,-0.5098326,0.34603053,-2.619448,-1.4093807,0.55097616,0.668729,-0.43559793,-2.3985167,2.2855842,0.5218636,-2.3648965,-11.344363,3.2038279,1.3363483,0.33240384
1,/data_nas/huangyj/data/placePulse/rawData/googleviews-110802files/50f433c2fdc9f065f0002628.jpg,-3.9323442,0.6678981,-1.2841536,0.47337753,-6.743999,-2.0238147,-1.0476037,2.6802552,-0.0145887025,-1.0133806,3.194729,-0.98387104,-1.7221454,3.0591252,-0.6055574,-1.4738586,-2.0225167,1.8270723,1.4621673,1.4183856,0.021770101,2.4497578,2.0580213,1.0386646,10.33253,-2.112538,3.8241117,1.0456238,5.8333445,-1.522472,1.1022887,-0.056151107,0.9581486,-2.3726122,-4.5268636,-2.0747955,2.0154176,-2.9644194,-1.1302601,-1.3944933,2.9295957,1.2612009,-4.680595,2.5030699,1.0202858,-1.8502626,-9.871932,1.5209426,0.79129875,-2.3854408
1,/data_nas/huangyj/data/placePulse/rawData/googleviews-110802files/513d79ddfdc9f0358700662a.jpg,-4.0249195,0.032464024,1.3739651,-0.5504597,11.103356,-2.15121,1.7192,1.5177466,-0.6737869,-0.35603774,1.6575276,-0.261872,-0.3680157,1.0500196,-1.0890741,-2.411653,-3.9424717,1.1075257,0.4715138,0.63527614,-0.46839905,0.9738304,1.1020566,-2.2042813,4.526036,-2.8229544,1.3086377,1.6918828,5.194353,-2.2738853,1.1260417,-1.5160947,0.44343156,-0.6536032,-4.82444,-2.0636053,-8.642032,-0.2573956,-1.895135,-1.0168877,0.04545363,0.32762012,-3.8012,1.5391848,0.38872266,-0.27812612,-12.791478,0.6154239,1.7512811,-1.4406581
1,/data_nas/huangyj/data/placePulse/rawData/googleviews-110802files/513d6928fdc9f03587004624.jpg,-7.3044424,-1.6374342,1.6083406,0.7340399,-6.7041707,-1.2107444,-3.937961,1.460284,-1.3232701,-1.1027669,4.676051,-1.5318295,-0.42349643,2.2193236,-1.0001627,-2.861196,-2.5034523,1.4327464,2.992859,2.4735227,0.076785624,0.632124,0.5837708,0.93311715,10.928103,-2.3401175,0.7306941,0.63098174,6.12024,-1.6224952,1.9963558,-1.3217454,0.46535623,-2.934163,-3.3635798,-2.004823,5.955397,-3.9059055,-1.3300134,-0.7062658,0.66128117,-1.3658863,-4.003703,1.3672715,-0.49296576,-0.61738586,-6.409667,0.87172794,0.6297996,-0.55096525
0,/data_nas/huangyj/data/placePulse/rawData/googleviews-110802files/513f1077fdc9f0358700c6e3.jpg,-7.9134417,-2.493193,1.3325372,1.1384737,-2.0933356,-0.65530765,-8.719816,1.3903778,-0.5966193,-0.73855674,5.020367,-2.632917,-0.93858624,1.8792067,-0.87749505,-2.3353124,-1.8425441,1.4311985,2.1872652,2.3531463,-0.30418622,2.3353024,1.4787714,1.2665594,11.943137,-3.0614169,2.9494045,0.9226709,5.5303016,-1.6726862,1.1804031,-2.1761646,0.10352342,-3.2134285,-4.3198643,-1.1771461,4.0722027,-3.9610412,-1.0606737,-1.3481215,1.1125215,-0.8571062,-2.4900157,1.9977831,-0.1425837,-0.28767803,-9.855267,1.3736773,1.1493866,-1.7827339
0,/data_nas/huangyj/data/placePulse/rawData/googleviews-110802files/513e6288fdc9f0358700b6e7.jpg,-4.377531,-0.88279444,1.1388743,-1.3418449,2.9783137,-3.3608932,-8.78163,1.3815644,-0.7108602,0.37696066,2.552177,0.061383493,-0.628382,1.7417461,-1.5925968,-2.0769117,-3.4567356,0.116766445,0.31286943,1.4623438,-0.2595145,0.4481805,0.16484323,-1.0112501,8.959815,-4.0433087,0.27220672,1.0145501,7.494744,-2.1482167,1.4881437,-1.5530488,1.7532122,-1.2113367,-7.169941,-3.4189687,1.5195166,-1.2609186,-3.093532,0.6113098,-0.15260938,-1.1010911,-3.2147808,0.9724646,-0.19716255,-0.39200857,-8.495043,1.0270402,1.6950933,-0.77363527
0,/data_nas/huangyj/data/placePulse/rawData/googleviews-110802files/5140b66afdc9f049260016ee.jpg,-4.8924985,-3.1041653,3.6096923,-0.9511205,-5.9072685,-3.6055062,12.026674,1.3864527,-0.4946106,-0.39050788,1.7229675,0.29899326,0.4730927,1.8478549,-0.11432203,-3.6012363,-3.291475,0.101213716,0.9849795,-0.5837181,-1.9560045,4.08165,0.45852023,-4.416415,1.99274,-4.8702073,2.813195,1.3976263,4.8712816,-1.9490978,2.3825428,-2.3555493,0.9433005,0.4478913,2.9976346,-3.8794875,-1.0343349,-0.24021551,-1.9680566,-0.294254,1.6780647,-0.796784,-3.632872,3.3418112,1.2540244,-0.029896967,1.8868845,1.0682106,0.9936127,-0.8492225
0,/data_nas/huangyj/data/placePulse/rawData/googleviews-110802files/51414de4fdc9f049260076ee.jpg,-3.4941616,-0.8065531,2.3532853,-0.4376472,-4.804875,-3.6047218,0.9910418,1.8865308,-1.4015168,-0.06610748,2.3687031,0.3864893,-0.5898788,2.280342,-0.4232101,-3.152761,-2.8240764,1.3633884,1.5678457,1.4587611,-0.7625956,1.5675285,-0.45033184,-0.5540202,4.0510645,-3.573885,0.9544627,0.46979693,5.3724365,-1.761985,2.3602598,-1.3592064,1.6202892,0.18505016,-1.726098,-4.0101705,2.0833464,-1.0584882,-2.4184275,1.3280256,0.91849643,-1.1864973,-4.250507,1.7388256,-0.34735113,-0.39756715,-1.4797885,0.21965685,0.68247366,-0.10275979
1,/data_nas/huangyj/data/placePulse/rawData/googleviews-110802files/51413495fdc9f049260046e9.jpg,-6.5037203,-4.7650623,2.5102053,-0.7344992,-5.593791,-0.5655972,10.388257,1.1303363,2.0014508,-1.6223264,1.3880678,-0.20283543,-0.8931416,1.2447182,0.63837224,-0.7418088,-2.1198804,-1.6087074,0.27831358,-1.5954378,0.01991038,3.6568842,2.9342356,-3.082506,7.260523,-3.2653549,1.4239373,1.3071196,3.0345576,-2.0308778,0.14188217,-1.2525009,0.655558,-3.7036068,2.908526,1.3045855,-2.457667,-1.7720537,0.08858637,-2.4428911,0.7566315,0.3632522,-0.4077149,3.1100345,2.216342,-1.0737641,-5.1647663,3.0106373,1.3986086,-0.99756557
0,/data_nas/huangyj/data/placePulse/rawData/googleviews-110802files/513d6962fdc9f035870046e8.jpg,-6.4993305,-0.38752317,2.2446725,0.47321853,-5.363671,-1.9872723,8.483999,1.3611839,-1.028828,-1.4538214,1.5523785,-0.67063195,-0.27346706,1.6538603,-0.6593209,-2.3515966,-2.5053337,2.0360632,2.2179685,-0.74091315,-1.1110091,2.7590737,0.88415545,-4.3005776,-1.6205598,-2.0781925,2.4095137,1.3852603,1.9610355,-1.4006526,2.284741,-1.112418,-0.3650151,-1.0369436,8.932423,-2.387426,-6.6338596,-0.5705491,-0.3900647,-1.3217928,1.7071867,0.18925567,-5.4707384,2.920088,1.16565,-0.8431293,-3.6645496,1.3604555,0.80011964,-0.5705413
0,/data_nas/huangyj/data/placePulse/rawData/googleviews-110802files/50f5e527fdc9f065f00066ea.jpg,-5.248807,-1.0108776,-1.8500386,-1.0730256,-13.083114,-2.7546973,-11.002054,1.2215205,0.5281504,-0.25012156,2.6121619,-0.6228909,-2.540855,2.2459626,-1.8595253,-0.8109011,-2.6363797,-1.2515312,0.20724869,0.45177126,-0.20278557,1.8563346,2.0514128,-0.39602733,9.291453,-3.4987717,2.0713098,0.97899324,5.265619,-1.5212535,0.8445764,-0.44317922,2.0374663,-2.975909,-0.5260371,-1.6974276,7.2260065,-2.3522809,-1.3831142,-0.6214471,1.8913264,0.13157263,-3.4052172,1.8508925,0.47013614,-1.7560072,-4.021986,2.1531036,1.6029961,-1.9456781
0,/data_nas/huangyj/data/placePulse/rawData/googleviews-110802files/50f5ebd4fdc9f065f0008616.jpg,4.9966655,2.353404,-5.0023165,-2.0371547,-9.265614,-2.5478508,-1.4897637,1.3010138,0.85889024,0.36049813,-1.771183,0.20354901,-3.9499922,1.3742744,-2.011604,-1.2643447,-3.412964,-1.5570823,-2.5761645,-1.2813038,-1.8262004,1.1376389,3.3206418,0.5816357,-0.581681,-2.7218266,4.3879375,2.7891386,0.9459642,-0.75713164,-0.30324554,0.016315771,0.545142,2.6675768,-1.4599589,-1.4156044,-1.7360451,1.9051981,-1.1825877,-2.2446947,2.957563,3.2610698,-4.689484,1.6553289,1.3743757,-1.5504248,-4.582781,-0.32063037,1.9556687,-3.835365
1,/data_nas/huangyj/data/placePulse/rawData/googleviews-110802files/50f5e900fdc9f065f0007615.jpg,-5.0775104,-3.7792404,1.6468691,-1.1695704,0.6491218,-2.0220745,-8.154037,2.4063797,3.0855517,-1.9787402,0.28964025,0.7157246,-4.7219324,2.7837842,-0.027219353,1.0182134,-1.7805744,-1.6390891,-0.34809893,-0.77068806,2.132713,1.79535,4.3091516,0.9336685,8.717209,-3.8692765,-1.9779739,1.1765872,3.0244255,-2.9544806,-0.2726767,-0.16008501,2.9624794,-5.5421185,-1.8065916,2.871804,-5.1419044,-1.8424411,-0.600937,-0.31974423,-0.45412964,0.44690725,-0.65743536,2.2479084,0.651703,-2.886314,-14.149854,4.0762935,2.1663325,0.2712275
0,/data_nas/huangyj/data/placePulse/rawData/googleviews-110802files/514089f3fdc9f0358700e61a.jpg,-3.8388612,-0.13834809,-0.18943617,1.1838181,-3.919594,-0.8099996,-12.470321,2.52511,0.06392572,-1.765421,3.1031177,-1.4298458,-3.0828443,3.220602,-0.8065144,-0.69946855,-1.1729861,1.8699608,2.1604226,2.4897645,1.2634233,0.8738399,2.5108879,3.909834,10.478681,-1.4491745,0.7536039,0.5795551,4.0226912,-1.7560598,1.0216032,-0.34884655,0.84313107,-3.5554326,-5.7937217,0.000929039,3.2448418,-3.6170306,-0.7607936,-1.143321,1.2684239,0.7710227,-3.6169827,1.5873114,-0.19199967,-2.288634,-12.441486,1.684225,0.7799911,-0.81768835
0,/data_nas/huangyj/data/placePulse/rawData/googleviews-110802files/513d2ffbfdc9f035870026c7.jpg,-6.1436453,-1.6429569,1.2933317,-0.9971121,4.0306797,-2.4967709,0.119063176,0.3902568,-1.1819415,1.4763213,3.263425,-1.3122034,0.32292584,-0.093092345,-1.3976642,-3.6955009,-4.178618,-0.3380838,-0.11049593,0.9622057,-1.7151608,1.1797891,-0.16923074,-2.139612,6.713014,-4.4976864,2.8624725,1.408984,6.1757126,-1.7603165,0.9178313,-2.6386445,0.8529036,-0.19827062,-3.4978302,-3.1372905,-1.8559854,-0.79032874,-2.7690246,0.09508596,-0.2885513,-1.6052061,-2.263277,0.99962884,-0.45229363,1.4934926,-6.7765245,-0.041200127,2.2464902,-2.3832388
0,/data_nas/huangyj/data/placePulse/rawData/googleviews-110802files/513d8042fdc9f035870076c1.jpg,-0.053401772,-1.4590012,2.0083966,-2.0833766,-11.078141,-4.9870973,-1.1223191,2.7270849,1.0548787,-0.9865118,-0.9149363,3.6419168,-3.3599386,3.7392933,0.25137058,-0.26852494,-1.4457083,-0.5528813,-0.057954587,0.26759064,1.4679264,1.4217663,0.41954446,0.27412826,3.0656855,-3.7572963,-2.8415093,-0.26552248,5.901752,-2.6318364,2.2001076,0.3400772,4.20647,-1.4796945,-1.2713685,-2.4112608,-0.644159,0.038721483,-2.546218,3.5093958,0.51913434,-0.6055953,-2.2138035,1.7384759,0.30432644,-2.7922535,-5.9063993,2.2814305,0.4496629,1.7433283
1,/data_nas/huangyj/data/placePulse/rawData/googleviews-110802files/50f46485fdc9f065f00046c5.jpg,5.6926746,2.8278983,-4.1327143,-1.0839756,-4.0197244,-0.3492485,6.399398,1.6899488,0.7370322,-0.9510851,-1.2648531,-0.5119231,-2.8980854,1.6386013,-1.5685833,-1.577864,-3.5744703,-0.15197384,-1.2131865,-0.8492239,-1.5102324,0.7774378,4.4180255,1.5241048,1.5428855,-0.9627699,4.2577624,3.2338407,-0.19244573,-0.5275303,-0.96516585,0.21667574,-1.49609,2.5392115,-5.0079303,0.11178838,-2.91259,0.9875982,-0.037106324,-4.6588755,3.3442135,4.369488,-5.54416,2.044722,2.1756415,-1.8512188,-6.8468137,-0.8999303,1.7119768,-3.7879581
1,/data_nas/huangyj/data/placePulse/rawData/googleviews-110802files/513cb2b6fdc9f0358700069d.jpg,-4.168091,-0.5722721,0.86396915,-1.7235721,0.6454677,-5.7082324,11.453094,2.5542107,0.24989542,-0.06771628,0.9418558,1.061388,-0.12439335,2.5411835,-0.57908106,-2.6376512,-4.5852222,0.43420708,-0.2547298,-1.5931413,-1.843291,4.228902,1.4363539,-5.8425384,2.1337194,-5.5554404,4.3995905,2.0132751,5.6980658,-2.1818652,1.7076062,-1.1345109,2.2241337,0.33411455,1.1478704,-4.8662405,-5.458337,0.61194,-2.3407884,-0.2921454,2.8127916,0.8735761,-5.6388426,4.157308,2.0028937,-1.1292163,-0.45620155,1.949768,1.8013651,-2.229405
1,/data_nas/huangyj/data/placePulse/rawData/googleviews-110802files/5140b64dfdc9f0492600169d.jpg,0.26678023,0.99088484,1.0191618,-0.6388548,6.5190487,-3.1210616,-3.1451972,1.683594,-1.7713771,0.65127116,2.5662403,0.2839187,0.05002512,1.916385,-1.0245271,-3.4382207,-3.517006,1.746381,0.8168957,3.342065,-0.58340055,-0.10579786,-0.8836613,2.069407,8.793735,-3.1800199,0.6419051,0.78997386,8.065873,-1.9470086,1.5688717,-1.4266266,1.2536265,1.4699951,-14.229852,-4.634328,1.4345183,-0.89486754,-3.305499,0.9676835,-0.13630149,-0.4797863,-3.6650984,0.34465152,-0.65559006,0.260611,-9.982459,-1.2143817,0.8271693,-1.1357783
1,/data_nas/huangyj/data/placePulse/rawData/googleviews-110802files/50f433ccfdc9f065f0002696.jpg,-1.415948,-2.3020706,4.101044,-0.1597987,-1.4352871,-1.8794159,10.386941,4.3316474,0.8081469,-3.685847,1.152851,1.1803769,-1.0042839,4.7361765,0.932128,-1.5598718,-2.7949362,2.2467053,2.4789498,0.45062655,0.6109716,3.8476586,3.7224195,-0.7358716,8.735376,-2.5712502,0.4046484,1.8597473,5.0226874,-2.9026585,2.0356202,-0.66821253,0.2823615,-1.6330808,-6.463733,-0.9948711,-0.5874961,-1.8625346,-0.7391635,-3.0743246,2.4883468,2.278478,-5.320281,4.478581,2.8027868,-3.4344256,-7.706568,2.2668176,0.29170907,0.28217223
0,/data_nas/huangyj/data/placePulse/rawData/googleviews-110802files/5140d69ffdc9f04926003693.jpg,-9.154579,-2.6873844,1.7138011,-0.51826197,-4.0908055,-3.8134165,0.24211901,1.0697647,-0.3952917,0.5809039,3.635006,-1.7101364,-1.0803794,1.1630234,-0.96496904,-3.545931,-3.8566415,-0.14730564,0.69161433,-0.6185536,-2.391471,4.3532963,1.450431,-3.4910662,4.749464,-6.0585327,4.969835,1.6491529,3.8635917,-1.6894454,1.1737053,-2.1703622,1.2125471,-1.1137415,4.807051,-3.0759633,-0.17073388,-1.4815211,-1.5968354,-0.36969748,1.8050982,-1.089747,-4.123174,3.0859933,0.3028944,0.6228143,0.027121944,1.5030231,2.3830276,-2.4494634
0,/data_nas/huangyj/data/placePulse/rawData/googleviews-110802files/50f5ec11fdc9f065f0008697.jpg,0.8739917,-2.5471284,4.820471,-0.21980219,-4.332126,-1.2943153,-10.807161,1.8482103,-1.3617148,-2.5464644,-0.9850018,0.4600362,-2.6556668,2.7864811,-0.2535248,-1.89398,-2.476934,1.5234259,1.7345845,0.4656231,-0.8655044,2.3896332,2.3071108,-0.7296452,-5.9329376,-2.5521579,-1.0739586,1.3617116,-0.32339424,-1.8740122,1.9999632,-2.3150203,-1.6035223,1.703364,4.0259995,-0.96538997,-2.6903121,1.6745758,-0.043616813,-1.5132016,0.08153444,0.74528104,-4.057906,2.5960574,0.48344162,-1.8339344,-5.4619184,-0.07950755,0.6498058,0.80140984
1,/data_nas/huangyj/data/placePulse/rawData/googleviews-110802files/513e1c33fdc9f0358700969b.jpg,-6.9434667,-0.41212362,0.8167874,-0.06251912,6.1623216,-2.9337974,5.2711406,0.9709972,-1.5776335,1.3458275,4.2235537,-1.5656726,0.69483644,0.3193317,-0.9011659,-4.2341533,-4.2560077,1.1249019,0.7627326,1.3316935,-1.6944704,1.6475581,-0.3476483,-1.6166856,7.1023717,-4.1767364,3.999015,1.2023572,6.0455065,-1.640283,1.107528,-2.0204456,1.1425235,-0.27164528,-3.7757483,-3.7052035,-2.8094034,-1.5853719,-2.4780817,0.20715512,0.4271535,-1.3087965,-3.4655635,1.4307717,-0.689423,1.4820209,-5.5483456,-0.2343116,1.8511295,-2.6449113
1,/data_nas/huangyj/data/placePulse/rawData/googleviews-110802files/50f42bbafdc9f065f0001694.jpg,-5.447722,-0.47147426,1.5014552,-0.44640896,4.2565074,-1.5511394,2.695437,0.19286622,-1.557392,0.79850304,2.538837,-1.1773299,0.0027229418,-0.35176453,-1.1232451,-3.5021248,-3.963567,0.5939543,0.49972725,0.92983603,-1.208921,-0.05144547,-0.18630701,-1.8128071,3.2994301,-2.8852146,1.5103886,1.4114368,4.540632,-1.6387981,0.9297277,-2.033344,0.077974156,-0.22030178,-0.7580349,-2.2622185,-6.1364245,-0.4145846,-1.8404151,-0.25991824,-0.9293241,-1.0845383,-2.996727,0.65063334,-0.6112932,1.1483912,-9.528027,-0.49287778,1.9107945,-1.7740927
0,/data_nas/huangyj/data/placePulse/rawData/googleviews-110802files/51408a63fdc9f0358700e6fd.jpg,0.34161288,0.39951074,-4.3088484,-2.6953394,-8.208358,-3.876437,1.5167742,0.7058159,2.1521437,1.130877,-1.5175633,0.69063705,-3.5961342,0.8550956,-1.5200266,-0.81747043,-2.868909,-2.9195259,-3.4432368,-2.6367989,-1.6060817,2.4879355,2.7846975,-2.2903614,0.3592201,-4.447146,4.6750846,2.0576491,2.3516657,-1.2297779,-0.61804974,-0.044196956,2.4812145,0.41934377,2.6747534,-1.2251183,-5.46378,1.5917909,-1.3539006,-0.45374998,2.5674794,1.8528309,-2.46872,1.9420203,1.5716125,-0.9606338,-4.4739027,1.4315945,2.3218577,-3.9605386
1,/data_nas/huangyj/data/placePulse/rawData/googleviews-110802files/513d7a19fdc9f035870066fd.jpg,-2.1738029,-0.8454388,1.7871728,-2.6402168,12.358977,-3.8348053,1.5751575,1.4190712,0.5118153,0.054444734,-0.0916054,1.9581561,-0.89793766,1.5523233,-1.2638397,-1.5729504,-4.514253,-1.0152719,-1.1213183,-0.12845786,0.2943143,0.024271132,0.83968693,-2.8768606,5.302878,-4.216561,-1.8186167,1.6113803,7.3885756,-3.0185468,0.89218444,-1.0912107,2.2665637,-0.9005599,-7.7812824,-2.2532213,-9.890388,0.87476814,-2.930565,0.7230933,-1.3418924,-0.34920195,-2.3796358,0.9554124,0.3437133,-0.81269205,-14.198249,1.2301623,2.2791789,-0.31594867
0,/data_nas/huangyj/data/placePulse/rawData/googleviews-110802files/513d9a88fdc9f035870076f7.jpg,-6.9682612,-2.3506424,1.0608888,0.5298343,-8.321079,-1.0702076,-5.943008,1.5883684,-0.3220701,-1.3533547,4.279381,-1.3173118,-1.2074752,2.3743842,-0.7100454,-1.8045087,-2.147427,0.6652073,2.4076247,2.1205618,0.5829316,0.9082791,1.4964143,1.5266497,12.241166,-2.434186,0.46812332,0.59722006,5.38703,-1.7209055,1.354739,-0.9496385,1.0643177,-3.9827304,-3.6328561,-0.82929933,7.827744,-4.1482096,-0.8681269,-1.0556324,0.7541008,-0.6877743,-3.0729055,1.6557999,-0.10139023,-1.3050199,-5.2270927,1.6499978,0.65395564,-0.609729
0,/data_nas/huangyj/data/placePulse/rawData/googleviews-110802files/5140ca0dfdc9f049260026fe.jpg,-6.3992777,-0.78414553,1.8342162,-0.54052895,-0.79482526,-3.4038477,1.2678417,0.17512096,-0.68976593,1.0415626,1.2163072,-0.5054167,-2.1644118,-0.041862942,-0.6166873,-2.9748104,-3.2175167,-0.16648352,0.05074873,-0.713128,-1.12648,-0.29246014,0.027098196,-1.5072236,-2.489155,-4.3133016,0.6767354,1.2442542,0.7721292,-1.567577,0.5439317,-1.3105458,1.924931,-0.7804362,7.8063927,-1.3918145,-8.621308,0.20467463,-1.1935087,1.6493661,-1.2617632,-1.618975,-3.1801698,1.1589277,-1.5707375,0.9000941,-2.9898868,0.26151463,2.2702618,-1.0972713
0,/data_nas/huangyj/data/placePulse/rawData/googleviews-110802files/513d3040fdc9f035870026fc.jpg,-1.0080639,3.7016902,-4.6221356,-0.5676888,-5.6086526,-2.69821,6.6268735,1.9214691,-0.109283015,0.119757615,1.1770383,-1.3044991,-2.2964299,1.6151246,-1.8947866,-2.591967,-4.170991,0.96953195,-0.42355758,-0.8698586,-1.9295558,1.5196204,2.926794,-0.9843761,2.430037,-2.3892949,6.301623,2.8936956,2.203447,-0.7431292,0.2655723,0.48649865,0.22780482,0.88674057,0.5536407,-2.5271661,-4.4358172,-0.30740896,-0.90426475,-2.9145746,3.7249262,2.8801136,-7.5586443,2.4706292,1.3107264,-1.1219932,-5.5050683,0.088326156,1.9992467,-4.530081
1,/data_nas/huangyj/data/placePulse/rawData/googleviews-110802files/50f433c6fdc9f065f0002682.jpg,-2.7358065,0.801634,1.8365082,0.82864106,1.329388,-2.943019,2.4347248,1.643227,-1.3315936,-0.36713263,0.8836935,0.62810606,-0.082188435,2.1689758,-0.1953236,-1.970724,-0.82173777,3.061688,1.7368648,0.6915436,-0.7802398,2.7826924,-0.9238288,-1.9456891,-3.4532976,-1.9671532,2.1978424,-0.19312161,2.802731,-1.2649081,2.425978,-0.9934089,0.7577599,0.78605574,3.468554,-3.7731402,-7.2968607,0.30837092,-1.1629641,1.5933505,1.8783419,-0.46771953,-3.627449,2.014183,0.17816845,-0.54159397,-4.8988247,0.40057132,-0.34754056,-0.15589505
0,/data_nas/huangyj/data/placePulse/rawData/googleviews-110802files/513f2b42fdc9f0358700d68e.jpg,-2.6386845,-0.32214502,1.9819812,0.8791992,8.021864,-1.1684506,-10.533684,2.1241472,-0.2862443,-1.8333203,0.74719137,-0.51179606,-2.0205953,2.412985,-0.447715,-0.41669846,-1.4721246,1.7360591,1.5851872,0.98870796,0.6846815,1.5026402,1.9336363,0.503615,1.658147,-1.4059665,-0.32786006,0.7104297,1.3452058,-1.8522974,1.066314,-0.935284,0.07443413,-1.6697998,-2.021539,-0.10599373,-5.179581,-0.7896472,-0.40558553,-0.85522145,0.23830122,0.803458,-3.0554101,1.7949171,-0.17992944,-1.6663764,-10.240106,1.3165197,0.9185054,0.16728684
0,/data_nas/huangyj/data/placePulse/rawData/googleviews-110802files/50f5ec11fdc9f065f000868f.jpg,-4.1849966,-2.1983187,1.2821407,-2.5094259,-0.42717007,-5.490786,-9.383363,2.028607,1.9352312,0.13757733,-0.4792859,1.8157518,-4.6217875,2.376508,-0.92174655,-0.46365467,-3.0762277,-1.9505135,-1.4281727,-1.4806781,0.4426277,1.6730139,2.1836948,-1.24422,2.721702,-6.3876967,-1.251765,1.0480567,3.598948,-2.9287944,0.53308433,-0.27758357,4.4798646,-2.3932958,1.6955811,-0.90395933,-5.9959354,0.40119347,-2.4323523,2.5956557,-0.26951408,-0.83651066,-2.3186145,1.9402785,-0.43190613,-1.5975101,-7.283876,3.051453,2.6613705,0.017514516
0,/data_nas/huangyj/data/placePulse/rawData/googleviews-110802files/50f5ec10fdc9f065f000868a.jpg,-0.9073226,0.7281055,1.4132283,3.3820233,-5.133659,1.9126267,-11.765343,2.2276812,-1.544679,-2.8158445,1.8127514,-1.4207777,-1.7750108,3.249265,0.40314433,-0.22726698,1.9320021,4.863149,3.8143873,3.3978803,1.1692955,2.4184294,0.79649705,3.9820719,0.52796614,2.2321353,1.3848482,-0.9261108,1.2001741,-0.7291724,1.8101704,-0.75628525,-2.2754648,-1.0239241,0.1641309,0.049882926,-2.4824784,-2.0772727,1.1569675,-0.8340576,2.299724,0.8546079,-2.287727,1.4859736,0.039178204,-1.9144701,-16.8789,0.03075101,-1.3730263,0.11904957
1,/data_nas/huangyj/data/placePulse/rawData/googleviews-110802files/514145d0fdc9f04926006680.jpg,6.16297,-1.6195277,-2.573234,-1.9097437,-3.5257006,0.4559359,-4.678189,1.3179783,2.548912,-1.4030987,-2.7493906,-0.43015146,-4.9630866,1.0659599,-0.98290837,-0.28770748,-2.9341197,-2.8660111,-2.703373,-1.8995821,-1.2384069,2.288667,6.595523,2.171449,0.6889618,-2.7518408,2.798933,3.5207841,-3.0463996,-1.2166597,-2.1380095,-1.1210892,-1.1930238,1.563908,-3.6000953,3.3935983,-1.7942637,1.7727013,1.0147358,-5.3393993,1.9319987,4.499113,-2.0043502,2.6163733,2.439311,-2.3239558,-6.3837605,0.1372122,2.48029,-3.3263743
0,/data_nas/huangyj/data/placePulse/rawData/googleviews-110802files/514145d5fdc9f0492600668b.jpg,1.8407018,-0.7009892,2.1411097,-0.4377661,-6.4355936,-2.8468306,-1.9267402,2.486766,0.7854643,-2.2667994,-2.6099946,3.013097,-2.081137,3.8127382,0.66366655,1.3159764,0.49725658,1.0380373,0.5333509,-0.4442519,1.3005154,3.178393,0.92990917,-1.6261946,-4.5962744,-1.0128161,-1.3331643,-0.56051946,2.0303493,-1.582816,2.0524194,-0.011660235,1.4346433,-0.5049351,3.78611,-1.4502708,-5.714996,1.3472487,-0.4870563,1.438679,1.7648952,1.0722469,-1.5885686,2.4918861,1.6930889,-3.261116,-6.3513074,2.206125,-0.7121707,1.6775506
0,/data_nas/huangyj/data/placePulse/rawData/googleviews-110802files/51409223fdc9f04926000657.jpg,-8.157896,-2.360067,0.9359217,-1.0204806,-1.869894,-3.994899,2.102227,0.39849922,0.35243326,1.065125,2.075001,-0.67555845,-0.8200978,0.18836586,-0.39588803,-2.1449625,-3.1642566,-1.3424348,-0.6011095,-1.3483241,-1.5255641,2.725099,0.5265089,-4.003402,2.412388,-5.120038,3.1217895,0.981408,2.7949598,-1.3761196,0.3452176,-1.4789503,2.3284974,-1.7738526,5.9798517,-2.1442196,-2.4226947,-0.5807132,-1.4104767,0.8557598,0.5233595,-1.1789414,-2.051612,2.330245,-0.002354145,0.6884879,2.2632844,1.7660338,2.2266004,-1.8796679
0,/data_nas/huangyj/data/placePulse/rawData/googleviews-110802files/5140c9d2fdc9f04926002651.jpg,-6.27553,-2.4358375,1.2350106,-0.12884638,-4.808413,-1.9226607,-3.367166,1.474146,-0.22901994,-0.20872991,3.574372,-1.1705451,-0.829485,1.9536169,-0.5540673,-2.200695,-2.0181992,0.64587784,1.0442775,1.3657445,-0.49738336,3.0296504,0.93200445,-0.48774776,9.795559,-3.6411269,2.88718,0.8106179,6.6495113,-1.8965323,1.3840224,-1.8847724,0.8734176,-2.1858227,-3.071763,-2.2495823,1.9136546,-2.4024837,-1.7375302,-0.3725917,1.4130223,-0.83135825,-2.2161334,2.1016674,0.6317502,-0.4040975,-9.369238,1.5044191,1.1279194,-1.6634313
0,/data_nas/huangyj/data/placePulse/rawData/googleviews-110802files/513d7fe0fdc9f0358700765f.jpg,-1.2214717,-2.149849,2.2967198,-2.8891833,3.466846,-4.129557,-5.1388373,1.9089472,1.4441646,-0.795234,-1.3797117,1.9020929,-4.1635165,2.3456779,-1.1272583,-1.3509032,-4.419981,-1.5247091,-1.264957,-1.2338462,0.15449077,0.51739687,2.9422784,-1.3498099,1.7380877,-5.478917,-2.391162,2.3941107,3.7474163,-3.160638,0.67330986,-0.8964503,2.3617406,-0.82065094,-1.622294,-0.5132057,-9.408597,1.3436874,-2.1052985,0.28868216,-0.99475265,0.10635865,-3.450053,1.8338577,0.25666144,-1.833406,-12.715751,1.8143508,2.824117,0.046130884
0,/data_nas/huangyj/data/placePulse/rawData/googleviews-110802files/51413a35fdc9f0492600565f.jpg,-4.525028,0.30739,0.6385869,-0.39770168,-2.9601858,-2.5841289,2.1321847,-0.5526827,-1.8854321,1.7264344,1.6946688,-1.5742797,-0.8267036,-0.93433595,-1.2717488,-4.0762725,-3.854637,-0.24301106,-0.040312804,-0.32203934,-2.5305784,-0.9127379,-0.47569734,-1.4613181,-2.9080503,-3.4740586,2.1910696,1.5450768,0.201765,-0.49373093,0.40415034,-1.7782178,0.3196725,1.3868738,6.3087254,-2.464178,-3.509511,0.35169974,-1.3846496,0.32956284,-0.96364117,-1.152676,-4.1610136,0.70137423,-1.4640783,1.8821931,2.332904,-1.3319969,2.3788502,-2.001087
1,/data_nas/huangyj/data/placePulse/rawData/googleviews-110802files/51413483fdc9f049260046a6.jpg,-8.563144,-0.9568567,0.7391882,-0.3046225,5.095228,-2.2337763,7.1656623,-0.5917649,-1.1392193,2.6890433,3.581829,-1.459591,0.48860392,-1.6267253,-0.5013846,-3.5771487,-3.3384714,-0.4561433,-0.41419315,0.5995762,-1.3932166,-0.12836103,-1.5525132,-1.8537588,4.319477,-3.6283014,2.5887816,0.47040874,4.5952964,-1.2246188,0.18107109,-1.9810431,1.7821748,-1.2248007,1.3320066,-2.1115193,-6.972757,-0.98007673,-2.1690984,1.8440875,-1.4075123,-2.4958475,-0.57475436,-0.056411084,-1.7034698,2.616544,-6.3316875,-0.35897526,2.1722958,-2.308483
1,/data_nas/huangyj/data/placePulse/rawData/googleviews-110802files/5140d6adfdc9f049260036a3.jpg,-1.8094963,-1.3681357,1.6814692,-0.90822875,1.6360857,-1.9742955,-1.9755696,1.7472558,-1.1037837,-1.3881935,1.8128526,-0.3910962,1.3200524,2.195035,-1.303149,-2.4019904,-4.320158,0.48725688,1.2583932,0.6544129,-1.2047492,1.473634,1.6655092,-2.647569,6.1966915,-2.5602872,1.1539056,1.707381,3.6949637,-1.4284955,1.3358471,-1.7653123,-0.6338119,0.56274015,-6.04035,-2.6727538,8.677611,-0.97474104,-1.354356,-2.8216848,1.3545558,0.75758433,-4.9241257,2.345899,1.3772284,-1.3384243,5.3407493,0.3006457,1.0157918,-0.7300078
0,/data_nas/huangyj/data/placePulse/rawData/googleviews-110802files/51413a51fdc9f049260056a1.jpg,-3.8860404,-1.148778,0.8940615,-1.8455025,12.66108,-1.9055353,-6.254964,0.7825048,0.56598115,-0.15923314,0.06537207,0.06921671,-0.9778907,0.27808523,-1.4637709,-0.621204,-4.084628,-1.4465693,-1.1437914,-0.90113014,-0.023473974,-0.44937164,1.8799268,-3.0972152,3.858313,-2.8738601,-0.8452807,1.8605626,3.0363917,-2.084438,-0.22664961,-1.3813154,0.8163859,-1.7320242,-3.3357084,0.16216283,-6.9328346,0.45908958,-1.4992049,-1.2044251,-1.3632927,0.079006664,-1.9879929,0.84541553,0.19091922,-0.7047899,-9.159778,1.386149,2.659169,-0.9588428
0,/data_nas/huangyj/data/placePulse/rawData/googleviews-110802files/50f5ec12fdc9f065f00086ab.jpg,-4.385184,2.6186612,-0.1472151,4.8682294,-6.4119124,1.6056579,-11.570368,2.057803,-2.5852468,-2.0108528,4.191295,-2.8670495,-0.84891146,3.2680361,-0.17033035,-0.9580458,2.5890675,6.4947553,5.0408506,4.2376633,0.5927818,3.108477,-0.5246601,4.0880275,1.7603844,2.5473537,4.246198,-1.5227023,2.063751,-0.17238043,2.3967876,-0.4996972,-2.1877759,-1.448654,2.0738893,-1.6723485,-1.2808472,-3.708472,0.9180953,0.0040252563,3.8067186,0.06115309,-3.4754384,1.5439552,-0.7057734,-1.00555,-15.692423,-0.14556196,-1.7201614,-0.7969007
0,/data_nas/huangyj/data/placePulse/rawData/googleviews-110802files/5140b64ffdc9f049260016a4.jpg,-1.3573751,-0.16396175,0.44095832,0.7371152,-8.827292,-0.55246776,-3.8797607,2.5571449,0.10682183,-2.1644104,1.5712408,-0.2077849,-2.8540385,3.1671343,-0.07210656,-0.41610295,-1.0690906,1.435516,2.0794373,1.7474493,1.4466093,0.42625588,2.2262602,3.4724972,7.055548,-0.4237459,-0.48543793,0.3710615,2.5282912,-1.565277,1.0118821,0.12229301,0.6845851,-2.6268823,-3.3755586,0.43659726,3.6772916,-2.5316586,-0.23890357,-1.1480334,1.1897435,1.1435348,-3.4586341,1.5622255,0.21699578,-2.6526597,-7.209185,1.1834844,0.1554679,0.008231255
1,/data_nas/huangyj/data/placePulse/rawData/googleviews-110802files/513d2ef8fdc9f03587002602.jpg,1.3119084,1.4015471,-0.17206272,0.033005793,3.958781,-0.86192995,-6.7362423,0.8911833,-1.762813,0.6096925,1.9930528,-1.5497539,-1.7925445,0.94294906,-1.5610119,-3.755253,-3.0840425,1.7548829,0.42580283,2.961063,-1.3254974,-0.35931024,0.67332953,3.7516315,5.140075,-2.5839694,2.3553157,1.7097126,4.3860164,-1.5627822,0.8442189,-2.0843816,-0.6140543,2.2649755,-10.1763935,-2.4821682,-2.2640004,-0.4177232,-2.0899415,-0.8718357,0.17007303,0.42314377,-3.7517762,0.08732751,-0.88032407,0.60461104,-14.262047,-2.1094534,1.3194855,-2.5553138
0,/data_nas/huangyj/data/placePulse/rawData/googleviews-110802files/50f5ebd3fdc9f065f0008601.jpg,-3.052163,-3.3549106,1.682268,-1.9554496,0.34937954,-2.6791284,-9.445223,2.5735924,3.3166487,-2.006424,-0.77647686,1.9423188,-4.3194604,3.1402602,0.021272058,1.8092926,-1.5470661,-1.8905122,-0.8984993,-1.0797341,2.4514375,1.4084488,3.8590586,0.08738826,8.089576,-3.508152,-3.2065065,0.888104,3.6847384,-2.8082972,-0.13569003,0.3876922,3.1842375,-4.904379,-3.139502,2.137519,-3.583504,-1.0231264,-0.9684176,0.19535974,-0.47681946,0.6461889,-0.6546433,2.1168206,1.209038,-3.5269632,-12.598787,4.2596884,1.8520011,1.1075319
1,/data_nas/huangyj/data/placePulse/rawData/googleviews-110802files/513d9f13fdc9f0358700860f.jpg,-3.4037669,-2.3529565,2.9449835,-0.7427591,-0.66552454,-2.6843884,-10.755904,2.0956435,0.4871484,-1.1743915,0.83659047,-0.04416666,-4.4073095,2.723021,-0.5849286,-1.742388,-2.779906,0.5466543,0.54274464,0.4413765,0.24148732,1.7076757,2.7857985,1.0257871,3.2225323,-4.6121573,-0.6732912,1.6680274,3.0750513,-2.723511,1.0380458,-1.376665,1.2716211,-1.5580341,-0.22064656,-0.32252917,-6.2347083,-0.50268316,-1.4093366,-0.035520494,-0.20028237,-0.08918485,-3.4206355,2.0734367,-0.27961,-1.4974723,-14.455403,1.6055807,2.2558963,-0.22792326
1,/data_nas/huangyj/data/placePulse/rawData/googleviews-110802files/51422704fdc9f0492600860b.jpg,-4.253804,-0.021835543,2.5090506,0.42421815,4.785616,-0.32234973,0.92178917,-0.36535195,-2.5269492,0.5046641,1.7313129,-1.1480938,0.3948467,-0.7898617,-1.1072515,-3.3212557,-2.9694476,1.1158873,1.3404615,1.2975317,-1.0437633,-1.4741294,-1.131973,-1.0901017,-1.8398135,-1.2940171,-0.144068,0.64228517,1.9212366,-1.1801038,1.2378131,-2.321527,-0.78527826,0.34235212,2.194087,-1.5496539,-6.972827,0.16795337,-1.1748042,0.16311574,-1.9876093,-1.611925,-2.3427608,-0.24260937,-1.5220175,1.4305612,-7.197652,-1.3287987,1.1112429,-0.5638332
0,/data_nas/huangyj/data/placePulse/rawData/googleviews-110802files/5140c9f2fdc9f049260026b3.jpg,1.1638186,-4.0288515,1.0299236,-3.5690982,-9.39862,-4.7974606,-9.117452,2.0114512,3.0370646,-1.092845,-2.9279537,2.7965236,-6.7346163,2.5979881,-0.46148938,0.010416523,-3.6969821,-4.090992,-2.5623417,-2.1875765,0.5474642,1.9076494,4.5751987,0.46492815,0.15634607,-6.4026117,-2.798338,2.1385524,0.5880358,-2.979749,-0.16371319,-0.16054125,4.148268,-1.3511386,2.168331,1.3809412,-2.022838,1.5897914,-1.3864369,0.71323574,-0.5088013,1.0084214,-1.6302093,2.4969916,0.5330074,-2.961552,-2.758019,2.7648623,2.8034284,0.21881036
1,/data_nas/huangyj/data/placePulse/rawData/googleviews-110802files/513e1c15fdc9f03587009642.jpg,-4.5844126,-0.48358896,1.8750999,0.6902395,-1.6738231,-2.1701763,-11.115305,1.9159733,-0.8085572,-0.92949945,2.4019341,-0.99077785,-2.964052,2.7823608,-0.9656839,-2.0172837,-1.7445275,2.130529,1.8692629,1.6248288,0.12472265,1.6080946,1.255256,1.4888158,3.7160525,-3.169169,0.7935806,0.7456251,3.615435,-1.9844432,1.680102,-1.1651217,0.7439578,-1.4408172,-0.14316618,-1.7226968,-3.541048,-1.6601362,-1.4014664,0.45902362,0.80372924,-0.58257574,-4.06732,1.7046906,-0.79822975,-0.96920913,-12.847639,1.0001001,1.3628274,-0.4731042
1,/data_nas/huangyj/data/placePulse/rawData/googleviews-110802files/50f433c4fdc9f065f000264e.jpg,2.8268418,2.5866687,-0.45077854,-0.80587107,0.3224842,-3.0011206,-1.8617189,2.9300447,-0.9714666,-0.78772175,0.92219293,0.97968906,-0.8691394,3.3182216,-0.982082,-1.8403918,-3.0306451,2.3801003,0.7824313,2.0771031,-0.18718646,0.609751,0.8719377,1.2703307,7.145671,-1.757198,1.5060616,1.2202812,6.77593,-1.69726,1.5848123,-0.09051113,0.60393584,1.4618496,-11.801997,-4.1604214,1.3430992,-0.49200925,-2.4955359,-0.6329806,2.1101236,1.7933352,-5.872799,1.5963303,1.2336279,-1.9511789,-9.944346,-0.22451334,0.4760121,-1.28924
0,/data_nas/huangyj/data/placePulse/rawData/googleviews-110802files/51408a0cfdc9f0358700e64c.jpg,-6.6613765,-2.555044,2.0334487,-1.7423351,4.2136807,-3.3741755,-3.7557766,0.28016534,1.08239,1.1532027,0.43356177,0.6676802,-2.9871113,-0.016845927,-0.3816507,-1.1146964,-2.7149923,-1.8562099,-1.4483397,-1.0255148,0.3497094,-0.37576544,0.5663214,-1.3899477,2.023033,-4.927042,-1.4470825,0.7477094,3.1194878,-2.4543805,-0.19272968,-1.1660206,3.4244108,-2.9286733,3.3198988,0.2856722,-10.640748,0.10823362,-1.9388591,2.6945405,-2.2493289,-2.084121,-0.008997632,0.4303755,-1.3560383,0.3508463,-10.449516,1.8612521,2.613732,-0.49913064
1,/data_nas/huangyj/data/placePulse/rawData/googleviews-110802files/50f433c4fdc9f065f0002649.jpg,2.3143375,-0.19631265,2.1338162,-0.7684153,-1.82029,-3.5544522,8.043476,1.082654,-2.2144625,1.6872067,1.8837463,1.4554917,1.1150978,1.4253983,0.2463988,-4.6350994,-2.7062626,1.39871,0.6406481,3.4777095,-1.3195078,0.47070962,-3.0748758,2.3252711,4.2569995,-3.2514315,0.6005183,-0.18568972,7.6510096,-1.5023252,1.900494,-1.6379942,1.8699431,3.7030616,-10.937556,-5.6636176,3.2584987,0.036976516,-3.5099707,3.3240197,3.4041703e-05,-1.9573042,-1.8969198,0.055862952,-1.3468984,1.5858097,-1.9627692,-2.7099104,-0.117433235,-0.52613884
1,/data_nas/huangyj/data/placePulse/rawData/googleviews-110802files/50f561bcfdc9f065f0005645.jpg,-4.991952,-2.5791795,2.7662714,-0.8602645,-6.116581,-2.170048,-3.5817013,3.0946786,1.1023301,-3.099518,1.5469072,1.292363,-1.99512,4.0065174,-0.09170785,0.08771169,-2.436461,0.32186514,1.9811997,0.48645765,2.085478,1.0279411,2.8359745,-0.6700583,10.849007,-2.183034,-2.9425988,0.8892006,5.91264,-2.5945697,1.6291658,0.17544489,1.7166983,-4.673491,-3.56606,-0.07895966,2.8909247,-2.8397908,-1.0007982,-1.1395694,0.53492755,0.43062377,-3.9519074,2.5685718,1.5695192,-3.6938047,-8.947032,3.4525213,0.88042843,1.5294452
1,/data_nas/huangyj/data/placePulse/rawData/googleviews-110802files/50f433c4fdc9f065f000264a.jpg,0.7094173,-1.4143,1.6635867,-1.7884881,7.718098,-1.8232888,0.4794843,1.3973504,0.9583244,-0.32866082,-0.057707578,1.431766,-0.8877887,1.5502518,-0.15789227,-0.9591579,-2.40756,-0.37659755,-1.0902323,0.7835,0.43988773,1.091998,1.1357452,-0.2246064,6.994375,-2.6923354,-0.6108576,1.2591649,6.389424,-2.3319936,0.23501924,-1.0638963,0.84724754,-0.29661888,-10.57326,-1.103979,-5.5411167,0.3664056,-1.9183269,-0.21651962,-0.452823,0.57952166,-0.6395015,1.0512688,1.2151457,-1.0279235,-15.226249,0.6911992,1.2010213,-0.6270101
0,/data_nas/huangyj/data/placePulse/rawData/googleviews-110802files/513e212afdc9f0358700a3d7.jpg,-6.3333874,2.4109335,-0.17207322,4.10116,-2.9946709,-0.049281158,-6.8912125,1.5011045,-2.4398909,-0.57208174,4.5587277,-2.7609038,-0.065901384,2.1740947,-0.4841062,-1.8650918,1.6138674,5.753649,4.0924406,3.2987423,-0.31957212,3.3130229,-1.3438363,1.9193312,1.4884386,0.59003556,5.308,-1.0620959,2.820901,-0.3270674,2.4376464,-0.7922159,-1.0279018,-1.1375751,3.3199542,-3.1136804,-3.2294056,-3.2540138,-0.0011778404,0.8837725,3.4705029,-0.6236257,-3.6409779,1.6755321,-0.7483186,0.10093204,-11.810543,-0.01561883,-1.1139407,-1.2934097
1,/data_nas/huangyj/data/placePulse/rawData/googleviews-110802files/50f560fbfdc9f065f00053dc.jpg,-4.6666455,0.62281626,0.03882979,1.0125022,-1.094792,-0.6377071,-1.8924325,0.89596516,-1.9430356,-0.30972704,3.5792484,-3.3016798,-2.6281483,0.7622726,-1.947733,-5.0132713,-4.4176455,2.086431,1.9007508,1.6472869,-2.060349,0.2819552,2.3083885,1.875968,2.9009795,-3.220737,3.751863,2.906572,1.7448989,-1.5070869,1.1415019,-2.0124693,-1.2630923,0.47072363,0.43344185,-1.2781299,-5.352084,-1.7068067,-0.83493185,-2.5188308,0.6766244,0.08135292,-6.3848057,1.3448946,-1.1705045,0.75310445,-11.759227,-1.3186678,2.2366993,-3.184026
1,/data_nas/huangyj/data/placePulse/rawData/googleviews-110802files/513d5a2bfdc9f035870033df.jpg,-3.0116646,-0.5416621,1.2159233,-1.3392067,12.060301,-3.5261033,-6.8111916,1.5552648,0.6752311,-0.29180685,-0.7287439,1.6852525,-0.70342654,1.6175249,-0.4256032,0.66943806,-2.1049771,-0.18546161,-0.7438134,-0.78473544,0.6517229,0.87683135,0.5065661,-3.247061,0.8954585,-2.6950336,-1.2206621,0.24368191,3.2349668,-2.0054703,0.5564827,-0.45583612,2.2718794,-1.6952847,-1.6540879,-1.1843836,-7.318032,0.8282633,-1.5062174,1.3737111,-0.37503448,-0.16705844,-1.3748394,1.3696713,0.25450242,-1.5108136,-6.23325,2.2076762,1.263779,0.33033141
0,/data_nas/huangyj/data/placePulse/rawData/googleviews-110802files/51414cb6fdc9f049260073d8.jpg,-4.9596024,-0.39819467,2.2191246,0.73056597,-7.502064,-1.1948568,-1.6629915,2.066477,-1.5373616,-1.6561296,3.435701,-0.73003787,-0.3797688,2.816609,-0.39819634,-2.1309452,-1.9535582,2.6724968,3.2032044,2.186718,0.46981803,0.36908925,0.35482416,0.72854954,8.040726,-1.0674018,0.071977325,0.4350874,5.257514,-1.4646491,2.2762759,-0.68582517,-0.1508578,-2.0458248,-2.3946528,-2.2221508,4.375618,-3.0196958,-1.055337,-0.67893225,0.98516494,-0.590232,-4.9371943,1.5773838,0.1258734,-1.3998312,-6.4866405,0.6718965,0.15019256,0.34590945
1,/data_nas/huangyj/data/placePulse/rawData/googleviews-110802files/51414312fdc9f0492600636d.jpg,-0.32191625,1.8949102,0.43705374,3.0964522,6.7922063,3.8593369,1.1919961,0.6893902,-2.3077362,-2.8278334,1.2531751,-2.403041,1.4836833,0.6726519,-0.48649392,-0.95056534,-0.7480977,3.486521,3.5450523,2.3477755,-0.04294525,0.5080158,1.0273563,0.8534751,-1.4861287,4.097788,1.5203401,0.35715377,-1.9214303,0.042412158,1.0164448,-1.3254683,-4.473951,0.041788913,-1.0881317,1.2741886,-2.8499136,-1.0115898,1.8930995,-4.3952174,1.0838298,1.9592599,-2.9917824,0.823065,0.5430661,-0.7773052,-6.848476,-1.5147705,-1.0267305,-0.48668012
0,/data_nas/huangyj/data/placePulse/rawData/googleviews-110802files/513d7e3afdc9f0358700736f.jpg,-5.0610347,-3.588484,-0.218537,-0.99975544,-10.204853,-1.4956551,-4.050777,1.936466,2.9435298,-1.8247154,1.3243911,0.49418804,-3.5875213,2.5259058,-0.0008598808,1.0793205,-1.492036,-2.3950067,-0.039262123,-0.49642187,1.8136863,2.0011349,3.8923178,0.97587997,11.543691,-3.0527823,-0.6710058,0.6382281,3.3598974,-2.2303553,-0.37237573,0.4176127,3.071136,-5.85208,-1.4840925,2.2905948,4.298778,-3.0283523,-0.075986564,-1.1754378,0.7451818,0.8733193,-0.4079985,2.3988345,1.2715704,-2.9668546,-5.4899445,3.9559915,1.3233826,-0.47757158
1,/data_nas/huangyj/data/placePulse/rawData/googleviews-110802files/513e2107fdc9f0358700a36f.jpg,-6.4370403,-2.2845664,2.091469,-1.1920468,-1.0445628,-4.1718698,-5.242532,2.1433973,-0.5011151,-0.39339754,3.5061076,0.2600882,-0.50218564,2.7584512,-0.99334574,-2.5148141,-3.761099,0.42422813,1.2320498,1.3838419,-0.19122064,1.9978148,0.7172224,-1.6309285,11.194291,-5.008852,0.6506254,1.0650582,8.426186,-2.480763,1.9900447,-1.3763849,2.303862,-2.2115433,-6.1153374,-3.8139422,4.361518,-2.39204,-2.8684478,0.4908424,0.77513504,-1.1566268,-4.044715,2.219608,0.35081595,-1.0323886,-5.4639444,1.9679581,1.4235573,-0.49364904
1,/data_nas/huangyj/data/placePulse/rawData/googleviews-110802files/513e1b04fdc9f03587009364.jpg,-9.061155,-1.5638422,0.59898293,1.6279907,-2.288323,-0.48680657,-10.455819,0.82642674,-1.6246241,-0.05781678,6.0755935,-3.7214427,-0.06407414,1.2970439,-1.5566375,-3.1143196,-1.9714347,2.0352304,2.5867405,2.700203,-1.1993138,2.3017993,0.7090774,0.68605894,11.4349165,-2.8260343,4.6137786,0.9933915,5.5373707,-1.0489694,1.4060578,-2.5331588,-0.6994144,-2.458689,-3.1388962,-2.2907803,5.4325213,-4.2178183,-1.2227267,-1.5428867,1.5905441,-1.2979169,-3.29566,1.7485237,-0.5105301,0.603818,-8.332399,0.6512444,1.2058105,-2.5291166
1,/data_nas/huangyj/data/placePulse/rawData/googleviews-110802files/513d7e35fdc9f03587007364.jpg,-1.9124259,2.748038,0.49980888,2.579757,2.5213983,-0.61636955,-10.282656,1.7433472,-2.134939,-0.5342923,2.2568712,-0.7914414,-0.35174477,2.443478,-0.41567376,-0.9537065,1.30067,4.815964,2.8045394,3.3183558,0.6531113,1.4881486,-1.6766293,2.2613368,0.57391465,0.68669224,1.9616629,-1.3303654,3.7647784,-0.80676985,2.2605064,-0.5767177,-0.37246555,-0.1909683,-2.0482152,-3.135655,-4.876553,-1.4898716,-0.98818547,1.6694499,1.8863279,-0.36373454,-2.7079465,0.64301544,-0.8386082,-0.5505976,-14.782693,-0.18317285,-0.9978707,-0.1829983
0,/data_nas/huangyj/data/placePulse/rawData/googleviews-110802files/513d6857fdc9f03587004333.jpg,-8.431735,-1.3948896,0.6234323,-0.088904925,6.1091294,-2.342959,7.6050425,1.2189014,0.49296367,0.08175757,2.7403674,-1.5814458,-1.9330969,0.33862266,-0.6060922,-2.8831494,-4.433844,-0.63073784,0.5219742,-0.7529259,-0.7711947,1.5055524,2.4007747,-1.4249371,4.740016,-4.391252,2.41972,1.8851136,1.45129,-2.0732152,0.005214107,-1.161216,1.9504142,-3.0427341,2.4459426,0.18620808,-7.4770956,-1.6342648,-0.6994863,-0.9976642,-0.1879664,-0.35599402,-3.1961224,2.1331394,-0.88246804,0.3303147,-3.7959127,1.4725106,2.6322541,-2.306335
0,/data_nas/huangyj/data/placePulse/rawData/googleviews-110802files/50f43baffdc9f065f000333e.jpg,-6.0269814,0.9495167,1.8025771,3.3834002,-3.1438696,0.18506047,-7.353766,1.8462154,-2.4203165,-1.6031379,4.569431,-2.943373,-1.395547,2.5492733,-0.49095857,-2.731045,-0.29524976,4.897924,4.369236,3.4529874,0.05978341,1.696693,0.23417035,3.3903112,4.0467873,-0.3814232,2.6953688,-0.029387323,2.4349263,-1.0526887,2.2689753,-1.352834,-1.2321783,-1.572514,0.65085053,-1.7230959,-1.3535259,-3.549085,-0.1515887,-0.39088017,1.6537355,-0.5901712,-4.645742,1.5988384,-1.2587554,-0.3160401,-12.129034,-0.20970048,-0.050498027,-0.7005567
0,/data_nas/huangyj/data/placePulse/rawData/googleviews-110802files/513d58d3fdc9f03587003330.jpg,-10.721915,-1.1197895,1.0656954,0.6898002,-0.73184246,-0.8893333,11.749568,-0.47784394,-1.0132627,0.35126978,4.095844,-2.719463,0.58941907,-1.1529241,-0.27706596,-3.2825587,-3.4895031,0.25515828,1.3678426,-0.7431907,-1.6316411,1.0526446,0.33114195,-3.1983302,2.8454487,-2.4144962,2.914776,1.3972886,0.45834365,-0.5177416,0.26537332,-1.1878009,-0.22707371,-2.2023995,8.392648,-0.7095935,-4.057844,-2.0462036,0.18891948,-1.569364,-0.17101148,-0.979287,-3.5750647,1.9075675,-0.34351996,1.5956949,0.99729156,0.6171844,2.0887303,-1.7994732
0,/data_nas/huangyj/data/placePulse/rawData/googleviews-110802files/5141338afdc9f0492600433b.jpg,0.63883394,3.9681895,-1.0169951,4.185156,-2.7291498,0.3187911,-7.957874,2.7626643,-1.7586282,-1.9696358,1.2081715,-0.18265636,-0.62521976,4.0220847,0.52956796,0.73902273,3.8758552,6.1712675,3.9854996,3.5948448,1.5074159,3.5521834,-1.4254726,3.525426,-3.0141697,3.5310874,2.9343283,-2.566878,1.6553051,0.0366177,2.6270125,0.77242893,-0.7164259,-0.31666455,0.59870034,-2.3302603,-4.258414,-1.7164233,0.68380594,1.7550801,4.3559165,0.95514965,-2.3345103,1.3395069,-0.07975045,-2.0979228,-13.1353035,0.27026162,-3.0048203,0.46377945
1,/data_nas/huangyj/data/placePulse/rawData/googleviews-110802files/50f42eb2fdc9f065f0002377.jpg,2.2853673,0.36949858,2.5672143,-0.40503848,3.2484376,-2.7581677,12.5291815,3.3479624,-0.5655628,-2.0658784,-0.011065954,1.4018174,-0.114169,3.8751194,-0.16692072,-2.9395568,-3.233559,3.1194828,1.4553021,0.5631568,-1.1487231,4.3264384,2.020676,-2.186282,1.1125138,-2.743614,2.9931612,2.1213067,5.215652,-2.2807975,2.442974,-1.3155326,-0.61131704,2.6509683,-6.027846,-3.9874065,-7.030651,1.0078356,-1.7044883,-2.0856414,3.4576163,2.4147472,-6.1638107,4.0300903,2.682559,-1.9915285,-9.678504,0.17557737,0.1997263,-0.9997795
1,/data_nas/huangyj/data/placePulse/rawData/googleviews-110802files/51421a96fdc9f04926008372.jpg,-5.3181214,-1.3024398,0.84202594,-0.16846646,7.726205,-1.1061902,-4.0303392,1.5082536,-0.59574884,-0.679962,3.0691144,-1.9899588,0.17264487,1.1942974,-1.4577177,-2.301705,-3.921266,0.37434536,0.9738545,0.6601492,-0.94181764,1.6055484,2.1239567,-1.5518265,8.738688,-2.8369093,2.5832672,1.8862342,3.8271382,-1.6244617,0.56368065,-2.0667822,-0.38642716,-1.3646773,-5.918641,-1.099567,1.6153835,-1.8552006,-1.3607054,-2.7578487,0.73905,0.27935198,-3.6689255,1.8750664,0.5450643,-0.32772046,-4.5277514,0.87979144,1.9244146,-1.966493
0,/data_nas/huangyj/data/placePulse/rawData/googleviews-110802files/513d7903fdc9f03587006371.jpg,-4.747521,-0.2908654,1.5070587,-0.626393,7.141074,-3.3636968,-2.32186,0.5624557,-2.0444458,2.077755,3.1435964,-0.9296365,-0.3945034,0.21838644,-1.5427992,-4.4393344,-4.133144,0.49801284,0.32921237,1.9847331,-1.5616647,-0.24391147,-1.2061479,0.25103083,4.885685,-4.8140354,1.647861,0.7943495,5.855651,-1.9481852,1.2582501,-2.5446436,1.8702585,0.6696305,-5.3769636,-3.878648,-3.4268527,-0.58403003,-3.416493,1.9736575,-1.1697809,-2.2470226,-2.6749184,0.05784482,-2.1114924,1.9974198,-7.287238,-1.0708432,2.1924205,-1.7851717
0,/data_nas/huangyj/data/placePulse/rawData/googleviews-110802files/513d9e4bfdc9f03587008375.jpg,-2.2948081,-0.5326538,0.70952994,-2.7944725,7.5662584,-3.8358712,-5.4670577,0.27377644,0.12453478,1.578288,-0.21291745,1.1067994,-1.739881,0.17657052,-1.7801892,-1.8744398,-4.1591554,-1.7507833,-2.0291102,-0.38487577,-0.58311063,-1.3328059,0.10488198,-1.924335,2.5030854,-4.707977,-1.168698,1.4041291,5.2167425,-2.3112206,0.29910445,-1.3949848,2.4490778,-0.0017590579,-3.6742752,-2.1365988,-7.946862,1.3240166,-3.1949508,1.7069273,-1.8450116,-1.2922386,-1.8358394,-0.07106459,-0.83080155,0.40445164,-10.701659,0.4281872,2.6891632,-0.9787322
0,/data_nas/huangyj/data/placePulse/rawData/googleviews-110802files/5141339afdc9f0492600437a.jpg,-1.6321658,-0.8823584,1.8736514,-1.3561873,5.8371215,-1.1240857,-5.546113,1.1468289,-0.58377975,-0.89897686,0.18090956,-0.59106946,-1.7243361,0.8773236,-1.3719329,-2.1699545,-4.39022,0.39247042,-0.114121065,-0.095614836,-0.9075886,-0.026400408,2.4105055,-1.8356105,1.7808768,-2.8225856,0.28826863,2.853103,2.9079394,-2.1575167,0.61136013,-1.9871612,-1.1576014,0.38936678,-2.4822245,-0.7894123,-7.0491004,0.91651785,-1.2017561,-2.5996659,-0.57871866,0.9106362,-4.424751,1.4758524,0.77540076,-0.76627916,-12.993839,0.13995975,2.3963153,-1.3352892
1,/data_nas/huangyj/data/placePulse/rawData/googleviews-110802files/50f463c6fdc9f065f0004322.jpg,0.7726495,-0.19119486,0.516757,-1.7273445,0.8017067,-5.2797275,5.1880183,4.6879945,1.4256582,-1.6145726,0.46401852,1.9344943,-2.318706,4.844281,-0.044619627,-1.5922159,-3.9848483,1.2284983,-0.052118693,-0.13404708,-0.42906344,4.694024,3.6390274,-1.0259966,8.904488,-5.229851,3.2694576,2.3665795,7.185157,-3.0781715,1.4436866,-0.029117556,2.5593555,0.09063793,-9.799393,-3.67193,-1.7867153,-0.3839596,-2.5591974,-1.3625457,3.7963738,2.9688234,-6.1937437,4.6470714,2.7899854,-3.2591205,-8.219874,2.403511,1.4056205,-1.878105
0,/data_nas/huangyj/data/placePulse/rawData/googleviews-110802files/513ce9effdc9f03587002322.jpg,-6.5075955,-4.021011,2.4393337,-0.41498575,-7.1168985,-1.138081,11.4835,0.48530558,1.3354148,-1.0891988,1.2487425,-0.7785164,-0.7793054,0.4265278,0.63699496,-1.0917913,-2.0374713,-1.7204661,0.27080908,-2.0197387,-0.48600882,3.0941267,2.2451982,-3.1738188,3.2990437,-3.380409,1.5906684,1.3804802,0.28561446,-1.4576378,0.10155228,-1.1735812,0.70826375,-2.9199347,6.8214464,0.6956075,-0.7783047,-1.3576716,0.27002335,-2.0328035,0.42982128,0.19998835,-0.99444056,3.0408933,1.4751017,-0.24928471,3.7403104,2.4139535,1.4174803,-0.8683209
0,/data_nas/huangyj/data/placePulse/rawData/googleviews-110802files/513d5a34fdc9f035870033e3.jpg,-8.781288,-2.3400867,1.6982646,0.051595945,-3.5821865,-3.1640754,-5.2021394,0.99497443,-1.2072008,0.89519405,4.791035,-2.1829424,-0.81199473,1.4053113,-1.1885742,-3.9378138,-3.1370883,0.907211,1.239782,1.2940487,-1.9560761,3.381697,0.3551472,-1.2469944,7.817641,-5.622672,4.6212406,1.1463835,6.0633736,-1.7711427,1.6091161,-2.655553,1.0140339,-1.1282703,0.1195352,-3.7484434,1.6538106,-2.376236,-2.2910683,0.3514561,1.3599727,-1.8969309,-3.5514195,2.303787,-0.47669956,1.0237093,-5.491102,0.75443256,1.9825634,-2.4174643
1,/data_nas/huangyj/data/placePulse/rawData/googleviews-110802files/51421b05fdc9f049260083e7.jpg,-4.1884475,-3.3789072,2.9766881,-2.398409,-2.206119,-3.9292843,-19.875904,1.6632178,0.6381975,-1.046917,0.12806861,-0.11044356,-5.4771166,2.4645383,-1.9239765,-2.0663178,-5.2060432,-1.3797318,-0.36342877,-1.0918195,-0.7935671,1.2240797,4.2970595,-1.1232815,1.2969626,-6.6502204,-1.5127718,3.1096356,1.6362088,-2.8549294,0.5299914,-1.7515774,1.2957094,-1.0250715,3.2891417,-0.1610891,-3.6055403,0.44786617,-1.6404526,-1.0098095,-0.8319946,-0.074452594,-5.2530766,2.5073273,-0.37558135,-1.7903483,-9.3865,1.971248,3.7690527,-0.41053143
1,/data_nas/huangyj/data/placePulse/rawData/googleviews-110802files/513cc0befdc9f035870013e7.jpg,-0.5915942,1.2274635,1.1766857,1.3497243,-3.6779423,-0.4679665,-2.0450947,1.1382756,-3.1903708,0.15377034,3.9684627,-1.3222687,0.4407849,1.3717188,-0.79080045,-4.233275,-2.0860405,3.2344508,3.0439076,5.1082177,-0.44180655,-1.3323189,-1.9472182,4.791694,7.926898,-0.69895804,0.76522696,-0.07419091,6.24555,-1.1601292,2.2186942,-1.526686,-0.36099032,1.1389748,-10.47883,-3.790992,6.2049117,-2.4896986,-2.1522102,0.6560779,0.07333506,-1.2460341,-3.79003,-0.5885198,-1.793884,0.80785614,-7.7222056,-2.63624,-0.6171105,-0.92074096
0,/data_nas/huangyj/data/placePulse/rawData/googleviews-110802files/514090f9fdc9f049260003ee.jpg,-9.996999,-1.3590525,0.22369799,-0.5589491,8.244843,-1.5899352,7.0725303,-0.5442073,0.1749244,1.708604,2.9199023,-1.1849072,-0.2916777,-1.7393733,-0.32814723,-2.1953585,-3.6281652,-1.4545997,-0.8177255,-0.47065175,-0.3528684,-0.6461465,-0.17267679,-2.4923885,5.1141467,-3.0316067,1.264501,0.812088,3.2505565,-1.5570952,-0.57728374,-1.2889708,2.0559716,-3.5258682,2.7563674,0.3458429,-9.748969,-1.2831938,-1.2957879,0.89484215,-1.9441277,-1.9072697,-0.029142259,0.122631684,-1.4188143,1.6754878,-7.882649,1.0028536,2.5147662,-2.1350675
1,/data_nas/huangyj/data/placePulse/rawData/googleviews-110802files/50f42eedfdc9f065f00023e9.jpg,-5.4285865,0.91407216,-2.8442357,-0.7937817,-7.4748144,-3.0270019,7.1191707,-0.0142347105,0.25202787,1.4155427,1.5029793,-1.58128,-1.073272,-0.31454626,-1.1098347,-2.0658743,-3.0328646,-1.1447732,-1.2627579,-1.8546833,-2.0726008,1.9133857,0.94456667,-3.3543425,0.7878468,-3.3021476,5.5157027,1.5810659,1.553295,-0.44624665,-0.22316858,-0.5439433,1.240981,-0.563752,7.126854,-2.214803,-3.6713104,-0.23600978,-0.8406898,-0.79312027,1.8513408,0.6764524,-3.6400013,1.9542067,0.63932323,0.6029437,1.0922776,0.87976664,2.3304532,-3.9317982
1,/data_nas/huangyj/data/placePulse/rawData/googleviews-110802files/513e212ffdc9f0358700a3e5.jpg,-5.3119264,-3.1081054,3.434186,1.2761956,-2.7788074,3.0507534,-3.1151621,1.5240756,-0.33965787,-4.4562974,1.2041246,-2.3950355,-2.4738731,1.709111,-0.31580684,-1.1314257,-3.2072728,1.3374504,3.2282238,0.14119901,0.39775333,1.1744214,5.145424,-0.46164584,2.0676746,0.38737094,-0.7847233,2.6566622,-1.6426811,-1.7384833,0.45336738,-1.6491361,-3.7549067,-3.1900525,5.3013587,4.0530453,-5.088618,-1.709295,2.302818,-6.3699784,-0.22207788,1.8871224,-4.355578,2.6851563,1.4672514,-2.2645764,-13.314305,1.2325515,1.5356638,-0.20257261
0,/data_nas/huangyj/data/placePulse/rawData/googleviews-110802files/51409e37fdc9f049260013ea.jpg,-0.631244,1.8763059,-2.023558,-0.0072527817,-4.5437613,-1.8589971,-8.113732,1.2903926,-1.3910024,0.121402256,2.0744898,-2.309975,-3.752262,1.6991252,-2.4695444,-3.9771247,-4.2692986,1.3291775,0.58554596,1.2533379,-1.9904823,0.14617592,2.6326606,2.740633,2.37249,-3.5150132,3.718801,2.9274263,1.6827413,-1.2229277,0.7856674,-1.2710534,-0.5591153,1.7905858,-1.8760444,-2.0821779,-1.7392378,-0.63099444,-1.3301437,-2.1155078,1.618801,1.150164,-6.873893,1.4013462,-0.80300134,-0.23639798,-9.438764,-1.4351724,2.3851652,-3.3358874
0,/data_nas/huangyj/data/placePulse/rawData/googleviews-110802files/51414cc0fdc9f049260073eb.jpg,1.7136769,0.011431798,4.13752,0.42651886,3.8949213,-1.4869596,-7.5476937,1.5002282,-2.419518,-0.80441666,0.30683893,0.5267411,-1.6135833,2.4561114,-0.6439362,-3.0224106,-1.6666604,2.9506338,1.9623508,2.8399582,-0.23758508,0.6349922,-0.5785012,2.1554012,-2.651301,-2.1970007,-1.2220707,0.17765498,3.408329,-2.0496364,2.5121193,-2.3684053,-0.5207105,2.2622232,-4.204463,-3.0471299,-6.5774126,0.92590344,-1.7261367,1.1984445,-0.664051,-0.7045883,-3.1038077,0.6164366,-1.2251148,-0.16108961,-13.666601,-1.5147948,0.1686689,0.5921807
0,/data_nas/huangyj/data/placePulse/rawData/googleviews-110802files/5140c8bafdc9f04926002312.jpg,-5.148327,0.22007537,1.2657905,0.6313164,-3.9131744,-2.4527688,-6.076963,1.5733535,-2.374777,0.13725042,4.535719,-1.1845564,-0.019087708,2.232762,-1.2867705,-3.5489483,-2.4883988,2.61705,2.6341975,3.3114927,-0.5275347,0.40334678,-1.0876882,1.2832099,8.842482,-2.762697,1.7181233,0.25506532,7.210057,-1.5240563,2.5310571,-1.5628002,0.7349331,-0.7047588,-5.6830425,-4.4870753,5.205848,-2.8007362,-2.6008859,0.86677885,0.86643595,-1.6612681,-4.6294775,0.928082,-1.0689983,0.11783772,-6.6281247,-0.3856382,0.4691298,-0.8999988
0,/data_nas/huangyj/data/placePulse/rawData/googleviews-110802files/513e5ffcfdc9f0358700b311.jpg,-6.2554126,0.29655173,0.8177308,0.83353627,-3.722556,-1.0922639,-0.006303192,0.7372443,-1.8025433,-0.046497848,3.2921517,-3.10193,-1.7837337,0.45020774,-1.4114628,-4.329631,-3.8256783,2.225756,1.6734792,0.43747595,-2.2714214,1.0173739,1.7450684,-0.5818179,1.0341392,-3.1547537,4.314909,2.5215967,1.3039254,-1.1791697,1.0042013,-1.8424433,-1.3952898,0.3401751,5.1876745,-1.810926,-5.4970975,-1.252504,-0.5092664,-2.2105677,1.0487317,-0.060998864,-6.317358,1.9106994,-0.33899507,0.7184652,-8.374524,-0.70029336,2.3293903,-2.904287
0,/data_nas/huangyj/data/placePulse/rawData/googleviews-110802files/51409095fdc9f0492600031c.jpg,-7.5800915,-1.3957487,1.5848354,-1.5245428,7.2135897,-5.776194,8.172364,1.5835689,-0.117533565,1.3029932,2.4004507,1.2602797,0.21636526,1.1850829,0.09476086,-2.7758873,-4.11897,-0.021047048,-0.30789262,-0.3994676,-0.87376326,2.1815062,-0.72344536,-4.3350844,4.3587966,-5.62944,1.7839184,0.5444693,6.613037,-2.141095,1.2375709,-0.9535012,3.9203508,-1.3276557,-0.29592416,-4.089869,-6.64391,-0.325703,-2.5993795,2.6608534,0.22235182,-1.7067745,-2.654096,2.2869494,-0.35262194,0.45947057,-2.344926,1.6099403,1.833032,-1.1721126
1,/data_nas/huangyj/data/placePulse/rawData/googleviews-110802files/50f42eaefdc9f065f000231c.jpg,0.70771194,0.27057016,1.8209982,-0.039374832,11.356839,-1.2881868,-5.137177,3.08955,0.1494478,-2.8485866,-0.72899246,0.6285256,-0.56262386,3.527884,-0.58660954,0.11508809,-1.8957647,2.263602,1.1591519,0.2955913,0.34765136,3.2707653,2.7811806,-2.261519,1.7150205,-0.66975045,0.76081663,1.4086751,3.0239797,-1.9801353,1.5729773,-0.97604257,-1.165937,-0.011142617,-5.964688,-1.233801,-6.3379154,0.53048086,-0.71738183,-2.7781968,2.2101154,2.6087432,-4.49456,2.9584088,2.3763192,-2.9180439,-11.977998,1.5744252,0.42831892,-0.0045601325
0,/data_nas/huangyj/data/placePulse/rawData/googleviews-110802files/513e6002fdc9f0358700b31b.jpg,-2.657804,1.3948053,-3.702455,-0.49059984,-10.419739,-1.8437712,-4.6952252,0.7560089,0.089928605,0.6391869,1.8198808,-1.8025976,-2.2561944,1.025627,-1.7265236,-1.337327,-2.5007458,-0.4427892,-0.75297225,-0.28083247,-1.4861212,1.9488025,2.1152904,-0.42211664,4.6597586,-2.346282,5.3864117,1.6515399,2.6809149,-0.4912484,-0.115654245,-0.4929367,0.33882064,-0.47593436,1.2778828,-1.8006874,1.9918048,-0.95800364,-0.75390434,-1.886426,2.720891,1.4825213,-3.9884326,1.7371216,0.8202367,-0.61024624,-4.255612,0.5413864,1.9431162,-3.9147153
0,/data_nas/huangyj/data/placePulse/rawData/googleviews-110802files/5140c8bafdc9f04926002314.jpg,-9.600992,-2.130139,1.1034926,-0.85022366,1.9941305,-4.043224,8.2307825,0.22011821,-0.29113927,1.8455251,3.1281626,-0.95893526,0.29802477,-0.53888965,-0.1600534,-3.3124366,-3.855292,-0.8708754,-0.48056692,-0.9626865,-2.0038555,2.5330658,-0.37632042,-4.65651,2.994664,-5.22931,4.0554066,0.96022403,3.8699641,-1.2793641,0.43888503,-1.7111646,2.313206,-1.3033549,5.2174306,-2.903473,-4.895729,-0.6232044,-1.6395266,1.158116,0.27190587,-1.7037753,-2.0694804,2.2178266,-0.33107588,1.6994176,0.90049815,1.1288564,2.358316,-2.4854903
0,/data_nas/huangyj/data/placePulse/rawData/googleviews-110802files/5140d36bfdc9f049260033c7.jpg,-5.768051,-1.0825155,2.2661767,0.80195063,-5.076729,-1.1354808,11.534018,1.3012733,-1.7283269,-0.6544644,3.8875582,-1.8094629,0.63057417,1.2062777,-0.34792697,-4.3882794,-3.598579,1.7704939,2.5597003,1.2910538,-1.6114316,1.8803614,0.69295794,-1.0197719,5.6211257,-2.5421042,3.1643925,1.6300298,3.758914,-1.362409,1.8474344,-1.7953922,-0.6355541,-0.27721256,0.115351506,-2.6384032,1.75628,-2.332487,-0.98726255,-2.0175967,1.1795768,-0.37768957,-4.995266,2.2872767,0.12818414,0.4872861,-0.58466357,-0.31556156,0.75923127,-1.646936
0,/data_nas/huangyj/data/placePulse/rawData/googleviews-110802files/50f5eba4fdc9f065f00083c5.jpg,1.5402572,3.0512838,-5.2058873,-0.9887642,-8.998114,-2.5962327,0.67492193,1.9396228,1.2855699,0.4009722,0.037959903,0.17093112,-3.4712598,1.9310842,-1.057226,-0.080077946,-1.9044992,-0.56538445,-1.5860338,-0.23166947,-0.059792105,1.2350631,2.3693788,1.7619946,5.517632,-1.6790396,4.1078935,1.1814268,3.2313154,-0.97709876,-0.46209803,1.1818558,2.15238,-0.6451623,-3.5792274,-1.3109926,-0.6147047,-0.43426344,-1.1543272,-0.8303864,2.9913132,2.7077184,-3.5598993,1.5402261,0.99396557,-1.9329584,-7.0784335,1.0149788,1.3015726,-3.5210748
0,/data_nas/huangyj/data/placePulse/rawData/googleviews-110802files/50f5e897fdc9f065f00073c5.jpg,-2.3179522,-3.611283,3.1210763,-1.6092238,-0.50130606,-3.7948086,-3.6842544,3.4039192,2.7568362,-2.0745606,-0.27489442,2.5322962,-3.9043834,4.143672,0.854012,0.73565376,-1.4051831,-0.59190446,-0.12577026,-0.30817282,2.049369,2.847685,3.170355,0.46985787,8.336998,-4.437407,-2.3616226,0.62857956,5.375112,-3.1795328,0.91789436,0.0846308,3.6155725,-3.7948263,-5.008095,0.30340344,-3.8247485,-1.0575994,-1.5297246,1.0854702,0.36238697,0.5359083,-1.1996359,2.9471087,1.3794967,-3.3922114,-12.46194,3.9206917,1.2473762,1.3138804
0,/data_nas/huangyj/data/placePulse/rawData/googleviews-110802files/5141435bfdc9f049260063c4.jpg,-1.1875889,2.2332282,-3.9419475,0.6493898,-9.022749,0.42543375,-11.744512,1.4431567,-0.37003937,-1.1626067,2.1134622,-3.0365825,-3.1001382,2.0388215,-2.149378,-1.1234726,-2.528277,1.5185289,0.6772993,0.70009035,-1.1715821,1.26253,4.073595,1.6758665,5.7054033,-0.5049883,5.2706065,2.6331697,1.2903097,-0.4056958,-0.1668644,-0.43097737,-2.1162033,-0.3129385,-1.0997838,-0.22300237,2.0298922,-1.6968781,0.4429462,-4.788914,3.4393158,3.0412967,-6.0789757,2.1426096,1.3283852,-1.9834069,-11.30354,0.06560923,1.7178675,-4.0838003
0,/data_nas/huangyj/data/placePulse/rawData/googleviews-110802files/50f5eba4fdc9f065f00083c4.jpg,-3.700217,-2.6180842,4.549516,-1.4564726,-0.049180806,-3.3732073,-14.737807,1.4550335,-0.87695795,-0.8991245,0.49904132,-0.05321181,-3.9886804,2.2249184,-1.4543618,-2.9669363,-4.5418873,0.3621942,0.7886161,0.066319734,-0.885144,0.73530126,2.3249395,-0.8429713,-1.0736761,-5.68936,-1.686034,2.2511308,2.1779854,-2.799757,1.4828756,-2.3225548,0.54688925,0.07304511,2.9374392,-1.5086699,-5.7294087,0.7578844,-1.794835,-0.021921089,-1.3848608,-0.8946499,-5.082901,1.9757969,-0.9806757,-0.82072395,-10.102703,0.6360303,2.8471792,0.15694444
1,/data_nas/huangyj/data/placePulse/rawData/googleviews-110802files/513d6873fdc9f03587004393.jpg,-6.684439,-1.3342211,-0.05813916,1.2495021,-1.5206437,0.89508843,-9.475046,1.4241836,-0.46149513,-1.5828376,4.3297257,-2.9612734,-0.49087185,1.6505051,-1.139324,-1.2427391,-1.8299899,1.514796,2.2045124,1.9576987,0.029286124,1.4695203,2.4367387,0.7077399,12.003885,-0.85860497,2.8737936,1.3534309,4.313976,-1.1713542,0.6820866,-1.5421984,-1.2527899,-3.4695044,-4.643778,0.0939993,4.6680527,-3.8832765,-0.17783551,-3.481467,1.4703033,0.5706662,-3.1649833,1.8545157,0.83076274,-1.1441363,-10.552764,1.4496242,0.997433,-2.0472815
1,/data_nas/huangyj/data/placePulse/rawData/googleviews-110802files/51414c9efdc9f04926007397.jpg,-7.947555,0.19685023,0.621153,0.29189742,4.896561,-1.4831858,8.680227,-0.4505695,-2.2219207,1.5111758,3.6683168,-2.0801535,1.1329068,-1.5285453,-1.001695,-4.270833,-4.5102015,0.33451393,0.88992274,0.5269975,-1.9179856,-0.7553404,-0.8750618,-2.3697114,1.6099546,-2.280074,2.3603117,1.1023334,1.920719,-0.56687653,0.4932175,-1.5957991,0.11324939,-0.3034191,3.407961,-2.0249803,-4.685844,-0.97427714,-1.1139555,-0.23206353,-1.1322619,-1.5942022,-3.4724045,0.5463563,-1.5464991,2.1525974,-0.6364628,-1.058802,2.08512,-1.9758742
0,/data_nas/huangyj/data/placePulse/rawData/googleviews-110802files/513cec17fdc9f03587002390.jpg,-9.192993,-0.86843693,0.5064722,-0.28243795,2.4831278,-3.371752,11.977806,0.2152471,-0.6694905,1.1479594,3.2484488,-1.3914363,0.84988207,-0.55806756,-0.09482714,-3.1377187,-4.094954,-0.2251583,0.12570834,-1.1222085,-1.8481511,1.7932789,-0.056448597,-4.614684,2.2083757,-3.8900566,3.77983,1.2996539,2.222254,-0.71586865,0.27359244,-1.0841129,1.4779611,-1.3816923,5.850219,-2.5468192,-4.223891,-0.99297035,-0.83458185,-0.17653792,0.36905357,-0.7349276,-3.444682,2.4412594,-0.09841213,1.3517816,4.040546,0.89184386,2.2255776,-2.351717
1,/data_nas/huangyj/data/placePulse/rawData/googleviews-110802files/50f560f9fdc9f065f0005390.jpg,-0.4644193,3.7352464,-0.8121027,3.1821766,-1.5834994,-0.035737462,-9.003876,1.9934928,-2.0865018,-1.0052674,1.7216525,-0.36583608,0.51717514,3.029492,-0.12957357,0.21469544,2.952129,5.6035376,3.257689,3.2909436,0.8885498,2.7971382,-2.1529725,1.7365918,-1.2376716,2.7084675,3.095414,-2.1125612,3.4238546,0.0023841588,2.4889088,0.30685356,-0.9378977,0.11715971,-0.3952712,-3.4315903,-3.1478329,-1.4523332,-0.18055819,1.7173065,3.7106333,0.20088331,-2.4799626,0.943055,0.11148195,-1.2816337,-13.114363,0.0021977401,-2.320089,0.03712925
0,/data_nas/huangyj/data/placePulse/rawData/googleviews-110802files/513d5a50fdc9f035870033f1.jpg,-6.734215,-0.21056066,0.050353847,1.8120028,-5.480485,-0.40734878,-9.121017,1.2193273,-1.3044254,-0.5604795,4.7178316,-3.2418938,-1.7653967,1.8265407,-1.1876491,-2.5846105,-1.5532414,2.493049,2.4399643,2.4266458,-0.6445578,1.7546735,1.3020928,2.3227122,8.007988,-2.0869117,3.863992,0.90859765,3.6439137,-1.0887082,1.1347169,-1.6095034,-0.6139827,-2.0258737,-0.7878336,-1.4076519,1.8585063,-3.4879322,-0.68037933,-1.2598805,1.686223,-0.414724,-3.9489892,1.6765105,-0.6587681,-0.10630929,-10.714097,0.35460606,1.187856,-2.3191855
0,/data_nas/huangyj/data/placePulse/rawData/googleviews-110802files/50f5eba7fdc9f065f00083fb.jpg,-5.281876,-0.6369166,1.0407151,-0.97262806,-2.2618546,-5.1306515,-6.187863,1.1865513,-0.9322388,1.8123142,2.5103757,-0.0011330899,-2.1000884,1.5924975,-1.1923125,-3.4643538,-2.972338,0.42172304,-0.06286842,0.9879157,-1.4470099,1.7987161,-0.6751166,-0.43189496,3.1677513,-6.0402193,2.4064546,0.48633373,5.70457,-2.116739,1.6483263,-1.6708491,3.0880635,0.12489337,0.08128454,-4.438423,-2.4128284,-0.47056422,-3.281222,3.1458588,0.40057507,-2.1151814,-3.308428,1.3124863,-1.4826838,0.8387038,-5.4809647,0.34896612,1.9471462,-1.5582362
1,/data_nas/huangyj/data/placePulse/rawData/googleviews-110802files/513e2137fdc9f0358700a3fb.jpg,-7.71778,-2.0235894,0.33773082,-0.397009,-0.38490158,-2.5340443,5.41065,2.2050622,1.0499363,-0.8240274,3.0426807,-1.2681674,-1.3948841,1.9758152,-0.49881127,-1.9974148,-3.779696,0.10112532,0.6152079,-0.8158168,-0.8339765,4.259481,3.3363006,-2.7787013,9.010861,-4.5509577,4.60886,2.1565607,4.534432,-2.2107484,0.47655615,-0.96859634,1.2076985,-2.9194703,-0.013633311,-1.1124985,-2.830381,-2.15571,-0.8785417,-2.450989,2.3505073,0.9406831,-4.010693,3.6787622,1.6013039,-1.1277766,-6.6827545,2.6829162,2.1413057,-2.8794572
1,/data_nas/huangyj/data/placePulse/rawData/googleviews-110802files/513e210ffdc9f0358700a386.jpg,-4.366096,-0.86526906,1.0925845,0.0871665,1.3766847,-1.8328408,-8.557806,1.774687,-1.0217189,-0.5291455,3.8071163,-0.9088406,-0.01933499,2.1898682,-1.0190367,-2.159922,-2.5089557,1.5199846,1.7670978,2.7133992,0.10416928,0.5414313,0.42948198,0.9493946,11.934953,-2.5577705,0.9143396,0.7403729,7.078348,-1.778794,1.583965,-1.4338692,0.8174839,-1.8423399,-9.614984,-2.7301679,5.99055,-2.931399,-2.1186883,-0.5812399,0.5323873,-0.51935893,-3.3691573,1.2316929,-0.0071738884,-0.8530118,-7.6323147,0.797401,0.66960496,-0.90010107
1,/data_nas/huangyj/data/placePulse/rawData/googleviews-110802files/513e1b12fdc9f03587009387.jpg,-2.589514,0.22199409,-0.53340673,-1.8591306,11.132824,-1.8758956,1.1491281,0.7296696,-0.08008323,0.21456051,1.0141187,-0.13961142,0.5613454,0.29647404,-1.8447884,-1.6691068,-4.675373,-0.84681815,-1.0218004,-0.2553593,-0.692225,0.048964486,1.3557051,-3.3547323,6.4113355,-2.517231,1.1786884,2.093684,5.241699,-1.6661031,-0.03259009,-1.2243023,0.11455411,-0.34307072,-7.202959,-1.6465858,-4.287644,0.21254528,-1.9612759,-2.0144715,-0.11490937,0.6342483,-3.0365987,0.9969395,1.0328765,-0.29839712,-8.541746,0.48990652,2.3318446,-2.0595403
0,/data_nas/huangyj/data/placePulse/rawData/googleviews-110802files/5141390ffdc9f0492600538a.jpg,1.3911567,0.9136259,-3.685894,-1.4294176,-10.88274,-1.448132,-6.025627,0.9813475,0.74335015,-0.42922297,-0.49928245,-1.1209753,-4.2864738,1.1481532,-2.0186749,-1.2423723,-3.7466984,-1.6778435,-1.4568733,-1.4058155,-1.569403,0.803673,4.3222218,0.503882,0.8967835,-2.5968533,3.176591,3.1065302,-0.63269645,-0.6796666,-0.6863246,-0.29726246,-0.26694453,0.8057485,1.7580605,0.20618686,0.7849354,0.5288364,-0.09690444,-3.6119924,2.105745,2.948818,-4.9994345,1.8557142,1.088809,-1.5988973,-3.125254,0.19488645,2.5059903,-3.3941197
1,/data_nas/huangyj/data/placePulse/rawData/googleviews-110802files/51413392fdc9f0492600435d.jpg,-8.631745,-2.4903157,2.1155326,0.87947214,-2.6270847,0.043464378,9.679743,1.9609737,0.46243685,-2.632559,3.255572,-1.687131,-0.40466362,2.0320497,-0.10676777,-1.7457138,-3.0219626,1.2488002,2.6524453,-0.5116103,-0.117840655,3.245259,3.3814483,-2.6377995,8.000587,-1.9693315,2.4361506,1.8959153,2.5389864,-1.8936217,1.0265349,-0.9239129,-0.82010114,-3.9235187,3.022228,0.6257121,-2.4630303,-3.1343846,0.5770271,-4.0657544,1.6601075,0.85582286,-4.2814946,3.5376444,1.8678135,-1.5400307,-6.4548416,2.5475736,1.1574621,-1.1803895
0,/data_nas/huangyj/data/placePulse/rawData/googleviews-110802files/50f43bb0fdc9f065f0003356.jpg,-8.026588,-0.6229359,0.549791,1.4261966,-1.6624087,0.13169213,-3.2736237,1.3254308,-0.38262832,-1.2220274,3.594077,-3.0674255,-1.6786646,1.097325,-0.56632763,-1.6775293,-2.0067654,2.2323623,1.8261168,0.51008046,-0.42294556,2.2143092,2.5054586,-0.42589158,6.097261,-1.6267445,3.8820202,1.7064149,2.1670687,-1.3351372,0.49462658,-1.1544116,-1.1752663,-2.9242432,3.1508062,0.14256932,-4.505088,-2.7010226,0.18562827,-2.7613273,1.524968,0.54428285,-4.08736,2.3520775,0.613184,-0.4913386,-12.675683,1.4231948,1.7660832,-2.2469091
1,/data_nas/huangyj/data/placePulse/rawData/googleviews-110802files/50f560f4fdc9f065f0005358.jpg,-8.96063,-1.9558667,1.2595891,1.7838898,-2.2209802,0.6156987,0.15187515,0.32195625,-1.4718206,-0.14014626,5.5335765,-3.8486576,0.4475301,0.16017708,-0.69072,-3.4990492,-2.1344721,1.7836498,2.3591661,1.9693451,-1.4284114,2.2084408,0.73588103,0.12036231,9.008731,-2.180734,4.6050687,1.1487694,3.8084128,-0.9276803,0.93485063,-2.5699947,-1.4268987,-2.0438712,-0.18958849,-1.1655228,1.6740444,-3.6073346,-0.43483964,-2.1762865,1.0067084,-1.1691562,-2.517632,1.655906,-0.25229192,1.2909139,-7.4817376,0.120125175,1.1660568,-2.6070175
0,/data_nas/huangyj/data/placePulse/rawData/googleviews-110802files/513d7912fdc9f035870063a7.jpg,-5.6907825,-2.619637,1.2009952,-1.0754732,-5.077318,-5.152571,0.08146194,1.6344658,0.33172765,1.2632827,2.7155054,0.2873312,-2.46673,2.0299,-0.3390795,-3.253706,-2.7467427,-0.70907164,-0.13242234,0.7080923,-1.1243227,3.6361156,0.27300447,-0.13186605,6.056532,-6.7248735,2.8558142,0.42466864,6.223968,-2.4899557,1.5335332,-1.5711784,4.0247927,-1.0981615,-0.8403643,-3.4850588,-0.7440776,-1.1625161,-2.9483001,2.8222651,1.0648574,-1.827245,-1.7864006,2.1858203,-0.8954863,0.43341935,-3.707368,1.3464531,1.6599808,-1.6906358
0,/data_nas/huangyj/data/placePulse/rawData/googleviews-110802files/50f42b7bfdc9f065f00013ab.jpg,0.38711846,-1.0736297,2.7641177,-2.1993136,-4.557664,-4.466468,-6.267904,2.4400175,-0.2914625,-1.2653152,-0.93647975,2.2127416,-2.4755013,3.595431,-1.1160524,-1.6604185,-3.5940244,0.4635487,0.17932168,-0.2664521,-0.4704699,1.9384758,1.590612,-2.3246784,-0.23900308,-4.3474054,-1.0726161,1.589305,4.8174205,-2.5138452,2.2703445,-1.1275477,1.2870092,1.0942019,-0.58686954,-3.3687694,-2.64877,1.4215904,-2.4134996,0.42260972,0.9293094,0.3200749,-5.2459693,2.4132605,1.0785124,-2.3382297,-7.038617,1.1492577,1.4114392,0.48942629
0,/data_nas/huangyj/data/placePulse/rawData/googleviews-110802files/5140c8edfdc9f049260023ab.jpg,-7.7377105,-1.6158442,0.72797567,0.5691463,-0.69215757,-1.0463419,-10.531569,1.3703358,-0.86289024,-0.6908461,4.7169027,-2.3177547,-0.1339919,1.8500326,-1.4543978,-1.9734383,-2.4533594,1.2747993,1.9938681,1.920353,-0.32892987,1.6286769,1.3133032,-0.34752503,11.9682255,-2.6137755,2.5951545,1.0894719,5.9309487,-1.3967782,1.244135,-1.7935325,-0.046428543,-2.9867394,-4.7316713,-1.8288672,5.635239,-3.641893,-1.365932,-1.754668,1.2092627,-0.6066067,-3.5025017,1.8643836,0.28343174,-0.6597994,-7.6883082,1.5245146,1.2723457,-1.6527864
1,/data_nas/huangyj/data/placePulse/rawData/googleviews-110802files/513d78e0fdc9f03587006301.jpg,-3.0521545,-0.62962717,1.8215331,-1.772211,11.026806,-3.083681,-2.2713494,1.0832359,-0.69051987,0.5145871,1.2865154,0.4459556,-0.030063868,0.96051764,-1.4074819,-2.383901,-4.2277303,-0.0013339296,-0.46112746,0.6290128,-0.6539174,0.28886786,0.24256226,-2.5347188,5.4879265,-3.8688805,0.122071415,1.5112569,6.7022038,-2.3198972,1.037583,-1.8714505,1.0523614,0.04557021,-7.2551475,-3.0402095,-5.7047772,0.32581082,-2.9335217,0.17312077,-0.7745779,-0.65701574,-2.8858001,0.8946856,0.1027928,0.08921704,-11.088117,0.39022663,2.1261265,-1.0191386
0,/data_nas/huangyj/data/placePulse/rawData/googleviews-110802files/50f5eb6dfdc9f065f000830f.jpg,-0.9827643,-3.346121,2.8159986,-1.8520354,-6.440634,-2.6481156,-9.875989,2.8836384,1.9506799,-2.7159781,-0.8845829,1.6420987,-5.29004,3.8923876,-0.2785015,-0.09293294,-2.9068363,-0.90136683,0.09263206,-0.50877607,1.3849933,1.7177804,4.5738125,0.8859282,4.8256235,-4.0255446,-3.0103557,1.9621341,2.7839763,-2.8926668,0.7214887,-0.24280305,1.6829153,-2.5592213,-1.2273356,1.2969267,-2.4645357,-0.37113476,-0.8225538,-1.0582566,0.03592471,1.1660464,-3.3965378,2.6651962,1.1763817,-3.7027516,-12.502404,2.7993827,2.0613008,0.99340504
0,/data_nas/huangyj/data/placePulse/rawData/googleviews-110802files/513f292bfdc9f0358700d304.jpg,0.79205495,-3.4182456,3.7052646,-1.704431,1.7566037,-0.32069188,-7.1048393,2.0144782,0.8652613,-2.9483852,-1.3720665,0.44360706,-3.6143773,2.5221944,-0.66617703,-1.1676016,-3.970887,-0.4227931,0.13017505,-0.36622915,0.19068648,1.0910848,4.788492,-0.3102066,2.1899254,-2.8925805,-2.2193036,3.1403413,1.6798909,-2.7388039,0.43190482,-1.8478498,-1.4167197,-0.45857054,-3.1510289,1.719997,-6.2553024,0.96504647,-0.15605257,-3.9003658,-0.80001664,1.856528,-3.6121988,2.344061,1.741744,-2.5641317,-15.607205,1.0256033,2.2563949,0.0005716039
0,/data_nas/huangyj/data/placePulse/rawData/googleviews-110802files/51409e13fdc9f049260013bd.jpg,-4.313738,0.5457985,-2.923146,-0.7388765,0.100057684,-1.3093503,-7.3739104,1.0832148,1.0997152,-0.02956275,1.5128462,-2.1881137,-3.417005,0.8845494,-1.8333328,-0.9751738,-3.37716,-0.7150695,-1.063418,-0.9200752,-0.68129647,1.0328254,3.803329,-0.2709531,6.109035,-2.90241,3.7969496,2.7278214,1.8181543,-1.3408741,-0.90620023,-0.48670563,0.32954618,-2.0410106,-0.14227471,0.55183,-4.8029976,-1.1324631,-0.6103309,-2.9124498,1.4411196,1.6935371,-4.0825753,1.8066926,0.6820478,-1.0824955,-11.643463,1.5311793,3.0831852,-3.5714025
0,/data_nas/huangyj/data/placePulse/rawData/googleviews-110802files/51414ca8fdc9f049260073b2.jpg,-7.5613036,-3.5624957,0.69865835,-1.5583365,-5.311341,-3.816459,-14.226779,2.3770008,2.4229288,-1.3561085,1.922358,0.5389285,-3.5443258,3.3423977,-0.7370405,0.8567818,-2.154956,-1.6536151,0.017419968,-0.7645796,1.3143429,2.829803,3.4704819,-1.2794327,11.1974535,-4.9075437,-0.5086655,0.90881747,5.091338,-2.480494,0.4077076,0.06559863,3.5616596,-5.5046744,-0.7015579,0.09440403,3.6780627,-2.7183926,-1.3660191,0.10703432,1.1261557,0.008440511,-2.2617166,2.9801328,1.0120842,-3.1329553,-6.2597313,4.805237,2.006148,0.06318634
1,/data_nas/huangyj/data/placePulse/rawData/googleviews-110802files/50f42b7bfdc9f065f00013b2.jpg,-8.801799,-1.6726261,0.9201459,-0.5568778,0.8077471,-3.400722,6.9415236,0.09156169,-0.5079191,2.1608963,3.2639046,-1.233133,-0.15093625,-0.5657033,-0.29855064,-3.4279344,-3.2303772,-0.40182626,-0.365076,-0.23896901,-1.8252256,2.0635662,-0.6796356,-3.0641725,3.598553,-4.8822255,4.1084657,0.7727991,4.456101,-1.3845103,0.49698156,-1.9046353,2.0764678,-1.0653517,3.9145904,-2.8137805,-5.864319,-0.82427925,-1.9503821,1.5895985,0.13274822,-1.9494305,-1.5803497,1.5177175,-0.7148489,1.8941126,-3.6551929,0.5976516,2.1753972,-2.6197517
0,/data_nas/huangyj/data/placePulse/rawData/googleviews-110802files/513d9e62fdc9f035870083be.jpg,-6.566063,-2.3862858,1.5810978,-2.0125248,6.316939,-5.036433,-5.637855,1.2900937,1.0079123,1.4268152,1.4633974,1.0415313,-1.5578853,1.071765,-0.34937575,-0.97062266,-2.7995214,-1.2729137,-1.4851087,-0.523889,-0.1409921,1.794646,0.08595765,-2.7179806,6.015556,-5.8481336,0.63959795,0.4316343,6.0597363,-2.3321211,0.4583347,-1.1660242,3.988422,-2.2881021,-1.8442426,-2.3544378,-4.8544893,-0.27775267,-2.9791126,2.8974092,-0.48074278,-1.7250826,-0.67762405,1.4819597,-0.35096535,-0.00692283,-6.8502483,2.516563,2.3644943,-0.7790852
0,/data_nas/huangyj/data/placePulse/rawData/googleviews-110802files/513f2991fdc9f0358700d3bc.jpg,-3.2611108,-1.6546466,0.47720027,-0.9018293,4.5472465,-1.4939587,-0.01851938,0.7700346,-0.2251871,0.47890583,2.5242853,-0.898183,0.53930455,0.4955923,-1.0011213,-2.4214234,-3.544736,-0.6515476,-0.2015501,1.0407711,-0.86883956,1.1895269,0.8694619,-0.77235967,8.9634905,-3.2483072,2.0509617,1.2988539,5.0826797,-1.5455662,0.14101127,-1.9176319,0.49822772,-0.54334676,-7.8617544,-1.6770178,2.8190155,-1.1758288,-1.8365884,-1.2799642,0.15815994,-0.25330582,-1.4848474,1.1869979,0.36998153,0.32473502,-3.771745,0.19406396,1.5505933,-2.0890136
0,/data_nas/huangyj/data/placePulse/rawData/googleviews-110802files/513d7e5efdc9f035870073bc.jpg,-7.2763367,-1.3467699,-0.86462057,-1.279223,12.190225,0.64842343,-0.36754894,0.21865508,1.4580284,-0.76244056,1.1041509,-1.2226788,-0.11608753,-0.8436369,-1.2527553,0.3131543,-3.8955781,-1.8996269,-1.0676028,-1.5506321,0.52321815,-0.5416106,2.9018486,-4.2075143,7.5865593,-0.8643495,0.48617175,2.2052653,2.656474,-1.7055146,-1.2108533,-0.90542895,-0.41072294,-4.5054274,-1.3729578,2.714582,-7.843523,-0.9995868,-0.13063209,-3.7281895,-1.1653665,0.8096339,-1.0554814,0.7513537,1.2888441,-0.9160076,-11.881401,2.3726408,2.6742408,-1.9880446
0,/data_nas/huangyj/data/placePulse/rawData/googleviews-110802files/51409e12fdc9f049260013bc.jpg,-7.7328405,-0.46782526,1.5761209,0.78687596,0.78775686,-0.7084293,6.2285557,-0.02134892,-1.6769267,0.19645052,3.2076683,-2.4848785,-0.18852371,-0.7203671,-0.76363105,-3.5667548,-3.617262,0.90486807,1.5429237,0.21523364,-1.5032045,-0.0067953076,0.43951967,-1.5433447,1.1978025,-2.1972206,2.1082711,1.5101912,0.60590166,-0.9447539,0.5868311,-1.6303384,-0.56687057,-0.99564344,5.4640512,-0.9471593,-4.791736,-1.3519106,-0.3377407,-1.3174071,-0.72371334,-0.85185814,-3.9554837,1.2138871,-0.9741494,1.2649572,-2.4187996,-0.3141381,1.9156132,-1.5711852
1,/data_nas/huangyj/data/placePulse/rawData/googleviews-110802files/50f42eb3fdc9f065f00023b4.jpg,-2.979875,0.26995638,1.2650181,-0.4837719,2.710659,-3.3394897,-9.557378,1.7345537,-1.025735,0.0985511,2.1633754,-0.29197785,-1.9769899,2.2989805,-1.5159668,-2.5151854,-3.0222688,1.3941103,0.8419664,1.6922394,-0.4176793,0.65928346,0.5356726,0.79464376,5.3017054,-4.0308204,0.71202654,1.0636715,5.475911,-2.11983,1.6065054,-1.310444,1.3818003,-0.17528428,-5.124528,-3.283942,-2.074582,-0.9576955,-2.6789274,0.88738054,0.33088213,-0.6825686,-4.309682,1.211944,-0.81206787,-0.44361946,-10.641931,0.3980074,1.7084533,-0.86056715
1,/data_nas/huangyj/data/placePulse/rawData/googleviews-110802files/513e20f6fdc9f0358700a342.jpg,-0.15933202,2.6283798,-5.831663,-0.7541003,-8.043449,-1.1611143,-8.741821,1.3819654,0.5196018,-0.27089128,1.2192026,-1.8161213,-2.4423082,1.820512,-2.601217,-0.55484134,-2.9751966,-0.33699912,-0.9320521,-0.502975,-1.4506692,1.8461369,3.9405043,-0.41517276,6.5480523,-1.3441812,6.126773,2.5747936,2.5603585,-0.3099794,-0.48488602,0.11577173,-0.539513,-0.13328543,-2.8344357,-1.2813846,3.6748466,-0.97549015,-0.32072452,-4.266974,4.1237364,3.4658308,-5.5880575,2.23815,2.022564,-2.148127,-6.2438087,0.74947965,1.8703862,-4.7784176
0,/data_nas/huangyj/data/placePulse/rawData/googleviews-110802files/50f560f1fdc9f065f0005340.jpg,-3.8059926,-1.6520913,1.6187047,0.07638277,-0.69442457,-1.2667108,-6.431046,2.133591,-0.095627464,-1.3583888,2.8215353,-0.37670282,-1.2642126,2.7024052,-0.44520426,-1.3969475,-1.9338028,1.1834737,1.6037973,2.218744,0.782721,1.144076,1.4535414,1.5041579,11.163604,-2.2459698,-0.01160813,0.79716736,6.492773,-2.2046764,1.3538206,-1.2107154,0.8146424,-2.6516483,-8.040043,-1.1367329,2.0933626,-2.6941912,-1.5458887,-0.798685,0.44728827,-0.039954282,-2.6139336,1.5884608,0.46877196,-1.6096064,-12.546377,1.4452254,0.7057021,-0.42442814
0,/data_nas/huangyj/data/placePulse/rawData/googleviews-110802files/50f433dbfdc9f065f00027d6.jpg,-8.795317,-1.9017756,2.0185237,-0.07344647,-3.6105468,-3.327211,12.270229,0.7291196,-0.61648905,0.51496655,3.2749977,-1.3123811,0.19622293,0.43695393,-0.015954638,-3.7370787,-3.4444902,0.28030413,0.9672911,-0.8057105,-2.0322068,3.2332518,0.2701608,-4.0517225,2.486019,-4.552184,4.109854,1.3963339,3.2311943,-1.3161615,1.3229722,-1.6783421,1.2028702,-1.0126244,6.5579305,-3.0965679,-3.4244387,-1.2674946,-1.1380032,-0.2502252,1.1480905,-0.9790359,-3.8529947,2.9521554,0.2679802,1.0589536,1.9464142,1.0771605,1.6930372,-2.0313945
0,/data_nas/huangyj/data/placePulse/rawData/googleviews-110802files/50f42c0efdc9f065f00017d3.jpg,-5.8594337,1.1446073,-1.263792,1.2699754,2.902412,0.19580281,2.000489,1.0560867,-1.2862959,-0.69296044,4.006658,-3.3678906,-0.44369528,0.5939603,-1.8135701,-3.2783315,-3.7807472,1.8254495,1.8753297,1.1694824,-1.4105754,1.1787994,2.3186078,-0.08218551,6.72013,-1.3939648,4.7677474,2.239164,2.3105228,-1.0218651,0.5684935,-1.3148006,-1.4791149,-1.1881006,-1.8731706,-0.80784905,-2.2701433,-2.5657642,-0.32647038,-3.7165754,1.6261681,0.9474823,-5.355233,1.6944202,0.14130026,0.16643529,-8.307536,-0.17238629,1.6618382,-3.3736773
0,/data_nas/huangyj/data/placePulse/rawData/googleviews-110802files/513f112afdc9f0358700c7d3.jpg,-8.313895,-3.1507118,1.7434192,0.8711078,-6.6069922,-1.267388,-4.1002126,1.144573,-0.24073187,-0.45247272,4.5844936,-2.303225,-1.5504963,1.7257758,-0.45021197,-2.6238372,-1.7670339,0.5622118,1.8818781,1.4729855,-0.5573471,2.9551923,1.4100466,0.90519524,9.721337,-3.8348398,2.8878522,0.7344735,4.4652777,-1.6290891,1.073763,-2.0231054,0.73900723,-3.0918581,-0.22712046,-1.0240997,3.226127,-3.5287917,-0.92285496,-0.5850602,1.1427431,-1.2858593,-2.0792778,2.196873,-0.30591694,0.074440725,-6.551688,1.4815003,1.2530868,-1.5556928
1,/data_nas/huangyj/data/placePulse/rawData/googleviews-110802files/51414665fdc9f049260067d5.jpg,0.045858786,1.4837222,-1.2819394,-0.9929369,0.4925854,-1.2857665,-0.004111589,1.050486,-0.80812186,-0.21178389,0.5681655,-1.092463,-2.1402516,0.9479643,-2.0939474,-3.130578,-4.5017195,0.49954528,-0.18721095,0.045229696,-1.6663468,-0.25408733,2.5423577,-0.16516973,1.6025566,-2.5129402,2.5990462,2.9629366,2.1769676,-1.3202641,0.41870892,-1.1227863,-0.9517168,1.6056985,-2.472725,-1.3959296,-5.495367,0.5255978,-1.256194,-2.7816167,1.0266076,1.512074,-5.798291,1.2301975,0.5256223,-0.41858107,-10.259546,-0.86725134,2.2060468,-2.79183
1,/data_nas/huangyj/data/placePulse/rawData/googleviews-110802files/513d7a5afdc9f035870067d5.jpg,-2.3646562,-0.7503871,1.8394176,-1.1946983,7.0944343,-3.1106627,-0.30102333,1.2594918,-0.94136643,0.7786311,2.1705906,0.5069071,0.009021521,1.4367892,-0.7874112,-2.9712284,-3.204475,0.8151378,0.050014086,1.9157661,-0.57705486,0.99474806,-0.56619734,-0.4936134,7.5673666,-4.002198,0.83588636,0.884486,8.315406,-2.3356783,1.4717244,-1.8779373,1.4541097,0.36396956,-9.719377,-3.8832042,-3.7049706,-0.4206058,-3.193308,1.1518072,-0.28962857,-0.99776936,-2.2154124,0.81602484,-0.12802614,0.40254676,-12.6469755,-0.074896105,1.2941306,-1.1324935
1,/data_nas/huangyj/data/placePulse/rawData/googleviews-110802files/50f433dbfdc9f065f00027da.jpg,1.5658007,-2.3527117,4.6726556,-2.409969,3.580582,-3.6852558,1.748153,2.390883,0.1624761,-1.6880155,-1.5246836,2.7341874,-2.3873587,3.3374016,-0.647653,-2.4173102,-4.0767803,0.1489164,0.0989032,0.067065865,-0.095497884,1.8105063,1.904652,-1.7077065,0.33949196,-4.829316,-2.4438837,2.0505722,5.5994153,-3.429774,2.20304,-1.7792484,1.1106372,1.2406765,-4.9379516,-2.4551919,-8.975458,1.9516976,-2.387651,0.048479162,-0.36935297,0.36315998,-3.9201953,2.3386078,1.0295032,-1.9019289,-13.319386,0.7785931,1.4952257,0.8351292
1,/data_nas/huangyj/data/placePulse/rawData/googleviews-110802files/50f433dbfdc9f065f00027d4.jpg,-0.0750674,1.0952188,0.07029183,-0.13919033,8.798849,-0.6108001,-5.6389985,2.1427555,-0.62018394,-1.3462827,1.418138,-1.3233246,-1.1774178,2.0262818,-1.5140376,-1.980255,-3.582878,1.666655,0.7973612,1.355355,-0.54009795,0.6975953,2.8550591,0.7650331,6.89106,-1.5882134,1.9234128,2.4110203,3.5991244,-1.7627993,0.6391147,-1.4051492,-1.2530687,0.32681695,-9.825932,-1.0919766,-2.2570086,-0.81873554,-1.2174962,-3.4641807,1.0884943,2.0978684,-5.1396666,1.6342372,1.0146503,-1.328611,-12.337575,-0.06691921,1.6096114,-1.933706
1,/data_nas/huangyj/data/placePulse/rawData/googleviews-110802files/50f4648efdc9f065f0004761.jpg,2.3580532,-2.4788053,1.2478094,-2.6066968,-3.9792457,-3.1519535,1.9374576,3.663714,2.758257,-2.929993,-2.5520096,2.4290287,-2.7797453,3.9938538,0.16560128,0.84888804,-3.1325772,-1.0169001,-1.2647309,-2.5235615,-0.1290867,4.7239995,5.3786287,-3.4693673,3.6089675,-3.8955646,1.4470882,2.7815588,2.8823736,-2.5413127,0.37109268,-0.32084724,0.7267514,-0.3329501,-2.781309,-0.30875906,-1.8555846,1.3624368,-0.6821571,-3.4874198,3.1447046,4.002038,-4.080759,4.8853526,4.461017,-4.483984,-5.256299,3.2585778,1.52475,-0.92609733
0,/data_nas/huangyj/data/placePulse/rawData/googleviews-110802files/513e1c82fdc9f0358700976a.jpg,-8.050058,0.29593834,1.5758294,1.5528897,2.755491,-1.0054215,4.321024,0.9222059,-1.18652,-0.80665576,2.5236201,-1.4476832,-0.03607904,0.46466002,-0.250683,-1.7210604,-1.7878442,2.218185,2.2883263,0.13652498,-0.33604246,1.1575731,0.08112281,-2.3408246,-0.3787322,-0.91313076,1.7898796,0.47020558,0.53850037,-1.0790038,1.313189,-0.8031131,0.07166748,-2.352868,7.1095724,-0.9953987,-7.2532716,-1.4415665,0.0916113,-0.47886842,0.37526816,-0.45833477,-3.743558,1.8862754,-0.41861033,-0.08024072,-3.847931,0.99760556,0.7080327,-0.5115517
0,/data_nas/huangyj/data/placePulse/rawData/googleviews-110802files/5140b680fdc9f04926001737.jpg,-6.8463717,-3.3353944,0.6760543,-0.9997019,-1.2673112,-1.3981681,-9.614113,1.4997535,2.2423155,-1.2312071,1.1659023,-1.174876,-3.718437,1.428166,-0.3912404,0.2801032,-2.4432218,-1.3076138,-0.63120633,-1.532912,0.3538056,2.562129,4.3600726,-1.3921795,6.9834285,-3.8370142,1.4593321,2.118547,1.8719476,-2.0296872,-0.79976857,-0.68965214,0.9680909,-4.1841426,2.6011093,2.1192808,-4.275014,-1.4799436,-0.082505055,-2.2202601,0.6044934,0.8820749,-1.8705587,2.7355165,1.2736468,-1.7852,-11.579202,3.4611094,2.8376296,-1.573798
1,/data_nas/huangyj/data/placePulse/rawData/googleviews-110802files/513cc432fdc9f0358700173c.jpg,-8.561127,-1.2834929,0.46225882,1.2101262,-5.5086284,-1.9083233,-3.6283312,0.74288744,-1.709925,1.0222534,5.918268,-3.1512198,-0.47541064,1.2022972,-1.2190996,-4.236295,-2.4668355,1.6525689,2.010906,2.5745802,-1.761936,2.5417714,-0.1214839,1.0347432,9.7616205,-4.234575,5.3324494,0.73252964,6.0500507,-1.3044293,1.4911782,-2.4569166,0.48246187,-1.3820959,-1.8523157,-3.525704,3.7838027,-3.5115652,-1.8980843,0.053274795,1.5572597,-1.8734937,-3.2841284,1.6506662,-1.1251794,1.3960065,-6.416101,-0.15849134,1.3979965,-2.9840279
1,/data_nas/huangyj/data/placePulse/rawData/googleviews-110802files/513d3086fdc9f03587002734.jpg,-7.093081,-3.8396516,1.7373977,0.1275652,-1.5787888,1.1595267,2.0385218,2.0554218,2.2108684,-3.28306,1.7332848,-1.0375843,-2.1249166,2.118413,0.35323083,0.3846792,-2.0407147,-0.095022716,1.1367722,-0.7829878,1.3816605,2.7675998,4.88981,-1.2895982,10.570214,-1.2825711,0.5820291,1.9920487,2.8353393,-2.2384114,-0.28272924,-0.57789844,-0.6719336,-5.6695957,0.10643041,3.534908,-4.644511,-2.9215775,1.0018313,-4.5399923,0.8540257,1.6810886,-1.800102,3.1002247,2.7274973,-2.673768,-15.707891,3.6983147,1.6555119,-0.940568
0,/data_nas/huangyj/data/placePulse/rawData/googleviews-110802files/50f4648efdc9f065f0004776.jpg,-3.533845,-0.5850408,3.7345552,1.2894737,-4.882697,-0.76544505,-2.070213,1.7543764,-2.4492674,-1.7492653,2.1022058,-1.4268296,-0.9356596,2.1712298,-0.4714682,-3.3288405,-2.2544518,3.5977557,3.1793373,1.4610683,-1.2906594,2.343856,0.9273301,-0.8027505,-1.5557115,-1.7193223,2.1660924,1.3056993,1.8957318,-1.4634567,2.6356606,-2.14328,-1.9586897,0.7798186,4.048916,-2.5312707,-3.1621392,-0.59588087,-0.31471568,-1.6265216,1.2727108,0.110124886,-5.683227,2.3929477,0.25997016,-0.5411227,-7.4955754,-0.48729816,0.4563673,-0.5057113
0,/data_nas/huangyj/data/placePulse/rawData/googleviews-110802files/513d30d6fdc9f03587002772.jpg,-6.731741,-1.1137905,2.3795376,-0.32169053,-2.2689364,-3.7105057,-0.8236384,0.70729357,-1.4015757,1.2178562,2.799275,-0.7953377,-0.76415676,0.83276796,-0.7930822,-3.711032,-2.8164358,1.0293055,0.80436367,0.5375865,-1.7766219,1.7992402,-0.6995028,-1.953188,1.6898601,-4.8219004,2.6067288,0.72069794,4.410248,-1.6431113,1.6524718,-2.1063383,1.4376539,0.060831696,3.4406557,-3.8806913,-3.3765233,-0.6674925,-2.2898512,1.7733641,0.30387768,-2.056389,-3.5356245,1.5561929,-0.8334214,1.088136,-3.9056005,0.1624115,1.704315,-1.2644415
0,/data_nas/huangyj/data/placePulse/rawData/googleviews-110802files/513d7a41fdc9f0358700677e.jpg,-6.878907,-1.6797193,1.6048832,-1.2228562,2.3514597,-3.3575084,-2.3255918,-0.08998488,-1.0546222,2.3556142,3.0730345,-0.8637668,-0.4618999,-0.43176457,-1.2631948,-3.6197333,-3.6946452,-0.9233188,-0.4650374,0.9209468,-1.3855653,-0.05937329,-1.2178916,-1.2919983,5.4246635,-5.164066,1.3849785,0.6611887,5.709332,-1.7223358,0.77660435,-2.376881,2.223242,-0.593719,-1.3214194,-3.1698384,-2.2846572,-0.7250124,-3.2170575,2.099499,-1.3828566,-2.7695913,-1.472611,0.28210494,-1.6831355,2.0362875,-5.2489886,-0.07045833,2.3970373,-1.5856827
0,/data_nas/huangyj/data/placePulse/rawData/googleviews-110802files/50f5ec1dfdc9f065f000877e.jpg,-0.781205,-3.561393,3.1946185,-2.7323709,-3.9936414,-3.813255,-14.059779,1.8533082,0.96487176,-1.4205097,-1.453651,0.8343374,-6.401694,2.5969338,-1.379654,-2.2084548,-5.3267627,-1.7464896,-0.72322154,-1.4319649,-0.69989187,1.1690763,4.787972,0.0097798,-1.8029938,-6.600037,-2.3411572,3.2597566,0.0019282028,-2.9825325,0.42945033,-1.5295578,1.2820971,0.18967848,3.4659956,0.62819403,-5.491052,1.6588024,-1.2742383,-1.0091128,-1.1032007,0.4935882,-4.9156203,2.5157783,-0.2248564,-2.0003173,-8.30133,1.2646946,3.5513408,-0.060480658
0,/data_nas/huangyj/data/placePulse/rawData/googleviews-110802files/50e5faeed7c3df413b00077c.jpg,-8.408604,-0.49026507,0.64437526,2.962125,-7.8834915,0.8299397,-7.373785,1.199167,-2.1528833,-1.0954099,6.4364147,-4.028303,-0.60522056,1.9217545,-0.9858333,-3.2766223,-1.1291904,3.7341468,4.101635,3.8022668,-0.52863944,1.4082447,0.63868314,3.2352855,10.897253,-0.9928117,4.0303483,0.4928708,4.729468,-0.88723016,1.7980909,-1.9102902,-1.5042214,-2.695296,-1.9839398,-1.5389972,5.133995,-5.0926213,-0.34898773,-1.6573482,1.8959657,-1.0786446,-4.176729,1.4927714,-0.9211396,0.19158326,-11.222168,-0.10001299,0.32283977,-2.0588508
0,/data_nas/huangyj/data/placePulse/rawData/googleviews-110802files/50f5ec1dfdc9f065f0008775.jpg,-6.491793,-0.5868655,2.4307435,3.2628868,-3.6775105,0.8511142,-16.815422,1.1652306,-2.7416437,-1.6773789,4.6969805,-3.901806,-1.7474157,2.1969767,-1.1317762,-2.9558003,-0.9230956,4.1196036,4.2271633,3.26184,-0.9734416,2.2450607,1.2291728,2.6990964,2.7061322,-1.2424637,3.0741918,0.6646306,0.94314164,-0.95287025,1.9556358,-2.4781246,-2.4967077,-0.99496514,2.4888594,-1.1252702,1.4355407,-3.1634114,0.3821707,-1.7524053,1.3525931,-0.56085926,-4.4950247,1.9642428,-1.3877754,-0.10436474,-10.346039,-0.41940507,0.5751956,-1.2888222
1,/data_nas/huangyj/data/placePulse/rawData/googleviews-110802files/5141463bfdc9f0492600677b.jpg,-1.2179153,-1.3382424,2.0406983,0.7105129,-1.1572648,-0.5091576,-0.94910145,1.0803978,-1.7340817,0.15033962,3.6617928,-0.8799558,0.36790118,1.3472108,-0.20046926,-3.7952654,-1.7343311,1.8917243,1.8379096,4.1700172,-0.6418432,0.9023147,-0.8954065,3.5370624,9.986141,-2.1132064,1.4658675,0.24108693,7.1468277,-1.6518202,1.6450341,-2.309992,0.044525225,0.53534466,-11.702698,-2.8679435,4.578789,-2.23418,-2.0793388,0.2879734,0.21398151,-1.1162261,-1.4546033,0.33090493,-0.65134096,0.72202474,-9.985281,-1.465153,-0.2767173,-1.2828391
1,/data_nas/huangyj/data/placePulse/rawData/googleviews-110802files/5141461afdc9f0492600672d.jpg,-3.5384967,-0.5871484,0.74442303,-0.20594256,6.721942,-1.5353336,6.26354,0.6644119,-1.0029601,0.9298619,3.1728308,-0.7668542,0.84722626,0.40036058,-0.48124304,-3.4336665,-3.0137105,0.9862688,0.28159148,1.9792936,-0.9764139,1.5314413,-0.4437766,-0.33499172,8.136168,-2.7990868,2.7579577,0.937862,7.136467,-1.6785598,0.7803837,-1.880404,0.47381026,0.07428624,-8.401878,-2.777504,-3.813429,-1.1624569,-2.2365644,-0.014835348,0.19366664,-0.6932557,-1.494226,0.7571067,0.039057884,1.0796208,-11.718474,-0.55939627,1.0087054,-2.3129652
0,/data_nas/huangyj/data/placePulse/rawData/googleviews-110802files/5140ca1bfdc9f0492600272e.jpg,-7.0151796,-1.1091925,1.1469983,0.95923704,-3.972318,-0.78125006,0.5135857,1.9339392,-0.69388133,-1.4301466,3.9861305,-2.3394647,-1.0773658,2.1811783,-0.6036092,-2.637217,-2.7903118,2.085854,2.4337943,1.2546781,-0.49376032,2.274819,2.1926317,-0.05031838,8.705634,-2.2954402,3.181165,1.692379,4.179028,-1.7729251,1.3467871,-1.4142089,-0.5189403,-2.447176,-0.69767416,-1.0614365,0.17452401,-3.1349874,-0.6123124,-2.5316892,1.6947731,0.19112203,-4.777858,2.578052,0.57235205,-0.9171823,-8.951765,1.1590148,1.2444315,-1.8285198
0,/data_nas/huangyj/data/placePulse/rawData/googleviews-110802files/514134a8fdc9f0492600472e.jpg,-8.443262,-2.1906638,1.0417842,-0.34775868,-6.4667068,-2.432364,6.2507205,-0.22042035,-0.41989785,0.7267203,2.77838,-2.0892394,-0.23344038,-0.41570398,-0.74114525,-3.104679,-3.4257896,-1.1223215,0.20556691,-1.2702947,-2.3217497,2.7277067,0.7772762,-4.042659,1.8515488,-4.2726774,4.0626955,1.6190897,1.6610712,-0.8896847,0.5412713,-1.9627469,0.5190647,-1.1192975,8.146585,-2.073362,-0.8463963,-1.0143192,-0.74772304,-1.091746,0.66080475,-0.6511617,-3.1525924,2.4264185,0.3012798,1.2707244,3.5787299,0.9621511,2.3144338,-2.4205887
0,/data_nas/huangyj/data/placePulse/rawData/googleviews-110802files/50f6145abeb2fed910000725.jpg,-2.2824714,-0.7477969,0.9170642,-1.190136,4.129269,-2.1702886,-5.2614346,1.4322197,-0.30313864,-0.34142074,1.8023626,0.18172482,-0.43643105,1.6983465,-1.2325963,-1.6580379,-3.3496778,0.045684896,0.2886232,1.5014311,0.25102007,-0.0010081958,0.832014,-0.16328286,9.05861,-2.7490106,-0.52094066,1.1686363,6.3811717,-2.0523603,0.963116,-1.191961,1.0678939,-1.1862429,-9.171584,-2.085421,1.4679136,-1.1536307,-2.2834558,-0.57175714,-0.31648758,-0.09807937,-2.765226,0.93238133,0.2785366,-0.95902765,-8.761729,0.7254565,1.366926,-0.6623762
0,/data_nas/huangyj/data/placePulse/rawData/googleviews-110802files/513d9a97fdc9f03587007725.jpg,1.0835518,2.2092142,-4.3298597,-2.3363833,-4.980601,-5.566374,7.713851,2.7993705,1.6991348,0.42170778,-0.9421495,1.339987,-2.250508,2.7983658,-1.0881373,-1.1459471,-3.4381232,-0.31603897,-2.4010482,-2.3155055,-1.9604359,4.6158357,2.862591,-3.7780442,1.867469,-4.6624985,7.2089615,2.2040887,4.8194695,-1.5455037,0.4911712,0.34388414,2.575388,1.3660278,-0.86423063,-4.1092033,-5.715649,1.5606902,-2.0933304,-0.9335189,5.1358213,3.2783494,-5.54517,3.88595,3.0215743,-2.1781824,-4.0493054,1.865047,1.6654551,-4.467636
0,/data_nas/huangyj/data/placePulse/rawData/googleviews-110802files/513e1c6bfdc9f0358700972a.jpg,-6.1584744,-1.8654542,1.5077293,-1.8396543,6.997496,-1.7455655,-3.4225826,0.28577906,0.7234799,0.12302574,0.5675669,-0.14711438,-1.4870294,-0.29766235,-1.018746,-0.8450923,-3.9317267,-1.5105572,-1.2012155,-1.1684358,0.028149728,-0.6693407,1.5361216,-3.4132342,3.8751972,-3.1766758,-0.7178165,1.9425719,3.6044853,-2.160513,-0.24817553,-1.3744438,0.8830482,-2.6762617,0.8913432,0.34423935,-9.159757,0.13546705,-1.4129766,-0.69421434,-1.832907,-0.5370322,-1.693279,0.7830305,0.21274036,-0.27926654,-12.278717,1.7154002,2.8453584,-1.0677338
0,/data_nas/huangyj/data/placePulse/rawData/googleviews-110802files/513d5cf5fdc9f035870037ed.jpg,-2.107687,-1.1136662,2.2308874,-0.40887478,-4.3586483,-3.515644,0.59243333,2.276939,-0.5541492,-0.9937792,0.8569516,-0.5760866,-4.768129,2.4906437,-0.87198764,-4.144159,-4.5786376,0.6209306,1.2931703,0.04314907,-1.403335,1.7515054,3.177324,1.440026,-1.294322,-5.4792867,1.0699981,2.7931185,0.33077028,-2.4241076,1.4806957,-1.349301,1.2450907,0.5949407,3.0198638,-1.3065829,-5.543668,-0.0258701,-1.120818,-0.8324973,0.42122823,0.42203954,-6.329562,2.5578816,-1.0008016,-0.70092916,-4.172502,0.044794533,2.3140552,-1.1962311
1,/data_nas/huangyj/data/placePulse/rawData/googleviews-110802files/513cc4e0fdc9f035870017e6.jpg,-3.735013,0.2572779,-1.0427846,-0.28769952,-1.4170663,-1.7533196,-15.438649,0.79531467,-0.7360912,0.24021134,2.2654598,-2.629936,-3.3273625,1.1453184,-2.4604716,-2.7410674,-3.6760924,0.5076233,0.14475614,0.35217893,-1.7880471,0.7847478,2.8141625,0.59700155,3.2528853,-3.9530265,3.3601415,2.6510122,1.4633209,-1.266116,0.2917014,-1.711801,-0.45742202,0.18139978,0.38995066,-1.24455,-1.298262,-0.8898169,-1.1183114,-2.0939775,1.1189207,0.5442887,-5.3556247,1.6586715,-0.5038168,-0.24251245,-8.921959,0.08448498,2.871578,-2.943596
1,/data_nas/huangyj/data/placePulse/rawData/googleviews-110802files/50f42c0efdc9f065f00017e2.jpg,-4.9911575,-0.87391835,1.6441057,0.51756215,3.4527678,-1.1253844,-11.076408,1.7148365,-1.788179,-1.0854939,4.0557013,-2.0494883,0.7087541,2.1822152,-1.6619271,-2.631099,-3.025743,1.948541,2.481907,2.3032436,-0.7879762,1.1172066,1.0217559,-0.45879668,9.949297,-2.1549652,1.8370925,1.2275257,5.1624365,-1.3853117,1.842587,-2.1194034,-0.7577513,-1.0243413,-7.53758,-2.6488574,7.6948934,-2.8504958,-1.6343836,-2.184509,1.1686102,-0.28853992,-4.740407,1.645716,0.23577634,-0.74583066,-3.3121324,0.49724886,0.87313616,-1.0027392
0,/data_nas/huangyj/data/placePulse/rawData/googleviews-110802files/513e644cfdc9f0358700b7ee.jpg,-8.612536,-1.538937,0.5716666,1.8378083,-9.017787,-0.19332817,-8.04804,1.3377259,-1.1579932,-1.0772598,5.697782,-3.1612616,-1.1263206,2.2577662,-1.0357631,-2.462005,-1.5529358,2.1598992,3.186476,2.7064443,-0.23877746,1.8342698,1.3213627,2.007636,11.862784,-2.0646977,3.2698555,0.6847255,5.0658274,-1.2409488,1.4390193,-1.6494014,-0.37644133,-3.543101,-1.6735247,-1.2645264,6.437557,-4.744583,-0.5561339,-1.6030798,1.8032097,-0.8369681,-3.7084925,1.9328327,-0.34429693,-0.5240776,-8.689591,1.0573511,0.75424033,-1.8154588
1,/data_nas/huangyj/data/placePulse/rawData/googleviews-110802files/513f2c0cfdc9f0358700d7e1.jpg,-2.4502208,-2.3214252,1.9634527,-2.0886009,9.666881,-2.9032989,0.097930916,1.9693956,0.81597674,-0.72297776,0.65980506,0.89096916,0.38210925,1.8168048,-0.73717225,-1.0812922,-3.951604,-0.6283794,-0.80807483,-0.504094,-0.44858527,2.617204,2.0017505,-3.958143,7.6149526,-3.9629788,0.9992083,1.9057635,6.049531,-2.354961,0.5507437,-1.6011568,0.7390323,-0.57743,-7.988348,-1.9834393,-1.6504581,0.16414776,-2.0827746,-1.6689428,0.69839007,0.76720405,-2.5043113,2.653754,2.0915723,-1.3301405,-6.3130608,1.817846,1.8180627,-1.0784608
0,/data_nas/huangyj/data/placePulse/rawData/googleviews-110802files/50f42c0ffdc9f065f00017e9.jpg,-1.8893781,1.0241792,-3.8392015,-1.8635712,-5.0871825,-2.0916204,11.057404,-0.044342835,0.84480953,0.7697959,-0.3598962,-0.71659714,-1.425162,-0.4169597,-1.8768545,-2.032921,-4.257416,-2.346892,-2.0957572,-2.5401132,-2.0678802,1.0114768,2.4314103,-3.808696,-0.39760196,-2.8541062,4.5257764,2.6636992,1.0136942,-0.6594213,-0.6810169,-0.44501278,0.5180069,0.3904824,4.7398534,-0.8792559,-6.5077543,1.1124845,-0.692482,-2.631942,1.7251877,1.8840011,-3.8288715,1.7576023,1.3967903,-0.07574437,-1.9234948,0.5816952,2.501992,-4.152149
1,/data_nas/huangyj/data/placePulse/rawData/googleviews-110802files/513f1135fdc9f0358700c7e0.jpg,-9.435707,-1.1708021,0.39838782,1.9770491,-5.670887,-0.4705173,-10.354581,0.76871526,-2.021466,-0.057572152,6.7014127,-3.8442996,-0.15614791,1.5721008,-1.6944767,-3.537754,-1.9081515,2.487245,3.1776636,3.4021828,-1.1293406,1.768816,0.2542809,1.6010896,12.162121,-2.72103,4.474512,0.7359266,6.177187,-1.0738192,1.7843237,-2.4236588,-0.6223497,-2.6061795,-3.0880046,-2.7566888,6.828138,-4.762325,-1.3122026,-1.1644727,1.6324193,-1.6842009,-3.7812994,1.5368568,-1.0028293,0.6799555,-8.71505,0.25177717,0.94187313,-2.5010667
0,/data_nas/huangyj/data/placePulse/rawData/googleviews-110802files/513e6446fdc9f0358700b7e4.jpg,-3.5583253,2.6142843,-4.4749417,1.865565,-10.377563,0.30809665,-6.6952157,1.404967,-0.6049129,-0.43981847,3.94493,-3.4445128,-2.1217504,1.7572637,-1.5130016,-1.3183562,-1.3022449,2.1143212,1.3962145,1.9499359,-0.8145415,1.7067208,2.4167726,2.9713864,9.044341,-0.19074328,6.6284337,1.1916964,3.0010421,-0.28790998,0.13460797,-0.20911789,-0.9137756,-1.7335277,-2.330637,-1.0015519,4.0242167,-3.3912237,0.09428771,-3.0377069,3.7002516,1.9485804,-4.552884,1.7119184,0.40187424,-0.9584573,-9.903863,0.16279757,0.88915974,-4.4795856
0,/data_nas/huangyj/data/placePulse/rawData/googleviews-110802files/513d9f60fdc9f03587008715.jpg,-4.4757338,-1.232673,0.81944525,-2.581668,9.797027,-4.7698565,0.11364073,1.8905518,1.4760485,0.21747454,-0.053816944,1.8705653,-0.91918373,1.6066931,-0.51136047,-0.16136979,-3.6805847,-1.0667973,-1.7104425,-1.6516576,-0.019766398,1.9160413,1.3087014,-4.8972077,4.6126637,-4.717778,0.63783693,1.2875133,5.804654,-2.470099,0.4125387,-0.47627857,2.951334,-1.8489039,-2.564193,-2.0954843,-7.967857,0.7474071,-2.3542008,0.85202914,0.4000539,0.054866254,-2.2128887,2.2492254,1.2537495,-1.3456,-7.734074,2.8360767,2.2287662,-0.93140405
1,/data_nas/huangyj/data/placePulse/rawData/googleviews-110802files/513d9a94fdc9f0358700771b.jpg,-4.358256,0.872688,1.1042018,0.13721402,7.415001,-2.350874,5.1230726,0.7933677,-2.506391,0.90399647,3.2302177,-0.99996805,1.1032493,0.3923855,-1.2701765,-4.34667,-4.160843,1.8333083,1.3733116,1.9497052,-1.4459206,0.22352445,-1.0860319,-1.050912,3.7590897,-2.6552382,2.1589413,0.8882831,5.304194,-1.4511211,1.6360621,-1.8663528,0.4103232,0.93590695,-4.3765693,-3.8911934,-3.987732,-0.7740341,-2.3613234,0.41777208,-0.11016258,-1.1941812,-4.1527343,0.704541,-1.0066991,1.3155316,-6.2226143,-1.2718469,1.2792554,-1.6170144
0,/data_nas/huangyj/data/placePulse/rawData/googleviews-110802files/51408acafdc9f0358700e7cd.jpg,-6.5307155,0.54024833,1.1457739,2.6189592,-1.4203764,0.11168425,-11.829524,1.0759417,-1.6793641,-0.8676821,3.5624223,-2.4871,-1.1857046,1.662198,-0.6455225,-1.4315755,0.16018535,3.7624185,2.9030502,2.3277857,0.08276302,1.5922647,-0.010379119,1.3985949,2.4853845,-0.4856799,2.520136,-0.22791493,2.3705895,-0.95782804,1.4497294,-1.2998956,-0.9496027,-1.9292212,3.0337706,-1.2416117,-3.8330688,-2.5913165,-0.113864794,0.09437542,1.2924069,-0.79588103,-2.9217727,1.3404673,-0.8912403,-0.1489957,-13.721715,0.5176389,0.3843662,-0.9682328
0,/data_nas/huangyj/data/placePulse/rawData/googleviews-110802files/51408ac5fdc9f0358700e7c1.jpg,-3.3339732,0.18314822,1.921908,-0.9902831,4.754334,-2.5449774,1.0029999,-0.10948406,-2.1662889,1.507363,1.3684759,-0.24039291,-0.22327308,-0.47957224,-1.5527011,-3.9464588,-4.2632117,0.1761823,0.11403436,0.8514381,-1.4894845,-1.8611096,-1.1966254,-1.2867641,-0.6001173,-3.3294559,-0.24448693,1.1103421,3.6108742,-1.5569624,1.1100141,-2.0325952,0.79148805,1.2881613,-0.20172405,-2.9028533,-6.5869923,0.7508838,-2.5132074,1.3724823,-2.0159857,-1.933495,-3.1866608,-0.26970634,-1.7535816,1.5594348,-6.1317863,-1.4189273,1.9914641,-0.978085
0,/data_nas/huangyj/data/placePulse/rawData/googleviews-110802files/51414e41fdc9f049260077cc.jpg,-0.5050989,1.5056877,-3.6586747,0.86360264,-8.084781,0.59865516,-12.040909,1.7046033,0.39803305,-1.4988992,1.621781,-2.7716582,-4.2912273,2.2709234,-1.6062425,-0.75209653,-1.8574839,1.1181918,0.4359982,0.7567858,-0.58152294,1.4905922,4.6840177,3.308457,5.681033,-0.7718624,4.480358,2.4028592,0.34462014,-0.6735758,-0.464979,-0.3281623,-1.464457,-0.936032,-1.6751858,1.0746278,0.46644083,-1.8058765,0.70172584,-4.39018,3.1155674,3.1990666,-4.9503417,2.134944,1.0779902,-2.2530239,-12.865579,0.46333215,1.660424,-3.6908839
0,/data_nas/huangyj/data/placePulse/rawData/googleviews-110802files/50f5ec34fdc9f065f00087cc.jpg,-2.1444314,-0.10121921,1.4796882,0.18418373,-2.514532,-1.86797,-10.760329,2.4966836,-0.44523132,-1.7088214,1.7904452,0.04694234,-2.7496073,3.3142042,-0.8250344,-1.0851024,-1.9116479,1.6678315,1.9838059,2.2321038,1.3252153,-0.13882057,1.4656713,2.8423736,7.077428,-1.8015605,-1.732409,0.5261139,4.3223867,-2.056661,1.6657082,-0.29301143,1.1595441,-2.1830864,-5.512106,-1.0461534,1.8004887,-2.1170287,-1.5278558,0.03241972,0.17919186,0.07162566,-4.128858,1.1224207,-0.5344961,-2.2192059,-10.486885,1.1319454,0.75599426,0.6164684
0,/data_nas/huangyj/data/placePulse/rawData/googleviews-110802files/50f5ec34fdc9f065f00087c8.jpg,-5.6790338,-2.8513339,1.8716657,-1.8624076,0.97784996,-3.8007772,-1.812983,0.7553138,1.7465748,0.5430953,-0.20281738,1.2714988,-3.0533667,0.78621924,-0.09004033,-0.5053808,-2.2345138,-1.9401609,-1.4439586,-1.567494,0.3632262,1.0888981,1.1179615,-2.009977,1.5636679,-5.117863,-0.8236085,0.61384636,2.8118043,-2.4338913,-0.0264141,-0.74857676,3.646717,-2.8510344,4.184207,0.13470715,-8.991698,0.28847715,-1.5190402,2.4907236,-1.135586,-1.400633,-0.06465231,1.3671236,-0.41980267,-0.45930856,-7.5324883,2.4909194,2.1171987,-0.39443427
1,/data_nas/huangyj/data/placePulse/rawData/googleviews-110802files/50f5e561fdc9f065f00067c5.jpg,-3.6504753,-0.5433226,-0.04459081,-0.3999411,9.977837,1.3713295,-3.653896,0.25031322,0.004940452,-0.97238034,0.98583764,-1.9696742,-1.2425432,-0.50974405,-1.5378875,-1.28074,-3.828093,-0.5299184,-0.10817344,0.040747404,-0.06078841,-1.2586306,2.89728,-0.69471383,4.767942,-0.63460803,0.17942834,2.457925,1.2070497,-1.6228665,-0.66561216,-1.7004093,-1.6280212,-2.008931,-3.186182,2.273447,-7.2682986,-0.5928952,-0.103993565,-3.8832316,-1.4046361,1.0707992,-2.3019361,0.36142087,0.33347902,-0.40417823,-13.818052,0.2826679,2.4471514,-1.8883471
0,/data_nas/huangyj/data/placePulse/rawData/googleviews-110802files/513e6432fdc9f0358700b7ca.jpg,-3.764172,-1.5832831,1.6367888,0.5977141,-1.7679008,1.1914831,-7.138736,1.2875867,-0.4775447,-2.6036034,1.4485449,-2.531227,-3.459869,1.5034359,-1.1452818,-2.1424358,-3.7362401,0.99802023,1.8689969,0.35586965,-0.4085627,0.48389566,4.5372596,0.9984769,2.258589,-1.4456369,0.41358224,2.9840772,-0.80587465,-1.6471404,0.25421876,-1.699377,-2.492283,-1.525531,2.517677,2.2970593,-4.759192,-1.2385329,0.913344,-4.743645,-0.021295607,1.4582257,-5.049418,2.102718,0.37153712,-1.4160393,-12.875398,0.36753222,2.3049438,-1.3509104
0,/data_nas/huangyj/data/placePulse/rawData/googleviews-110802files/5140b6a2fdc9f0492600179f.jpg,-3.4612162,-0.53634995,1.2436311,-0.1537352,-3.4244695,-1.3682804,-5.271245,1.4904436,-1.5217654,-0.94483376,3.3960783,-0.39034784,0.81768805,2.0805416,-1.1099255,-2.2779665,-2.7971952,1.4596066,2.318841,2.7506459,0.17865905,-0.6597759,-0.10671103,0.41363597,10.49946,-1.3635683,-0.45493665,0.5410587,6.6589007,-1.4042754,1.8643847,-0.9822303,0.26231766,-1.375198,-8.064278,-2.855207,8.973415,-2.7389002,-1.7795019,-0.85805523,0.34344125,-0.6503101,-4.0467744,0.76476467,0.07858004,-1.039689,-3.4308722,0.13997415,0.15911119,-0.22193375
0,/data_nas/huangyj/data/placePulse/rawData/googleviews-110802files/50f561f1fdc9f065f0005794.jpg,-3.2001877,-3.884146,3.768245,0.06334907,-4.559596,-0.52103466,1.5605613,2.469714,1.3567569,-2.5829043,1.3710388,0.84930164,-1.8929591,3.073706,1.3095024,-0.24834885,-0.5797326,0.45932728,1.5841256,1.0458946,1.8402606,2.0786583,2.3069615,1.6066966,9.807972,-1.7682269,-1.8388776,0.29842263,4.676676,-2.3564281,0.95165217,-0.6975369,1.0357257,-3.8561966,-4.814071,1.1750838,-0.031156722,-2.5440648,-0.33233377,-0.7365928,0.15214756,0.2189764,-0.5714465,2.2594867,1.351474,-2.3691719,-11.865603,2.5120752,0.1953087,1.162567
1,/data_nas/huangyj/data/placePulse/rawData/googleviews-110802files/513d7a65fdc9f035870067fd.jpg,2.9085019,-0.92142016,3.3931673,0.37383977,0.96058285,0.8682662,-10.899122,1.0431454,-2.6601298,-1.5510116,0.83898336,-1.8611121,-2.382227,1.3861699,-1.3420262,-4.1391416,-3.8186438,1.9482623,1.9818462,2.6670687,-1.7339643,-0.42892283,2.205706,3.387093,-0.75481236,-1.8754281,-0.15981981,2.475485,0.07207086,-1.5073324,1.3739133,-3.2558336,-3.264098,3.3418837,-5.233334,-0.60798985,0.062282715,0.6587857,-0.452768,-3.1931255,-0.83741754,0.82701695,-4.803266,0.86921996,-0.76942635,-0.13652316,-9.429906,-2.8200502,1.3282295,-0.90590835
1,/data_nas/huangyj/data/placePulse/rawData/googleviews-110802files/50f46497fdc9f065f00047f2.jpg,1.056484,-0.024328306,2.4251916,-0.7211843,6.08237,-3.569784,-3.0113904,3.5062294,1.0894436,-2.2653246,-1.3225158,2.9148142,-2.6128964,4.395611,0.17744446,0.41166785,-1.3355511,1.5736703,0.6665739,0.5750131,1.816856,2.3301723,1.8222314,-0.07923426,2.0921357,-2.159923,-2.1695719,0.30073708,4.858571,-2.6920898,1.8173051,0.2925163,2.0653389,-1.190104,-5.6122465,-1.5454857,-8.906908,0.40550092,-1.5153459,1.0876861,1.0958205,1.4208187,-3.247266,2.525538,1.2648678,-3.357101,-15.110315,2.2705672,0.32973608,1.4509798
1,/data_nas/huangyj/data/placePulse/rawData/googleviews-110802files/513e1cbcfdc9f035870097f9.jpg,-4.994652,-2.3602254,2.4273167,-0.068671204,-3.6354017,-0.42014894,-3.8566463,1.7098955,-0.21836913,-2.5603275,1.4275311,-1.7963704,-3.9199152,2.066127,-1.2579938,-2.8550355,-4.684932,0.6346476,1.8500345,-0.25506112,-0.69215757,1.4504523,4.6581745,-0.2578969,1.9535782,-3.2705657,0.391264,3.293766,0.30515584,-2.3021212,0.8434726,-1.6255089,-1.3350834,-1.5452541,4.340067,1.3413805,-6.099488,-0.99017984,0.2809952,-4.0199623,0.12186799,0.98708856,-5.9215307,2.692746,0.38976586,-1.5298017,-11.967964,0.9495122,2.6363957,-1.1200923
0,/data_nas/huangyj/data/placePulse/rawData/googleviews-110802files/51408adefdc9f0358700e7f8.jpg,-6.692348,0.9935284,-1.6626459,2.3057766,-11.368881,0.3097545,-10.285021,1.0557274,-1.9813794,-0.63521725,5.9107966,-3.7475376,-1.1479316,1.9221691,-1.7583777,-2.6513693,-1.6387202,2.8791273,3.303564,3.594911,-0.61973655,0.523615,0.88274616,3.4131548,11.112952,-0.7847299,4.216588,0.71234,4.515291,-0.5861461,1.5021964,-1.1325778,-0.9609029,-2.4605446,-2.7213867,-1.8953382,8.838683,-4.7050157,-0.4870427,-1.958635,2.2616389,-0.22897823,-4.9664006,1.1803068,-0.9156558,-0.3577655,-7.8006163,-0.23883155,0.49495322,-2.7377687
0,/data_nas/huangyj/data/placePulse/rawData/googleviews-110802files/513d7a62fdc9f035870067f4.jpg,1.4294271,0.7717019,2.1612165,0.8593542,-2.794502,-0.8609053,-9.801822,1.4827143,-1.9836056,-0.79413694,0.4492395,0.6196966,-0.52555215,2.471263,-0.23043443,-1.067954,0.54729956,3.2976542,1.82733,2.5885544,0.15790047,1.6452073,-1.2869643,1.2709596,-1.5827857,-0.14979249,0.36534232,-0.84776807,3.4911366,-1.0496937,2.3371952,-1.24991,-0.79068655,1.6029444,-2.0077486,-3.1825008,-1.500556,0.35196275,-1.134147,1.4589912,1.2058316,-0.32128796,-2.1100054,0.80239505,-0.10402687,-0.88137144,-10.665432,-0.63521993,-0.9356581,0.55715996
1,/data_nas/huangyj/data/placePulse/rawData/googleviews-110802files/51408adcfdc9f0358700e7f4.jpg,-9.721483,-2.577016,2.0164063,0.40505448,-4.449989,-1.4293432,-3.7401454,0.57728106,-0.02144251,-0.47385657,3.0817857,-2.2434142,-2.0447936,0.76181376,-0.5727937,-2.0526536,-2.4787729,0.42599422,1.1286608,-0.44708169,-0.8598502,2.3879902,1.9529486,-1.9030807,4.083875,-3.8019392,2.6332054,1.4485208,2.1323504,-1.626438,0.44993955,-1.7025403,0.25039878,-3.0860276,7.1939945,-0.17581001,-4.5077085,-2.0465817,-0.25890872,-0.9316318,0.47070011,-0.846605,-2.9008512,2.3514667,0.009207811,0.07372767,-8.27836,1.8590236,2.2922492,-1.7189738
0,/data_nas/huangyj/data/placePulse/rawData/googleviews-110802files/50f61461beb2fed910000787.jpg,0.027004022,3.1778536,-6.917927,-0.079648316,-11.873791,-0.32454553,-4.686626,1.6245637,1.1404196,-0.61366355,1.1133554,-2.2051291,-2.8620725,1.7525338,-1.8084491,0.22209178,-2.1205075,-0.023568366,-1.0062395,-0.7520593,-1.1469158,2.31626,4.450189,0.2999907,6.9221888,-0.33302793,7.421698,2.4065912,1.730505,-0.14133714,-1.0199696,0.66179675,-0.65965,-0.9777157,-1.3292315,-0.29596287,2.8553874,-1.3712399,0.536522,-5.002745,4.8893614,4.411981,-5.1197715,2.5870748,2.5898693,-2.4417057,-7.25437,1.0714046,1.5521104,-5.5306163
0,/data_nas/huangyj/data/placePulse/rawData/googleviews-110802files/513f10e9fdc9f0358700c782.jpg,-9.240965,-1.4825602,1.5161209,0.31047332,-3.8342025,-2.7661226,5.9848557,-0.24906112,-1.2242078,1.56905,3.6542103,-2.2395315,-0.35766286,-0.73802316,-0.29815227,-3.9412344,-2.9377031,0.02135732,0.60839605,-0.28883606,-2.33275,2.0063126,-0.4919557,-2.4465396,1.2523859,-4.332726,4.0375857,1.0512787,1.72621,-0.771694,0.6628161,-1.996476,0.96600425,-0.6849392,7.8021774,-2.5852427,-3.0040789,-1.2703344,-1.0676476,0.6340054,0.09261123,-1.6212398,-3.105618,1.8908054,-0.90506345,2.121172,1.7930574,0.15605183,2.1954863,-2.1837618
1,/data_nas/huangyj/data/placePulse/rawData/googleviews-110802files/514134c2fdc9f0492600478e.jpg,-7.281947,-0.61507654,-1.3264412,-0.75225395,5.7844634,0.32429287,6.5526996,-0.1944179,0.4701699,-0.20014812,1.9707469,-1.5317003,-0.0019417251,-0.9830322,-1.5754352,-1.4215391,-4.264004,-1.7451023,-0.3266222,-0.9907929,-0.37306398,-0.49779502,1.9827642,-3.258472,5.722228,-1.2035861,1.2501222,1.9289637,2.1545184,-1.3109463,-0.6528713,-0.84575814,-0.21857141,-3.2234433,1.3594204,1.5100263,-6.58486,-1.1912395,-0.2199111,-2.9171162,-0.7931874,0.078137234,-1.9735769,0.6691968,0.31287506,0.10740881,-7.813983,1.15269,2.3739102,-2.371683
0,/data_nas/huangyj/data/placePulse/rawData/googleviews-110802files/513d5cbdfdc9f03587003789.jpg,-2.849611,-3.1104605,2.3836505,-1.5098637,-7.608869,-2.3092976,-5.0556026,2.5686734,2.0453796,-2.3820088,0.14478812,2.2173195,-3.2349577,3.5217736,0.37223935,0.9242912,-1.393273,-0.8902081,0.60322416,0.23594747,2.6486297,0.5802953,2.455566,0.9127957,9.181176,-2.4618075,-4.078622,0.2450009,5.0426164,-2.592369,0.87571156,0.62068427,2.8189905,-4.587531,-3.4336915,0.9590838,1.5562149,-1.9162154,-0.96632934,0.5312369,-0.32866243,0.016690733,-1.4663496,1.7538761,1.049352,-3.577136,-9.861576,3.360816,0.7542353,1.9377193
1,/data_nas/huangyj/data/placePulse/rawData/googleviews-110802files/513cc486fdc9f0358700178f.jpg,-2.5650644,0.536744,0.5882328,0.49869636,-1.322929,-1.992692,5.835492,1.067696,-2.3008437,1.1450077,3.6710975,-1.5143577,0.24147369,0.8444282,-0.8961826,-5.037194,-3.3664167,2.171292,1.3132634,2.7283692,-2.10511,1.640997,-0.68873435,1.0728084,5.4229445,-3.2681541,4.473716,1.1652819,6.0691485,-1.4881591,1.7387012,-2.1630054,0.05490047,1.9712763,-5.578943,-4.387718,-0.6889121,-1.1757491,-2.5320175,0.072953835,1.2327532,-0.75370955,-3.9910176,1.0559721,-0.6663038,1.4579496,-7.508067,-1.8083136,0.7308087,-2.8614454
0,/data_nas/huangyj/data/placePulse/rawData/googleviews-110802files/513cc47efdc9f03587001788.jpg,-7.538172,-5.2403154,2.3994782,-1.2133535,0.84594804,0.64432836,5.223964,0.9282892,2.7898016,-2.728361,0.48404104,0.0910072,-1.4836484,1.0809219,0.15296811,0.67755014,-2.7626755,-2.3864346,0.018686607,-2.1627862,1.2428389,2.1653855,4.2401137,-3.831723,7.76217,-2.17946,-1.3388009,1.896076,2.0059605,-2.4210186,-0.613472,-0.86489624,0.1468838,-5.59034,2.8333077,3.9600363,-5.883461,-1.6398549,0.85449857,-3.7096577,-0.6217619,0.6849713,-0.14898117,2.6723561,2.4231207,-2.1565535,-10.343002,3.9400923,1.914423,-0.19730347
0,/data_nas/huangyj/data/placePulse/rawData/googleviews-110802files/51414e25fdc9f04926007785.jpg,-5.881278,-3.2317924,1.9689689,-0.72963333,-6.4626374,-3.8238697,-3.2927728,2.070036,0.20282358,-0.20309758,3.2881358,0.33431715,-1.6434692,2.7999735,-0.2709266,-2.387475,-2.361295,-0.2002042,1.000977,1.4332292,-0.11732189,3.2147925,0.7521975,-0.023431372,10.144779,-5.1531386,1.3167592,0.44440538,7.485136,-2.457191,1.9438807,-1.4142884,3.0011883,-2.4508152,-3.9964442,-2.9185536,4.051163,-2.503969,-2.4127865,1.3427097,1.1562114,-1.3623894,-2.1898358,2.3189528,-0.021327373,-0.85761964,-5.3649426,2.0090716,1.0145521,-0.6363693
1,/data_nas/huangyj/data/placePulse/rawData/googleviews-110802files/51409357fdc9f04926000780.jpg,-8.762236,-0.91792136,0.55204,1.3574812,-4.016131,-1.4135287,-7.3067465,1.0708345,-1.582803,0.10741294,5.6185093,-3.475605,-0.9860739,1.5315461,-1.422564,-3.6147723,-2.6485126,2.181944,2.3273845,2.2413347,-1.4071941,2.3161519,0.93726,0.81440884,9.4660635,-3.7098777,4.845153,1.2743694,5.0869327,-1.3919629,1.3632169,-2.2602766,-0.21420348,-1.9302664,-1.0116146,-2.6663,2.5419796,-3.6497939,-1.3756907,-1.1044905,1.6283628,-1.1222599,-4.380906,2.0464025,-0.6791102,0.59097445,-8.622676,0.41681686,1.698532,-2.7888205
1,/data_nas/huangyj/data/placePulse/rawData/googleviews-110802files/513cc450fdc9f0358700175d.jpg,-5.092776,-2.3373787,1.8652039,-1.3954678,5.338044,-4.1992726,10.821104,2.670115,1.3601565,-0.64315367,1.5197457,1.1794319,-0.6914602,2.5906434,0.31075865,-1.9185572,-3.7176595,0.1867451,-0.08760431,-0.9942671,-0.60758704,4.357047,2.1675649,-3.961656,6.4550834,-5.2653975,2.8124413,1.610655,6.084773,-2.6370938,1.0041808,-0.9354429,2.442247,-1.5264482,-2.59758,-2.373868,-6.803255,-0.4798128,-1.666852,-0.45777294,1.8942004,0.5799119,-3.0723336,3.7880433,1.7746481,-1.2485615,-6.7216773,2.542243,1.6121655,-1.619491
0,/data_nas/huangyj/data/placePulse/rawData/googleviews-110802files/51414e12fdc9f04926007757.jpg,-8.054028,-2.318308,1.0339319,0.27877095,-8.866857,-2.104116,-10.250463,1.7823527,-0.28154856,-1.2014892,4.504001,-1.2641537,-1.6185203,2.9770656,-1.2157646,-1.7223616,-2.1878974,0.65098023,2.4098175,1.8009937,0.3927133,1.6969914,1.551224,0.63952845,12.0679035,-3.321945,0.89011246,0.5830814,6.008574,-1.8246541,1.6813056,-0.96864897,1.499923,-4.04616,-2.3974402,-1.64373,8.018186,-4.124736,-1.3478367,-0.484263,1.3592807,-0.99730164,-3.761414,2.0761924,-0.11794756,-1.6064698,-5.26273,2.226505,0.96057725,-0.5637866
0,/data_nas/huangyj/data/placePulse/rawData/googleviews-110802files/513d7a35fdc9f03587006757.jpg,-7.7630177,-1.1044277,1.1115204,0.67438656,-2.3318458,-1.739388,8.145551,-0.6204197,-1.5231987,2.3396976,4.0994425,-2.5096266,0.23761311,-1.3616136,-0.04801052,-4.211893,-2.4423153,0.11038057,0.4952005,0.81618166,-2.108081,0.805764,-1.401525,-0.45663983,3.1002085,-3.4392788,3.659648,0.4995571,2.3654263,-0.4649467,0.3015433,-2.0758936,0.863928,-0.13325688,3.781245,-2.388187,-1.862046,-1.5796773,-1.4077576,1.0250502,-0.5828947,-2.1424782,-1.4859208,0.6745718,-1.6340717,2.962064,0.3153378,-0.95501983,1.8615288,-2.2353005
1,/data_nas/huangyj/data/placePulse/rawData/googleviews-110802files/50f433d4fdc9f065f0002751.jpg,-0.5703715,-3.0445604,3.4168563,-0.5669131,-1.5692422,-2.0948884,4.008785,2.370291,-0.29379678,-0.9563388,2.036562,0.6771118,0.32218653,2.6037757,0.5876591,-2.8982925,-2.306016,1.2855613,0.9996474,1.9763374,-0.81493884,3.6582885,0.8568114,-0.03871842,8.768973,-3.5893178,1.8256435,1.0602847,6.9839077,-2.3660455,1.8883927,-2.1727176,0.5818364,0.6463243,-9.529896,-3.0440302,3.938194,-1.1311852,-1.9957362,-0.76461023,1.6171731,0.2286569,-2.1876323,2.8448007,1.5438693,-0.9142462,-5.4645405,0.36801937,0.0006199661,-0.83594435
0,/data_nas/huangyj/data/placePulse/rawData/googleviews-110802files/5140ca28fdc9f0492600275c.jpg,-5.71372,-1.9599121,-0.6469184,-0.107718706,-9.28365,-0.6867218,-7.890018,2.5087337,1.9945501,-2.694154,2.1116333,-0.6787982,-2.7755547,3.3703442,-0.5311002,1.2583888,-1.4979978,-0.28422397,1.1260415,-0.23752365,1.4742911,2.452209,4.4975634,-0.15289669,12.109692,-1.4740257,1.0532036,1.209852,3.727085,-1.6106956,0.018194828,0.38745144,0.87222934,-5.494633,-1.3940047,1.519624,4.4593,-3.5171394,0.3810496,-3.2255337,2.3110647,1.9614398,-3.0792534,3.084046,2.3113053,-3.7163525,-9.16601,3.9289868,1.2486185,-1.0115451
0,/data_nas/huangyj/data/placePulse/rawData/googleviews-110802files/50f5e55dfdc9f065f0006759.jpg,-3.0398223,-1.3021251,1.9189005,-0.116622105,-3.7243102,-1.3691037,-12.450633,0.7179636,-1.525726,-0.43136457,2.02466,-2.077158,-3.3432248,1.24811,-1.8265808,-3.7392025,-4.073576,0.6056049,1.1800694,1.0890148,-1.7045877,0.20919019,2.28222,1.4027153,0.8200457,-4.062725,0.9103196,2.3996835,0.75562274,-1.6717774,0.94971126,-2.350089,-0.82529426,0.8106868,1.5198102,-0.97718567,-0.7206833,-0.46223295,-1.0407873,-1.6525886,-0.4139804,-0.25533134,-4.977204,1.447038,-1.2150878,0.017421141,-6.9964705,-0.7897137,2.4016201,-1.5632492
0,/data_nas/huangyj/data/placePulse/rawData/googleviews-110802files/5140b689fdc9f04926001759.jpg,-5.4516196,-0.21776785,-1.4047041,0.12513871,-2.1032126,-1.6054033,-8.403109,0.5267241,-0.25763848,0.79742074,2.9277515,-2.7870398,-2.820681,0.6041889,-1.7231417,-2.5889564,-3.0227082,-0.03176223,-0.06391567,0.4977191,-1.4728851,1.34343,2.0411448,0.83396226,4.7991643,-3.7886484,4.2592387,1.7987143,2.093703,-1.2074517,-0.07398845,-1.5981145,0.41772288,-1.0464301,1.0281893,-0.8562076,-2.485795,-1.5353436,-1.0319258,-1.1809294,0.9629178,-0.04522565,-3.324413,1.4455262,-0.80148876,0.4649121,-8.698582,0.35149157,2.6108863,-3.4987717
1,/data_nas/huangyj/data/placePulse/rawData/googleviews-110802files/50f4648efdc9f065f000475f.jpg,-1.6115236,1.263337,-3.0377822,-0.59673935,1.5232619,-1.2083647,-16.34211,2.2491343,1.005215,-1.3540825,0.9479813,-1.3426626,-2.5985367,2.5284803,-1.8828017,0.64424014,-2.4653594,0.18652648,-0.3377877,-0.22781587,0.051745664,1.4901451,4.2952476,-0.30586785,8.022079,-1.3784537,2.8499649,2.201419,2.4673934,-1.1365259,-0.30209106,0.061145805,-0.12514837,-1.883571,-5.1659584,-0.007098999,2.112931,-1.4216459,-0.49781695,-3.806725,2.6092496,2.9680426,-4.8370686,2.3168125,1.8390046,-3.044118,-9.220256,2.196394,1.9456036,-2.5204048
0,/data_nas/huangyj/data/placePulse/rawData/googleviews-110802files/50f5e55dfdc9f065f0006750.jpg,-1.9032062,-2.5259912,4.7444353,1.3459848,-6.60073,0.47478884,-11.037201,2.2269685,-1.5285676,-3.3848326,1.2199261,-1.6505648,-4.3259754,3.3152735,-0.32464665,-2.8228061,-2.54762,2.8313942,3.4209008,1.7427374,-0.3013242,1.9032166,3.696313,2.7239006,-1.4047621,-2.0718246,-0.51648235,1.897255,-0.52759856,-2.0289574,1.7795742,-2.3414195,-2.4687948,-0.11897041,3.4640486,0.88707453,-4.010892,-0.7493609,0.7925468,-2.8653755,0.2507144,0.77110267,-5.2308693,2.5973902,-0.29863662,-1.7887608,-13.720512,-0.2676966,1.1952263,0.09394587
1,/data_nas/huangyj/data/placePulse/rawData/googleviews-110802files/513d30b8fdc9f0358700275b.jpg,-0.3692089,1.1599756,-0.11238566,-0.954712,3.1510937,-2.9714758,-0.011786216,1.570364,-1.5204748,0.41884172,2.201842,0.117919296,0.6436235,1.6964169,-1.2559168,-3.0337229,-3.9892833,1.086974,0.59748155,2.0515034,-0.9240954,0.30033883,-0.2387873,-0.02598472,7.373889,-2.6536298,1.6322284,1.0750356,6.6992493,-1.4752996,1.2494704,-1.0864918,0.79133725,1.318759,-10.288487,-4.2581816,3.047695,-0.70787877,-2.6470566,-0.16337465,0.8088702,0.063111156,-4.3185267,0.9641691,0.12753078,-0.14067805,-4.403636,-0.8184885,1.0248976,-1.6358232
0,/data_nas/huangyj/data/placePulse/rawData/googleviews-110802files/5140ca25fdc9f04926002754.jpg,1.6290857,-2.2500584,1.4803985,-1.7915542,-8.983836,-1.4729816,-0.962562,1.0121018,0.17755464,-1.2484473,-1.3450013,-0.14877778,-3.9181676,1.4161766,-1.2234198,-2.7947726,-4.2442203,-1.3728068,-0.5275717,-1.2020389,-1.767653,1.3030043,3.8265398,-0.43299258,-2.8087623,-4.051751,0.6495979,3.2649014,-0.37449166,-1.8611597,0.5247667,-2.0167692,-0.7525937,1.8929758,3.214161,0.11228806,-3.3412085,1.6725041,-0.6213976,-2.9114573,0.352018,1.5141599,-4.2784925,2.1941285,0.8915735,-1.0865957,-4.516868,-0.19093591,2.3277156,-1.5192088
1,/data_nas/huangyj/data/placePulse/rawData/googleviews-110802files/50f433d8fdc9f065f00027a6.jpg,-3.2621715,-0.35097703,-0.12509602,-0.9525001,9.051845,-1.8342762,9.364153,-0.06114045,-0.985677,1.4747899,2.9123209,-0.34321514,2.1495554,-0.29335257,-0.8861692,-3.4244308,-4.0508785,-0.29011667,-0.36645076,1.4041724,-1.2204483,0.59503716,-0.9299988,-1.7395498,8.003683,-2.6585402,2.0690522,0.86922556,6.826245,-1.119116,0.08006551,-1.6131179,0.5750792,0.5154564,-8.993891,-2.782722,-1.6128286,-0.75261575,-2.2357447,-0.052489482,-0.33079848,-1.125063,-1.0182618,0.34400907,-0.08610888,1.4680551,-5.7939,-0.9786657,1.3413414,-2.345663
0,/data_nas/huangyj/data/placePulse/rawData/googleviews-110802files/5140b6a2fdc9f049260017a1.jpg,0.21279113,-2.8385015,0.46188033,-2.6268094,0.05813717,-2.7943273,-11.05717,2.0747588,2.8007333,-1.3301771,-1.7787889,0.9774249,-5.974037,2.2916138,-1.007728,-0.08867815,-3.7058296,-2.5982249,-2.0150154,-1.7009032,0.43041492,1.319776,5.4149084,0.92987794,3.495044,-5.171756,-1.2762266,2.7989628,0.68209195,-2.8128366,-0.8158318,-0.52070534,2.122035,-1.6661075,-2.0655391,2.2161362,-5.237353,0.74495715,-0.86218977,-1.6017414,-0.18984264,1.8632699,-2.5344894,2.40247,0.93362784,-2.7515235,-10.863746,2.4369965,3.18846,-0.8459358
0,/data_nas/huangyj/data/placePulse/rawData/googleviews-110802files/50f5e560fdc9f065f00067ac.jpg,-1.9111161,1.7728583,0.5433711,2.750901,-0.23171282,0.33009645,-15.261015,1.3097037,-2.1418893,-1.0628474,1.6917081,-1.1945337,-0.12721016,2.150081,-0.40313497,-0.13860197,1.7647467,4.1608834,2.7954335,2.662715,0.24779382,2.2952912,-1.0122609,1.0739373,-2.0432723,1.3362782,2.3216193,-1.2894521,1.5707375,-0.32995793,1.8547457,-0.8229113,-1.4352376,-0.14453362,1.7081534,-2.1348863,-1.8419994,-1.0540165,0.16969304,0.65919113,2.150764,-0.03602743,-2.038607,1.0961856,-0.41961402,-0.8376671,-10.419115,0.05284987,-1.2145622,-0.23820803
0,/data_nas/huangyj/data/placePulse/rawData/googleviews-110802files/50f5ec17fdc9f065f0008706.jpg,1.1550907,1.5060257,-4.2354875,-1.9513934,-8.510457,-2.7634308,-8.2378645,1.7759601,1.7010704,-0.3959369,-0.86356246,0.23405336,-4.6717606,2.3462367,-1.9571841,0.01769967,-2.9804895,-1.4447318,-1.9909996,-1.3193427,-0.40871164,1.3824943,4.11272,0.27975103,3.7950766,-2.8505921,2.8039637,2.4023156,2.212591,-1.245903,-0.4769473,0.6649552,1.3438548,-0.4873037,-1.0957589,-0.41616866,-1.7116389,0.3088335,-0.96503174,-2.036428,2.6654627,2.8967388,-4.6549726,2.087509,1.5609415,-2.7325647,-9.351379,1.5700017,2.340862,-2.96299
1,/data_nas/huangyj/data/placePulse/rawData/googleviews-110802files/513cb326fdc9f03587000707.jpg,-2.5407379,-0.7109087,1.2289169,-1.2077172,6.7812757,-2.7390223,5.248917,0.49474987,-1.0821468,1.531591,2.3817973,0.43467763,0.92047995,0.5063133,-0.70538884,-3.3566449,-3.209324,0.34648097,-0.37736306,1.8957503,-0.93223554,0.98766583,-1.3946412,-0.964962,7.1849003,-3.6094356,1.4115427,0.6193356,8.52425,-1.9788746,1.0714346,-1.9605595,1.3931316,0.73915845,-9.224589,-3.9024372,-4.2130156,-0.21559155,-3.1686764,1.4883332,-0.4542306,-1.409827,-1.0340477,0.31325662,-0.20514569,1.223021,-11.559309,-0.66491705,1.1301357,-1.6348842
1,/data_nas/huangyj/data/placePulse/rawData/googleviews-110802files/513d6968fdc9f03587004702.jpg,0.4037862,0.3248591,2.0651994,-0.5555626,8.202004,-1.9715425,-4.424942,1.5248575,-2.4671295,-0.6831508,1.9593617,-0.6714187,1.9826753,2.0945604,-1.7066102,-3.4467604,-4.2142353,1.9154626,1.5789523,1.6991612,-1.8763691,0.94133353,0.18302079,-1.6387416,4.299985,-2.1021156,1.4993969,1.4678704,4.1395617,-0.88457865,1.6694088,-2.25512,-1.4938794,3.0825634,-9.642926,-4.208655,6.4435983,-0.17000702,-2.1032631,-1.8687603,1.2234777,-0.11208762,-5.427578,1.3836896,0.46967718,-0.07079939,2.3226929,-1.4848647,1.0074311,-0.6708476
0,/data_nas/huangyj/data/placePulse/rawData/googleviews-110802files/513e1c5efdc9f0358700970e.jpg,-10.40755,-1.633592,1.4054601,0.6241338,-2.4850342,-1.7868718,6.3480535,-0.07361068,-0.41063944,0.37483993,3.3839018,-2.0728445,-0.033625126,-0.5102755,0.07800859,-2.2272313,-2.0817041,0.41944528,0.9528156,-0.94180703,-1.3140026,2.3223164,0.17462912,-3.4542818,2.2539062,-2.9692237,3.417109,0.8344196,1.1404891,-0.7586643,0.38023847,-1.2658433,0.5631523,-2.478307,9.086854,-1.1682228,-4.172447,-1.7603095,-0.11705168,-0.25167957,0.5431763,-1.0385852,-2.5477278,2.2780082,0.07511632,1.102085,-0.1421172,1.4424638,1.7623811,-1.5741793
1,/data_nas/huangyj/data/placePulse/rawData/googleviews-110802files/513d3044fdc9f03587002700.jpg,-6.0409393,-1.1921356,1.6226274,0.23035353,-6.8827553,-2.1653483,-6.2953897,1.3944737,-1.691096,-0.64442784,4.213686,-0.98195,-0.8762625,2.2617207,-1.4384892,-3.274232,-3.03794,1.1304,2.6781874,2.730264,-0.1402779,0.22907199,0.074087,1.2263366,9.019661,-3.0301242,0.019602902,0.58841354,5.9812756,-1.8245322,2.3006387,-1.3912045,1.095396,-1.9532617,-3.6036723,-2.8469243,6.879922,-3.1547022,-1.9786628,0.24459547,0.27237388,-1.648618,-4.3990226,1.0615178,-1.1919779,-0.4670301,-3.8915224,0.30284268,0.81361765,-0.28165492
1,/data_nas/huangyj/data/placePulse/rawData/googleviews-110802files/513d5cd6fdc9f035870037b3.jpg,-6.3428817,1.0551625,1.1055574,1.8179114,0.5962578,-1.5287433,-4.26556,1.2861096,-1.5518368,-0.009850362,3.0254676,-1.3490764,-0.47318178,1.3927091,-0.49861076,-1.8298057,-0.3423011,3.4722545,2.2226808,1.5847477,-0.28680894,1.7941692,-0.951192,-0.27300578,1.4289756,-1.2759205,2.8478775,-0.22088552,3.2743528,-1.1064618,1.8202374,-1.0101414,0.29081076,-1.2844085,3.104734,-2.650801,-5.6408863,-1.7119479,-1.0025989,1.2549052,1.4016095,-1.0221176,-3.3285713,1.3567953,-0.58881575,0.087640055,-10.061016,0.5389648,0.25327033,-0.754506
1,/data_nas/huangyj/data/placePulse/rawData/googleviews-110802files/50f4648ffdc9f065f00047b1.jpg,3.2788365,-0.890195,2.4786782,-1.9396427,4.2475815,-3.2969286,8.362934,3.6640565,1.1516465,-2.540674,-1.5601135,2.2677438,-2.4414227,4.241516,-0.36600998,-1.8913362,-4.306127,0.81534785,0.0049175695,-0.5636447,-0.29597443,3.3871806,4.112249,-1.3876145,2.8497655,-4.1491365,0.52286285,3.0055618,4.493223,-3.0763173,1.3223065,-0.7814545,0.46407038,1.347327,-7.606949,-1.8068331,-8.048903,1.3993384,-1.5562757,-2.529774,2.1733167,3.0376828,-5.721958,4.0409107,2.7708957,-3.1289232,-11.937262,1.1602684,1.537945,-0.6891332
0,/data_nas/huangyj/data/placePulse/rawData/googleviews-110802files/50f5ec33fdc9f065f00087bc.jpg,-1.3155391,1.0652187,-1.7404102,-0.090523,-6.393833,-2.0115132,-5.411664,2.2745104,0.3694286,-0.7834624,1.5263985,-0.4585885,-2.9819891,2.7385905,-0.93734074,-0.75062805,-1.9121966,0.73253155,0.54808915,0.91596997,0.25488812,1.3477533,2.3123457,2.0338318,6.801835,-2.038704,2.0989797,1.0444112,3.4016016,-1.4907556,0.62947917,0.14442873,1.2636099,-1.5279697,-3.6856978,-1.0790149,1.7241458,-1.685396,-1.0750391,-0.9989983,2.1201358,1.4917349,-4.0248146,1.8301237,0.42637813,-2.0957398,-7.5468283,1.2323357,1.0662557,-1.7613788
0,/data_nas/huangyj/data/placePulse/rawData/googleviews-110802files/50f5e561fdc9f065f00067b9.jpg,0.026217487,-2.5034323,2.2287157,-2.6844304,6.919252,-4.710222,-6.8617353,2.4795434,2.9287636,-0.9209312,-2.6199996,3.6405382,-4.002117,3.1762571,-0.011595629,1.3915298,-1.7174103,-1.9468321,-1.8394598,-1.3060178,1.8655341,1.9081551,2.3181722,-0.7764582,2.1399114,-4.8891044,-3.5371995,0.38061753,3.8365438,-3.2354777,0.39102083,0.117047206,4.41014,-2.4546232,-3.6790712,0.113469526,-9.198745,1.3201132,-1.9272832,2.6512723,-0.69906914,0.18928097,-0.03147719,1.9755983,0.5457899,-2.8883798,-11.348679,3.4182727,1.5607159,1.307893
0,/data_nas/huangyj/data/placePulse/rawData/googleviews-110802files/513e62c5fdc9f0358700b744.jpg,-1.2944291,-0.9040587,2.8657436,-1.0030394,4.739834,-1.168079,0.5739235,0.43034884,-1.134568,-0.7069188,-0.38302192,0.9171536,0.32425827,0.8416234,-1.2085022,-1.7796465,-2.8324308,0.3302031,0.57586956,0.22252262,-0.4847572,0.20820016,-0.022887452,-3.1961362,-1.7898939,-1.5670605,-1.3676568,0.91974235,3.4296772,-1.7075492,1.6354345,-1.9485044,-0.6322509,0.7084297,-0.20735475,-1.8561264,-6.858939,1.4119247,-1.3551564,-0.4559856,-0.8777771,-0.513237,-2.3351161,0.8085371,0.38611034,-0.41143253,-8.400808,-0.030357635,0.77927095,0.32119367
0,/data_nas/huangyj/data/placePulse/rawData/googleviews-110802files/51413372fdc9f049260042dd.jpg,0.2810743,0.9137338,-4.0110335,-0.828398,-6.9462447,-0.59491855,-9.802157,1.9974496,2.0363905,-1.4640878,-0.29472804,-0.8007356,-4.205139,2.3813238,-1.2624913,1.0141369,-1.7939705,-0.61096674,-1.1867329,-0.9265513,0.32497355,1.6502475,5.0156183,1.0264428,6.1777334,-1.0178491,3.0320148,2.2267995,1.2984749,-0.9693746,-1.0227029,0.69681674,0.032033578,-1.9501499,-1.9808973,1.5012717,-0.9154381,-0.8414156,0.37182984,-3.809141,2.913812,3.583496,-3.7302446,2.3222997,2.2307608,-3.2353747,-12.199211,2.070867,1.8896525,-2.9646916
1,/data_nas/huangyj/data/placePulse/rawData/googleviews-110802files/513e20d0fdc9f0358700a2d6.jpg,-8.451023,-0.47116485,1.704448,1.5949441,-3.7710483,0.052175768,2.3305893,0.50439763,-1.8807093,-0.639519,4.0464263,-3.1659014,-0.26760045,0.15831085,-0.78369886,-3.2822168,-2.6117966,2.440399,2.574397,0.7774414,-1.4095504,1.4105037,0.9026025,-1.326407,2.8885183,-1.6337178,3.5303,1.473144,1.5551388,-0.94549626,1.1811694,-1.6908911,-1.6672133,-1.4526545,5.9914103,-1.2471272,-3.2207165,-2.2837794,0.09171529,-2.1413798,0.8297138,-0.51120764,-4.7299037,1.8580676,-0.08856526,0.71970344,-6.70886,0.08050833,1.4668546,-1.8547835
1,/data_nas/huangyj/data/placePulse/rawData/googleviews-110802files/50f42eabfdc9f065f00022d6.jpg,-2.6169097,-0.7001917,0.9145994,1.8296437,0.9302475,1.6170565,-9.969214,0.7856866,-2.172497,-0.6842116,4.581435,-3.393655,0.6656843,0.94029987,-1.2099365,-3.3410573,-1.7696689,2.388682,2.6459014,3.9712968,-1.2369688,0.7129282,0.7356,3.0432398,10.198132,-0.6115628,3.1970458,1.0304409,3.9375064,-0.8134338,1.3275123,-2.907563,-2.342892,0.051350176,-9.823641,-1.4116982,8.568309,-3.1226728,-0.65413535,-3.0224197,0.9670819,0.024682151,-2.7768455,0.72723854,-0.33284497,0.4124273,-6.798268,-1.3966343,0.06718346,-2.238067
0,/data_nas/huangyj/data/placePulse/rawData/googleviews-110802files/5140d270fdc9f049260032de.jpg,2.373157,-0.47291452,-0.04100647,-2.7472773,0.9070477,-3.9062414,4.24116,2.4689195,1.9391919,-1.2733188,-1.9967397,3.2930543,-0.9592649,3.2371714,-0.36625808,0.82448417,-2.7612107,-1.1886891,-1.3966244,-1.2858436,0.67645603,1.8035963,2.092362,-2.6821978,4.1195636,-2.9103403,-0.7725391,1.0023556,4.720885,-2.0690937,0.42232412,0.40943918,2.2981045,-0.39823154,-6.101623,-1.7754813,-1.3386457,1.0851184,-1.6229035,-0.36312222,1.5580362,1.915282,-2.4548397,2.7185717,2.5245657,-3.2425303,-2.9444337,2.2099464,0.97797275,-0.13179637
1,/data_nas/huangyj/data/placePulse/rawData/googleviews-110802files/5140c8abfdc9f049260022de.jpg,-2.0844576,-0.612861,3.8519676,1.4115634,-2.4103286,-0.6262533,-10.847915,2.0358033,-2.7489507,-2.0306,2.5892425,-1.5909679,-1.6224854,3.080704,-1.0037546,-3.4887643,-2.4967859,3.8564005,3.5367913,2.812853,-1.0197147,1.7136143,1.2771112,1.5888001,1.0206523,-2.054508,1.1114507,1.2936802,2.5544183,-1.6518536,2.549973,-2.4061584,-2.1042476,1.1782589,-1.2654394,-2.4933317,0.013169946,-1.1199228,-0.66098917,-1.550156,0.9966294,0.036499158,-5.801956,2.1518686,-0.49849808,-0.87060875,-10.054148,-0.95897084,0.594232,-0.37927154
1,/data_nas/huangyj/data/placePulse/rawData/googleviews-110802files/5140c8aafdc9f049260022da.jpg,-3.7254698,-1.1500871,1.9567763,-0.28444806,2.7365382,-1.5877783,-2.6956487,0.914469,-1.272199,0.1886763,3.0238283,-0.47965297,0.15646817,1.1117445,-0.8401562,-2.8422718,-2.707535,0.8395484,1.1503808,2.41296,-0.20857672,0.019737141,-0.5177464,0.68748325,8.455794,-2.6515436,-0.0029818406,0.60148764,6.439808,-1.8024204,1.4197913,-1.8339478,0.7245517,-0.7550455,-7.7213855,-2.5522337,1.4646628,-1.7050302,-2.2996743,0.34882638,-0.66811585,-1.3719101,-2.1133282,0.47941145,-0.6890733,0.29525465,-8.462452,-0.15055162,0.81904507,-0.55728334
1,/data_nas/huangyj/data/placePulse/rawData/googleviews-110802files/51409073fdc9f049260002d0.jpg,-6.169622,0.23914595,0.99652153,0.52531195,-3.961264,-2.4180038,-3.7533553,1.2300166,-2.417475,0.27034625,4.8901796,-1.2563835,0.118743666,1.7373872,-1.393226,-3.835422,-3.1240904,2.1156795,2.6903214,3.3976705,-0.34500054,-0.5197491,-1.286057,1.4226182,9.6036,-2.781561,0.9880488,0.31429693,7.3956966,-1.5505191,2.290203,-1.2979078,1.0624541,-1.3010073,-5.489926,-4.2322745,5.044489,-3.1795752,-2.55836,0.94647574,0.10260353,-2.0584579,-4.650766,0.4903687,-1.5759343,0.42763135,-6.264722,-0.51760405,0.7295558,-0.8850819
0,/data_nas/huangyj/data/placePulse/rawData/googleviews-110802files/50f5eb6afdc9f065f00082db.jpg,-1.5416231,-0.022804707,-3.7361903,-1.256637,-6.8736787,-1.3863454,-5.558666,2.4705799,3.5282085,-1.8741504,-0.73613256,0.29017815,-5.103222,2.82337,-0.69702023,2.1979628,-1.5725625,-1.7493972,-1.51982,-1.764785,1.6439734,1.80019,5.5478573,0.8297808,8.24845,-1.6592733,1.6221141,1.6566259,1.7548941,-1.6530737,-1.3511741,1.4679933,2.1334217,-4.563022,-1.1021315,2.8388214,-3.0681903,-1.4490083,0.357802,-2.6851442,2.2676423,3.3120136,-2.439425,2.5761023,2.2856205,-3.9639888,-12.522944,3.8154464,2.040234,-2.215237
0,/data_nas/huangyj/data/placePulse/rawData/googleviews-110802files/50f5eb64fdc9f065f000826d.jpg,-2.6963332,-3.036852,3.8144474,-0.5441526,-1.8345547,-0.4878861,-14.487527,1.3922648,-0.7129318,-2.3919961,0.5398686,-1.5257194,-4.3063283,1.986486,-1.2820375,-2.5751827,-4.536481,0.46968415,1.397492,0.19933411,-0.75430876,0.5324168,4.310534,0.37677544,-0.49264997,-3.5212247,-1.3725502,3.1524694,-0.43702006,-2.2687638,0.7499053,-2.382322,-1.8271389,-0.30955723,3.0908997,1.2075233,-4.333072,0.15882418,-0.01904001,-3.4494073,-1.091149,0.66710126,-5.2078166,2.203207,-0.16748044,-1.4720316,-11.628783,0.27792272,2.7646792,-0.398829
0,/data_nas/huangyj/data/placePulse/rawData/googleviews-110802files/50f607d1beb2fed6f8000267.jpg,-5.243647,-1.6652722,0.8547736,-2.6816802,11.040641,-3.5989294,-3.601429,0.9443722,1.8751642,0.4339839,-0.5263914,1.326197,-2.2967582,0.38776395,-0.92247474,0.06395827,-3.8587463,-2.4115305,-2.2230053,-1.8644278,0.66878337,-0.47160295,1.7326446,-3.3618665,4.0281425,-4.3433685,-1.6061177,1.5443314,3.943157,-2.6042893,-0.4793077,-0.56992704,3.074544,-3.1813111,-1.0087577,0.37261057,-10.986957,0.6100053,-1.9812115,0.93969846,-1.7812285,-0.54537916,-1.0348185,0.91640526,-0.02408098,-0.9310549,-11.268577,2.5963237,2.9841087,-0.6669914
0,/data_nas/huangyj/data/placePulse/rawData/googleviews-110802files/51392d90818ede1296001265.jpg,-4.771419,-1.6302506,2.567726,1.2217398,-4.434931,0.6436362,-7.145285,2.2964761,-0.94271374,-3.4200354,2.2226937,-3.0942736,-4.1544714,2.7262928,-1.0676049,-3.0800397,-4.124743,2.7341917,3.0397594,0.5560724,-1.0421555,2.016521,5.4340954,0.87103873,1.7562866,-2.3049223,2.194671,3.6177692,-0.60176396,-1.9381778,1.0504221,-1.8735107,-3.0319831,-1.0554212,4.3756237,1.3824112,-5.754098,-1.6499207,1.1182253,-5.5265102,1.3406539,1.9630184,-7.5033174,3.4049318,0.80696076,-1.8874681,-14.665358,0.4445408,2.3703296,-1.7857789
1,/data_nas/huangyj/data/placePulse/rawData/googleviews-110802files/50f56092fdc9f065f000523c.jpg,-9.504786,-1.5948912,1.6858226,1.6569995,-1.3056988,-0.58447623,4.4629226,0.39340356,-1.5854042,0.55514735,5.4521112,-3.4159925,0.08829382,-0.020761803,-0.40833414,-4.2037954,-2.406558,1.9582766,2.1562073,1.5999583,-1.7107472,2.4412043,0.16527374,-0.14024656,6.9076166,-3.161069,4.821938,1.024017,3.66686,-1.1641948,1.1537807,-2.3763175,-0.42155692,-1.4996506,1.8969301,-1.976569,-1.8689369,-3.1162434,-0.8568312,-0.8325361,0.7930011,-1.6385682,-2.8636897,1.7278826,-0.76646864,1.8480033,-6.821491,-0.06999594,1.4058509,-2.5134723
0,/data_nas/huangyj/data/placePulse/rawData/googleviews-110802files/513e2093fdc9f0358700a23f.jpg,-4.08583,0.31049886,1.411765,0.4916832,-12.2441025,-0.931575,-1.8734307,2.3156586,-1.2664415,-2.3031292,3.021997,-0.10452386,-1.0580882,3.3209558,-0.622314,-1.4039979,-2.0677755,2.2886999,3.527412,2.363165,1.4789588,-1.2839639,0.6182137,1.804711,9.130919,-0.024521284,-1.9396797,0.22426555,5.1834197,-1.456561,2.219284,0.4153157,0.30938125,-3.044043,-2.8235762,-1.3669019,7.083453,-3.570483,-0.8279573,-0.82867193,0.7474326,-0.26170483,-5.598666,0.98725694,-0.036149394,-2.5057805,-5.6743345,0.87468624,-0.10601831,0.971371
1,/data_nas/huangyj/data/placePulse/rawData/googleviews-110802files/513cbf14fdc9f03587001235.jpg,-7.3876452,-0.58671594,1.7650416,-0.58176255,8.37429,-3.8010561,5.0346975,1.1454303,-0.9608501,0.3426567,1.8084849,0.2408684,0.9708008,0.5561304,-0.4774518,-2.3373091,-3.909098,0.8825244,0.48982123,-0.76575154,-1.2801671,1.6864692,-0.18165496,-5.6299677,-0.10385402,-3.5388687,2.2362168,0.91299534,3.4133725,-1.4635956,1.2574868,-1.1946388,1.4750329,-0.85749537,3.78611,-3.1204472,-7.1974206,0.21158066,-1.3476118,0.58808905,0.43929216,-0.7803146,-3.7629,2.2976665,0.15302022,0.14029343,-0.73163235,1.1599923,1.4768586,-1.1196605
0,/data_nas/huangyj/data/placePulse/rawData/googleviews-110802files/51409d0cfdc9f0492600127d.jpg,-3.2421944,-2.1412814,5.3797245,2.4863956,-5.2540755,1.1636932,-15.780885,1.665271,-3.0840616,-3.108289,2.7016697,-2.6899633,-2.6490498,2.936709,-0.5933656,-3.3528745,-1.9638219,4.080537,4.591082,2.9777088,-0.9338822,2.1333106,2.2782183,2.5488453,-1.9787862,-1.3993398,0.42621705,1.2342858,-0.46437293,-1.5255631,2.3790772,-3.0486257,-3.6284142,0.46680936,3.7059817,-0.3741508,-0.60394967,-1.3535948,0.9580023,-2.6698868,0.2897315,-0.059668414,-5.1556787,2.3660314,-1.023258,-0.92711,-11.204082,-1.1406839,0.57600915,-0.03470083
0,/data_nas/huangyj/data/placePulse/rawData/googleviews-110802files/513d78bafdc9f03587006273.jpg,-5.511136,-1.5540434,1.9801277,-1.8783197,2.638209,-5.3983135,-1.8763655,0.98336846,-0.13643855,1.455829,1.1438261,1.4589294,-0.9652989,1.2990254,-0.6784113,-2.0891085,-2.9236233,-0.68640584,-0.7320396,-0.13978317,-0.6390645,1.5027409,-1.0265267,-3.0179586,2.4626174,-5.56894,0.239665,0.060776964,6.1449986,-2.2853026,1.3582702,-1.3673153,3.7233818,-0.8041343,0.278377,-3.7856615,-5.113412,0.36491957,-3.13327,3.605645,-0.42409685,-2.2967257,-1.6688616,1.2626028,-0.7338911,0.41207865,-4.4852552,1.4057384,1.8170136,-0.3796295
1,/data_nas/huangyj/data/placePulse/rawData/googleviews-110802files/513d78b9fdc9f03587006272.jpg,-5.5076404,-0.63247865,0.40842032,0.06033499,-9.9085455,-2.2304945,-8.375849,1.5067221,-1.1035361,-0.49567127,3.998678,-0.5314142,-1.3844707,2.4599762,-1.3116047,-2.231931,-2.3080447,1.0306141,2.253927,2.82307,0.4957862,-0.39397126,-0.037535682,2.0833402,10.542613,-2.562309,-0.3249393,0.14883846,6.675237,-1.6713928,2.0188324,-0.46042025,1.7769128,-2.6922348,-4.3317285,-2.6208951,7.7937527,-3.4315422,-1.9951,0.8350445,0.47153914,-1.442739,-3.8780875,0.7528447,-1.0444974,-1.0383102,-5.8789296,0.7401327,0.53311914,-0.2791644
1,/data_nas/huangyj/data/placePulse/rawData/googleviews-110802files/513e1aa5fdc9f0358700927c.jpg,-6.890352,-0.75295883,0.9345992,1.9145278,-3.7484045,1.4230037,-1.9136758,1.3695377,-1.6455418,-2.150706,4.927343,-2.9598186,0.8574015,1.639278,-0.95916617,-2.3627,-2.1945558,2.7340662,3.8074443,2.5459309,-0.01741223,0.45178846,1.4235941,0.693105,10.9380245,0.33595002,2.0308318,1.1308495,4.051491,-0.8861061,1.4298704,-1.2877917,-2.1558363,-2.9678032,-3.4715345,-0.45982897,5.849974,-4.3430877,0.17628448,-3.6660635,1.2360095,0.032519862,-4.52415,1.541434,0.5157566,-0.83143175,-7.4376197,0.37088823,0.23956859,-1.1788828
0,/data_nas/huangyj/data/placePulse/rawData/googleviews-110802files/5140904afdc9f04926000279.jpg,-4.7263474,-4.3533597,1.9840698,-0.23053361,-6.0857115,-1.1491734,-6.015318,2.3262024,2.1080544,-2.1907704,1.6963483,0.01117547,-3.6802764,3.0555837,0.21918899,-0.15801121,-1.1527834,-0.87807375,0.8114336,0.60668105,1.4301244,2.939683,3.6800866,1.957954,10.322548,-3.4347713,-0.5089442,0.75623196,3.7865787,-2.636368,0.53439873,-0.8770257,2.0717664,-4.6611314,-2.9364414,1.8378946,1.0382133,-2.8088355,-0.44167033,-0.91829884,0.63916683,0.32556987,-0.6411022,2.583178,0.84589624,-2.4818556,-10.898084,3.249397,1.1584408,-0.021856502
0,/data_nas/huangyj/data/placePulse/rawData/googleviews-110802files/51392de2818ede1296001279.jpg,-5.8369565,-1.1258268,0.39394063,-0.8898494,12.647942,-1.4949743,-1.7204429,0.57931536,-0.9224131,0.19327149,2.7348056,-1.7031809,1.380171,-0.039010245,-1.8079869,-2.5405607,-4.9525495,-0.67340475,0.18032077,0.037185527,-1.2858145,0.60582787,1.2886835,-3.4333975,6.8789344,-2.8206532,1.9802021,1.7531413,3.3376746,-1.2355875,0.09858269,-2.074482,-0.17014416,-0.87006754,-5.0663176,-1.2258031,0.7471357,-1.0277452,-1.5179226,-2.263878,-0.14215887,-0.46528897,-3.0285583,1.1204549,0.042127892,0.44977605,-0.2590199,0.33837983,2.4342403,-1.931711
1,/data_nas/huangyj/data/placePulse/rawData/googleviews-110802files/51409046fdc9f04926000270.jpg,-7.892299,-1.5671703,1.495954,-0.75293255,7.0874233,-2.8367288,3.0134075,0.657804,-1.4672455,1.0420481,3.8528564,-1.4309506,1.3761951,-0.033699475,-1.1393679,-3.8245397,-4.760204,0.19517577,0.45470497,0.47035214,-1.9593146,1.8502194,-0.08055694,-3.9244158,6.6110077,-4.2763734,3.461996,1.4509499,5.695242,-1.4435593,1.027924,-2.3694034,0.6270056,-0.39567593,-2.1837199,-3.4576113,-1.2960613,-1.1383418,-2.368032,-0.4745105,0.26489684,-1.5227138,-3.4181337,1.6554612,-0.06258562,1.3789037,-2.6099281,0.33265787,2.229024,-2.2206366
0,/data_nas/huangyj/data/placePulse/rawData/googleviews-110802files/50f42ddffdc9f065f0002274.jpg,-4.4675965,-2.3819723,1.6614697,-1.8848115,10.712795,-2.2652636,3.902742,0.9250364,1.325962,0.06372731,0.98492503,0.903794,-0.75103724,0.72760797,-0.48952097,-1.2361269,-3.4357154,-1.5635167,-1.1733485,-0.21028437,0.45335734,0.94455737,1.221746,-2.3317137,7.9261155,-3.7702217,-0.59304523,1.392314,6.5434628,-2.6678631,0.1296088,-1.223722,1.9028198,-2.515669,-6.541343,-0.40956724,-8.582225,-0.35844493,-2.040055,-0.071954094,-1.2446864,-0.53297865,-0.1954002,0.9960622,0.5307785,-0.3764295,-14.00618,1.7752064,2.0891106,-0.90843016
0,/data_nas/huangyj/data/placePulse/rawData/googleviews-110802files/513d78a5fdc9f0358700622d.jpg,-4.7934394,-2.812652,2.021857,-2.3887353,2.4339483,-4.073325,-8.026796,1.7758584,2.1233475,-0.68167067,-0.9056566,1.5431739,-3.6039212,1.854529,-0.42925155,0.47019064,-3.0149362,-1.768714,-1.3284014,-2.0622072,0.7584854,1.4445866,2.7180264,-2.831929,2.3507738,-5.0385327,-1.5926104,1.3356516,2.6941133,-2.702495,0.022797585,-0.39169863,3.119015,-3.1063583,2.7903988,0.37800124,-7.38887,0.5037823,-1.415551,0.96353114,-0.61804795,-0.19538893,-1.8377448,2.21685,0.5299686,-2.0090318,-8.11275,3.4025955,2.5576575,0.1650647
0,/data_nas/huangyj/data/placePulse/rawData/googleviews-110802files/50f43b91fdc9f065f0003227.jpg,-7.1332626,-0.5507581,0.49179667,0.4283571,-0.1127389,-1.8543328,-14.118773,1.2751921,-0.65089345,-0.040010754,3.8198261,-2.0044749,-1.7115961,1.8091519,-1.5178132,-1.7092562,-1.9284073,1.6036333,1.2050542,1.4929537,-0.28304952,1.4392174,1.1026025,0.2153339,8.38893,-3.2909896,2.4716594,1.0128487,5.211384,-1.537517,1.0591114,-1.4423804,0.5003788,-2.4436178,-1.9467117,-1.9829322,-0.22029544,-2.6808662,-1.7259297,-0.25841564,0.9683606,-0.83046424,-3.5495145,1.5286224,-0.41187325,-0.43829027,-12.440041,1.4766546,1.8812687,-1.6579549
0,/data_nas/huangyj/data/placePulse/rawData/googleviews-110802files/513d7d9dfdc9f0358700722a.jpg,0.8147874,0.614363,3.0063834,0.55177563,-1.0213605,-2.0760086,-7.2683554,1.6455353,-2.245871,-0.49818105,0.80091506,0.5219525,-1.3122708,2.600903,-0.51559585,-2.6600025,-0.99916786,3.2798324,1.9081815,2.5391092,-0.41575462,1.303512,-1.0077984,1.4826819,-2.0336998,-2.0106947,0.19656876,-0.10477826,3.6914575,-1.6148565,2.6359098,-1.6660591,-0.16416432,2.1880126,-2.0695796,-3.8243775,-3.7658486,0.5360644,-1.8369416,1.6255766,0.6196674,-0.6344535,-3.515702,1.0442389,-0.75053686,-0.36419687,-10.464137,-1.0406997,-0.19104509,0.31961894
1,/data_nas/huangyj/data/placePulse/rawData/googleviews-110802files/5140d283fdc9f049260032ed.jpg,-3.8100734,0.6285625,0.055324078,-0.33514535,-0.3653246,-2.0254796,-4.803301,0.5575523,-1.8172394,0.76843655,2.6768205,-2.1962693,-1.521997,0.42771277,-2.074735,-4.159512,-4.4831553,1.0363392,0.5361646,0.84077775,-2.2090404,-0.0443796,1.1227833,-0.20065956,2.6513863,-3.7755828,3.194121,2.4493246,2.8992188,-1.2649896,0.8364177,-1.9437004,-0.5428183,1.2283177,-0.4099954,-2.71421,-2.4861937,-0.53558505,-1.7709286,-1.3026923,0.356284,-0.30976483,-5.6307154,1.1345617,-0.75108457,0.8694881,-7.1624646,-1.1354622,2.5511603,-2.7777808
1,/data_nas/huangyj/data/placePulse/rawData/googleviews-110802files/513e20d5fdc9f0358700a2e6.jpg,-1.5245422,-0.9904937,1.6272982,-0.83547604,6.570055,-0.1546776,-11.832141,0.99554497,-0.5328556,-1.2728242,0.54284424,-1.124586,-2.2290382,1.0795658,-1.6919291,-1.6377064,-3.8494074,0.13577041,0.33977446,0.6992366,-0.1690101,-0.7004836,2.8083537,0.16162775,3.64031,-2.049704,-1.0372505,2.5040584,2.1435003,-1.9995667,0.348385,-1.9408273,-1.2339218,-0.60343254,-4.4784102,0.47779167,-4.2044344,-0.04336945,-0.8929825,-2.8489294,-1.2627536,0.8086589,-3.6186678,0.81633276,0.083226606,-1.0455427,-13.504168,0.15943548,2.3456516,-0.82339704
0,/data_nas/huangyj/data/placePulse/rawData/googleviews-110802files/513d78dafdc9f035870062e2.jpg,-4.066166,-1.3198515,0.11057865,-2.8195033,11.350462,-2.5459538,1.2069067,0.031239998,1.0913465,1.0549556,0.13173118,0.96497124,-0.59573954,-0.34440997,-1.5171732,-1.0607736,-4.2650595,-2.605544,-2.3559124,-0.98271817,-0.06954476,-0.6122744,0.8181588,-3.6768274,5.5982804,-3.6711528,-0.63710487,1.6532053,6.013168,-2.301951,-0.35048226,-1.2430325,1.8917793,-1.828728,-4.7782044,-0.620904,-9.6136265,0.7630001,-2.4570518,0.14461392,-1.733983,-0.7351143,-0.39521956,0.11727239,0.23367012,0.07253375,-12.83,1.3073047,2.7189453,-1.4954917
0,/data_nas/huangyj/data/placePulse/rawData/googleviews-110802files/513d7dfafdc9f035870072ec.jpg,-8.918015,-0.031197459,0.018854445,0.8511858,5.8193264,0.45797116,6.7598042,-0.9095936,-1.5456281,1.3706355,3.8772976,-2.757008,1.1275619,-2.2363899,-0.73515934,-2.8883312,-3.0998876,0.37251148,0.66434854,0.71734613,-0.98160523,-1.021206,-0.7849304,-1.6806643,4.1296883,-0.83341545,2.387509,0.79445755,2.2328002,-0.63107365,-0.08845545,-1.6852747,-0.54454094,-2.0412092,2.760752,-0.17261708,-6.494375,-1.7041101,-0.7511935,-0.72240835,-1.358884,-1.4795341,-1.2694448,-0.25143686,-1.1689439,2.1882632,-7.302208,-0.4930185,1.8188448,-2.1790812
1,/data_nas/huangyj/data/placePulse/rawData/googleviews-110802files/51414295fdc9f049260062ef.jpg,-0.7231532,0.41251045,-2.8464258,-2.2678356,2.0168803,-3.0855107,-5.347953,1.7938436,2.3982515,-0.12162945,-0.9333714,0.99951535,-3.359461,1.7392917,-1.3467635,0.7350165,-2.813013,-2.040479,-2.3553874,-1.5693709,0.46620294,1.0561265,3.315657,-0.9474514,5.678195,-3.1685438,1.2152979,1.7405252,3.217587,-1.8338106,-0.7452948,0.5594051,2.545384,-2.0298524,-3.8153284,0.0888105,-4.5072613,0.23416457,-1.2937833,-0.90302724,1.1967628,1.93834,-2.454703,1.7654817,1.3158603,-2.2845497,-9.288367,2.4608345,2.3509705,-2.0269663
0,/data_nas/huangyj/data/placePulse/rawData/googleviews-110802files/513d585dfdc9f035870032eb.jpg,-7.815463,-1.3232045,1.2563164,-0.8933232,4.534974,-2.7195277,8.27487,-0.5639626,-1.6972364,2.011893,2.8104916,-0.94568485,1.7157748,-1.3805718,-1.0014218,-3.8232176,-4.4781237,-1.0206708,-0.1791403,-0.15680236,-2.1171393,0.2658612,-1.3822026,-4.7141223,1.5147605,-3.475782,2.2488477,0.8399002,3.835438,-0.8362058,0.6431627,-2.1957767,1.0487366,-0.112589404,3.1717951,-2.919443,-3.8644395,-0.033619955,-1.9464637,0.70957017,-1.0592982,-2.1486545,-2.0818915,0.8527809,-0.8857435,2.1540737,1.1830373,-0.31371543,2.2049181,-1.7877868
1,/data_nas/huangyj/data/placePulse/rawData/googleviews-110802files/513d7df6fdc9f035870072e4.jpg,-8.668444,-2.1610603,1.766801,-0.059007887,-2.49589,-3.4063368,-2.6722817,1.0237551,-0.96108055,0.9256557,4.332193,-1.7948246,-1.4420184,1.2680467,-0.9927899,-3.936198,-3.4500964,0.45545763,1.1663971,1.0785111,-1.5507243,2.4792907,0.40064514,-0.6491306,6.7121935,-5.562454,3.3798947,1.0749863,5.27247,-1.9476211,1.3765764,-2.210641,1.7720803,-1.5113213,0.8484534,-3.05447,-0.6035624,-2.169962,-2.1725376,0.9179042,0.5826934,-2.0540369,-3.3609104,1.9279013,-1.1838514,1.0047139,-5.323201,0.72901106,2.145803,-2.063408
1,/data_nas/huangyj/data/placePulse/rawData/googleviews-110802files/50f43b90fdc9f065f0003216.jpg,-5.427255,1.7306831,0.5163726,3.3817403,-0.82225,0.32699853,-9.934182,1.4392854,-2.08472,-0.93790764,3.8218787,-2.328266,-0.27801877,2.0868323,-0.3714457,-1.2316041,1.2734264,4.833586,3.5663748,3.141015,0.33686057,2.099531,-0.9287475,2.0224419,2.6644206,0.80709726,3.1956112,-0.9461757,2.835297,-0.55266404,2.0112705,-0.8557721,-1.0816494,-1.5558746,1.0942143,-2.0991979,-2.437019,-2.9490833,-0.114496626,0.45127773,2.2704036,-0.53718305,-2.9300425,1.2374603,-0.7179549,-0.33365518,-12.824741,0.24234688,-0.7284869,-0.71760243
1,/data_nas/huangyj/data/placePulse/rawData/googleviews-110802files/5141387bfdc9f0492600521e.jpg,4.375481,-7.328108,2.2939148,-1.4848838,-6.638405,-0.43614945,2.0479732,-0.96314317,1.9769347,2.2240725,-0.8140431,1.1033299,-1.8927087,-1.6324698,1.8364257,-2.437638,0.23229729,-5.108792,-3.518167,1.350124,-1.3047899,3.8010688,0.023655126,4.7377644,3.1102574,-5.3812013,0.92001873,-0.2935581,1.3021202,-2.0605962,-1.021628,-3.3270812,2.668555,1.7668982,-7.300351,1.4362142,6.180138,0.9251382,-1.1734438,2.3520725,-1.5782666,-1.4514743,7.930762,0.09298836,-1.0271431,2.2567863,3.680561,-1.097133,0.5380916,-1.4816706
0,/data_nas/huangyj/data/placePulse/rawData/googleviews-110802files/513d7d96fdc9f0358700721c.jpg,-2.2859466,-0.9566668,1.3315455,-2.2203302,4.793791,-4.1563406,-2.9338415,1.0761034,0.2586914,0.8666028,-0.219389,1.2130053,-1.9624757,0.9362426,-0.9584711,-1.7742642,-3.811826,-0.9227295,-1.3978364,-0.6657648,-0.6734584,0.28444773,0.73032314,-2.1539192,1.3142523,-4.7974787,-0.20457625,1.4133844,4.1139975,-2.2621164,0.5227423,-1.1295662,2.3498425,0.051594928,-1.3943325,-2.1245062,-7.0931807,1.2686863,-2.4830213,1.3502977,-0.7278837,-0.5815819,-2.5191414,1.2481507,-0.19342321,-0.27815548,-7.571274,0.857797,2.3159568,-0.9124622
1,/data_nas/huangyj/data/placePulse/rawData/googleviews-110802files/50f42dddfdc9f065f000221f.jpg,-1.1133848,-0.909546,3.5717072,-0.22388159,-1.833951,-2.7842886,7.482165,3.6762898,-0.97111696,-2.2022643,1.9516104,0.6411588,-0.282025,4.141771,0.011914631,-3.4000816,-3.3060868,3.2135034,2.455173,1.4740546,-0.7600081,3.7296915,1.8312247,-1.1383516,6.7964706,-3.1800222,2.2578485,1.9438896,7.099124,-2.6274414,3.0305722,-1.5240191,-0.1288991,0.81948906,-6.830768,-3.9794476,-1.0515068,-1.0689207,-2.146754,-1.7832252,2.7951362,1.1832519,-6.485505,3.700263,2.065025,-1.9614505,-9.407756,0.7168101,0.2825268,-0.5555411
0,/data_nas/huangyj/data/placePulse/rawData/googleviews-110802files/50f5eb60fdc9f065f0008218.jpg,-5.537823,0.44523838,1.0758977,-0.38966987,-0.27073407,-4.0168905,3.239731,1.0083162,-1.6401994,1.2068459,2.231023,-0.7549756,-0.22114255,0.65340364,-1.0286132,-3.7315998,-3.6550198,1.3681214,0.56846017,-0.17649364,-2.3091087,1.5490646,-0.3998186,-3.1286056,-0.47403502,-4.1629605,3.863826,1.2666886,3.2191432,-1.1458005,1.4750957,-1.5472343,1.0305955,1.001866,4.127531,-4.3438134,-4.459834,0.059429914,-1.9962748,0.8349319,1.0340708,-0.9009279,-5.193694,2.002479,-0.26898625,0.77695405,-0.64392585,-0.099171415,1.7759662,-1.9270054
0,/data_nas/huangyj/data/placePulse/rawData/googleviews-110802files/513f289bfdc9f0358700d215.jpg,-3.2793038,0.8797504,0.60502285,0.79884726,-1.6716132,-2.554488,-6.024698,1.3651359,-0.5352979,-0.3209981,0.7384858,0.3588355,-1.0277337,2.1192749,-0.26318422,-0.2666308,0.24937789,2.069841,1.0025744,0.6502512,0.25712493,2.2238762,-0.7022147,-1.1347717,-1.2369113,-1.2479448,1.4250814,-0.6793319,2.8197613,-1.105962,1.652549,-0.4847589,1.2086272,-0.9920102,3.5033755,-2.5801196,-4.834855,-0.38821697,-1.0129052,1.878199,1.5192147,-0.3235698,-2.2762663,1.5808835,0.014756475,-0.990171,-6.889207,1.2866904,-0.062325682,-0.12929654
0,/data_nas/huangyj/data/placePulse/rawData/googleviews-110802files/513d789efdc9f03587006210.jpg,-1.1786302,-0.44880614,1.931891,-1.263805,10.695088,-2.7014258,-2.7567244,1.5703602,-0.7593565,0.00568345,1.4519695,0.15364562,-0.45208624,1.6598583,-1.342767,-2.773329,-4.0348573,0.5933881,0.090889566,1.4411803,-0.61089635,0.61738247,0.775257,-0.41243005,6.686824,-3.7933414,0.29708165,1.6574106,6.377742,-2.3962646,1.1827263,-1.9598082,0.7478417,0.67974526,-10.528149,-2.9349859,-3.556624,-0.10678662,-2.8258462,-0.40695605,-0.33032584,-0.0926003,-3.3420143,1.0938457,0.039286233,-0.17194588,-11.151235,-0.08121975,1.7914371,-1.0178719
0,/data_nas/huangyj/data/placePulse/rawData/googleviews-110802files/513d57cbfdc9f03587003214.jpg,-3.8807786,-0.45498666,1.3826126,-0.26102927,-0.33648166,-2.8919063,-13.950668,1.6739888,-0.036892325,-0.28041995,1.1072228,0.042132787,-2.8334184,2.3922358,-0.8606418,-0.7436346,-1.2349801,1.2822655,0.49438703,0.6219863,0.29049385,1.5496305,0.87966114,-0.029739778,2.3313904,-3.2703497,0.34174335,0.4298468,3.6849155,-1.8883225,1.1686431,-0.7897023,1.4124621,-1.4225011,0.7809686,-1.774048,-4.691191,-0.5961912,-1.6059283,1.318225,0.64192116,-0.576978,-2.9316669,1.5555476,-0.36442953,-1.227892,-12.406787,1.657593,1.394646,-0.26239762
0,/data_nas/huangyj/data/placePulse/rawData/googleviews-110802files/514138c3fdc9f049260052ce.jpg,-4.6146855,0.13396484,0.76454884,-0.53639215,-2.9392166,-2.4444256,4.9923277,-0.63448113,-1.6386064,1.3971273,1.2552797,-0.9085922,-0.4177208,-1.0382278,-1.0386553,-3.4829414,-3.4984908,-0.5446298,-0.021880291,-0.45451498,-1.877295,-1.0698478,-0.84338003,-2.0561328,-3.4707239,-2.8331027,1.1763471,1.2091436,0.3081084,-0.54155767,0.5616891,-1.4220573,0.67743254,0.70201033,7.1099777,-2.0771074,-4.4189005,0.5085804,-1.1395864,0.6934277,-1.3104926,-1.2137009,-3.3855388,0.6624518,-1.3161767,1.5850096,2.5898125,-0.8985163,1.9409337,-1.4236476
0,/data_nas/huangyj/data/placePulse/rawData/googleviews-110802files/513ce809fdc9f035870022c1.jpg,-9.209283,-1.3008603,2.2015598,0.5449323,-4.399714,-2.0178611,10.681963,1.005952,-0.6389581,-0.85063726,2.9868288,-1.5095017,0.061386406,0.9634718,-0.29595423,-2.6418397,-2.8134654,1.2909058,1.9981072,-0.8674558,-1.2262224,2.8251193,0.90492785,-4.101147,2.328573,-2.8953793,3.1265986,1.3882414,2.2805953,-1.3402436,1.6010915,-1.2086111,0.13965334,-2.1707232,8.228311,-2.0153632,-4.4977455,-1.7549028,-0.36015162,-1.3198631,1.3561723,-0.41821182,-4.6203527,3.0223038,0.84772015,-0.057041828,-1.358707,1.6260247,1.334915,-1.1380535
1,/data_nas/huangyj/data/placePulse/rawData/googleviews-110802files/513e5fccfdc9f0358700b2c9.jpg,-8.992463,-0.5563255,0.72896683,1.9687135,-5.256014,-0.26688665,-8.113068,1.0035492,-2.3418503,-0.45399532,6.419611,-3.4888783,0.34961444,1.6559345,-1.5320151,-3.4253922,-2.0567741,3.0862656,3.5989044,3.3602765,-0.81611675,1.0268979,0.03788465,1.2239716,11.759943,-1.9075272,3.6761165,0.7449923,6.2193685,-1.0044795,1.9414183,-2.0075557,-1.0231419,-2.509843,-3.1634965,-2.8289745,6.3616977,-4.6655183,-1.1964495,-1.4229813,1.4772813,-1.5339037,-4.568898,1.3848559,-0.73593646,0.3767744,-8.858996,0.09611793,0.7546715,-1.9418498
0,/data_nas/huangyj/data/placePulse/rawData/googleviews-110802files/513d78cffdc9f035870062c0.jpg,-3.0362163,-1.3552104,2.006229,-2.1504745,7.4946284,-2.8459785,-5.408674,0.80945146,0.45039195,0.41763666,0.1745486,1.1097126,-1.7450202,0.85756993,-1.2194664,-1.1903864,-3.2780075,-1.1328105,-1.0460562,0.1382422,0.46123812,-0.7379021,0.48846787,-1.3766525,4.620452,-3.8093936,-2.174871,1.1332818,5.8451996,-2.6518064,0.68050545,-1.3406422,2.0539875,-1.4876392,-4.724922,-1.3241644,-7.8765416,0.4170854,-2.7152276,1.2122923,-1.927975,-1.11556,-1.3211919,0.22889732,-0.4449388,-0.3524952,-14.190462,1.1540343,2.16369,-0.05880149
1,/data_nas/huangyj/data/placePulse/rawData/googleviews-110802files/5140d255fdc9f049260032c4.jpg,1.4599144,0.8955049,-1.2683092,-1.9843464,0.6643054,-2.9926574,-11.354583,1.2547685,-0.17839342,0.36173937,0.13754287,0.26446918,-2.7820306,1.6295712,-2.2095408,-1.8348032,-3.9669087,-0.54750496,-1.1966381,0.6817096,-0.7719742,-0.26455948,1.8950725,0.8507897,4.354456,-3.6544745,0.5580036,2.163096,4.153452,-1.7556729,0.51589775,-0.87428904,1.024454,1.2355074,-7.069036,-2.3523414,-0.23860262,0.56996804,-2.4437284,-0.72435117,0.37616473,1.0515782,-4.359979,0.8527307,0.12985252,-1.1182615,-9.144046,-0.09229191,2.2195284,-1.7435142
0,/data_nas/huangyj/data/placePulse/rawData/googleviews-110802files/50f60c4dbeb2fed910000291.jpg,-3.7304401,-0.8693175,3.2832475,-0.14505304,-3.7401328,-2.030066,-1.2966509,0.7356603,-2.213934,-0.3561332,1.4836667,-1.2120332,-1.2564269,0.97628295,-1.2712833,-4.269166,-3.9617429,1.6965303,1.624925,0.34068155,-2.2190866,0.7857141,0.75981927,-1.9732585,-3.2316024,-3.688331,1.66204,2.067191,1.6525362,-1.6145222,1.9765096,-2.5591624,-1.0710787,1.6178913,5.491513,-2.8803425,-4.946043,0.5071161,-1.1098222,-1.048154,-0.12844843,-0.6161247,-5.7152166,1.9016414,-0.34216812,0.35634485,-4.8205523,-0.91602457,1.7062258,-1.1746515
1,/data_nas/huangyj/data/placePulse/rawData/googleviews-110802files/50f5609afdc9f065f0005299.jpg,-5.233557,-1.4427927,1.1429634,-0.29934672,1.7051411,-1.7064856,2.1935203,0.6880443,-0.84364474,0.9138369,3.5095727,-0.764762,0.04855724,0.4719614,-0.42161578,-3.0779824,-2.754067,0.46092516,0.4796688,2.0824127,-0.44311973,0.8129105,-0.57858574,0.30200738,9.340364,-3.153486,1.5814936,0.65999705,7.3227158,-1.8703088,0.92594844,-1.8056777,1.126408,-1.281102,-6.3570795,-2.423794,-1.655266,-1.8004442,-2.3670723,0.70339644,-0.47142702,-1.4827526,-1.207155,0.5547741,-0.52911806,0.9197875,-11.461308,-0.024400638,1.1727762,-1.653771
1,/data_nas/huangyj/data/placePulse/rawData/googleviews-110802files/50f42de0fdc9f065f0002295.jpg,-5.4397697,-0.087006345,-0.21082413,-0.1626412,9.924874,-0.10304683,2.664026,0.4316436,-0.4005433,0.08780224,2.5693798,-1.9339619,-0.028427444,-0.41826135,-1.2362236,-2.3289087,-3.7420948,0.2848735,0.023481943,0.5595982,-0.6754488,0.26883385,1.4442772,-1.4882445,6.8430924,-1.7537655,2.5671449,1.9529675,4.080524,-1.6729685,0.0070155086,-1.6607156,-0.5663745,-1.6818105,-4.268567,-0.24372923,-7.1482553,-1.2061458,-1.1591728,-2.3859522,-0.3146195,0.31721783,-2.4428773,0.7232957,0.27653053,0.47437963,-13.005455,0.29373446,2.0689492,-2.6846
1,/data_nas/huangyj/data/placePulse/rawData/googleviews-110802files/513e5fa8fdc9f0358700b290.jpg,-2.3642147,0.007514939,1.9665049,1.8188226,0.70804733,0.4467306,-14.903368,2.0787654,-1.0390646,-2.2796888,1.535057,-1.3381405,-2.1648686,2.802147,-0.37500218,-0.45383194,-0.20110251,3.471928,2.528514,2.1308284,0.8148324,1.6648365,1.7177985,1.8959848,1.9868673,0.047359228,0.58801883,0.3721274,1.8117845,-1.324648,1.3829194,-1.1210433,-1.6103404,-1.3694378,-0.7016977,-0.16045532,-3.9344025,-1.441563,0.12422139,-1.4046161,1.1309694,0.76600224,-3.3021317,1.7136457,0.11951193,-1.8140838,-16.390604,0.77348536,0.3196281,-0.07861794
1,/data_nas/huangyj/data/placePulse/rawData/googleviews-110802files/50f463bcfdc9f065f00042f2.jpg,-0.81215674,-0.54733115,2.0120535,0.3190224,3.5818198,-1.5961006,-0.06858202,1.4130661,-1.7163695,0.22872706,3.2099645,-0.44648537,0.0110919215,1.7376935,-0.46117052,-3.9425142,-2.4997234,1.8886057,1.5951654,3.8018749,-0.55050254,0.8631738,-0.7735265,3.1120124,8.791082,-2.746319,1.0237843,0.48222739,7.369053,-1.9692814,1.7190309,-2.0903573,0.6047803,0.87852234,-12.407706,-3.3908944,0.99257773,-1.6364615,-2.546179,0.70905775,-0.07160256,-0.9765785,-2.1822,0.47833076,-0.91451466,0.64295423,-11.320141,-1.390244,0.2882684,-1.1164486
1,/data_nas/huangyj/data/placePulse/rawData/googleviews-110802files/50f463bcfdc9f065f00042fe.jpg,2.1418602,-2.4340184,3.879606,-1.5907654,4.329482,-4.7032766,15.889007,4.3593783,1.5092491,-2.0175312,-0.10323787,2.646491,-0.44485563,4.9631042,1.2976098,-2.2566257,-3.35246,1.7509384,0.2707839,-0.3457814,-0.82925826,6.411774,3.038875,-2.4143229,6.3400245,-5.50457,2.969199,2.1868088,6.9182982,-3.1388197,1.6964338,-1.1905855,1.5084406,1.6962916,-10.110843,-3.8537319,-3.8745074,0.60302776,-2.1628468,-1.443557,3.7399867,2.5502641,-4.37777,5.5875916,3.536428,-2.6333704,-5.6630683,1.6859301,0.69437027,-1.0162246
1,/data_nas/huangyj/data/placePulse/rawData/googleviews-110802files/50f42b50fdc9f065f00012f1.jpg,-8.168689,0.4984875,0.40740585,0.93046427,5.988766,0.037710313,2.873915,0.049505305,-1.7498078,0.20386888,3.4952917,-2.9311593,0.21127714,-1.2007661,-1.0803438,-3.0127926,-3.915961,1.4006181,1.3158802,0.4886428,-1.2129867,-0.6085371,0.6860219,-1.8798901,2.8503408,-1.2023252,2.7930896,1.7793107,1.3336971,-1.0117424,0.3299026,-1.5144062,-1.1470687,-1.5854481,3.2518919,-0.4661746,-6.838662,-1.501186,-0.40754795,-2.1391637,-0.5776109,-0.37744048,-4.0300403,0.8062755,-0.6831707,1.1603402,-7.6537824,-0.28014687,2.0873568,-2.3308277
0,/data_nas/huangyj/data/placePulse/rawData/googleviews-110802files/50f43babfdc9f065f00032f1.jpg,-2.942823,2.2389066,1.1113055,2.8712008,-1.2738128,-0.8653958,-5.441536,1.9931366,-2.4186237,-1.053072,2.4469182,-0.9516225,-0.2858002,2.7900321,-0.27255744,-1.6949635,0.89354885,5.1886806,3.5336728,2.772305,-0.08848674,2.9221904,-1.2069561,1.061151,-1.5514207,0.34262082,3.0582988,-0.9238119,2.8200097,-0.819358,2.8393993,-0.7439755,-0.7533391,0.17970377,2.0061533,-3.4027154,-4.719676,-1.4174223,-0.4625496,1.0766537,2.7334218,-0.22487488,-3.9539926,1.5874552,-0.36513805,-0.64109117,-10.845098,-0.15713683,-1.2226918,-0.18896659
0,/data_nas/huangyj/data/placePulse/rawData/googleviews-110802files/5140d291fdc9f049260032fb.jpg,2.4912639,3.5825307,-3.488526,-0.87043667,-3.0130696,-2.236288,-7.113738,1.676652,-0.65499705,0.11104012,0.36021492,-0.56481194,-3.0816224,1.9889524,-2.17487,-2.015394,-3.366104,1.2285328,-0.62104976,0.81342703,-1.0463266,-0.18983568,2.1476696,1.7617463,2.8643613,-2.0069883,3.220883,2.3240361,3.2727866,-1.0266896,0.4906367,-0.078770936,-0.04325955,1.9122292,-5.2263694,-2.6236665,-2.622042,0.3642399,-1.7216445,-1.6567947,2.1984434,2.2545419,-6.227579,1.1061292,0.46958745,-1.3087426,-11.766905,-0.8146615,1.776923,-3.0479581
1,/data_nas/huangyj/data/placePulse/rawData/googleviews-110802files/514219bafdc9f04926008286.jpg,-5.458165,-1.2049984,1.046862,-0.275629,5.849136,-0.8903136,-3.7745073,1.2000835,0.89637566,-1.047936,0.68174464,-0.282972,-1.6295758,1.0207865,-0.47889006,0.022401568,-1.8447723,0.20788464,0.1272757,-0.47082007,0.79773563,1.0902333,1.8196105,-1.9867052,3.5506926,-1.6009011,0.100239106,0.991884,2.8451912,-1.9567534,0.30080718,-0.8221718,0.52610457,-3.2608492,1.0412716,0.80646783,-9.118411,-0.6827979,-0.51037884,-0.9185941,-0.16233045,0.26016566,-1.5646588,1.4339216,0.6517878,-1.2708371,-13.908815,2.2381425,1.5628235,-0.627006
0,/data_nas/huangyj/data/placePulse/rawData/googleviews-110802files/50f43ba5fdc9f065f0003283.jpg,-10.333949,-1.0040392,1.3535619,0.55850405,2.0177794,-2.1423838,3.916684,0.4365072,-0.051176824,0.6283499,3.001689,-1.2705404,-0.31429282,-0.2062171,0.28449303,-1.3950357,-1.5466188,1.0649472,0.6573399,-0.67850024,-0.4115988,1.7847846,-0.26749295,-3.1996386,2.8553538,-2.6461725,2.7833486,0.331647,2.545235,-1.15677,0.43088505,-0.88633657,1.3800385,-3.1850617,7.228721,-1.1258979,-8.064652,-1.6212404,-0.6022084,1.0106333,0.40771654,-1.2471964,-1.7856753,1.8038751,-0.068828225,0.61170375,-6.202665,1.8993495,1.51249,-1.3324794
0,/data_nas/huangyj/data/placePulse/rawData/googleviews-110802files/50f42b49fdc9f065f0001282.jpg,-7.7187057,-2.4383821,0.7807634,-1.9166577,8.227191,-3.9099777,2.225208,0.94615465,0.8108574,1.2736144,2.2010245,-0.07616937,-0.20797163,0.11802131,-0.5973013,-1.86023,-4.2808723,-1.6262007,-1.4242654,-1.098386,-1.078898,2.2815623,0.9266008,-4.6027164,6.677597,-5.31679,2.7571416,1.4040037,5.5205865,-1.9666443,0.0038816975,-1.5534067,2.4755564,-2.0141423,-1.2368847,-1.9791466,-5.006283,-0.37013832,-2.2595983,0.40385967,0.046613254,-0.9707815,-1.405441,2.0111907,0.39701623,0.46492714,-4.6729364,2.0439076,2.7538128,-2.2510886
0,/data_nas/huangyj/data/placePulse/rawData/googleviews-110802files/50f42b49fdc9f065f000128c.jpg,4.176329,-1.4850618,0.82133913,-0.57758766,3.2526064,-2.4710855,-4.4568048,1.9357436,2.3895237,-1.0390339,-3.2151246,3.9175868,-2.0678115,3.2423964,1.3233987,2.4893413,2.479838,-0.3723225,-1.1590585,0.23832096,2.1150591,4.2086926,0.38689747,0.9119487,-1.9804344,-1.2313362,-1.3941226,-1.8569059,2.3715298,-1.7165121,0.69312143,0.28102577,2.9302611,-0.77831185,-3.6182444,0.058368247,-6.7862105,1.3863236,-0.4138645,3.3556945,1.442225,0.7348045,3.2236297,1.6041787,1.2475966,-2.8140092,-9.282936,2.400528,-1.3405411,1.4789457
0,/data_nas/huangyj/data/placePulse/rawData/googleviews-110802files/513e6d46fdc9f0358700c28f.jpg,-5.4017196,-2.5137455,2.6512766,0.4777694,-3.90842,-0.49097863,-13.7266865,1.5523722,-0.30502257,-2.124259,1.9434608,-2.2933884,-4.3365774,2.2329993,-1.028826,-2.0684214,-3.1931002,1.0664502,1.8078032,0.48184186,-0.3452595,1.4955379,4.0773683,1.0590377,2.5240102,-3.3060687,0.42773744,2.4567473,0.31999606,-2.006663,0.5828113,-1.8284843,-1.0688742,-1.9637613,3.9848523,1.2088964,-4.05472,-1.4723806,0.1998203,-2.8151667,0.07936373,0.48039904,-4.67977,2.4709587,-0.22660539,-1.3659295,-13.133242,1.1348524,2.5321383,-1.0104469
1,/data_nas/huangyj/data/placePulse/rawData/googleviews-110802files/513d6e2efdc9f03587005285.jpg,1.4560525,-1.0839876,4.526506,-0.14670818,4.41579,-1.8101037,8.862802,3.4161246,-1.101311,-2.8870656,1.078902,0.6151088,0.9831615,4.1986966,-0.15449767,-3.1204286,-3.677483,2.9567294,2.5906765,1.2944847,-0.86485267,3.2656384,2.1837575,-1.2675735,4.8785443,-2.2506917,0.96250844,1.9930147,4.455964,-2.2018664,2.4303138,-1.8782287,-1.4387963,2.0986602,-9.290972,-3.1821337,1.8870873,-0.46576536,-1.4741291,-3.1434214,2.414319,1.6631411,-6.1808085,3.759735,2.2060657,-2.0101523,-2.09905,-0.18780512,0.2268666,0.21054375
1,/data_nas/huangyj/data/placePulse/rawData/googleviews-110802files/51414232fdc9f04926006285.jpg,4.8682675,-4.652568,6.157818,-0.026594024,-1.9707601,0.59896034,-10.643785,2.0366526,-0.53222847,-3.3228304,-1.6091751,0.26196918,-4.9137363,2.8382595,0.4458337,-2.4393501,-2.502474,0.48832077,1.5594628,1.7279888,-0.2062534,2.1075819,4.0948415,4.5525074,-3.809081,-2.8944168,-3.027737,1.8504086,-2.1048481,-2.5253768,1.0986174,-3.048433,-1.9654012,1.9660647,-2.5846164,2.237493,-2.833535,1.5265656,0.657907,-2.3852415,-1.348165,1.3610398,-1.894828,2.1966293,-0.23149243,-1.844821,-10.430096,-1.0857692,0.9007183,1.0900096
1,/data_nas/huangyj/data/placePulse/rawData/googleviews-110802files/50f42ddffdc9f065f000225c.jpg,5.3947563,0.0695159,5.1796007,0.70636564,4.1005497,0.23078854,0.07686875,1.8916717,-3.275828,-2.7211907,-0.26070467,-0.23430514,-0.5310241,2.9406734,-0.76895803,-4.192516,-3.4575324,3.5828598,3.2257257,2.7794154,-1.3719013,0.77637106,1.1295439,1.888897,-4.3950024,-0.6988545,-0.83997077,1.8346305,0.5931818,-1.4053435,2.611991,-2.8731139,-3.6350856,4.749379,-6.1311073,-2.387042,-2.2699683,1.4919069,-0.6170312,-2.6717353,0.23507074,1.1759827,-5.935506,1.6280702,0.10251869,-0.7526012,-6.619256,-3.0222087,0.059307475,0.7027844
0,/data_nas/huangyj/data/placePulse/rawData/googleviews-110802files/513d7db5fdc9f03587007255.jpg,-10.349721,-0.8537124,1.1314029,0.4838299,1.748729,-1.881741,7.9503574,-0.23997839,-1.0983999,1.3687973,3.7138317,-2.1949365,0.044003792,-1.2502716,-0.21800771,-3.3290808,-3.2185311,0.45581427,0.68758273,-0.3459282,-1.545977,0.77224123,-0.3873844,-2.805704,2.0208926,-3.1205451,3.3045933,1.0084572,1.7422756,-0.93278897,0.31578487,-1.4528811,0.79213893,-1.8130329,7.338741,-1.3959711,-7.1684804,-1.4165194,-0.68637323,0.28950524,-0.4194111,-1.5824368,-2.715647,1.3545781,-1.0031246,1.8476721,-3.0281801,0.40390658,2.1505742,-2.1348464
0,/data_nas/huangyj/data/placePulse/rawData/googleviews-110802files/51409ceefdc9f0492600125a.jpg,-6.0984154,0.076569505,-2.3838441,-1.6082588,-6.453041,-4.5397,6.854787,1.5370901,1.2575011,0.17627871,1.2606081,-0.2579712,-1.4442322,1.5588839,-1.1670892,-1.199226,-4.04557,-1.3843418,-0.98693484,-2.4101624,-1.2754991,3.3826675,2.4153707,-4.9647756,4.0330324,-4.4759994,4.8057165,1.9893788,3.531973,-1.388393,0.27656788,-0.00817305,2.4088073,-2.0770342,5.1075463,-2.5999818,-2.4276261,-0.6007976,-1.1162589,-1.3237591,2.7547805,1.4409139,-4.799534,3.5269177,1.7964098,-1.3339075,1.0536103,2.7384696,2.420463,-3.3251402
1,/data_nas/huangyj/data/placePulse/rawData/googleviews-110802files/5141420bfdc9f0492600625b.jpg,-5.4799547,-0.98828375,1.1688116,0.46851057,-2.3626502,-1.3368722,-14.648097,1.0733093,-1.0260996,-0.5225831,3.076911,-2.8301115,-4.049795,1.7733165,-2.0084987,-3.4689963,-3.4729059,1.4069772,1.4525232,1.3201954,-1.2184075,0.9285107,2.786718,1.9969351,3.786833,-4.335969,2.120132,2.4212356,2.0329437,-1.9167137,0.9660018,-2.17365,-0.43090716,-0.81980395,1.2636302,-0.7036609,-3.7391412,-1.7898717,-1.0829304,-1.5062091,0.33097103,-0.44337016,-5.1467295,1.6462296,-1.3192933,-0.11960869,-13.794314,0.14110929,2.777026,-2.1570613
0,/data_nas/huangyj/data/placePulse/rawData/googleviews-110802files/50f43ba7fdc9f065f00032ae.jpg,-6.7251654,0.1240543,2.684432,1.9847733,-3.3728786,-0.9058772,2.2082796,1.6559389,-1.4191871,-1.9681289,2.4976726,-1.4033376,-1.3514751,2.1491733,-0.22915798,-2.169717,-1.4591919,3.3096542,3.473953,0.88345385,-0.10012253,1.8711591,0.87176406,-0.5606779,-0.61474985,-1.048658,1.261541,0.6594906,0.69961965,-1.3922005,2.0906823,-0.79536813,-0.5468875,-1.9172106,7.1561146,-1.1024698,-5.9530864,-1.8641261,0.28620288,-0.80849123,1.0225832,-0.23583259,-5.0672493,2.3352847,-0.37389475,-0.9393965,-6.5809574,0.81200445,0.41287476,0.08878667
1,/data_nas/huangyj/data/placePulse/rawData/googleviews-110802files/51413362fdc9f049260042a9.jpg,-2.6665652,-4.0360503,1.0973296,-2.599996,-1.1917402,-4.272641,9.823815,1.0891541,1.8513671,1.1051056,0.66486335,2.1909466,-0.7855362,1.3885229,0.36704996,-1.970195,-2.7727625,-2.7247844,-1.8824161,-0.3098508,-0.55265033,3.5434387,0.28842938,-2.1211941,7.354785,-5.991419,1.3173885,0.46727884,7.681531,-2.6843064,0.5777049,-1.3692616,3.987257,-1.020338,-5.103312,-2.2013326,-2.6427305,0.130256,-2.7106094,2.0971017,0.43133935,-1.1498208,1.408908,2.0107157,0.7470969,-0.032041505,-5.1840754,1.7155411,1.2651132,-1.515106
0,/data_nas/huangyj/data/placePulse/rawData/googleviews-110802files/514138b0fdc9f049260052a5.jpg,-3.6885588,-0.9940267,0.5340698,-1.2804567,-4.21111,-2.0328376,-0.70386887,0.65599626,-0.47612697,-0.52298015,0.5080973,-1.5075959,-2.1545453,0.57157433,-1.8812099,-3.1032326,-5.013497,-0.3824245,-0.08985389,-1.7506126,-2.4885871,1.4033936,3.142107,-3.696076,-1.5336263,-4.054607,3.0939999,3.417658,0.6084455,-1.4683396,0.5685728,-1.824416,-1.0534284,0.886772,6.228897,-1.2796913,-5.080139,0.8619981,-0.6049247,-3.3152895,0.99488014,1.0541214,-6.0881753,2.4626899,1.0846659,-0.46193814,-4.07365,0.35558212,2.748818,-2.6339366
0,/data_nas/huangyj/data/placePulse/rawData/googleviews-110802files/50f5eb67fdc9f065f00082a0.jpg,-1.691387,1.026105,-0.007861974,3.3365543,-2.5170567,1.5597954,-8.46276,3.046148,0.30238748,-3.5096145,0.9188919,-0.62916595,-2.2815108,3.9606848,0.8282764,1.7859799,2.6567435,4.2405424,3.284291,2.2080994,2.4753397,3.2589395,2.0467246,3.1920118,2.2655406,3.0073147,1.1795075,-1.1267691,1.0972815,-0.8382904,1.2609286,0.6632485,-1.042562,-3.3993242,0.42627403,1.580674,-5.5775423,-2.5810997,1.5477719,-1.1002386,3.1861296,1.9736896,-1.7337234,2.1778984,1.2047936,-3.3226876,-18.643297,2.1017613,-1.4708618,0.5340366
1,/data_nas/huangyj/data/placePulse/rawData/googleviews-110802files/51413361fdc9f049260042a4.jpg,-1.6400698,-4.98681,1.5745273,-2.9134245,-6.288819,-2.8811932,-0.38718066,2.1059234,3.9418273,-1.8238049,-1.8380765,2.8619256,-4.312607,2.8719778,0.40651718,1.3547256,-1.6381372,-3.6396437,-1.8242004,-1.9823844,1.6263101,3.1082642,4.0379634,-0.9544571,6.705475,-4.762472,-2.0879827,0.9194843,4.038066,-3.034562,-0.11408436,-0.026366862,3.7009642,-4.106118,-1.2160227,2.2153904,-4.106723,-0.08311697,-0.8451247,0.2368006,0.1466119,0.742379,0.9488786,2.5937634,2.0941827,-3.2379835,-10.478909,4.2215986,1.6423651,0.4541304
1,/data_nas/huangyj/data/placePulse/rawData/googleviews-110802files/514141b9fdc9f04926006201.jpg,4.3013215,0.091001034,2.8424778,-0.026880275,4.6949396,-1.3925629,1.765895,2.5437734,-0.009455377,-2.2895057,-1.8253498,2.5354671,0.06023223,3.6491315,0.6207148,0.38422456,0.15647124,2.5763273,1.0305395,1.0430616,0.9377499,3.0475445,0.3960209,-0.67818964,-1.3591809,0.14209299,-0.70769376,-0.14683488,3.5828893,-1.53117,2.0036602,-0.57601565,-0.5266316,1.4526833,-5.744235,-2.1758242,-6.076702,1.3938041,-0.7404837,-0.0009039473,1.9744477,1.7458111,-1.9347337,2.3195617,2.1723356,-2.5855005,-10.792745,0.6248871,-1.0711663,1.3643723
0,/data_nas/huangyj/data/placePulse/rawData/googleviews-110802files/513d6802fdc9f0358700420b.jpg,-7.041464,-0.39153853,0.40389082,0.035912994,2.384736,-1.1824688,6.2450585,-0.80372053,-1.7721364,1.9095204,3.1703198,-2.159799,0.9119937,-1.8520405,-0.851712,-3.6112356,-3.6107357,-0.32507348,0.1066205,0.27859664,-1.9982353,-0.36734012,-0.91625315,-2.213907,1.7944793,-2.3379874,2.860854,0.9728865,1.911533,-0.34659708,0.09643962,-1.9469258,0.0134078,-0.13332208,3.2950084,-1.7520988,-3.2073083,-0.6712822,-1.2370828,-0.07927369,-1.0502874,-1.5264778,-2.096567,0.30767474,-1.1377653,2.3521535,-0.5742234,-0.9093552,2.1220717,-2.1862094
0,/data_nas/huangyj/data/placePulse/rawData/googleviews-110802files/51409013fdc9f04926000204.jpg,-4.163357,-0.6125765,1.5876731,-1.860922,10.358074,-3.3360324,-4.366692,0.01437084,-0.84030914,1.8507192,0.8684651,0.6762318,0.014920052,-0.34490857,-1.4287964,-1.9668326,-3.5996363,-1.1130639,-1.1330665,0.31683117,-0.54696006,-1.4215479,-1.2652444,-2.4794073,2.584299,-3.7136106,-1.1608509,0.41319618,5.045885,-1.7908512,0.46804163,-1.7720754,2.2216911,-0.37753212,-3.2779932,-2.4774702,-5.8802056,0.7277485,-3.0316906,2.313669,-2.2415931,-2.1019723,-0.94493634,-0.38271865,-1.354481,1.1057787,-6.7313576,0.1716503,2.2138505,-0.5153764
0,/data_nas/huangyj/data/placePulse/rawData/googleviews-110802files/513d6833fdc9f035870042b2.jpg,-5.554338,-0.507064,0.5576743,-1.2493047,-2.594451,-5.1052504,-4.496373,1.6065549,-0.35812083,0.8402676,1.8894982,-0.26637796,-2.2298963,1.8345375,-1.3501506,-2.8734431,-3.7745929,0.14963219,-0.1405527,-0.55979645,-1.7272019,2.5102782,1.0164529,-2.4321947,2.2752845,-5.8341637,3.290898,1.5027053,4.1231756,-1.9016012,1.3032182,-1.313993,2.3132005,-0.15743649,2.753727,-3.7248268,-2.7461493,-0.24542746,-2.4862669,1.135692,1.4404981,-0.6995813,-4.9711137,2.383785,-0.21196572,-0.13434865,-2.7167885,1.2486719,2.41279,-1.9839097
1,/data_nas/huangyj/data/placePulse/rawData/googleviews-110802files/513e5fc6fdc9f0358700b2be.jpg,-5.663822,-0.16339879,-0.4535523,0.6599355,-1.5135555,-0.47782078,-6.8634286,1.4647168,-0.48095858,-1.0014615,3.3615153,-2.6406586,-1.8807442,1.6228958,-1.343486,-1.9958355,-2.7678804,1.5706077,1.3686432,1.1255815,-0.6133905,1.5913862,2.6612651,0.51934,7.8486,-2.1440623,3.4598944,1.9985368,3.5903692,-1.4218345,0.5540977,-1.2645754,-0.7719456,-2.0381365,-1.6601981,-0.63451475,-1.500286,-2.5365617,-0.5219918,-2.731039,1.5189271,0.6934239,-4.4943047,1.9622241,0.43526182,-0.79020846,-12.68666,0.9228066,1.8921777,-2.6360784
0,/data_nas/huangyj/data/placePulse/rawData/googleviews-110802files/50f5eb68fdc9f065f00082b1.jpg,-6.8140554,-0.7804447,-0.0801639,0.6365653,-6.9685097,-1.5359557,-7.8613014,0.7532758,-1.3514794,0.2788109,4.7274947,-2.224862,-1.2053796,1.4126272,-1.4643911,-3.0065403,-2.4557579,1.0856371,1.7838434,2.660314,-0.5764355,0.7079861,0.15519528,1.7717322,9.79263,-3.065913,2.434244,0.61789906,5.6462765,-1.5037116,1.4367411,-1.704269,0.8068479,-2.1336198,-2.8654861,-2.4697256,5.143468,-3.2662485,-1.8182222,-0.056098208,0.70586425,-1.3326224,-3.3225243,0.99839777,-1.0967784,0.18169661,-7.1472144,0.27417395,1.1708885,-1.9122357
1,/data_nas/huangyj/data/placePulse/rawData/googleviews-110802files/50f60c4fbeb2fed9100002bb.jpg,-0.23103683,-0.37598482,1.3163401,-1.0299283,3.653856,-1.8021514,9.824329,2.1197934,-0.25548568,-1.6991956,1.035606,0.36751202,1.2286108,2.6363962,-0.8316368,-2.2999465,-4.4106383,0.5866014,1.0698917,-0.16652204,-0.83382565,1.4719881,2.1856024,-2.2966747,5.783699,-2.1892478,0.8794027,1.9253247,3.2304428,-1.509951,0.7062281,-0.85583866,-0.574744,0.73206884,-6.834213,-1.9219844,3.3849132,-0.70434266,-1.0281868,-3.1725073,1.6308632,1.3819176,-5.036686,2.8099918,1.7456775,-1.5623288,3.1321576,0.20955804,1.1686891,-0.89459026
1,/data_nas/huangyj/data/placePulse/rawData/googleviews-110802files/50f56099fdc9f065f000524e.jpg,-5.0805707,-3.449582,1.5296663,-2.7782743,6.7972174,-5.2897563,8.849555,1.2087799,1.3556365,1.6157264,1.6097671,2.0085793,0.21130423,1.1868082,0.31650734,-2.122505,-3.686189,-1.8272386,-2.0281165,-0.5453928,-0.8030122,3.6006541,-0.1759758,-4.3616843,8.4045515,-6.5594053,2.030058,0.8346848,9.360652,-2.6127594,0.5477604,-1.3802285,3.8509715,-1.0070457,-6.0671782,-3.5748048,-5.622272,0.22629762,-3.203481,2.143592,0.3128045,-1.3329728,0.25704622,2.2130258,1.0184534,0.3481636,-7.6478133,2.0245297,1.8924918,-1.8240907
0,/data_nas/huangyj/data/placePulse/rawData/googleviews-110802files/513d9df2fdc9f0358700824a.jpg,2.5322673,0.2274797,-2.0020902,-3.2254183,1.864969,-3.9067674,4.377961,2.4181662,2.517381,-1.0285072,-2.8567472,2.2912257,-2.0879464,2.6035955,-1.1160523,0.5085463,-3.7290092,-1.530665,-2.7237132,-3.1035707,-0.8754212,3.1922963,4.1569147,-4.720823,1.3401138,-3.8280196,2.9592109,2.7623422,3.2603905,-1.8832908,-0.20316663,0.057289135,1.2348434,0.7090551,-2.558267,-1.5135096,-6.9137974,2.4285102,-1.2092544,-2.4874663,3.119729,3.508381,-4.18939,3.5672405,3.7394862,-3.200833,-6.0749707,2.3865428,2.0367613,-2.4291325
1,/data_nas/huangyj/data/placePulse/rawData/googleviews-110802files/50f5e6fffdc9f065f0006ed3.jpg,-4.765825,-2.144217,1.0713971,-2.6320775,13.110878,-2.7318616,-4.507755,1.1136911,2.2840421,-0.036153834,-0.61279535,1.345489,-2.4931662,0.56762743,-0.9177138,0.4088096,-3.5760927,-2.6250596,-2.104247,-1.4050326,1.3326445,-0.5697126,2.1797101,-2.3612885,5.977872,-3.855372,-2.5046155,1.5226413,4.5548277,-2.9472544,-0.577726,-0.67877096,2.9534502,-3.9983702,-3.8213434,1.3192862,-11.564826,0.21265188,-1.8982297,0.50245667,-2.295303,-0.4069123,-0.2057111,0.54340225,-0.02652647,-1.2390387,-15.224886,2.813744,2.8695376,-0.33643138
0,/data_nas/huangyj/data/placePulse/rawData/googleviews-110802files/514150e2fdc9f04926007e66.jpg,-0.10810439,-2.7813346,3.7934854,-0.8832533,-6.7580714,-2.4290388,-17.703346,2.0142636,-0.82031876,-1.9551985,0.033369556,-0.73297024,-6.61097,2.9427466,-1.5088414,-3.5819461,-4.991017,0.061909087,1.2406137,0.5305346,-1.2983377,1.1202989,4.5901685,2.8415885,-3.0141811,-5.5705004,-1.6738114,3.1744177,-1.5763701,-2.5755646,1.1913611,-2.1730978,-0.37530497,1.2637079,3.2210586,0.31482846,-1.6214944,0.72222745,-0.7594773,-1.836771,-0.7969197,0.63131434,-6.1289253,2.390368,-1.3555272,-1.5645789,-6.9775925,-0.3300878,2.8977225,-0.21610132
0,/data_nas/huangyj/data/placePulse/rawData/googleviews-110802files/50f43aa5fdc9f065f0002e63.jpg,-2.9048705,0.7868535,2.283126,0.23402874,8.286884,-2.3949513,-8.429249,1.1063033,-2.4923115,0.5455841,2.2800672,-0.763799,-0.024115846,1.1755987,-1.5210563,-3.1761765,-2.893285,2.3178003,1.444764,2.0792322,-1.0134703,-0.19593805,-1.0473183,-0.12816101,2.0357144,-2.845373,0.830951,0.5036993,4.2392507,-1.6007476,1.8151362,-2.1917996,0.27611414,1.1197505,-4.552876,-3.8068602,-2.7157273,-0.30810687,-2.5364923,1.009539,-0.40851316,-1.2021445,-3.8645272,0.510539,-1.2929863,0.7571981,-7.3556314,-0.8597527,1.2225602,-0.6581135
1,/data_nas/huangyj/data/placePulse/rawData/googleviews-110802files/513d9ccbfdc9f03587007e6f.jpg,0.81332827,0.18101981,3.8193545,-0.0109035345,1.9435389,-3.1417735,-2.8512585,2.8472166,-2.0249104,-1.2923551,1.1266322,0.978129,-1.7329696,3.5739827,-0.34385046,-3.4502234,-2.9751759,3.2241304,2.3064013,2.7850022,-0.15040617,1.1572039,0.12612614,1.8510591,1.7698835,-3.1367226,-0.779782,0.87468356,5.437977,-2.57587,2.929154,-1.5316163,0.5946494,1.713134,-6.759142,-3.9922316,-3.7740023,-0.0024071895,-2.3887472,0.91959536,0.3788577,-0.01675432,-5.409032,1.8084542,-0.5288689,-1.0664722,-11.592627,-0.78468955,0.43728092,0.5566932
0,/data_nas/huangyj/data/placePulse/rawData/googleviews-110802files/513d6190fdc9f03587003e6a.jpg,-2.8348484,-0.25889707,1.5068398,-0.3019191,-1.4817435,-3.1786292,-11.296997,2.899164,0.46890017,-1.6670841,0.74853796,1.7207032,-1.651984,3.9282756,-0.074023515,1.0875521,-0.2278959,1.650593,1.2504241,0.9119001,1.8863106,1.9079788,0.62575626,-0.5272541,5.7441216,-1.5443301,-1.4559543,-0.60116416,5.5056467,-1.8945495,1.80249,0.46973535,2.1142316,-2.8116443,-3.036446,-1.9463965,0.2853649,-1.4090772,-1.5590887,1.6472552,1.5500717,0.03254319,-2.8029401,2.016017,0.8815468,-3.181513,-9.559285,3.0139093,0.029668603,1.5565438
0,/data_nas/huangyj/data/placePulse/rawData/googleviews-110802files/513e5d9bfdc9f0358700ae3d.jpg,-6.530602,-1.7762657,0.090602264,-2.082171,5.901771,-2.4386015,1.8457409,0.03689943,1.0204605,1.237024,1.1714499,0.06916539,-0.750449,-0.49796203,-0.9773954,-1.2662677,-3.566155,-2.1951137,-1.7832898,-1.1208432,-0.4128577,0.25985518,0.6313897,-3.6559074,5.390894,-3.7472606,0.8854142,1.3261498,5.1429486,-1.9366219,-0.28126448,-1.3362801,1.9690541,-2.4691465,-0.1843434,-0.5734002,-8.323103,-0.045718424,-1.9777464,0.42731863,-1.1424252,-1.1434226,-0.42662084,0.53899217,0.061593886,0.46256593,-10.398729,1.6126795,2.5959558,-1.8913119
0,/data_nas/huangyj/data/placePulse/rawData/googleviews-110802files/514099a3fdc9f04926000e3d.jpg,-6.8868566,-0.31821683,2.3109958,0.8292675,0.28204215,-1.1657857,3.2088935,0.031692185,-1.8386183,0.31629217,2.321738,-1.2326083,0.091534786,-0.2328698,-0.6371823,-2.8657987,-2.186857,1.3530308,1.6437345,0.48960555,-1.0264193,0.2546525,-0.90213495,-2.0486276,-1.3678088,-1.7562951,1.1560509,0.39172712,1.5816735,-1.0542895,1.354474,-1.7539121,-0.027368158,-0.7909154,6.4579153,-1.7702649,-6.4659657,-0.64971215,-0.7263055,0.52091235,-0.7003033,-1.5586311,-2.8584406,0.9314347,-1.0312488,0.984909,-4.4528346,-0.122755125,1.0532405,-0.5628908
1,/data_nas/huangyj/data/placePulse/rawData/googleviews-110802files/513d7c42fdc9f03587006e33.jpg,-8.867011,-0.7587616,1.8402976,1.0101591,-2.1728868,-2.3019307,7.381777,0.36515373,-1.4057336,0.61332273,3.6740017,-1.9123936,-0.61699635,-0.07665259,-0.02894392,-3.5515215,-2.5819888,1.0256181,1.6711019,0.3073369,-1.324293,1.3214681,-0.3887778,-1.0997206,1.3694236,-3.1951883,2.5321753,0.7196102,1.1477966,-0.9578597,0.9798068,-1.3151245,1.0959791,-1.501659,6.866043,-1.991835,-3.8005078,-1.8468689,-0.62235504,0.6568352,-0.16018638,-1.4842672,-3.5570073,1.7905592,-1.3200034,1.4394394,0.82518065,0.24151151,1.6202236,-1.223247
0,/data_nas/huangyj/data/placePulse/rawData/googleviews-110802files/513cd160fdc9f03587001e32.jpg,-5.496536,-3.7908132,0.7832053,-1.4642384,-1.7623576,-0.84714216,-5.459328,1.6461424,2.9483314,-1.9614314,0.06362443,0.1169671,-3.2036903,1.6817207,-0.066064015,1.4229572,-2.0180666,-2.1363266,-0.8733466,-1.8145568,1.3124769,2.2634692,4.43843,-1.8572958,7.793627,-2.7918892,-0.26832098,1.6451524,2.4590123,-2.1815076,-0.8186816,-0.2714009,1.2491943,-5.048173,1.085246,3.016385,-4.155085,-1.2920427,0.20400433,-2.311466,0.26608315,1.2293944,-0.64245623,2.5489535,2.0842059,-2.5974708,-12.072377,4.006651,2.2500024,-0.72733086
1,/data_nas/huangyj/data/placePulse/rawData/googleviews-110802files/513d4c74fdc9f03587002e30.jpg,-0.95595354,2.1354163,-3.376059,-0.18183774,-2.4747858,-1.1904655,-10.838845,1.723392,0.32320714,-0.55944175,1.379038,-1.3075479,-2.5099854,2.10441,-1.842144,-0.32723543,-2.060482,0.79942566,-0.17258164,0.5542101,-0.22757435,1.0848598,2.921816,0.98761684,6.9252625,-1.2751119,3.5543444,1.7459731,3.2476425,-0.89500874,-0.0061651925,0.05203715,-0.043930072,-1.0011417,-4.6035657,-1.015098,0.45888016,-1.3645854,-0.79631466,-2.5122445,2.5738237,2.2657292,-4.5286064,1.667643,1.1028383,-2.0116906,-11.152595,1.0548494,1.590518,-2.9255292
0,/data_nas/huangyj/data/placePulse/rawData/googleviews-110802files/50f5e6fcfdc9f065f0006e7e.jpg,-8.027975,-1.2947884,0.48960415,1.2248356,-6.168804,-1.8649384,-0.3766996,1.9744965,-0.42633173,-0.7714144,4.7745514,-2.6381204,-2.0668156,2.4367566,-0.759264,-3.002039,-2.6297145,1.4644303,2.4173815,1.3776821,-0.6797014,3.1213925,2.2417297,1.2326186,9.746626,-3.781859,4.190018,1.3131994,4.053525,-1.7569939,1.2092855,-1.271427,0.8516612,-2.9432416,-0.43466988,-1.5210099,2.1616864,-3.8083513,-0.91811436,-1.4252601,2.1207674,-0.21176608,-4.4566836,2.710393,-0.19735625,-0.48868084,-5.9291196,1.4195957,1.4321095,-2.3133883
0,/data_nas/huangyj/data/placePulse/rawData/googleviews-110802files/5140ccbbfdc9f04926002e7e.jpg,-9.665496,-2.4060931,1.3751931,0.5499036,-5.1328197,-1.5460699,-4.0484147,0.5974836,0.6058215,-0.31356433,2.9137924,-1.7858382,-1.6869873,0.9552685,-0.3012985,-0.94459486,-0.9774125,0.4605192,0.9150373,-0.68417233,-0.45294595,3.451647,1.4142029,-2.2176178,4.604489,-3.375176,3.1126745,0.59540343,2.4791474,-1.3956381,0.392579,-1.1835045,0.7494728,-3.5512896,7.25708,-0.34583893,-3.7443495,-2.1781003,-0.24560751,-0.10075557,1.304335,-0.8632668,-1.6939887,2.4828198,0.52300024,-0.1475999,-7.648324,2.5795307,1.6972483,-1.3618312
0,/data_nas/huangyj/data/placePulse/rawData/googleviews-110802files/513d7c5afdc9f03587006e7c.jpg,-3.0686183,-0.31895313,2.8285873,2.2773256,-3.6890268,-0.2944802,-10.720722,1.4441726,-2.0628319,-1.3014485,2.4383645,-1.5901507,-1.9712609,2.416081,-0.29281357,-2.2665691,-0.09099621,3.4936821,3.199353,2.628703,-0.20673734,2.0605228,0.19385272,2.5928404,-0.7551186,-1.2111089,1.2239903,-0.15500528,1.1047063,-1.2071223,2.0782158,-1.7043467,-1.0159581,-0.12232613,2.3236043,-1.5799159,-1.9113383,-1.4535109,-0.13308415,0.27331424,0.92921203,-0.60033655,-3.1208992,1.4798908,-1.2070948,-0.3990756,-9.5220785,-0.34266925,-0.09223021,-0.08852892
1,/data_nas/huangyj/data/placePulse/rawData/googleviews-110802files/50f55eb1fdc9f065f0004e2d.jpg,-3.7535865,2.730656,-4.7518964,0.4760053,-6.9014254,-1.7622712,-7.977263,1.6653969,-0.18234819,0.18256672,3.2753153,-2.4454303,-2.1223245,2.0862954,-2.1615286,-1.3557991,-2.2455356,1.3908632,0.29100126,0.7755001,-1.2129866,2.363355,2.493676,0.49453747,8.503999,-2.0282307,6.973855,1.6995429,4.3620596,-0.63312733,0.29024255,-0.07451038,0.19482599,-1.2624913,-2.4280927,-2.4765966,1.9552512,-2.4490097,-0.91264904,-2.3992145,4.020158,1.9548564,-5.5195804,2.2885134,0.93603945,-1.2642915,-9.401863,0.9055644,1.6608851,-4.597014
0,/data_nas/huangyj/data/placePulse/rawData/googleviews-110802files/513f2fc0fdc9f0358700de23.jpg,-4.427697,-0.74659234,2.3813639,-1.3130127,3.0962958,-5.146434,-6.238154,1.6475508,-1.5606536,1.1606945,2.274643,0.31784227,-0.4497329,1.9647493,-1.4289998,-3.521109,-3.7526793,1.0850381,0.35434726,0.8280278,-1.7738193,2.0269532,-0.72644264,-2.456559,3.3176062,-5.750804,2.1367316,0.812725,6.4024963,-2.0765128,2.116539,-2.1636777,2.0126421,1.175826,-2.6264887,-5.4132695,-0.94065577,0.07423741,-3.5952106,2.1638753,0.71851975,-1.7714834,-4.432916,1.7569089,-0.46914405,0.5063726,-3.4829605,0.33980343,1.8207233,-0.93467957
0,/data_nas/huangyj/data/placePulse/rawData/googleviews-110802files/514150c5fdc9f04926007e22.jpg,-7.2810693,-1.6841594,0.27491617,-0.42843103,-11.184803,-2.3473003,-11.255769,1.2581341,-0.6252575,-0.746597,4.1637692,-0.74706376,-1.1389062,2.5081375,-1.7335653,-1.6824445,-2.6813223,0.01962354,1.9938741,1.8900607,0.2946718,0.40140885,0.75998884,0.08388914,11.639581,-3.0606291,0.0012727315,0.44677496,6.591639,-1.6549776,1.8358715,-0.701393,1.7145984,-3.6012743,-2.584623,-2.3025258,10.441091,-3.7123692,-1.707537,-0.12135098,0.8808333,-1.2590712,-3.9627504,1.34489,-0.33118567,-1.499798,-2.8309066,1.7604862,0.9068059,-0.43139887
1,/data_nas/huangyj/data/placePulse/rawData/googleviews-110802files/513e5d94fdc9f0358700ae2b.jpg,-8.683388,-0.12746586,2.1302686,2.1285965,0.35000974,0.16700049,1.0188956,0.17644008,-2.2255082,0.066648714,4.259307,-3.3864443,-0.5231531,-0.5192977,-0.45416036,-3.5983794,-2.196123,2.8078303,2.5261242,1.3799512,-1.1850415,0.32899237,0.0391598,0.12337007,1.7261909,-1.572777,2.948684,1.0334873,0.92139196,-0.9600682,0.9860764,-1.936842,-1.1970547,-1.3799747,5.6931276,-0.92246294,-6.064936,-2.2796414,-0.16013174,-0.8706862,-0.34362492,-1.2087679,-3.7513776,1.0706085,-1.3110362,1.5388043,-8.47076,-0.56566405,1.5021464,-1.6865655
1,/data_nas/huangyj/data/placePulse/rawData/googleviews-110802files/513d9cecfdc9f03587007ee1.jpg,0.13265283,0.67845196,2.3008385,-0.4694116,10.278608,-3.490038,-2.5904484,2.3595505,-0.7470303,-0.5491405,0.3688416,1.2685885,-1.7830782,2.9687853,-0.74221754,-2.2526753,-2.6064916,2.0252144,0.8283288,1.7822046,0.31411493,1.2086445,0.3262331,0.78938544,2.199249,-3.3022652,-0.66419184,0.6583216,5.8395696,-2.76184,2.0003679,-1.1848023,1.6298777,0.5397153,-7.8992176,-3.1905355,-9.722173,0.3835107,-2.6100426,1.4748831,0.1175171,0.07976693,-3.6006358,1.2557428,-0.45574686,-0.94609433,-15.824154,0.21206117,0.97605765,0.0372639
1,/data_nas/huangyj/data/placePulse/rawData/googleviews-110802files/513e1f5cfdc9f03587009ee9.jpg,-9.355246,-1.7871035,0.9240279,1.2277342,-6.203036,-1.6387138,-8.268644,0.89685225,-1.556081,0.23648031,5.989936,-2.9150429,-0.6138879,1.687473,-1.3755761,-3.466087,-2.1238592,1.6540895,2.5639358,2.7153049,-0.98705494,2.0936036,0.08709472,1.0392059,11.055897,-3.7649992,3.7309077,0.5423848,6.3341875,-1.3769143,1.726188,-2.2344341,0.5051316,-2.5745838,-1.9548118,-2.976372,5.581913,-4.109911,-1.7159452,-0.045252383,1.3500252,-2.0316625,-3.3548758,1.6774012,-0.9997977,0.6452932,-7.1531625,0.64869833,1.1869375,-2.0057151
1,/data_nas/huangyj/data/placePulse/rawData/googleviews-110802files/513cbb7cfdc9f03587000ee4.jpg,0.54956985,1.3011127,1.8037893,0.92176455,7.558746,-1.871684,7.6665545,2.3593466,-1.8733522,-0.6661854,2.6619954,-0.8694201,-0.6587103,2.5059562,-0.61748946,-4.7131877,-3.7328498,3.065065,2.2377563,3.0264254,-1.0287188,1.5435029,0.8992847,3.147985,5.559991,-2.5820312,2.0923247,1.4887313,4.6539164,-2.0395582,1.7102932,-1.5765133,-0.05409726,1.9243339,-11.149505,-3.0655966,-3.3575547,-1.2814168,-1.887054,-0.9095125,1.0672885,0.7338419,-5.210227,1.6791677,-0.56768167,0.15610926,-9.381699,-1.7346838,0.66026294,-1.4168067
0,/data_nas/huangyj/data/placePulse/rawData/googleviews-110802files/51409989fdc9f04926000e1d.jpg,-1.6423645,-3.132834,2.2330377,-2.003597,-1.8667678,-3.2884345,-2.0533729,1.6053013,1.5421635,-0.3410071,-0.01601336,2.3869514,-2.1547494,2.2285347,0.046236575,-0.3452828,-1.5800209,-1.7808913,-0.773824,0.3819561,1.1491501,1.3674624,0.72626346,0.06964097,6.800224,-3.9778829,-2.3656979,0.011195183,6.077827,-2.6114988,0.98130673,-0.72287524,3.4070542,-2.1756117,-5.3255486,-0.9474731,-1.2371123,-0.32437912,-2.2526824,2.1831453,-0.63989604,-0.9652295,0.37184772,1.2154483,0.3152885,-1.4495424,-8.582985,2.112996,0.9708688,0.86268586
0,/data_nas/huangyj/data/placePulse/rawData/googleviews-110802files/5140dac0fdc9f04926003e1f.jpg,-10.652733,-0.51244617,1.3103495,1.093033,-0.21580614,-1.3969373,11.517974,0.0041084476,-1.3279618,0.49329576,4.1721563,-2.6969407,0.2450878,-0.85272336,-0.08994611,-3.449592,-3.181584,1.2133716,1.6134765,-0.43575788,-1.5851982,1.2866772,0.084498845,-2.657872,1.862009,-2.5463793,3.478244,1.3052391,0.47334942,-0.65850526,0.56985885,-1.145466,0.09548552,-1.9869163,8.701554,-1.2980623,-5.759093,-2.0527697,0.00227878,-0.8725702,0.13403103,-0.93280095,-4.0600038,2.051234,-0.5909531,1.5566366,-0.15788609,0.5200389,1.921275,-1.8807527
0,/data_nas/huangyj/data/placePulse/rawData/googleviews-110802files/50f563b6fdc9f065f0005e10.jpg,-3.1019564,-4.2514277,2.232419,-1.2055928,1.4482156,-0.8633514,-5.1098,1.5749909,2.580859,-1.8523624,-0.080490805,1.0930233,-2.3852098,2.005226,0.20179182,1.1322186,-1.197511,-2.034563,-0.4736398,-0.505137,1.7563504,1.8394066,3.0932,-0.16802786,7.8614593,-2.5871253,-2.3070536,0.6833396,2.9733868,-2.4054544,-0.25298473,-0.7085025,1.6829649,-4.1936846,-3.7262728,2.4303696,-1.4503561,-1.1885402,-0.28369826,-0.901883,-0.63346523,0.40630916,0.9661323,1.9098942,1.3098097,-2.3844023,-9.533751,3.1655195,1.2581818,0.6463961
0,/data_nas/huangyj/data/placePulse/rawData/googleviews-110802files/50f5e6c9fdc9f065f0006e14.jpg,-4.954842,-2.9236255,1.4961478,-1.9745905,-6.9594607,-4.5575047,-10.387947,2.5197515,2.341234,-1.1802734,0.47077936,2.163425,-4.4898515,3.581496,-0.36042204,0.6550801,-1.7699815,-1.5006254,-0.18948963,-0.40633494,2.0483785,1.4896157,2.3415132,0.21364425,8.160424,-4.795571,-2.9741251,0.22811303,5.479529,-2.8070943,0.9030997,0.6527527,4.596119,-4.68651,-0.69244856,-0.19357415,-0.36955506,-1.6098285,-1.9799076,2.4115548,0.010785572,-0.79364866,-1.7970462,2.026953,0.20960735,-3.0980718,-9.294481,4.080882,1.6651806,1.3060998
1,/data_nas/huangyj/data/placePulse/rawData/googleviews-110802files/513e5dcffdc9f0358700aecd.jpg,-7.3930893,0.29583272,-2.1145923,1.4640653,-6.7526183,-0.28223604,-12.474101,0.9467307,-1.0999402,-0.15924916,5.3494864,-3.7938375,-0.8771319,1.6350561,-2.04929,-1.9159843,-1.7646445,1.7962029,1.9993408,2.1024494,-1.0946486,2.2085254,1.6563976,0.8309599,11.13982,-1.8187767,5.7045536,1.2030987,4.7613125,-0.60013384,0.8218299,-1.480149,-0.82876116,-2.5269978,-2.297605,-1.9506388,6.5854425,-4.0073247,-0.6470347,-2.5459862,2.7850714,0.14752449,-4.1480193,1.9078299,0.12568587,-0.38254032,-8.321527,0.86401695,1.3045753,-3.5468214
0,/data_nas/huangyj/data/placePulse/rawData/googleviews-110802files/5141510cfdc9f04926007ec7.jpg,-6.6403937,-1.9900262,1.7269031,0.01810604,-4.2414827,-2.106298,4.4554276,0.7420045,-1.1469454,0.54527783,3.824944,-1.5082448,-0.020567428,0.79443944,-0.6452683,-3.8621745,-3.1139455,0.40212613,1.292805,1.2281754,-1.4947518,2.1553445,-0.0036689616,-1.0131692,6.533726,-3.9266074,3.1522803,0.9468995,5.1592226,-1.5703818,1.4392782,-2.1460407,0.6837808,-0.72720534,-0.34406844,-2.8702645,1.1803839,-1.8972903,-1.8262933,-0.090594076,0.6788358,-1.5673211,-2.7993414,1.6719055,-0.40313703,0.9843586,-3.2461767,0.12748113,1.2822593,-1.8483237
0,/data_nas/huangyj/data/placePulse/rawData/googleviews-110802files/50f5eaf4fdc9f065f0007ec5.jpg,-4.7199492,1.257151,2.0808377,1.2555101,1.5585884,-2.5004845,-1.9716113,1.4135675,-2.4420846,0.06516738,2.3715541,-0.5699034,0.26252496,1.538425,-0.7517485,-2.791756,-1.4691768,3.522832,2.3627896,1.4662669,-1.061964,1.5610157,-1.4534911,-1.3958681,-1.4844887,-1.8526608,2.3340533,-0.056185268,3.0449142,-1.12818,2.458473,-1.3776884,0.2462381,0.54955846,2.9832513,-4.1071467,-4.48281,-0.5689204,-1.4728149,1.4520487,1.1296265,-1.0894334,-4.6085186,1.4834346,-0.6711741,0.22294682,-4.6283145,-0.2490828,0.16250536,-0.2929191
1,/data_nas/huangyj/data/placePulse/rawData/googleviews-110802files/5141375efdc9f04926004ec0.jpg,-5.343493,-1.8071624,1.2639426,-1.1044625,1.2613392,-3.4847848,-12.814804,2.5420487,0.75327426,-1.0989842,2.2480774,0.31742662,-1.7357773,3.1516044,-0.9423356,-0.26268786,-2.528675,0.20971757,0.6143655,0.5565884,0.77737695,1.8072926,2.0749643,-1.1476142,10.652163,-3.8963096,-0.09174568,0.9813144,6.33584,-2.245552,1.1738799,-0.6141077,2.1622834,-3.2641451,-5.682575,-1.7848403,3.2714047,-2.2311888,-2.1232216,-0.17333156,0.96167606,0.008274877,-3.5033827,2.328003,0.895059,-2.370563,-7.6379943,3.155338,1.5711149,-0.08004632
0,/data_nas/huangyj/data/placePulse/rawData/googleviews-110802files/513d7c65fdc9f03587006e9d.jpg,-6.5864425,-3.00888,0.7243278,-2.4860547,9.259088,-3.6424875,6.568891,-0.28906086,0.49770755,2.6370065,2.3600156,0.43452927,0.9437131,-0.8197428,-0.6151347,-2.6453671,-4.165997,-2.7199285,-2.25876,-0.2320936,-1.2824107,1.4663835,-0.848514,-4.153984,7.824578,-5.4038396,1.9068733,0.7730678,7.845511,-1.9055797,-0.18079686,-2.1479964,2.820896,-1.082195,-5.004254,-2.577303,-4.9445004,0.092968285,-3.137261,1.6514744,-1.1687593,-2.2409751,1.1851404,0.6344908,-0.25378186,1.8514023,-6.2808266,0.8292606,2.4860182,-2.3394628
0,/data_nas/huangyj/data/placePulse/rawData/googleviews-110802files/50f5e700fdc9f065f0006ef6.jpg,-0.92031205,0.5026041,-1.0831068,-1.0418468,-5.5441375,-2.3486838,0.25555626,1.5065699,-0.49684444,-0.1161011,1.5714214,-0.2062118,-1.6908709,1.8297099,-1.5192125,-2.5376117,-3.8171723,-0.20270649,0.2628026,1.0680866,-0.74709046,0.5899321,1.4500954,0.834056,6.1253104,-2.8460178,1.5718808,1.6492834,4.468987,-1.6823831,0.91787916,-0.67620254,1.0429457,0.05508042,-4.883212,-2.2382255,2.60416,-0.8752573,-1.9717972,-1.0109767,1.1234838,0.61443317,-4.3232694,1.242338,-0.026730727,-0.8652023,-4.2640014,-0.044215728,1.4056281,-1.9164977
1,/data_nas/huangyj/data/placePulse/rawData/googleviews-110802files/5140b9c0fdc9f04926001ef7.jpg,-0.65391046,-0.4161153,1.5311086,-1.1440889,7.88296,-2.9074943,2.6406467,1.6458502,-0.53770286,0.27456498,1.8048861,0.8996819,-0.24624929,1.8022455,-0.5170804,-2.8385978,-3.3626623,0.78515667,0.047788464,2.166441,-0.1635131,0.92719305,-0.031437226,0.62803835,8.6035185,-3.5450063,0.36189938,1.0358787,8.339388,-2.4599688,1.1473538,-1.3743448,1.4971739,0.34167352,-12.492176,-3.285835,-3.814971,-0.5317865,-2.8884304,0.73868936,-0.28854465,-0.23591499,-2.2830381,0.91223353,0.13089246,-0.11859737,-13.810614,-0.22107445,1.0995,-1.0908692
0,/data_nas/huangyj/data/placePulse/rawData/googleviews-110802files/513d7c7bfdc9f03587006ef0.jpg,-7.5606627,-0.5842483,1.282531,-0.15927997,-3.6960576,-3.8176043,6.5718427,0.28750083,-1.2139322,1.676773,2.6392138,-1.3061275,-0.33067703,-0.13789007,-0.39930648,-3.693384,-2.9474528,0.4623968,0.2913652,-0.5107874,-2.2577868,1.8203388,-0.8501426,-3.08286,-0.5208203,-4.4151015,4.040219,0.9905255,2.5354283,-0.98657113,1.0847378,-1.7604918,1.5051367,0.01347054,7.4631805,-3.6527205,-4.743604,-0.42661998,-1.6480856,1.3526076,0.49444506,-1.3788254,-3.675636,2.004857,-0.5958158,1.56578,1.2389238,0.18100931,1.9273094,-2.106572
1,/data_nas/huangyj/data/placePulse/rawData/googleviews-110802files/513f301bfdc9f0358700de8d.jpg,-2.405388,0.07358013,1.1905768,0.7484242,-0.5799628,-0.8681142,-8.556117,1.649576,-2.1542459,-0.8281072,3.9032102,-1.4064118,0.56093276,2.0892565,-1.2102872,-2.9282823,-2.479105,2.4280517,2.7233572,3.5991862,-0.3439418,-0.2743146,-0.024633026,1.9706331,10.251578,-1.276144,0.92039365,0.66122335,5.846695,-1.2926239,2.0462248,-1.6417012,-0.41963154,-0.4166304,-10.149878,-3.0695488,9.240994,-2.8642945,-1.7430918,-1.241004,0.70505977,-0.3117011,-4.33614,0.7563212,-0.31484398,-0.60933566,-4.337254,-0.6221637,0.03716646,-0.78414184
0,/data_nas/huangyj/data/placePulse/rawData/googleviews-110802files/513d61a1fdc9f03587003e83.jpg,0.46356907,-1.9808868,2.4231694,-2.1483078,0.05455692,-3.900988,-13.167937,2.056399,0.90808356,-0.7323369,-1.075081,1.5890771,-4.784516,2.7433133,-0.87632596,-1.1165209,-3.2830982,-0.87410676,-0.85563153,-0.09574132,0.2053569,0.94724494,2.6815207,1.0374511,1.1890739,-5.172981,-2.3248322,1.6653353,2.56872,-2.7725718,0.7827081,-0.94046974,2.2042642,-0.09340254,-2.5083222,-0.73490494,-4.007932,1.0603167,-2.0080297,0.83789563,-0.71644545,0.27265352,-3.04565,1.737281,-0.2811725,-1.9580556,-9.836274,1.3077971,2.2737572,0.38618454
0,/data_nas/huangyj/data/placePulse/rawData/googleviews-110802files/50f5e6fcfdc9f065f0006e8e.jpg,-1.9611672,-0.33117932,-1.3457221,-1.1926922,-5.048597,-1.9257218,-11.458098,0.73351026,-0.20590833,-0.054970335,0.9702932,-2.1715238,-4.9035435,1.2015469,-2.6041117,-3.444708,-4.925814,-0.57368326,-0.5783372,-0.52545387,-2.217849,0.64976984,4.067257,0.7331988,0.71428233,-4.8036175,2.9207032,3.7639813,0.44108257,-1.6495754,0.0767285,-1.6614381,-0.49978423,1.0539238,2.4198048,-0.37284854,-4.4013295,0.25301972,-0.87807816,-2.865932,0.90777963,1.0896744,-6.036979,1.824345,-0.28009254,-0.50026536,-10.29079,-0.28971967,3.4291284,-3.3152876
0,/data_nas/huangyj/data/placePulse/rawData/googleviews-110802files/513d61a6fdc9f03587003e89.jpg,3.0188706,0.7345393,2.3238196,2.9533947,-5.1034727,0.94892144,-8.4901,2.5869055,-1.555764,-2.5864875,0.3574011,-0.010729758,-2.443092,3.6631048,0.9228505,-0.48315626,2.125483,4.4203615,3.382071,3.6001694,1.3188959,2.3457503,0.28328198,5.539631,-2.429444,1.686587,0.036230147,-1.3392432,0.31148165,-0.8414356,2.119466,-0.73964876,-1.3357332,0.6143891,-1.7908853,-0.40241003,-2.20428,-0.8363969,0.625133,0.6339147,1.8242639,0.94858474,-1.7071904,1.2252185,-0.5074818,-1.9192963,-12.96076,-0.6690278,-1.8172224,1.0249581
0,/data_nas/huangyj/data/placePulse/rawData/googleviews-110802files/513f2fdffdc9f0358700de56.jpg,-1.5301957,-1.7664548,0.17248738,-2.4245236,5.738143,-5.7004967,8.572649,1.6663222,0.9101568,1.5501245,0.9999933,1.9678637,0.40129888,1.5858411,0.13048884,-2.2783818,-4.0509253,-1.3750235,-1.8889205,-0.12719138,-1.1610569,2.9621704,-0.061732247,-2.793811,6.4247766,-5.874539,2.4331589,0.8365425,7.2578287,-2.1260037,0.31691664,-1.0430603,3.836998,0.5817341,-7.867509,-4.1767035,-0.8571107,0.5123575,-2.9938116,1.7726377,0.9673526,-0.33245894,-0.9545508,2.482725,0.6668995,0.03840129,0.62504387,0.86726993,1.6560625,-2.108313
0,/data_nas/huangyj/data/placePulse/rawData/googleviews-110802files/513d4d8bfdc9f03587002e57.jpg,-6.3744326,-2.2879665,1.2204052,-0.8491581,-4.178111,-2.2366982,5.576186,-0.8419473,-0.74358815,1.6791508,2.0429156,-1.308535,0.29914448,-1.2416788,-0.67038953,-3.1973987,-2.9883606,-1.6995428,-0.6078831,-0.67598826,-2.25054,1.6154461,-0.5417406,-3.4898372,0.8015728,-3.9074316,2.9014661,0.9590629,2.3300886,-0.7415504,0.35767874,-2.3553631,0.7792442,0.049303517,5.6521893,-2.145225,-1.109868,-0.018583663,-1.4963857,0.33541685,-0.35030237,-1.5768507,-1.157345,1.1943525,-0.3240267,2.0459483,2.8401089,0.036480796,2.029607,-1.9455962
0,/data_nas/huangyj/data/placePulse/rawData/googleviews-110802files/513d4d6cfdc9f03587002e51.jpg,-2.3381913,-0.9367114,0.8300861,-2.3144357,2.5964313,-4.276052,-9.9396,1.7909805,1.3905,0.0664713,-0.31023958,1.4343134,-3.4719734,2.1358643,-1.0477177,-0.36070314,-2.9174113,-0.9793872,-1.3976885,-0.62907636,0.53165954,0.69934964,1.820853,-0.8667407,4.36021,-4.713268,-1.0804101,1.2866458,4.74611,-2.5151246,0.39984244,-0.29189605,2.9213033,-1.5795637,-2.74732,-1.3553337,-5.8667526,0.35736874,-2.47135,1.3581408,-0.22943476,-0.11426072,-2.6323066,1.4526197,0.16736063,-1.5987864,-11.836344,2.2358994,2.4130347,-0.33183837
0,/data_nas/huangyj/data/placePulse/rawData/googleviews-110802files/50f44854fdc9f065f0003e58.jpg,6.998966,-2.5540526,6.287743,-0.1746084,-0.6356252,-1.558971,2.9121206,3.1734478,-0.9374842,-3.1543984,-2.4442098,2.3357356,-2.337119,4.480826,0.9663327,-2.544644,-1.3948631,2.743335,1.9027002,1.5432345,-0.44258374,4.373817,1.9379739,1.3740404,-5.675031,-2.6931334,-0.7239463,1.129584,2.0394852,-2.5688102,2.9876301,-2.5746005,-1.3517522,4.0483704,-4.428314,-2.1401803,-7.238106,2.6642964,-0.8330267,-0.7587573,1.4839118,1.7029085,-3.2970726,3.2304857,1.5768694,-2.1512191,-11.42892,-0.7907533,-0.56635195,1.4056437
0,/data_nas/huangyj/data/placePulse/rawData/googleviews-110802files/50f5e6cafdc9f065f0006e55.jpg,-4.206047,-0.4620282,-1.2908988,0.028612953,-7.5500946,-1.432766,-14.244743,1.4537033,0.4888441,-0.815966,2.189912,-1.9492705,-4.2523193,2.4083467,-1.736939,-1.1552001,-2.359462,0.22096923,0.48774403,0.48468977,-0.28682378,1.7887036,3.5192091,1.7029489,6.1694636,-3.1640606,2.4682007,1.8740823,2.2056606,-1.5034006,0.17012544,-0.68489033,0.39872536,-2.1077907,0.6685709,0.021994969,0.1285097,-1.9609464,-0.5695361,-1.9097744,1.7384366,0.9588911,-4.1750674,2.060934,0.088271886,-1.6874793,-11.43491,1.4995553,2.2564614,-2.3081064
0,/data_nas/huangyj/data/placePulse/rawData/googleviews-110802files/50f5eaeefdc9f065f0007e50.jpg,-8.213395,-3.1444335,1.5733362,-1.3335186,-0.68866575,-4.4776297,-6.977702,0.81073934,0.82660913,1.3430408,2.0795307,-0.26659596,-2.572299,0.76239944,-0.5762667,-1.790397,-2.6059172,-1.5525299,-0.89198977,-0.8488879,-0.9160158,2.75061,0.82135946,-2.1835067,4.153413,-6.3690014,1.9795865,0.709461,3.8216207,-2.0044,0.3747231,-1.5176259,3.386294,-2.326626,3.7835765,-1.6226254,-3.4373283,-0.77358216,-2.1384993,2.3081949,0.01444523,-1.9363222,-1.1910211,1.8592187,-0.70191586,0.4955256,-3.9401228,2.2771182,2.5973527,-1.2836428
0,/data_nas/huangyj/data/placePulse/rawData/googleviews-110802files/513cd20efdc9f03587001e54.jpg,-7.8484,-2.3356326,0.092374414,-0.84847116,-0.21564695,-2.5165308,9.549735,-0.7205769,0.5430856,2.1483526,2.1227038,-1.0021137,-0.87509483,-1.6121325,0.25914624,-2.3297832,-2.7910535,-2.4728658,-1.4377022,-1.1344616,-0.9939992,0.8306059,-0.18391024,-2.10577,2.600947,-4.1797113,2.2220473,0.7111017,1.5370036,-0.98907936,-0.86675805,-1.2147927,2.575466,-2.1205025,5.4236355,-0.24527353,-5.3021326,-0.6145474,-0.9998517,1.3714304,-1.1609305,-1.6094251,0.54524565,0.9632897,-1.091411,2.0593534,0.8567869,0.8548853,2.4304264,-2.2965171
0,/data_nas/huangyj/data/placePulse/rawData/googleviews-110802files/5140cccdfdc9f04926002ea6.jpg,1.3782959,-0.6176846,2.6521893,-0.39379334,8.507288,-0.99237174,-1.2293639,1.8014363,-0.106974006,-1.6484076,-0.25802422,1.1345494,-0.8392104,2.4557807,-0.35420913,-1.0644602,-1.9391643,1.176031,0.7627293,1.5459541,0.82002836,1.0981704,1.1246959,0.54565716,3.1333907,-1.2725729,-1.6670321,0.7661361,4.346162,-2.2426357,1.194378,-1.240994,-0.17882615,0.08144818,-8.460129,-0.96883327,-6.3698573,0.3162934,-1.1572558,-0.66920173,-0.20102161,0.8703459,-1.8766696,1.3066744,0.7017473,-1.5421335,-14.554755,0.19887635,0.509063,0.4455194
0,/data_nas/huangyj/data/placePulse/rawData/googleviews-110802files/513cd3b8fdc9f03587001ea3.jpg,-2.3675916,-2.400717,-0.60923404,-2.1636825,0.7587944,-5.257177,12.546038,2.065921,2.8776903,0.32233825,-0.55009216,1.9253247,-2.345115,2.1042705,0.9238733,-0.63549584,-2.728383,-2.1151383,-2.1835315,-2.330631,-0.36203438,4.291787,2.432691,-2.6768613,3.0621908,-6.0349154,3.0001822,1.1593131,3.121698,-2.3262012,-0.39723355,-0.04220941,4.506287,-1.6753478,0.11755271,-1.2091284,-6.644724,0.4821182,-1.2187568,0.89067173,1.8398453,1.1127479,-0.6309519,3.6452892,1.4217341,-1.1476508,0.6461576,2.835221,1.7733306,-2.3187745
0,/data_nas/huangyj/data/placePulse/rawData/googleviews-110802files/5140ccd0fdc9f04926002eac.jpg,-6.31992,-0.32254207,1.2051994,-0.86893344,4.1723876,-3.2575045,5.203156,0.65919006,-0.99469256,0.7195133,1.6226226,-0.49440745,-0.8811787,0.059422165,-1.047748,-3.4558108,-4.829739,0.121130995,0.20448756,-0.709622,-1.5798831,0.066044636,0.57654506,-3.2356777,-0.49360788,-4.0853806,1.5629927,1.8459418,2.2384384,-1.7147189,0.7882649,-1.3862222,1.262826,-0.37699372,4.4422946,-2.0972066,-8.567894,0.3021006,-1.3842925,0.09826372,-0.5613843,-0.8015722,-4.4713116,1.59216,-0.77793,0.5616132,-3.5846825,0.2263549,2.3515382,-1.6978678
0,/data_nas/huangyj/data/placePulse/rawData/googleviews-110802files/51415100fdc9f04926007eaf.jpg,-6.787149,-1.2028682,1.9158998,-0.64605063,2.426595,-1.9828856,4.4772463,-0.23328899,-1.1926839,0.7025126,2.006041,-1.0794096,-0.6366014,-0.7211046,-0.99289775,-3.4543898,-4.369119,-0.58523256,0.39287445,-0.34677368,-1.3940034,-0.542656,0.2371293,-2.4184208,0.1915813,-3.452617,0.41430643,1.5010606,1.4998299,-1.398812,0.5073562,-1.7431087,0.62640035,-0.70438844,4.7615094,-1.1588743,-6.2963953,-0.1635826,-1.0953144,-0.13080685,-1.6126608,-1.4311744,-3.1332614,0.93313706,-1.1882592,1.2713689,-2.695908,-0.08456877,2.4119356,-1.2155865
1,/data_nas/huangyj/data/placePulse/rawData/googleviews-110802files/50f44857fdc9f065f0003eaf.jpg,2.7161732,-2.659484,4.868974,-1.508027,-1.1169686,-1.956125,-13.787919,1.9488732,-0.99179155,-2.6909938,-1.9856615,1.1333979,-2.9598632,2.8527992,-0.81034625,-1.6370445,-4.0028834,0.27536735,0.87986934,-0.07851048,-0.85071796,1.2941402,3.1322005,-1.0572916,-5.497562,-3.1579719,-2.846726,2.1001556,-0.764332,-1.9870265,1.5273966,-2.1183376,-1.4824812,2.362855,1.2079397,-0.67496675,-0.2982762,2.4331355,-0.53842205,-2.0060205,-0.58225656,1.1540301,-4.8381815,2.4381387,0.5867952,-2.3350875,-2.1967213,-0.12861091,1.4598081,1.2810059
0,/data_nas/huangyj/data/placePulse/rawData/googleviews-110802files/5140997bfdc9f04926000e0d.jpg,-3.6853406,-2.1440713,2.1280577,-2.546063,-4.8328733,-5.320513,-2.372612,1.948404,-0.46014574,-0.48748788,0.91284055,1.787913,0.58284175,2.6676986,-0.9600473,-1.7822934,-4.18336,-0.7495639,0.18829718,-0.6993577,-1.0967879,2.5323308,0.4817323,-5.5437,4.101779,-4.7732606,0.35858363,1.0799147,6.367173,-1.9096789,2.1783793,-1.2259189,2.1066751,-0.07299505,-0.7314849,-4.7488937,6.5879602,-0.026007056,-2.694564,0.3662216,1.5168736,-0.58627397,-4.667252,2.683189,1.5263814,-1.5071585,6.574326,1.8644793,1.2227451,0.2090991
0,/data_nas/huangyj/data/placePulse/rawData/googleviews-110802files/513d7c32fdc9f03587006e02.jpg,-4.798484,-3.778619,-0.22840998,-1.5060824,-12.797496,-2.6690645,-2.4393473,0.20241705,0.7851097,0.81288743,2.2525587,-0.4305124,-1.783807,0.47883078,-0.95566326,-2.16444,-2.8030493,-3.2938745,-0.9387126,0.22092737,-1.1163838,2.6587837,1.1462295,-0.5585411,7.7082973,-5.093803,2.1899774,0.8745327,4.5553803,-1.8744342,0.61500674,-1.8473855,2.6451638,-2.0004404,-0.04479941,-1.4208093,7.389589,-1.5412006,-1.7490432,0.15441237,0.50391537,-0.86797005,-0.2426273,1.6086303,-0.055387277,0.17741354,2.0951939,1.3900719,1.6442952,-2.0636458
0,/data_nas/huangyj/data/placePulse/rawData/googleviews-110802files/514150b6fdc9f04926007e01.jpg,-2.82638,-2.4480166,4.5766816,0.46787256,-6.3452945,-0.29933125,-14.696845,1.7561454,-1.8926373,-2.7542875,1.5868007,-1.915283,-3.973137,2.9111793,-1.2299505,-3.4070587,-3.921739,2.2851715,2.9608204,1.308313,-1.1031891,1.3940641,3.696555,1.1762155,-1.0149801,-3.1485178,-0.3172242,2.6913924,0.09109887,-2.0298514,1.7315116,-2.5803106,-2.6288307,0.45555258,3.82075,-0.08314896,-2.17511,-0.46693385,0.17245649,-3.1858351,-0.059160806,0.3952708,-6.3926578,2.5303178,-0.37012252,-1.4541528,-11.666796,-0.4345729,2.020047,-0.35260293
0,/data_nas/huangyj/data/placePulse/rawData/googleviews-110802files/50f5ed98fdc9f065f0008e09.jpg,-6.067813,-1.9624176,2.1479435,-0.97833806,0.32600018,-3.6229672,1.9792073,1.1175265,-1.0925522,0.3220851,2.5710323,-0.5025438,0.72454154,1.1511682,-1.0212555,-3.2575874,-4.1638684,-0.061202377,0.6554689,-0.1301147,-1.982621,2.6075728,0.3488763,-4.14384,3.8399277,-4.5440645,2.7056532,1.2753248,4.569162,-1.39896,1.4860605,-2.1107173,0.8711488,0.11693093,0.5435443,-3.7256594,1.7227088,-0.6049493,-2.1458018,-0.25656387,1.0573295,-1.090301,-4.009864,2.3285952,0.4347502,0.36083528,2.830643,0.7472128,1.7384249,-1.2330049
0,/data_nas/huangyj/data/placePulse/rawData/googleviews-110802files/51413dc9fdc9f04926005e00.jpg,-4.1269693,0.29531306,2.375991,-0.06172235,-1.2221594,-3.426648,7.927802,1.3429688,-2.2075958,-0.1599002,1.7034849,-0.07642743,0.078128524,1.5838469,-1.073545,-4.1994557,-3.871705,1.8640646,1.902397,0.4820966,-1.7746549,1.3715159,-0.44488227,-2.857621,-2.3941624,-3.2408338,1.795364,1.2416444,3.1641934,-1.5677989,2.6348596,-1.6438487,0.58583856,1.2249044,3.9603572,-4.27971,-4.843564,0.1510374,-1.7966124,0.38908115,0.7521812,-0.82566994,-5.91561,2.093788,-0.4461169,0.10457196,-0.22629969,-0.4241752,0.89292324,-0.631311
0,/data_nas/huangyj/data/placePulse/rawData/googleviews-110802files/513e6a67fdc9f0358700bebd.jpg,-7.2481856,-0.89566356,1.0347996,1.7503022,-6.9540668,-0.6423844,-2.0948727,0.42221844,-2.414763,0.5167332,5.7639303,-3.0956666,0.084292345,0.80704415,-1.0638133,-4.4194336,-2.1651304,2.1374102,2.8642683,3.3967159,-1.4165677,0.8888355,-0.77240103,2.163462,8.785662,-2.5859325,3.6138015,0.44191962,5.1433306,-0.98492527,1.7833625,-2.3303554,-0.36096025,-0.97702074,-2.3076274,-3.0232356,5.652336,-3.594995,-1.4475487,-0.18588682,0.8176996,-1.9849669,-3.3718786,0.83858514,-1.5701368,1.5300784,-4.982618,-1.0803461,0.6156077,-2.0683315
0,/data_nas/huangyj/data/placePulse/rawData/googleviews-110802files/50f5eaf3fdc9f065f0007eb6.jpg,-0.29358912,1.2499309,-3.5930536,-0.95904565,-2.7554948,-0.5556268,-7.099077,1.2116041,1.2590232,-0.56394243,0.049769513,-0.8165171,-2.8214428,1.3024383,-1.4831374,0.42037177,-2.1234276,-0.7556308,-1.3703206,-0.52641577,0.026036426,0.7811456,3.350155,0.16528262,5.617516,-0.91002035,2.70033,1.9483985,2.3329146,-1.0121931,-0.77505326,0.10704931,-0.039893445,-1.4118016,-2.9342892,0.5521539,-2.2905877,-0.4096323,-0.33476081,-2.9268606,1.7990038,2.5729997,-3.002128,1.4338431,1.5782912,-2.0688422,-11.8620405,1.3506192,1.8191748,-2.911978
1,/data_nas/huangyj/data/placePulse/rawData/googleviews-110802files/513d9ce0fdc9f03587007eb9.jpg,-7.665929,-1.2069889,0.8749325,0.33764195,-1.9719311,-2.7874377,-11.362146,1.4841346,-1.3336505,0.2928007,5.1227775,-1.6447912,-0.86690116,2.1908803,-1.538919,-2.9867814,-2.5560915,1.4913429,1.951612,2.7911353,-0.50383055,1.514041,0.022623172,0.8211275,11.774632,-4.2146444,2.3986828,0.63248205,7.879333,-1.8961009,1.9940497,-1.8429326,1.5026245,-2.3574102,-5.7402654,-3.7039623,4.6284356,-3.5211256,-2.6636477,0.6417655,0.86411273,-1.787132,-3.6773872,1.4052091,-0.9438581,-0.0031634578,-9.336736,1.069725,1.307324,-1.510924
0,/data_nas/huangyj/data/placePulse/rawData/googleviews-110802files/513d7c6cfdc9f03587006eb8.jpg,0.66749245,-1.9752928,5.1042128,1.230954,-8.383899,1.4445244,-12.616907,1.8831474,-2.8810115,-3.5831838,1.0636144,-1.8993443,-3.432248,2.9793198,-0.8525264,-3.5352812,-3.4292188,3.196828,3.9327047,2.4681175,-1.0970929,0.72413963,3.355502,2.9427357,-2.7979126,-1.0625988,-0.9710583,2.299231,-0.8788224,-1.5937364,2.0996575,-2.84997,-4.2657866,1.8971167,1.761875,0.2784951,0.1218279,-0.15260938,0.82187504,-3.8984597,-0.07703262,0.9041894,-6.219427,1.9895884,-0.41169348,-1.553823,-11.159207,-1.9255353,0.9129011,0.08366105
0,/data_nas/huangyj/data/placePulse/rawData/googleviews-110802files/5140b9a6fdc9f04926001eba.jpg,-9.984271,-0.6892321,1.4094474,0.37950596,1.5923411,-2.825023,11.587658,0.1683528,-1.4249027,1.5437539,3.9399102,-1.8309681,0.5637668,-0.7584146,-0.19622666,-4.0964503,-3.580406,0.8827618,0.899826,-0.19803149,-1.9906135,1.5432081,-0.791024,-3.327622,1.7439473,-3.7818873,3.994212,1.053493,2.706505,-0.9695971,0.90366304,-1.6107771,1.1900547,-0.98598135,6.6099043,-2.8145306,-6.791333,-1.2740163,-1.145871,0.62962705,0.15893716,-1.6135045,-3.4921584,1.8619877,-0.84802103,1.9562569,-1.098305,0.19254702,1.9227566,-2.2420886
1,/data_nas/huangyj/data/placePulse/rawData/googleviews-110802files/50f563d0fdc9f065f0005eb4.jpg,0.07950962,0.78777796,-0.90126777,0.681333,3.588854,1.0190779,-9.340928,0.8184999,-1.0804778,-0.30331454,2.5463264,-2.1863549,-0.5467376,0.8053657,-1.2144413,-1.9671791,-1.8050311,1.5000095,0.80257934,2.904984,-0.60344267,0.1278001,1.3356845,3.0739727,8.787207,-0.51321507,2.703565,1.3470032,3.9198453,-1.0136001,0.2804864,-1.8372663,-1.5143331,0.24607696,-10.97863,-0.84843653,2.7996507,-1.6756788,-0.8676508,-2.655129,0.66975135,1.143439,-2.3839417,0.35231045,0.1959357,-0.26051265,-12.119641,-1.0338278,0.65100807,-2.598296
0,/data_nas/huangyj/data/placePulse/rawData/googleviews-110802files/514099b1fdc9f04926000e4b.jpg,-5.289793,-2.2864487,1.9841266,-0.38530698,-4.6542306,-1.8163912,-10.890215,1.5907784,0.28395158,-1.4715147,1.4603772,-0.29724634,-1.7218426,2.3214478,-0.6192955,-0.20207632,-1.5977674,0.2694254,0.97338897,-0.058008306,0.2336359,2.4837272,1.95067,-1.8454822,4.712039,-2.5848145,0.3256441,0.7257831,3.3085585,-1.6781216,1.0302726,-1.0898857,0.45873272,-2.5445452,1.8700866,-0.6850684,1.2204661,-1.2902148,-0.7184955,-0.73973644,1.0783639,-0.052032456,-2.6789114,2.3389266,0.9573536,-1.8292269,-6.489844,2.4456496,1.2329918,0.043557722
1,/data_nas/huangyj/data/placePulse/rawData/googleviews-110802files/513d57a9fdc9f035870031d3.jpg,-4.773579,-1.0848529,0.031317286,-1.6190503,4.1428027,-4.1055803,5.0339074,1.7418063,1.0186722,0.26962435,1.1110238,0.5866412,-1.6165526,1.7042036,-0.47773373,-1.8567883,-3.7445316,-0.31448323,-0.90018076,-1.0388405,-0.8770213,2.906028,1.868104,-3.1137178,4.539038,-5.0641837,3.0080068,1.7245437,5.1512947,-2.3031456,0.49825674,-0.72792447,2.373411,-1.2177148,-0.9123811,-2.0649548,-8.180166,0.0044663623,-1.6916234,0.10357963,1.4179631,0.27683166,-3.0410464,2.6268623,0.9825918,-0.750849,-8.693117,1.898701,2.0970056,-2.3226535
0,/data_nas/huangyj/data/placePulse/rawData/googleviews-110802files/51392b82818ede12960011d7.jpg,-9.312127,-0.99722606,0.8965299,-0.61598384,4.886597,-2.424959,11.019686,-0.3435063,-1.0765073,1.2033786,3.0626903,-1.0117468,1.2665422,-1.0763003,-0.7618872,-3.2678518,-4.4872108,-0.7927039,0.25741535,-0.63955843,-1.4343901,0.166232,-0.64059764,-4.6412644,2.504641,-3.0855892,1.6110231,1.0629818,3.0159996,-0.94542867,0.49085593,-1.3837167,1.1892724,-1.6139107,4.7085238,-1.8520967,-5.6376457,-0.7678077,-1.1514877,0.058083154,-0.9658207,-1.6419507,-2.7223155,1.280549,-0.7515168,1.5133332,0.24820814,0.43732303,2.2304714,-1.5393519
1,/data_nas/huangyj/data/placePulse/rawData/googleviews-110802files/51408ff9fdc9f049260001d2.jpg,-9.177189,-0.5841246,1.0173572,2.0769377,-3.2750573,-1.2714409,-9.099896,1.1632484,-2.314886,0.11494819,6.5515857,-3.3971493,-0.40981004,1.7902358,-1.4275501,-3.8767388,-1.8939165,3.171392,3.341907,3.5951576,-0.9293027,1.6437688,-0.299904,2.057843,10.892919,-3.117507,4.064796,0.48582956,6.366311,-1.2884178,2.1201837,-2.253692,-0.0008781813,-2.2407277,-3.2884436,-3.4165697,4.108402,-4.540375,-1.7733883,-0.033005394,1.3669217,-2.0032673,-4.221239,1.4227022,-1.4529148,0.83130115,-9.840439,0.088066384,0.95953774,-2.020933
0,/data_nas/huangyj/data/placePulse/rawData/googleviews-110802files/513d7d75fdc9f035870071d2.jpg,3.548449,-1.1119817,3.3367498,-0.95063263,-7.6354823,-1.5204914,-4.3659034,2.2233257,-0.9270794,-2.1827517,-1.2551315,0.9628583,-3.6576893,3.0384731,-0.43311375,-2.4273167,-3.1235547,1.297865,1.0707823,0.7060835,-0.5403176,0.7747517,2.5540822,1.4350587,-2.7901313,-2.43563,-1.347916,2.0690877,1.2038776,-1.9221802,1.7231241,-1.4778689,-1.125581,2.3754737,-0.43768507,-1.0343865,-3.028509,1.4786713,-0.8047439,-1.4413095,0.32097968,1.290337,-5.106292,1.9357679,0.5615607,-2.0214536,-9.378623,-0.7296625,1.0437672,0.42106456
1,/data_nas/huangyj/data/placePulse/rawData/googleviews-110802files/513d788afdc9f035870061d1.jpg,-4.1041093,0.5517871,0.90249383,-1.2163014,10.110118,-3.4160786,-2.2618709,0.7383633,-0.857459,1.5916468,1.8351116,0.20502697,-0.96877617,0.34563318,-1.2495747,-2.5890555,-3.5950754,0.2688793,-0.45863694,1.1942506,-0.19382146,-1.3204991,-0.83898526,-0.21409316,5.101204,-3.9123256,-0.20486714,0.7233859,6.342924,-2.2148972,0.7429321,-1.2994838,2.3899822,-0.7331392,-5.9199057,-2.8551195,-8.221761,-0.2668737,-3.2110312,2.160966,-1.6752118,-1.5575191,-2.20599,-0.36010784,-1.602993,0.9261818,-13.001548,-0.033495627,2.1452718,-1.1352117
0,/data_nas/huangyj/data/placePulse/rawData/googleviews-110802files/5140d012fdc9f049260031dc.jpg,-4.4585543,-0.7825226,2.43723,0.1517491,-2.3734596,-2.1392176,-1.8089795,2.3150406,-1.4950312,-1.8324829,3.0279095,-0.3336976,0.85954463,3.1357813,-0.67559177,-2.155141,-2.9224648,2.15614,2.886605,1.5134779,-0.04137021,1.1898049,0.64867985,-1.5457759,7.4761915,-1.7437568,0.33641246,0.7462329,5.030763,-1.424113,2.2658818,-1.0162153,-0.07396951,-1.2299236,-3.9451387,-3.0368483,7.198635,-2.4714794,-1.2830052,-1.371697,1.4884636,-0.14731555,-5.50565,2.2746396,0.76156217,-1.6955352,0.7522232,0.9140402,0.30752003,0.3699305
0,/data_nas/huangyj/data/placePulse/rawData/googleviews-110802files/50f5eb4bfdc9f065f00081da.jpg,0.7455097,-0.07333024,-1.0032933,-2.1571314,-5.489273,-3.4998791,-13.458145,1.8355124,0.6783497,-0.5751084,-0.70464015,0.29453063,-4.996779,2.5227394,-2.0478163,-1.4846673,-4.152977,-0.8601322,-1.1595178,-0.8227571,-0.93219507,0.9151818,3.8518946,0.37077248,1.0183306,-4.517016,0.71778625,2.8348088,1.6063654,-1.7786047,0.3023838,-0.48164874,1.0062288,0.8089815,-0.3006053,-0.9906351,-1.9122344,0.8915445,-1.5088421,-1.2967627,1.1972679,1.6084653,-5.5877438,2.058316,0.45463136,-2.122886,-8.180811,0.8641708,2.7587595,-1.5666513
0,/data_nas/huangyj/data/placePulse/rawData/googleviews-110802files/513d57aefdc9f035870031db.jpg,-7.093653,-0.400741,-0.19050539,0.6027331,-1.7773422,-1.0040643,-6.6810894,0.07567702,-0.97498715,0.88324696,3.5950549,-3.3991318,-1.833007,-0.12077506,-1.3979441,-3.1657825,-2.9325197,0.9044106,0.47945783,0.48744422,-1.9432641,1.0036718,1.4210936,-0.1310607,3.7223873,-3.4389553,4.6269426,1.9338748,1.8208436,-0.9236849,0.07453906,-2.0528803,-0.5659473,-0.75271785,3.4019425,-1.0872059,-3.537556,-1.670713,-0.75784814,-1.3197049,0.6227594,-0.590682,-3.6582832,1.3878614,-0.7501566,1.187101,-8.650456,-0.13995606,2.5870209,-3.4314427
1,/data_nas/huangyj/data/placePulse/rawData/googleviews-110802files/513d9dd1fdc9f035870081db.jpg,0.31718847,-1.9884804,2.8486998,-3.1225774,7.770852,-6.3068914,4.3544483,2.6385992,1.0207298,0.5156601,0.16863096,4.1122584,-0.5418888,3.2767563,0.6148574,-1.5376116,-3.146472,-0.2791836,-1.3639119,1.018842,0.5267207,2.2828968,-0.57652205,-1.5136268,8.891087,-5.8357286,-1.4945083,0.46940014,11.2015505,-3.304295,1.4973719,-0.50632554,4.382496,0.20703135,-13.534859,-4.82143,-4.6816177,0.7089471,-3.9932172,3.4779034,-0.1203891,-0.632804,-1.2228572,2.0146,1.0609117,-1.2330561,-12.132265,1.5758185,1.0506208,0.32997575
0,/data_nas/huangyj/data/placePulse/rawData/googleviews-110802files/51409c24fdc9f04926001166.jpg,-3.2819312,-4.0028434,3.0122714,-0.9814214,-4.2129865,-0.97752655,-12.276427,2.6015947,2.325645,-3.1909988,-0.43341243,0.34287718,-5.3530025,3.4658868,-0.17887023,0.6220226,-2.1495764,-0.62516373,0.5289708,-0.7023452,1.8311951,1.8032609,5.2701473,0.89381534,5.3817163,-3.0286374,-2.719529,1.8732799,1.5240744,-2.720433,0.0895978,-0.5220701,0.66070443,-4.1458664,0.974486,3.171541,-4.9005656,-1.0804756,0.1554098,-2.176453,-0.24849585,1.1829906,-2.4065278,2.6741977,1.2667475,-3.5264204,-16.41866,3.3696926,2.2810814,0.80867213
1,/data_nas/huangyj/data/placePulse/rawData/googleviews-110802files/50f56430fdc9f065f0006162.jpg,1.1646667,-1.7665792,3.0956507,-2.2397473,5.248769,-4.2164593,-3.2226298,3.73069,2.1390944,-2.3316152,-1.4593605,3.4318833,-2.859894,4.446894,0.32091194,0.7753363,-2.5887122,-0.18453681,-0.31283426,-0.237786,1.9446661,1.6766471,2.9533658,-0.30929148,6.6089787,-3.7293859,-3.5272634,1.093758,5.391328,-3.1990597,1.0162066,0.32497498,2.880966,-1.8380008,-8.947314,-0.84548706,-3.510429,0.22424504,-1.915803,0.39938852,0.23728594,1.4997096,-2.9009426,2.8391001,1.7782948,-3.8372037,-10.414622,2.9429612,1.2818222,1.647137
0,/data_nas/huangyj/data/placePulse/rawData/googleviews-110802files/5141382bfdc9f0492600516c.jpg,-7.3411093,-1.279879,0.11357707,-1.0427514,4.5407925,-2.9309616,8.769073,0.9102497,0.2066324,0.7037996,2.7072985,-0.76487905,0.09372308,0.26057178,-0.75858444,-2.7334783,-4.527021,-0.8298574,-0.28185642,-0.78703266,-1.2970214,2.022208,1.1395665,-3.8029823,5.791853,-4.1680408,3.2815645,1.5646089,4.2520804,-1.6073612,0.1589177,-1.234979,1.5696368,-1.6251698,0.33286515,-1.843743,-4.3191557,-0.90282327,-1.4562597,-0.8059321,0.5939671,-0.46064308,-2.828376,2.1948686,0.28776595,0.47850597,-2.5999105,1.2520205,2.3267295,-2.6166308
1,/data_nas/huangyj/data/placePulse/rawData/googleviews-110802files/513e1a3dfdc9f03587009160.jpg,-0.061087936,0.60529685,-1.2729211,-2.31506,10.067247,-2.8357975,-11.100766,1.7036262,1.0829033,-0.30950087,-0.5303172,0.528668,-1.9645004,1.7539443,-2.0867922,-0.084286764,-3.8315582,-1.1966637,-1.6948586,-0.63820565,-0.10291543,0.29403004,2.8383234,-1.5617375,5.87316,-3.089438,0.2922506,2.203992,3.9380455,-1.9845663,-0.12929165,-0.5795747,1.1695248,-0.55514574,-8.2232,-1.0520608,-2.801341,0.55442554,-2.0931106,-1.6645265,0.41528863,1.6136397,-3.5455096,1.3031155,1.0151061,-1.8352506,-9.185823,1.5408908,2.52646,-1.4952025
0,/data_nas/huangyj/data/placePulse/rawData/googleviews-110802files/51414bbffdc9f0492600716b.jpg,-3.278793,-0.77302027,-0.37934864,0.48471767,-3.7952626,-0.20342033,-9.111361,2.6093123,0.8281622,-2.8244152,1.3107662,-2.1877954,-5.2502294,3.0558481,-1.259287,-1.301964,-3.3401613,1.0071511,1.2994329,0.04916589,0.07608993,1.8989867,5.9282656,2.0981143,5.0585155,-2.3405063,1.9414291,3.1392357,0.18739432,-1.9908463,0.06393291,-0.69125104,-0.8902015,-2.4587407,0.70961934,2.2039263,-4.964116,-1.880067,0.6061173,-4.5644526,1.7254745,2.677825,-5.8995223,2.9669666,0.9379358,-2.7697067,-15.508328,1.6428131,2.5887582,-2.1669784
0,/data_nas/huangyj/data/placePulse/rawData/googleviews-110802files/50f5642ffdc9f065f000613d.jpg,-8.377796,-1.1519111,1.7022458,0.98007846,-0.6841643,-1.524274,0.13772354,1.2005162,-0.0022514202,-0.65375024,2.6197567,-1.3529135,-1.1064341,1.1371936,0.042970806,-1.0357755,-1.02057,1.617006,1.5977854,-0.21634682,-0.11546698,2.6808155,0.893504,-1.7411644,3.0900836,-2.2828822,2.3826401,0.37265015,1.9290062,-1.392681,0.9051504,-0.76130676,0.7292345,-3.0027268,5.8036566,-0.6855908,-5.245178,-1.9005816,-0.28151312,0.09400415,1.1579291,-0.60694546,-2.543317,2.242307,0.25199026,-0.35329783,-6.4038825,2.0658288,1.0138237,-0.627672
0,/data_nas/huangyj/data/placePulse/rawData/googleviews-110802files/51408fa9fdc9f04926000131.jpg,-8.461199,-3.2147293,1.8483351,0.9516464,-6.749166,-0.87756324,-8.858722,1.3925507,-0.62242883,-1.0628171,5.1586466,-2.198263,-0.9915429,2.3463657,-0.874737,-2.4329205,-1.8042755,1.1241198,2.6072693,2.3444443,-0.19637644,2.412228,1.3863106,1.0061942,12.388523,-3.1839495,2.0711286,0.7551303,6.101692,-1.7069277,1.6018995,-1.9930376,0.32667586,-3.558641,-3.1032107,-1.349679,6.4203057,-4.290909,-1.0402665,-1.0872935,1.2066374,-1.3139819,-2.6496925,2.0623245,-0.12116219,-0.5991658,-8.39359,1.6167946,0.9245217,-1.1395727
0,/data_nas/huangyj/data/placePulse/rawData/googleviews-110802files/51409c01fdc9f0492600113c.jpg,-5.331445,-0.39625385,1.1104647,-0.9029811,2.8397164,-2.7249794,8.064331,-0.93578976,-1.4646587,2.2095554,1.3467704,-0.19482812,0.31050205,-1.5541459,-0.6254958,-3.405147,-3.6702998,-1.251373,-0.6067084,-0.18944347,-1.335317,-1.9137698,-1.7802958,-2.3584511,-2.0498323,-2.9325938,-0.067896985,0.527602,1.7148772,-0.7704214,0.16800714,-1.4916531,1.7699658,0.09256924,4.6106124,-1.8577536,-6.6551776,0.60649484,-1.6014453,1.9870316,-2.3677087,-2.1656902,-1.3167948,-0.0637857,-2.0039423,2.124685,0.90874314,-0.90780675,1.9840703,-1.1157534
1,/data_nas/huangyj/data/placePulse/rawData/googleviews-110802files/514218b0fdc9f04926008176.jpg,-8.000951,-0.82281405,0.6373133,-0.6441223,4.166742,-1.4151049,7.0810614,-0.9819891,-1.6826168,1.7229229,2.9694443,-1.5571313,1.083146,-1.7905931,-1.4007982,-3.614204,-4.603681,-1.3766065,0.09728471,0.079018235,-1.5518807,-1.2970191,-0.9823802,-3.0996199,2.5123124,-2.474601,0.9128316,0.9899452,2.6762319,-0.76617336,0.19797054,-1.8788834,0.5606159,-0.9844281,3.0614867,-1.3823138,-3.7702122,-0.58879584,-1.4328676,0.04699759,-2.0051441,-2.1721504,-2.0461607,0.038291443,-1.5861673,2.1282156,-0.50995773,-0.62460977,2.4851737,-1.5822043
0,/data_nas/huangyj/data/placePulse/rawData/googleviews-110802files/51392a24818ede1296001176.jpg,-4.484515,-0.20053284,2.6073442,1.4733664,-1.3595849,0.5170966,-0.9027736,1.0499284,-1.993534,-1.7388041,2.3875513,-1.664961,-0.028799664,1.3420583,-0.5847595,-2.1529636,-1.7696381,2.7868452,2.9662442,1.5105015,-0.33423334,0.84543,0.52894086,-0.44483304,1.2365625,0.020109262,0.7743206,0.76795614,1.5196333,-1.0571877,1.7698381,-1.4997733,-1.9620141,-0.7540857,2.267448,-1.0091803,-2.0517604,-1.3971711,0.044185992,-1.8026323,0.3370593,-0.12094377,-4.0996275,1.4357089,-0.009069275,-0.53997266,-7.1587667,-0.18746789,0.3369693,-0.0050538676
1,/data_nas/huangyj/data/placePulse/rawData/googleviews-110802files/50f448acfdc9f065f0004173.jpg,-1.5557263,-1.2985632,1.1757513,-0.584474,6.3087463,-0.639237,-0.96748286,1.1275151,-0.38828322,-0.41783574,1.869912,-0.7988892,-0.35576054,1.069951,-1.0185218,-2.5191424,-3.3164577,0.19178984,0.2823334,1.5718422,-0.5681479,1.1368096,1.4610302,0.37862307,7.792078,-2.6184068,1.2420278,1.7053177,5.064353,-2.055067,0.56884074,-2.1646664,-0.28512082,-0.18535762,-9.222901,-1.1016021,-1.3567766,-0.8122165,-1.6123353,-1.8625857,-0.039483823,0.35776332,-1.9890248,1.1793125,0.4312581,-0.20655763,-10.876984,-0.12979278,1.3812029,-1.7493151
0,/data_nas/huangyj/data/placePulse/rawData/googleviews-110802files/50f43b78fdc9f065f0003177.jpg,-6.3654246,-0.33375221,1.5223615,0.5150679,-3.5245695,-2.0501363,3.5436685,0.7972128,-1.3904502,-0.14462458,2.6983774,-2.1874292,-2.114756,0.6715739,-1.0526353,-4.040017,-3.9612648,1.0708175,1.6070203,0.07929354,-1.7627317,0.8927422,1.4627467,-0.57118076,0.18353969,-3.6632555,2.5392501,2.1433747,0.63031876,-1.3955823,1.0305746,-1.5541303,-0.0037205555,-0.35368407,5.9985433,-1.5850557,-4.9255133,-1.1199995,-0.6667696,-1.1389735,0.1339874,-0.45931846,-5.5931234,1.9257898,-1.0121642,0.52711356,-3.130029,-0.20808114,2.233286,-1.8507199
0,/data_nas/huangyj/data/placePulse/rawData/googleviews-110802files/50f448acfdc9f065f0004177.jpg,-2.5904245,-1.7870632,0.7266375,-0.8833581,-1.8850152,-1.8126317,4.477509,0.5882824,0.29688776,0.8051473,1.2612543,-0.199111,-2.3448386,0.48029515,-0.58304584,-2.8418262,-2.5734012,-1.2949175,-0.56353164,0.67544955,-0.5735725,1.0307347,0.830997,1.2541535,4.177041,-3.9051433,1.1271057,0.8925706,3.9816325,-2.0319464,0.4033301,-1.6032612,1.9100573,-0.7230602,-2.1548603,-0.5422806,-5.3942637,-0.36526084,-1.7824577,0.9463539,-0.4845647,-1.0087943,-0.47669548,0.51186967,-0.92909956,0.7468548,-9.773288,0.09001975,1.6465998,-1.7231005
0,/data_nas/huangyj/data/placePulse/rawData/googleviews-110802files/50f5e76afdc9f065f0007172.jpg,-5.3354135,-3.9054027,1.1890581,-1.2731887,-10.597136,-2.2188299,-4.8321805,1.8421996,2.2754416,-1.5237231,1.2567564,0.8382012,-3.7082047,2.715801,-0.054782815,0.22780149,-1.5519141,-1.8533326,0.15066701,-0.13939573,1.6213185,1.8855,2.8574834,0.73032224,10.010456,-3.7597804,-1.3818706,0.4907242,4.6978817,-2.527556,0.4241375,-0.13828845,3.0793211,-5.011714,-0.6325528,1.1350815,1.8197132,-2.3940578,-0.9309064,0.1969101,0.2718166,-0.2688671,-0.69730675,2.0856657,0.7841234,-2.492983,-8.758738,3.5166626,1.3984696,0.24973789
0,/data_nas/huangyj/data/placePulse/rawData/googleviews-110802files/50f5e76bfdc9f065f000717e.jpg,0.04494193,-0.7246457,0.59996057,-1.2034142,-6.959283,-1.8134503,-13.346157,1.7704501,-0.23728636,-1.6823643,-0.056250297,-0.98563725,-5.59787,2.66145,-2.045626,-2.6507323,-4.7596955,0.17699692,0.3824884,-0.16383271,-1.0989423,0.56804556,4.7167053,1.5228505,-0.31639746,-3.917162,0.1514947,3.5268989,-0.03182114,-1.932215,0.5882416,-1.2283671,-0.855881,0.9149279,1.8449514,0.20134488,-3.205185,0.4967133,-0.5861939,-3.0370076,0.57304806,1.638964,-6.72792,2.1727204,0.03119262,-2.0297873,-11.02032,-0.023983607,2.9535527,-1.4448727
0,/data_nas/huangyj/data/placePulse/rawData/googleviews-110802files/513d786bfdc9f03587006170.jpg,0.9730603,-2.3325121,3.8951843,-1.289416,-4.254552,-2.109822,-4.0237455,2.4984455,0.37032223,-2.4102526,-0.9848605,1.5910321,-3.487288,3.4951887,-0.10477628,-1.3537902,-2.6754029,0.5951411,0.78817004,0.27576488,0.48653173,1.65157,2.7881725,0.4168042,1.085316,-3.1216102,-2.2495449,1.6038141,2.9871435,-2.6266022,1.5664085,-1.1367561,0.24335364,-0.027848396,-1.6997694,-0.43642476,-4.4086633,0.6712448,-1.0346612,-0.87504154,0.17576212,0.888718,-3.6763384,2.3231504,1.0375338,-2.5772393,-12.041418,1.0599079,1.1858605,0.95678174
0,/data_nas/huangyj/data/placePulse/rawData/googleviews-110802files/5141380ffdc9f0492600512e.jpg,-10.261459,-1.3419733,1.4264848,-0.087593034,4.2168794,-2.9401376,11.525662,0.63283676,-1.0639969,0.9817398,4.211657,-1.5938789,1.2273772,-0.33916292,-0.31268457,-3.8999844,-4.502475,0.61585724,0.8407691,-0.4253271,-2.0241828,2.503843,0.026403228,-4.812117,4.4939313,-4.093333,4.368737,1.4118011,4.1388855,-1.1703194,0.9197673,-1.6849768,0.9297924,-1.2732309,3.9130988,-3.0173774,-4.845553,-1.4145488,-1.2615173,-0.5143248,0.69484025,-1.1915754,-3.8174326,2.489069,0.079367,1.4579554,-0.8854904,0.805332,2.1203146,-2.4804306
0,/data_nas/huangyj/data/placePulse/rawData/googleviews-110802files/513f333cfdc9f0358700e129.jpg,-3.5503109,-1.2615174,-0.910669,-2.307662,-3.3098269,-6.2101097,4.022633,2.156989,1.5832024,0.5661361,0.09204146,1.5170404,-1.619072,2.2167344,-0.39610127,-0.852846,-3.4246712,-1.6900337,-1.6641233,-2.0295389,-0.99821043,3.9360468,1.5741377,-4.3387966,2.8652277,-5.9418054,3.4866478,1.140863,4.409303,-2.027907,0.6637355,-0.33790192,4.1194544,-1.1138911,1.6927738,-3.460872,-1.3091186,0.43164787,-2.1902692,1.1188812,2.325677,0.67392296,-2.9711878,3.544008,1.4175467,-1.4054064,3.9927647,2.791391,1.8730022,-2.110138
1,/data_nas/huangyj/data/placePulse/rawData/googleviews-110802files/513f3339fdc9f0358700e128.jpg,-6.747627,2.466399,-1.1229281,2.2010384,7.391985,0.85681903,2.065648,0.4518079,-1.7385906,-0.34546465,3.1161847,-2.0877264,1.633261,-0.3891516,-0.82478416,-1.1506532,-0.9696193,3.285673,2.1711826,1.4266257,-0.10902606,0.62767255,-0.8861122,-1.8043897,2.0432677,1.7672819,3.2112951,0.0051402673,2.4962525,-0.49475136,1.1462718,-0.5191587,-1.271309,-1.9864557,1.96997,-1.1042854,-7.8755116,-1.8499548,-0.10928488,-1.1461158,1.0547141,0.072314836,-2.9842374,0.48235485,0.08248784,0.35466066,-11.26356,0.1450465,-0.048322763,-1.496865
1,/data_nas/huangyj/data/placePulse/rawData/googleviews-110802files/513cdf61fdc9f03587002125.jpg,-7.8563795,-3.2062416,-0.046068408,-3.2455242,15.150491,-1.3179526,2.6714106,0.011515934,3.1591396,-0.77823395,-1.3227066,1.6035746,0.24459903,-0.66808355,-0.750719,2.158925,-4.0545373,-4.1415796,-2.8153472,-3.802575,1.0928675,0.27243292,2.7589357,-8.435259,4.737407,-2.2465792,-1.6509538,1.8600049,3.0736976,-2.2378144,-1.5424715,-0.2645025,1.5635817,-5.4314923,2.1345792,3.0178041,-11.900147,0.75839496,-0.15941422,-2.0730517,-1.727277,0.32874778,0.87726086,1.4712151,2.1366856,-1.848991,-8.918107,4.2223706,2.632935,-0.9420948
1,/data_nas/huangyj/data/placePulse/rawData/googleviews-110802files/50f607cabeb2fed6f80001ed.jpg,0.3459476,1.1341745,0.50726146,0.39381048,5.4631033,-0.8743988,-6.1882386,1.1083084,-1.8394742,0.33898857,2.5301926,-1.1583538,-0.8879057,1.1931251,-1.2628806,-3.2492464,-2.6905205,1.7942511,1.1501175,3.5826602,-0.45317477,-0.70012736,-0.08789915,3.9469316,7.2228813,-1.87987,0.85931665,0.88090885,5.139945,-1.6152033,1.0997964,-1.8406779,0.011922244,1.0175261,-11.936578,-2.4361813,0.5005032,-1.1872683,-2.2383876,-0.20576791,-0.44575074,-0.12730195,-2.8992658,-0.21601343,-1.218894,0.41920626,-11.877352,-1.7006398,0.7966218,-1.4945539
0,/data_nas/huangyj/data/placePulse/rawData/googleviews-110802files/513ce357fdc9f035870021e3.jpg,-2.5580673,-1.3852783,1.5840546,-0.23705114,-7.405599,-0.06565051,-2.1014166,2.948107,0.91846967,-3.685634,0.9549913,0.7452293,-1.1956558,3.752497,0.0020767134,0.9143872,-1.6338819,0.9228575,2.2231662,0.526251,2.0851383,0.5913981,3.2586207,-0.2808989,9.953243,0.42815202,-2.155655,0.9069865,4.1834273,-1.7637879,1.0618955,0.42691222,-0.16070847,-4.0701413,-4.078113,1.030586,4.497941,-2.6984217,0.17890401,-3.17955,1.274825,1.7564529,-3.8548038,2.3455265,2.4378095,-4.127294,-8.376245,2.7803068,0.17921552,1.0533903
0,/data_nas/huangyj/data/placePulse/rawData/googleviews-110802files/513e6cc3fdc9f0358700c1e1.jpg,-8.0179205,-2.7595532,1.5202862,-0.77496445,-2.7080655,-3.5472362,0.84590816,-0.22553863,-0.38292944,2.243468,2.9655292,-1.043485,-0.83488864,-0.42827225,-0.42567843,-3.280817,-2.6058824,-1.4266993,-0.5955611,-0.008701181,-1.7878035,2.1242218,-0.7924989,-2.0060284,3.4735558,-5.5277543,3.0133162,0.43046138,3.9506357,-1.3538163,0.52304256,-2.2570765,2.462949,-0.98528653,3.7893658,-2.5491898,-1.8383689,-0.8530902,-2.195073,2.2102976,-0.35062787,-2.4941351,-0.6004843,1.1979735,-1.1647298,2.0779564,-0.62145907,0.60675913,2.1793113,-1.954743
1,/data_nas/huangyj/data/placePulse/rawData/googleviews-110802files/50f5608dfdc9f065f00051e5.jpg,-7.1171002,-0.4497533,0.7740454,1.3762425,4.0910306,0.81944704,4.3336086,0.6060926,-1.0495083,-0.49492574,3.8047945,-2.9259567,0.036263242,-0.15147762,-0.72307765,-2.8388133,-2.5919693,1.8169553,1.6861346,1.2366827,-0.74902606,1.2014097,1.1987879,-0.4759791,6.220406,-1.0830766,3.4240172,1.4631203,2.9818497,-1.359539,0.6726752,-1.8753816,-1.3095963,-1.9738463,-0.49467567,-0.1959205,-5.6207743,-2.3601813,-0.4199132,-2.4878285,0.3935963,-0.06595223,-2.8327,1.2239522,0.08796409,0.7210593,-11.932026,0.1843762,1.2364957,-2.363258
1,/data_nas/huangyj/data/placePulse/rawData/googleviews-110802files/513e2026fdc9f0358700a111.jpg,-8.181823,-1.2197856,-0.2473503,0.45679918,-10.324019,-1.9793891,-9.902782,1.0271779,-0.97168136,-0.486824,5.1296277,-1.8582913,-1.3591031,2.2277827,-1.8501755,-2.4092824,-2.739492,0.5183909,2.4334023,2.3029184,-0.09816902,0.5025262,0.85972327,1.2060883,11.718052,-3.0953913,1.3239521,0.5837659,5.630699,-1.399426,1.629318,-0.9207738,1.3901259,-3.5551307,-2.1153922,-2.1644611,9.922097,-4.258211,-1.398691,-0.4472523,1.0443864,-1.2470156,-4.2877455,1.3401303,-0.9823195,-0.79284054,-2.5068004,1.2039735,1.0730962,-1.1774644
1,/data_nas/huangyj/data/placePulse/rawData/googleviews-110802files/51413806fdc9f04926005119.jpg,-4.046654,-0.022626802,1.1394845,1.486895,-2.481973,0.081125386,-3.4297411,0.9233006,-2.766573,-0.5070618,5.106685,-2.4287946,1.0306404,1.2854058,-1.3368168,-4.2901344,-2.8948307,2.5649853,3.4392152,4.1128845,-0.9286979,-0.7453088,-0.41239482,2.5960114,10.288129,-1.1150665,1.6572658,0.80609465,5.410934,-1.009523,2.0004737,-1.8686821,-1.1297805,-0.35144964,-8.394848,-2.8097053,8.989622,-3.5987098,-1.2761605,-1.625709,0.4277649,-0.993605,-4.4604964,0.345481,-1.1734122,0.5230506,-3.7916934,-1.6565458,0.008658232,-1.4168229
0,/data_nas/huangyj/data/placePulse/rawData/googleviews-110802files/51414b98fdc9f04926007110.jpg,-6.8132534,-3.0260313,0.7363101,-0.47285068,-9.074595,-1.6947367,-11.409508,2.3586075,1.8379967,-2.3068326,2.5044668,0.06412994,-3.2251632,3.4175384,-0.50833523,0.7056454,-1.4909426,-0.59406793,1.3483769,0.559522,2.0615277,1.310913,3.3078384,0.96037656,12.85043,-2.6490836,-1.5742468,0.5725372,4.9601426,-2.1873908,0.67906094,0.33742836,2.4149292,-6.1006165,-2.208065,1.1499201,5.4834003,-3.870362,-0.6086684,-0.81305146,0.8040203,0.15950318,-2.3233745,2.2370954,0.88319445,-3.3816996,-8.966159,4.025901,1.1416497,0.47303984
0,/data_nas/huangyj/data/placePulse/rawData/googleviews-110802files/513e6caafdc9f0358700c1c5.jpg,-7.1499214,-1.6647307,2.2197025,1.2777398,-5.604857,-0.46432456,-2.8886523,1.2563052,-1.8684505,-1.091922,4.791021,-2.3933089,0.18691917,1.9112557,-0.81658673,-3.291361,-2.2304811,2.3844995,3.218173,2.4174528,-0.7883456,1.7587299,0.5382095,0.2510383,8.643751,-1.9905038,2.4915001,0.90376306,5.0131793,-1.3244792,2.0628846,-2.0600138,-0.94626683,-1.6969861,-1.5939943,-2.218197,4.6782846,-3.4139025,-0.8666375,-1.5666567,1.2260828,-1.1249497,-4.179798,1.8366985,-0.13041407,-0.09686777,-6.173681,0.24120511,0.534968,-1.0746241
1,/data_nas/huangyj/data/placePulse/rawData/googleviews-110802files/513d9dc9fdc9f035870081c0.jpg,-7.0548153,-0.23840947,0.089950964,0.33643827,1.5341394,-0.07819338,6.6269903,-0.13352366,-1.130206,0.48653105,3.1592393,-2.2516186,0.51334316,-1.0245886,-1.0554744,-2.8678963,-3.4148295,0.4298734,0.7605823,0.3427406,-1.2341135,0.34254164,0.4069283,-2.0257576,4.1636453,-1.521782,2.9117162,1.4117887,2.640717,-0.95918846,0.30248687,-1.5502782,-0.7333413,-1.2962215,2.2386436,-0.8295104,-4.6599507,-1.353003,-0.67691755,-1.6622126,-0.17504913,-0.583541,-2.7081182,0.83319724,-0.13735814,1.1705264,-6.768188,-0.07118473,1.76851,-2.3188493
1,/data_nas/huangyj/data/placePulse/rawData/googleviews-110802files/51414151fdc9f04926006191.jpg,-5.578889,-0.73304796,0.046184473,0.98191756,-0.6246658,0.85415417,-0.42748955,0.93342775,-0.82298535,-0.95669985,3.6871018,-2.4254205,0.14756174,0.73552036,-0.89913493,-1.96518,-2.2982354,1.1673231,1.8148787,1.7049385,-0.17759289,0.75670856,1.3889972,0.44223636,9.428236,-0.61470145,2.457489,1.1168283,3.9540496,-1.1612897,0.53407174,-1.5471321,-1.1758178,-2.4653497,-3.7769156,-0.15535673,1.4038142,-2.900278,-0.3884635,-2.7073812,0.65338254,0.13015665,-2.5989196,1.1848239,0.43924364,-0.26647687,-9.49624,0.42716447,0.9270422,-1.9870259
0,/data_nas/huangyj/data/placePulse/rawData/googleviews-110802files/50f5eb47fdc9f065f0008199.jpg,-2.8671527,-1.0634624,2.091409,2.0891743,-7.2283792,-0.8019712,-10.864111,3.455212,0.6845197,-3.1851816,1.5018039,0.016589487,-4.6069636,4.7396564,0.62508386,0.3249206,1.0305849,2.875204,3.070698,2.1657827,2.4609108,2.8321958,2.6729915,4.6501017,4.723707,-0.7063404,-0.9114765,-0.5908414,1.9530926,-1.9527249,1.655832,0.33557466,1.2115393,-3.8536508,-0.07850246,1.1719381,-2.226981,-2.966905,0.25349614,0.5002776,1.8338782,0.67014474,-2.4851716,2.3650835,-0.1406183,-3.2841177,-15.285867,2.5014496,-0.19009168,1.2924007
0,/data_nas/huangyj/data/placePulse/rawData/googleviews-110802files/513ce195fdc9f03587002199.jpg,-4.1895432,-3.9293816,1.5297546,-1.8530723,-8.11134,-4.5487113,8.9547205,2.3124,2.7584002,-0.70777005,-0.07016747,1.8258961,-3.5126336,2.5287685,0.89715296,-0.6046304,-2.2022438,-2.2970212,-0.86097753,-1.7935638,0.53168064,3.7686822,2.6326268,-1.3014348,4.9360385,-5.8890285,0.6263971,0.89854884,3.341029,-2.9258554,0.48279572,-0.31025618,4.6193557,-3.42036,2.6137114,-0.1953823,-3.2108622,-0.72297823,-1.2764894,1.2403948,0.9489254,0.12157967,-0.7103041,3.3819106,0.9076596,-1.7405423,-0.6741886,3.5185044,1.5643027,-0.6606224
0,/data_nas/huangyj/data/placePulse/rawData/googleviews-110802files/51408fd8fdc9f04926000190.jpg,-4.060827,-0.46869132,0.7641934,-0.35323828,1.6811652,-2.8814795,-10.090424,2.2766283,-0.4118961,-0.77370185,2.2958016,-1.2316682,-2.8135417,2.6821346,-1.6232218,-2.4641361,-3.6945946,1.0137432,0.9916687,0.73906255,-0.7793906,1.8215117,2.690148,0.2867391,5.930272,-4.272277,1.9805493,2.117518,3.664167,-2.1286092,1.2255844,-1.3947158,0.8225044,-0.87630457,-3.150045,-1.8437476,-1.0929984,-1.4593825,-1.7735078,-1.2548704,1.282468,0.45401335,-5.5008297,2.3016684,-0.10668005,-1.2204385,-8.537566,1.1533656,2.2976708,-1.5522698
0,/data_nas/huangyj/data/placePulse/rawData/googleviews-110802files/51414bcffdc9f04926007194.jpg,-1.2468399,-1.2997669,4.0795455,0.39175868,-4.4635925,-0.7073126,-7.0242662,1.4149808,-2.0156417,-1.7709333,1.197412,-0.68936676,-2.0585527,2.3124754,-0.70457155,-3.0167239,-2.6583948,2.1753333,2.5068233,1.7789806,-0.55411685,0.6357212,1.1477828,1.1489816,-0.88171387,-2.0260646,-0.9542583,1.2661341,1.557799,-1.7398627,2.066246,-2.0500145,-1.4334735,0.9188463,0.87299746,-1.3965954,-1.2972369,-0.19113657,-0.6637614,-1.0652852,-0.38043407,-0.30857062,-4.5536942,1.3994955,-0.61977524,-0.81587666,-7.9604125,-0.8361332,0.8293112,0.3864161
1,/data_nas/huangyj/data/placePulse/rawData/googleviews-110802files/513d7893fdc9f035870061f2.jpg,-0.9978572,0.17535529,1.5780733,-0.47542647,5.260796,-2.0682893,4.9861484,1.1664954,-1.9012777,0.47493073,2.5391023,-0.10988128,0.8407084,1.2972419,-0.9462549,-4.0691314,-3.5623424,1.6717644,0.9336407,2.5987887,-1.1031383,0.792483,-0.76682764,0.36151168,6.8237185,-2.7750976,1.5944321,1.0643091,7.5670347,-1.9585303,1.6740466,-2.0433865,0.2317894,1.6195157,-10.382536,-4.0038533,-2.1052094,-0.60939866,-2.8936872,0.2227222,0.21515203,-0.6692251,-3.2244964,0.6940264,-0.13462487,0.7018384,-10.671911,-1.3659415,0.7676899,-1.4608675
1,/data_nas/huangyj/data/placePulse/rawData/googleviews-110802files/513d6dd8fdc9f035870051fe.jpg,-1.1849709,-1.4584944,1.8531457,0.99298507,1.3299261,0.6784488,-2.646863,0.57907146,-1.6521008,-0.055247117,3.3752532,-1.6801867,0.45715028,0.7375976,-0.42310166,-3.4216304,-1.6224266,1.5027202,1.7114173,3.725569,-0.6992236,0.6801215,-0.2896885,3.4716303,8.515639,-1.3443472,1.4790356,0.43592665,4.905912,-1.2733282,1.0428803,-2.6579218,-0.9488029,0.5066929,-10.338648,-1.4821196,4.236305,-2.0393586,-1.2616882,-0.78468895,-0.124762155,-0.864325,-0.7999044,0.19336951,-0.71116984,0.90776575,-8.664347,-1.6088952,0.055249516,-1.4106935
0,/data_nas/huangyj/data/placePulse/rawData/googleviews-110802files/51421928fdc9f049260081f5.jpg,-3.8279865,-1.3528965,-0.024020249,-1.8415529,11.155723,-1.0562215,-5.7232947,0.8015389,0.965292,-0.34583965,0.9487509,-0.38120213,-0.35020936,0.42561996,-1.6587149,-0.45129228,-3.975096,-1.7024146,-1.1075277,-0.44991937,0.2003935,-0.30458057,2.3489923,-2.5260856,8.740358,-2.4950023,-0.2622558,2.063884,4.4063783,-1.9574053,-0.475673,-1.348146,0.39565048,-2.380165,-7.2945585,0.34971148,-2.4147847,-0.5786904,-1.50693,-2.49197,-0.9205401,0.55756783,-1.6294641,0.8243876,0.93213624,-0.9638896,-9.348205,1.6101431,2.4977057,-1.3885766
0,/data_nas/huangyj/data/placePulse/rawData/googleviews-110802files/50f5eb4cfdc9f065f00081f0.jpg,-6.107129,-0.9618815,2.0291815,1.3146427,-7.500892,-1.9832673,-10.161069,1.6479754,-1.9315822,-0.45831794,4.445901,-1.6098695,-1.7097713,2.8141284,-1.0638167,-3.2329304,-1.3314264,2.6842055,3.0225341,3.1583707,-0.32005757,2.0209515,-0.26620686,2.31909,6.820423,-3.185453,1.8685857,0.02147162,5.552639,-1.7824895,2.609275,-1.8777372,0.68768907,-1.4427961,-1.555808,-3.2366052,3.3469129,-3.0415714,-1.8858516,1.195243,1.2687522,-1.8150951,-3.8534203,1.4620456,-1.331105,-0.21887596,-9.107968,0.2819862,0.52839696,-0.5611077
1,/data_nas/huangyj/data/placePulse/rawData/googleviews-110802files/50f6011ebeb2fed6f8000187.jpg,1.9408976,-0.31613544,4.357218,-0.9256992,2.5712788,-4.142229,3.6823041,3.7056513,-1.8721371,-1.7680458,1.0511087,1.3614165,0.95506305,4.5126324,-0.2742669,-3.6031482,-3.9072077,3.5877337,2.0546749,1.5286676,-1.4014589,3.1000936,0.69462293,-1.9124299,3.9419835,-3.5344532,1.5054662,1.7119969,6.5645084,-2.1747174,3.192453,-1.7402182,-0.32146287,3.5538876,-9.464094,-6.024217,2.9480855,0.2762985,-2.9944403,-0.94866544,2.8098557,0.9375857,-7.4049945,3.57503,1.9705187,-1.7545975,-1.2621887,-0.3796737,0.25802794,0.31712982
1,/data_nas/huangyj/data/placePulse/rawData/googleviews-110802files/50f448adfdc9f065f000418e.jpg,4.257413,-0.07997083,-2.181789,-3.912442,-0.05509106,-6.5112023,0.851534,3.060507,2.7540672,-0.55997235,-3.798658,3.3553412,-4.454599,3.3999324,-1.0414288,-0.25325337,-4.491015,-2.1015222,-3.2903988,-3.2518854,-1.1215377,3.183332,4.414156,-2.8912964,-1.9093916,-6.3602724,1.9983319,2.9861248,2.1024244,-2.4841824,0.074996166,0.27196497,3.44419,1.7796192,-1.4691676,-2.0851345,-7.3830414,3.269599,-1.8748497,-0.38351092,2.877123,3.2309968,-4.994182,3.9122546,2.5683773,-3.386502,-2.214556,2.2274663,2.5027082,-2.004511
0,/data_nas/huangyj/data/placePulse/rawData/googleviews-110802files/513cbe5dfdc9f0358700118b.jpg,0.6815119,-0.9278497,1.6733903,-2.2272232,-6.12105,-4.167848,-4.5446234,1.1037672,-0.6285596,-0.122113906,-1.4115216,1.0808563,-3.4257417,1.7854666,-1.519497,-3.1401427,-4.371427,-0.4242066,-0.69502234,-1.0115572,-1.9017031,0.89339906,1.7277021,-1.9346238,-5.618941,-5.1254516,0.1325334,2.3820536,1.5232853,-2.0567427,1.5482018,-1.807587,0.87105507,2.5761433,4.6265397,-2.6889415,-5.692444,2.4865756,-1.8402368,0.08865551,0.029045682,0.15550487,-5.2099605,1.9162132,0.023020025,-0.7915328,-3.8156223,-0.26273736,2.1621318,-0.830645
0,/data_nas/huangyj/data/placePulse/rawData/googleviews-110802files/513ce139fdc9f03587002184.jpg,-9.310098,-4.044955,1.0308659,0.16913228,-6.640089,-1.8663071,-9.990246,1.1027229,0.36756244,-0.2662685,4.683996,-2.2799904,-1.9850807,1.8690176,-1.0379621,-2.1095989,-2.2389026,-0.5574022,1.1945975,1.0675215,-0.69291234,3.6353128,2.1338115,0.10053764,11.555428,-4.9134455,3.2863073,1.0683697,5.216347,-1.8807732,0.7963575,-2.0925314,1.3716296,-3.7951336,-0.71318334,-0.966811,5.0656796,-3.6084833,-1.2042851,-0.8226454,1.3551239,-1.1357222,-1.7979903,2.5718045,-0.024762446,-0.29407,-6.461311,2.3503559,1.8471262,-1.9903084
1,/data_nas/huangyj/data/placePulse/rawData/googleviews-110802files/51421889fdc9f04926008153.jpg,1.5239476,0.040785655,1.9922535,-1.09588,3.5056367,-3.3419843,-2.8582356,3.1037922,-0.906863,-1.502353,0.845475,1.047364,0.33680034,3.585838,-0.62610704,-1.7463654,-3.546411,1.943779,1.0895908,1.2481531,-0.39306885,1.5954794,1.2360702,-0.8723809,6.169413,-2.5833502,0.4749059,1.2903003,5.2376904,-1.872927,1.7287952,-0.9675773,0.3256374,1.5201921,-10.342807,-3.8701296,5.678721,-0.287876,-2.2833166,-1.198029,1.8432568,1.3509098,-5.586726,2.6050837,1.5676453,-2.1595314,-0.271436,0.31023157,0.65076256,-0.012434839
0,/data_nas/huangyj/data/placePulse/rawData/googleviews-110802files/513d6d6ffdc9f03587005152.jpg,-0.9735781,0.42834404,0.9415832,-1.5385852,4.6216993,-3.0446122,-6.7797,1.4382112,-1.0061795,0.15210629,1.2494669,0.3551037,-1.272214,1.681083,-1.8137251,-2.6036499,-4.144713,0.49868858,0.025693059,1.4706941,-0.44646123,-0.50534177,0.5895323,-0.010265071,5.8458834,-3.6577835,-0.33927542,1.6701115,6.3293815,-2.2648962,1.3702712,-1.3886768,1.0398294,0.55265915,-8.204241,-3.2758644,-2.1336758,-0.07786747,-3.0367703,0.05639012,-0.43513936,-0.1777709,-4.2794394,0.68314797,-0.26930538,-0.49742413,-11.250488,-0.10826631,1.8958111,-0.9091546
1,/data_nas/huangyj/data/placePulse/rawData/googleviews-110802files/513929ac818ede1296001159.jpg,-5.070732,-4.048913,1.6457853,-1.1538018,3.9856899,-0.64838797,-6.6819377,2.319074,2.6855724,-2.5744658,0.6930216,0.20881641,-1.6911217,2.3774905,-0.0095587,1.5249376,-2.0313973,-1.4543675,-0.07231982,-1.0247447,1.5315752,2.4246542,4.3566065,-2.0304065,10.837664,-2.3260102,-0.79732805,1.5404494,3.4782598,-2.409461,-0.3068757,-0.6624407,0.9223656,-5.045641,-4.4180408,2.4446366,0.14544089,-1.9530379,-0.13196748,-3.0641148,0.35769996,1.4501269,-0.9309703,2.845387,2.464431,-3.1266572,-9.122249,4.135609,1.6320382,-0.055709053
0,/data_nas/huangyj/data/placePulse/rawData/googleviews-110802files/50f5eb44fdc9f065f0008155.jpg,-3.4044397,-0.47784582,-2.0467606,-0.7373209,-3.5492923,-2.2238946,-12.595977,1.3999773,0.760157,-0.05619829,1.9261086,-1.2275301,-3.2013552,1.9604695,-1.8666062,-1.0023072,-2.6694298,-0.73323375,-0.5102949,0.35338998,-0.48946592,2.0187767,2.926546,0.74186224,7.727681,-3.7106733,2.9120524,1.7111171,3.6012232,-1.6249051,0.11298146,-0.8152377,1.2861693,-1.7633902,-3.0383704,-0.8801078,1.5415063,-1.5232699,-1.351652,-1.4643333,1.74974,1.0532312,-3.300197,2.0013382,0.4253449,-1.4585603,-8.767074,1.663561,2.174684,-2.6092737
0,/data_nas/huangyj/data/placePulse/rawData/googleviews-110802files/51408fbdfdc9f0492600015b.jpg,-5.485508,-3.131541,1.5747012,-2.87384,7.532677,-3.8785036,6.4844418,0.44250038,0.9616552,0.9948365,0.53058726,1.5628349,0.74260694,0.28235087,-0.87437314,-1.5981607,-4.271627,-2.7200656,-1.8180863,-1.4518101,-0.8947683,1.9381765,0.22662534,-6.159003,4.467025,-5.004122,0.593767,1.1208792,6.5567145,-2.2508252,0.5286999,-1.8334625,2.5002565,-1.2656726,-1.6029983,-2.2526975,-5.8989596,0.87049764,-2.543599,0.82691675,-0.55960965,-1.4147806,-0.2884732,1.599798,0.84482926,0.17105968,-4.1057973,1.8716265,2.1310894,-1.1747576
1,/data_nas/huangyj/data/placePulse/rawData/googleviews-110802files/51413314fdc9f049260041a7.jpg,-6.586321,-3.2228327,3.4101639,-0.14228258,-2.4473426,-0.85707265,5.0791855,2.3005056,-0.05722385,-3.1491008,2.5728657,-0.46342495,1.0084013,2.8114328,-0.32459438,-1.4901667,-3.5829399,0.7566273,2.798236,-0.28787422,0.027496822,2.4064016,2.8564465,-3.7630339,8.494499,-2.001248,0.13967179,1.6969887,3.3948617,-1.8873396,1.6041237,-1.000692,-0.7252425,-2.9665272,-0.57372856,-0.52928364,5.719624,-2.7545493,0.025811331,-3.934833,1.3752989,0.6646103,-4.928229,3.4522724,2.1844084,-2.3627865,2.166055,2.360495,0.69049317,0.33979997
0,/data_nas/huangyj/data/placePulse/rawData/googleviews-110802files/5140cfdefdc9f049260031a5.jpg,-3.4889066,0.4204354,0.6514294,2.601091,-4.27854,0.6071115,-8.763071,1.9701879,-0.8425527,-2.1178124,2.2022283,-1.2909187,-0.8812818,2.7421813,0.112678476,0.1876723,1.3256127,3.4383304,3.0729733,1.9271528,0.7932948,2.8733666,0.813443,1.3769343,2.613897,1.1874043,2.0752509,-0.6635177,1.3934685,-0.61131865,1.5687863,-0.27233672,-1.0529872,-2.0329382,1.4020264,-0.39266217,0.69095445,-2.4130528,0.7100954,-0.80637175,2.6956367,0.6950182,-2.458241,2.004983,0.53897536,-1.8300244,-8.5919075,1.2811834,-0.95121765,0.03777438
0,/data_nas/huangyj/data/placePulse/rawData/googleviews-110802files/51408fe1fdc9f049260001a5.jpg,-9.40142,-2.787106,0.6127334,-1.5085604,7.741741,-2.8467734,3.2376964,-0.14594755,1.3504927,1.8526367,1.941314,-0.1858077,-1.2080184,-1.1747859,0.07949231,-1.1110045,-3.1341844,-2.5473442,-1.8993887,-1.2264818,0.026718408,0.18715751,0.24468683,-2.773344,5.8039417,-4.4845815,0.75770676,0.6710811,3.7401564,-1.9045361,-0.95262086,-1.1760355,3.435722,-4.029995,2.1293077,0.5578676,-8.962774,-0.7794001,-1.6361274,1.9742194,-1.913938,-2.0218015,1.2067064,0.55473185,-1.0386416,1.1015987,-7.0006766,2.117012,2.791214,-1.7563628
0,/data_nas/huangyj/data/placePulse/rawData/googleviews-110802files/514137fefdc9f04926005107.jpg,-4.7455564,-1.7615798,1.8937603,-0.95605844,2.8027358,-2.6055918,1.9671491,0.7463704,-0.8725516,0.92553484,2.6401525,-0.2841011,0.21038252,0.6332072,-0.7920515,-3.1646957,-3.351701,-0.053478263,0.17413145,1.1818113,-0.9871364,1.3286678,-0.43380594,-1.4975405,6.5599403,-3.9726894,1.4310933,0.8678413,6.5223174,-1.9478624,1.2462763,-2.1422944,1.2694808,-0.3163913,-4.5308833,-3.0425193,-1.625706,-0.76917773,-2.6860065,0.7348468,-0.26049677,-1.5514021,-1.7705657,1.0172362,-0.30192807,0.8520586,-6.981115,0.17713785,1.4848082,-1.2985824
0,/data_nas/huangyj/data/placePulse/rawData/googleviews-110802files/513d784ffdc9f0358700610e.jpg,-6.915835,-2.9885967,1.404869,-0.0059616985,-5.1533403,-1.9193729,-8.262817,1.561807,0.07160248,-0.55480057,3.9530625,-1.0516856,-1.3997127,2.2732766,-0.5206255,-1.7233509,-1.8057863,0.4849559,1.3012375,1.8341595,0.18860042,2.3641176,1.1900972,0.6692949,11.99083,-3.7419288,1.5492121,0.64438915,6.719021,-2.0078106,1.2712123,-1.54815,1.4076278,-3.3769646,-4.3893204,-1.6310956,4.468218,-3.2575388,-1.620054,-0.14456543,0.91488826,-0.96241343,-1.9700004,2.0124552,0.23882058,-0.9230038,-9.433527,2.0176797,1.0611326,-1.0228125
1,/data_nas/huangyj/data/placePulse/rawData/googleviews-110802files/513d784dfdc9f03587006104.jpg,-5.4909096,1.9003733,-1.8356915,-0.23169367,9.621701,-0.14220886,3.0950212,-0.30389303,-1.3713385,0.816891,2.3793888,-2.3845575,-0.19932,-1.563476,-2.006031,-3.0272074,-5.000444,0.22358528,-0.15349135,0.33829814,-1.1326637,-2.203595,0.99351686,-1.4132886,3.5574987,-1.1160635,2.2888894,2.3924065,2.3347752,-1.1537236,-0.31375948,-1.1947463,-0.81638235,-0.97278446,-1.1071604,-0.18652849,-9.207632,-0.6465199,-1.072384,-2.3396695,-1.040629,0.22718565,-3.9843674,-0.29097348,-0.7317602,1.1073717,-11.51644,-0.87029094,2.6638055,-3.1613014
1,/data_nas/huangyj/data/placePulse/rawData/googleviews-110802files/513e6c18fdc9f0358700c104.jpg,-8.455786,0.067537636,0.29928455,2.2135384,-5.4979486,-0.48836172,-6.8730617,1.1169498,-2.160143,-0.2547018,6.081961,-3.4845767,-0.35174346,1.7150948,-1.3028033,-3.3389897,-1.6390375,3.3540742,3.3332357,3.323241,-0.7223614,1.4330024,-0.0054302975,2.0033445,10.161733,-1.9146174,4.266169,0.49558637,5.687924,-1.0089489,1.7991819,-1.821673,-0.6855157,-2.2719388,-2.094196,-2.7494612,3.421483,-4.31849,-1.2082886,-0.70348495,1.7035769,-1.3927314,-4.3194175,1.3885068,-0.96282464,0.500603,-10.832273,-0.046243884,0.8176149,-2.1833277
0,/data_nas/huangyj/data/placePulse/rawData/googleviews-110802files/51413849fdc9f049260051b2.jpg,-2.0830612,2.5452487,-6.1779933,-0.5002895,-13.1879835,-3.386351,2.7755644,1.1624209,1.091824,1.3399581,1.3990821,-1.5491757,-3.5163794,0.982033,-1.2676777,-1.1055642,-2.5777326,-1.4612149,-1.7020131,-1.0200799,-1.3930231,2.4969604,2.4246032,0.5727691,4.283919,-3.1974373,6.8731995,1.553312,1.5792545,-0.5224848,-0.6871774,0.68632215,2.5549433,-1.1227077,2.4222918,-1.823328,1.3381149,-1.108446,-0.79382634,-1.146187,3.3353107,2.39324,-3.8851178,2.123632,0.39638418,-0.5810422,1.3321961,1.1121967,2.1360576,-5.171955
0,/data_nas/huangyj/data/placePulse/rawData/googleviews-110802files/50f5eb49fdc9f065f00081b8.jpg,-4.9755063,-4.2710924,1.6023544,-2.3879783,-4.540388,-3.871773,-8.519012,1.8601308,2.997778,-0.80387986,-0.023820126,1.8889916,-4.221745,2.5291572,-0.13722937,0.9281048,-1.7452877,-2.877769,-1.2397674,-1.1970745,1.6687444,2.0294468,2.7645943,-0.6192054,7.801401,-5.1344123,-2.3760688,0.51487595,4.6039515,-2.7449384,0.13508296,0.042961888,4.3485866,-4.6875725,-0.3211424,0.924162,-1.6496998,-1.0529068,-1.6468127,1.780899,-0.45417365,-0.7127483,0.07733171,1.9954536,0.56607985,-2.4259608,-8.561119,4.1956687,2.0167968,0.77753854
0,/data_nas/huangyj/data/placePulse/rawData/googleviews-110802files/513d9dc7fdc9f035870081bb.jpg,1.0703983,0.517554,1.1011623,-1.4809297,6.974231,-4.689487,-7.734997,2.9382627,1.4581293,-1.230443,-2.2655938,3.8976057,-1.7415296,4.238394,-0.1069456,1.8418807,-0.10043042,0.8499608,-0.48976073,-0.26981255,1.7927872,2.8979113,0.43298328,-2.219347,-0.08754012,-2.1627588,-1.9590462,-0.7442912,5.326639,-2.2076495,1.754499,0.67102665,3.0457666,-1.0537763,-3.6788225,-2.5900004,-8.2590685,1.2785271,-1.9475037,2.9794438,1.5538802,0.532601,-1.6687353,1.9714147,1.3578353,-3.4205093,-11.509908,3.1006298,-0.13620955,1.6960453
0,/data_nas/huangyj/data/placePulse/rawData/googleviews-110802files/50f5eb43fdc9f065f0008142.jpg,-4.3207893,-1.6169084,-1.6346369,-2.0655553,-13.783111,-3.44949,-5.7009783,0.58246976,0.97874403,0.19902222,1.1750525,0.17812936,-2.6164985,1.291905,-1.731121,-0.93395483,-3.3884127,-2.9536748,-0.92528576,-0.7568931,-0.43706885,1.1513882,1.7901534,-1.4849169,5.954785,-4.241983,0.8274621,1.1706532,3.8175642,-1.6250565,0.48054826,-0.4569166,2.822041,-2.4520073,2.2519865,-1.3442231,6.0789137,-1.1486278,-1.5775776,-0.15223807,0.8052645,-0.07967595,-2.6338136,1.4857162,0.25185975,-1.2439338,1.8245887,2.017267,1.9636767,-1.5738984
0,/data_nas/huangyj/data/placePulse/rawData/googleviews-110802files/51414baffdc9f04926007141.jpg,-0.5681037,1.0711087,2.114627,1.8722572,-7.0523815,0.0027823679,-6.695345,2.1134899,-2.330825,-2.174751,1.2431552,-0.6215145,-0.59729475,3.100531,-0.1510549,-1.3057169,0.07253777,4.431617,3.3391006,2.1456473,-0.24715495,2.4643838,0.19264197,0.40734282,-2.0245318,0.8725841,1.8596627,-0.06123789,1.97599,-0.72633153,2.6807954,-1.0443802,-2.1991487,0.8534475,2.1962879,-2.4802213,-0.78194755,-0.59289265,0.1329029,-0.92777777,2.5027106,0.7581443,-4.60076,1.912053,0.68961984,-1.6064911,-8.983835,-0.37955186,-0.9590617,0.1625724
0,/data_nas/huangyj/data/placePulse/rawData/googleviews-110802files/513d6d68fdc9f03587005149.jpg,-9.611685,-2.2030628,1.7333062,0.110530585,-4.358552,-2.703251,9.679311,0.61434805,-0.117762,0.28507793,3.549718,-1.7440888,-0.14814667,0.42020535,0.21620072,-2.8912194,-2.9345133,0.11021852,0.9225866,-0.9414433,-1.5537472,3.1114852,0.77055204,-3.4720342,4.5114393,-4.25115,3.8822112,1.283929,2.735915,-1.1624346,0.71953875,-1.3753026,1.006823,-2.1435688,6.5013604,-2.0641694,-1.9861236,-1.9849178,-0.62571186,-0.7010716,1.0989376,-0.7876558,-3.2160404,2.9019084,0.4927807,0.83720475,1.2546582,1.586778,1.8822376,-1.9662559
0,/data_nas/huangyj/data/placePulse/rawData/googleviews-110802files/50f5eb44fdc9f065f0008148.jpg,-4.050419,1.3256263,-2.2008584,1.0647353,-5.7906885,-0.44892958,-10.9544325,1.5039142,-0.9452527,-0.58277303,3.8304844,-2.540625,-1.645244,2.006648,-1.7795873,-1.5221304,-1.9993569,1.8205651,1.7027371,2.3160424,-0.30198213,0.84096366,1.8086939,2.1937602,9.72252,-1.0873415,3.6599264,1.1907078,4.222263,-0.9311859,0.803554,-0.7509482,-0.37781164,-1.915174,-4.576524,-1.5075476,5.149806,-3.1599195,-0.8313388,-2.217643,2.1235921,0.92104447,-4.5423207,1.3689288,0.030169126,-1.1969626,-9.323361,0.47294825,1.0402915,-2.7516377
1,/data_nas/huangyj/data/placePulse/rawData/googleviews-110802files/51414bb0fdc9f04926007145.jpg,-4.19601,-1.656107,2.4279673,-0.80821186,0.39802548,-3.1644835,-16.14378,2.486295,0.3627468,-1.5506469,0.8588904,-0.4703542,-4.7670264,3.0929675,-1.2161274,-1.4611261,-3.632661,0.6875872,0.7680978,-0.10531543,0.05560575,1.4827461,3.717944,0.20539196,2.7338467,-4.7198834,-0.62269133,2.280137,2.0511177,-2.5776126,0.9271036,-1.0475166,1.0134858,-1.7823101,1.2072538,-0.3132216,-4.96111,-0.6335107,-1.2515951,-0.8721583,0.1454866,0.41631013,-5.3733044,2.5055125,-0.27474996,-2.0943725,-12.209091,2.017003,2.8372536,-0.28177997
0,/data_nas/huangyj/data/placePulse/rawData/googleviews-110802files/51408fb3fdc9f04926000145.jpg,-3.7669582,-3.6617918,1.635284,-2.0533779,-0.914767,-3.427885,-10.00061,1.8351917,2.5874922,-0.52951,0.0373722,1.5256476,-4.0717244,2.3556132,-0.27184856,0.52969044,-1.7001561,-2.2116253,-1.2732013,-0.5431976,1.4400663,1.7918621,2.5205104,0.18308796,7.495621,-4.869757,-1.9071275,0.6834105,4.6331387,-2.786848,0.1377899,-0.40365595,3.6975086,-3.794859,-2.676807,0.65246403,-3.0089867,-0.75270236,-1.8294425,1.4870814,-0.5967713,-0.48391482,0.020955676,1.7374369,0.3123722,-2.0547297,-11.309874,3.425181,2.0150657,0.36533573
0,/data_nas/huangyj/data/placePulse/rawData/googleviews-110802files/513d6b5ffdc9f03587004cdd.jpg,-2.304814,-3.1887364,2.7886536,-3.082,6.591577,-7.583329,11.760368,2.8088737,1.8212304,0.10919938,-0.2767086,4.2535715,0.109071694,3.5342944,1.2441685,-1.18221,-3.576687,-1.0185376,-1.2854481,-1.3307518,-0.1488818,3.763463,0.15440376,-4.817056,4.293866,-6.913649,-0.35785264,0.3791143,7.7095485,-2.920209,1.3273349,-0.39851144,5.3262873,-0.38780656,-4.8463607,-4.4247093,-4.0949507,0.91363317,-2.896562,3.2464194,1.0015402,-0.7786507,-1.3202826,3.6967044,1.3062174,-1.5120219,2.5100234,2.6814551,1.1140944,0.33073133
1,/data_nas/huangyj/data/placePulse/rawData/googleviews-110802files/50f5ed58fdc9f065f0008c66.jpg,-4.8962083,-0.1021071,1.2590545,-1.319497,4.1338277,-3.00586,5.656517,0.09726767,-1.3606331,1.2617413,1.2363638,0.25458077,0.6545285,-0.41089416,-1.0656377,-3.0142841,-4.089259,-0.0069578663,-0.35213214,-0.28039962,-1.4813883,-0.2558514,-0.8907886,-4.235385,-0.15524328,-3.1234653,1.2133384,1.1785791,4.413792,-1.4156717,1.0229552,-1.5767889,0.9630174,0.36832282,2.0745609,-3.0986528,-7.5425463,0.8504394,-2.0641158,0.83816373,-0.75062954,-1.1912422,-3.1164658,0.80803007,-0.22272302,0.8764139,-5.09724,-0.1445853,1.7945805,-1.3907892
1,/data_nas/huangyj/data/placePulse/rawData/googleviews-110802files/50f5ed58fdc9f065f0008c6a.jpg,-7.215987,-2.4081907,2.3594477,0.122542754,0.38485867,-1.270135,-1.1592258,1.8524274,-0.4312707,-1.4501106,3.6136632,-1.3336375,0.124196716,2.1145394,-0.59977746,-2.1358943,-2.910319,1.251843,1.9753209,0.99694365,-0.23263769,2.4892163,1.6785578,-1.9328241,10.034045,-2.756084,1.8828093,1.4615241,5.7747507,-1.9699757,1.5657516,-1.8208482,-0.13392557,-2.6627607,-3.2108855,-1.6180825,1.5600528,-2.7636855,-1.2511683,-2.134234,1.1060036,-0.2901106,-3.693672,2.5370057,1.1251806,-1.0080724,-7.668549,1.8542618,1.1414249,-0.97274923
1,/data_nas/huangyj/data/placePulse/rawData/googleviews-110802files/513cc9b4fdc9f03587001c60.jpg,-0.27011392,-2.6639237,2.0952125,-1.5665935,0.16461933,-3.1075714,-0.78234494,2.0313787,0.94079226,-0.17663842,1.0943778,2.2668378,-1.1903596,2.4899466,0.6231925,-1.1161088,-1.6653324,-0.4268493,-0.29616433,2.0573788,1.1278703,1.366823,0.11821552,1.8074297,10.772009,-3.662753,-1.6246334,0.071514495,8.411859,-2.7219784,0.9630003,-0.7309944,3.0390036,-1.5058298,-12.141992,-1.9580694,1.2846032,-1.1032789,-2.491863,1.9721313,-0.40459952,-0.57094634,0.14025351,1.1582838,0.48586172,-1.3101609,-11.3159075,1.2276514,0.37486154,0.25786242
1,/data_nas/huangyj/data/placePulse/rawData/googleviews-110802files/51415014fdc9f04926007c60.jpg,-7.857503,-1.1257344,1.1374108,0.57600266,0.19304344,-0.8324374,-5.3427634,-0.15400618,-1.0982955,0.93705875,3.5883672,-2.918825,-1.4292549,-0.52451515,-0.92760426,-3.0494545,-2.7002668,0.74131644,0.606867,0.8489561,-1.2872933,0.17152214,0.52391547,-0.017055508,4.078489,-3.2290533,2.7449796,1.442273,2.3551443,-1.2123799,0.18683182,-2.2226434,-0.16584466,-1.4462818,2.9765606,-0.8069549,-4.546186,-1.7592349,-1.0898067,-0.3834739,-0.64961356,-1.3937434,-2.466811,0.7769421,-1.2437953,1.4536372,-9.601402,-0.021465363,2.4069827,-2.3677704
0,/data_nas/huangyj/data/placePulse/rawData/googleviews-110802files/513d5fcafdc9f03587003c39.jpg,-3.5240564,-1.9107286,1.2596973,-2.3725612,4.663695,-4.691604,-12.141793,2.2820177,2.4996285,-0.30769575,-0.6887898,1.8422437,-4.7228227,2.4814248,-0.6554291,0.60963786,-2.5526683,-1.5910912,-1.5614434,-1.1011443,1.5107516,0.5993174,2.665099,-0.20737718,5.0782485,-5.258531,-2.4541504,1.0888286,4.0408792,-2.9343057,0.049605045,0.18316144,4.254018,-3.415294,-2.0343227,0.14550048,-7.5569277,-0.10023633,-2.284498,2.173808,-0.919261,-0.32777968,-1.7288977,1.5585071,-0.2642885,-2.2096395,-12.805859,3.4788325,2.6598077,0.39913934
0,/data_nas/huangyj/data/placePulse/rawData/googleviews-110802files/50f5e648fdc9f065f0006c39.jpg,-4.52955,-0.9873202,-0.42385238,-1.0361754,-1.6413366,-3.32246,-15.663982,1.9227241,1.3255216,-0.35875052,1.3015862,-0.6102982,-5.269394,2.5497975,-1.7571952,-1.0324893,-2.9471753,-0.6567852,-0.39062437,0.0060007516,0.32814404,1.1052171,3.3881896,1.6003333,6.0625124,-4.939348,0.39208102,1.7944045,3.1383555,-2.427741,0.29078925,-0.45953384,2.5706153,-2.8094726,-0.6933573,-0.0071727633,-3.8531768,-1.4161235,-1.7650361,0.1336381,0.39235312,0.09364807,-3.674366,1.7182322,-0.7597494,-1.7115103,-13.084137,2.3213763,2.893404,-1.3530884
0,/data_nas/huangyj/data/placePulse/rawData/googleviews-110802files/51413cf8fdc9f04926005c30.jpg,-0.7373025,-4.625044,3.3026311,-3.4189322,6.8093247,-4.3565474,7.7156444,1.6168431,2.8180923,-0.42009458,-1.7106768,3.9904702,-0.5802053,2.4394236,0.5042505,0.12014498,-2.4245207,-2.6898346,-2.1559067,-1.636369,0.4944362,3.4593139,1.2118243,-4.2397237,4.624675,-5.431446,-1.7525393,0.6286126,6.698611,-3.0019908,0.61131495,-1.0492262,3.4143589,-1.109944,-5.704753,-1.310369,-6.790064,1.5477402,-2.195416,1.6805478,-0.128955,-0.49892655,1.5068913,2.5459645,2.0399346,-1.7624018,-6.86081,2.8304489,1.1319463,0.6229557
0,/data_nas/huangyj/data/placePulse/rawData/googleviews-110802files/50f5e649fdc9f065f0006c76.jpg,-2.7732792,-1.0605682,0.21507588,-0.59834874,-4.43484,-1.5769656,-10.579302,1.8239056,0.2641501,-1.4330477,1.3826007,-1.211829,-4.067971,2.5228157,-1.593907,-1.788,-3.586712,0.1040258,0.6038006,0.3965676,-0.2987934,1.2324636,3.8559148,1.2524704,5.2408237,-3.4352386,0.8453303,2.5477264,2.2645202,-2.0098553,0.53167427,-1.0158167,0.12781116,-1.3369683,-1.1809293,0.0733407,-1.184589,-1.2058817,-0.8119257,-2.4500897,0.88931715,1.1976757,-4.9465327,2.0988593,0.33144626,-1.891313,-11.1124935,1.1442343,2.3972259,-1.5598301
0,/data_nas/huangyj/data/placePulse/rawData/googleviews-110802files/5140b884fdc9f04926001c73.jpg,-7.0549073,-1.7296324,1.541137,-1.0708431,0.8968656,-4.7947993,8.560153,0.3684459,-0.7915458,2.149783,2.2615867,0.06346686,0.22912155,-0.09129295,-0.19232607,-3.6931648,-3.4821203,-0.75480264,-0.47011092,-0.3465668,-1.9520631,1.9379439,-1.386943,-3.7751248,0.7778616,-5.325262,2.8730757,0.49011466,4.4867034,-1.4728497,1.0942507,-1.8419831,3.0357473,-0.0790014,3.8775115,-3.954259,-4.9060354,0.10730979,-2.4058168,2.5934377,-0.12737244,-2.156746,-1.8780252,1.7470566,-0.89913,1.7685282,1.8178854,0.44244477,1.8371576,-1.7361585
1,/data_nas/huangyj/data/placePulse/rawData/googleviews-110802files/50f44807fdc9f065f0003c73.jpg,-5.5985265,-2.2596846,-0.3964956,-1.5373535,-1.2082102,-2.9621491,9.475542,1.1742444,1.5969373,0.42972985,1.4466008,-0.13007894,-0.37301078,0.75702596,-0.16141897,-1.3111337,-3.2946248,-1.6513714,-1.2105523,-1.764258,-1.0746238,3.625162,1.9227159,-4.194421,6.2734723,-4.408281,4.165898,1.509639,4.166229,-1.7147839,-0.22623803,-0.90961623,1.8942943,-1.9835143,0.9300048,-1.3258424,-2.5395017,-0.5865132,-1.1474807,-1.1604897,1.6841439,0.55923104,-1.4871032,2.9987051,1.733062,-0.45816514,-1.452507,2.336927,1.9418683,-2.8986413
1,/data_nas/huangyj/data/placePulse/rawData/googleviews-110802files/50f43530fdc9f065f0002c7c.jpg,-5.535115,-0.73681164,1.5640973,0.10220745,5.2823043,-1.4778922,0.41612998,1.768719,-1.5903157,-0.85346913,3.8290133,-1.7161471,1.1165597,1.4584861,-1.188295,-3.3232672,-4.2224817,1.8163726,1.9401739,1.4877359,-1.1280948,1.6035173,1.2193838,-1.9240702,9.168809,-2.5806074,2.8049648,1.9139667,5.706998,-1.6639242,1.5509236,-1.9024721,-0.70307237,-0.7278765,-6.310025,-2.787845,1.9229504,-2.2119958,-1.6612304,-2.5207162,1.0906813,0.02455751,-5.124766,2.0577934,0.7728815,-0.18319406,-5.523613,0.34019133,1.3223028,-1.7371644
1,/data_nas/huangyj/data/placePulse/rawData/googleviews-110802files/51409850fdc9f04926000c7c.jpg,-2.5130963,-3.1838427,4.447759,-1.0164559,-4.037543,-2.4622524,-16.777626,1.9176255,-0.6955148,-1.9906988,0.5664662,-0.31404555,-5.077019,3.0007029,-1.3857056,-2.8544984,-4.431443,0.3512758,1.4384134,0.6450725,-0.515028,1.0814792,3.5980933,1.0897248,-0.10028618,-5.1281066,-2.309652,2.4941664,1.1667002,-2.8013577,1.5173211,-2.1187053,0.038898878,-0.23210986,2.1653767,-0.2060267,-2.8165414,0.112683885,-1.1309142,-1.1345835,-1.0444659,-0.2497084,-5.2823744,2.1942759,-0.90156555,-1.6745976,-10.455401,0.6279369,2.637773,0.39972827
0,/data_nas/huangyj/data/placePulse/rawData/googleviews-110802files/513e1e71fdc9f03587009c7a.jpg,-5.8003254,-2.3556426,1.0934366,-1.6167727,4.8601246,-1.213332,6.7012224,-0.2985961,-0.30286822,0.6739131,2.2525864,-0.5348824,1.5090921,-0.5821011,-1.4041933,-2.7713993,-4.483565,-1.9802071,-0.3987049,-0.034835353,-1.0725493,0.34220922,0.25716943,-3.8509257,6.836274,-3.0152807,0.7238358,1.4332006,5.37072,-1.5417051,0.3109511,-2.1094673,0.3107425,-1.1063682,-3.0761833,-1.3288491,-1.0413953,-0.6121175,-1.8385054,-1.301393,-0.99785125,-1.3998046,-1.0825795,0.71142226,0.22874445,0.9357819,-3.491378,0.35360622,1.9513882,-1.6792543
0,/data_nas/huangyj/data/placePulse/rawData/googleviews-110802files/5140cbdbfdc9f04926002c7a.jpg,-3.1215076,-0.0070594843,3.1774843,3.789635,-4.075821,1.9631652,-13.061117,1.8844314,-2.88373,-2.940258,3.155152,-2.9371905,-1.7530065,2.9150035,-0.13827318,-2.160238,0.082912266,5.2470007,4.8848414,3.6135046,-0.11251914,2.1231363,1.2680773,3.5952652,-0.5648464,0.87501717,1.817407,0.081952065,-0.2010031,-0.85956305,2.2351303,-2.0741153,-3.4151986,-0.3294521,2.2818255,-0.3594191,-0.99844867,-2.3336964,1.2501074,-2.1024325,1.5614766,0.392836,-4.319517,1.9422579,-0.8104005,-1.0235357,-12.699217,-0.9182727,-0.5525734,-0.29022047
0,/data_nas/huangyj/data/placePulse/rawData/googleviews-110802files/51414ffbfdc9f04926007c23.jpg,-3.0592785,1.1668239,-4.014602,-1.7243526,-7.0719147,-4.5032783,-4.4702425,1.998765,1.209341,0.54772127,1.0747397,-0.21377575,-2.256063,2.276149,-1.7110767,-0.5394255,-3.254424,-1.0198582,-1.5728807,-1.6336915,-1.4186573,3.9000614,2.8387108,-3.1450639,5.937077,-4.313146,6.0000353,1.7807996,4.453647,-1.2115608,0.1059831,0.10833048,2.2290037,-0.95940787,0.053308196,-3.1186829,1.7005253,-0.5109863,-1.5994095,-1.3285916,3.9749353,2.105932,-4.8532696,3.18475,2.0279305,-1.8250465,-1.5574616,2.3954213,2.2429562,-3.8744783
0,/data_nas/huangyj/data/placePulse/rawData/googleviews-110802files/513cb888fdc9f03587000c21.jpg,-1.9808583,-2.1212282,2.1010528,-1.1042082,-4.825371,-0.972812,16.51371,-0.18464087,-0.66430885,-0.07509766,0.4682883,0.069046795,1.0605919,0.08869836,-0.875139,-3.3074915,-3.1395462,-1.2345654,0.27025118,-0.6072158,-1.7791803,1.5892744,0.108400784,-3.5095398,-0.40843397,-2.4494026,1.3478953,1.35171,2.8853917,-1.1912402,1.3988155,-2.2707264,-0.43103337,1.22693,2.4892797,-1.8450364,-2.7384048,0.67030716,-1.4155037,-1.1802579,0.22955614,-0.74096745,-1.6378767,1.4275942,0.70602787,0.747835,0.69247144,-0.3160886,0.8512122,-0.9581339
1,/data_nas/huangyj/data/placePulse/rawData/googleviews-110802files/513f2e8bfdc9f0358700dc2b.jpg,-4.882343,-1.3218908,1.033627,-1.7750252,1.8296059,-5.0369287,-12.029699,2.2662332,-0.06941276,-0.5070243,2.1470184,0.8857128,-1.2030876,2.9055786,-1.6766264,-1.3995308,-4.132638,-0.53534603,0.49018848,0.62326455,-0.0022304738,1.2056476,1.2928871,-1.997543,8.604593,-4.9613194,-0.61532813,1.0117064,6.1344304,-2.3495097,1.6065056,-0.75813264,3.1155605,-2.0019295,-5.5804358,-3.346992,6.380417,-1.5832652,-2.8799703,0.6568908,0.6028269,-0.4872447,-4.569783,2.0374951,0.07739554,-1.8477378,0.74879235,2.3880439,1.7904325,0.07252925
1,/data_nas/huangyj/data/placePulse/rawData/googleviews-110802files/513cb95afdc9f03587000ce3.jpg,0.27837464,-0.79177755,1.3701352,1.172789,-3.6180534,0.99370193,-2.9962845,0.37617853,-2.3012087,0.38010007,3.577834,-1.9852016,0.7466414,0.30150393,-0.33578244,-3.9526453,-1.6250482,1.8980807,1.8176577,4.4123173,-1.310349,-0.08462973,-0.9118088,4.3500586,8.167929,-1.005108,2.2471707,0.4129429,4.5900745,-0.84689134,1.1509577,-2.6304834,-1.4193165,1.6776743,-10.450593,-2.2313428,8.493511,-2.0109274,-1.249797,-0.9079561,0.2066563,-0.6799034,-1.4830214,-0.18865924,-0.92774624,1.2806269,-5.112803,-2.6800582,-0.42021617,-1.9311295
1,/data_nas/huangyj/data/placePulse/rawData/googleviews-110802files/50f4480ffdc9f065f0003cef.jpg,4.3344083,0.8548376,3.0258894,0.14168854,4.823046,-2.9658668,-4.6943913,3.0642602,-0.78230345,-1.5941329,-1.0656782,2.6263492,-1.6115519,4.267263,0.6201397,-0.63183486,-0.18243898,3.3072426,1.350604,2.4221735,1.0726421,2.3584254,-0.32175177,1.9659882,-1.0175015,-1.3316231,-1.3047858,-0.53463954,4.763813,-2.0813131,2.4293685,-0.5048283,0.9613773,1.7035584,-7.623617,-3.3410256,-6.6143103,1.1118659,-1.6687804,2.1828394,1.2377067,0.90169066,-2.745944,1.7513041,0.47761068,-2.1796975,-13.978866,0.10871844,-0.8229299,1.3750731
1,/data_nas/huangyj/data/placePulse/rawData/googleviews-110802files/50f56360fdc9f065f0005cea.jpg,3.0890229,-2.496439,2.6216812,-2.374477,1.170371,-1.9933723,-1.3731124,2.5752115,0.90197307,-2.379826,-2.0571465,1.0714885,-3.6807444,2.954747,-0.9763936,-2.231515,-4.741278,-0.40530494,-0.59758174,-1.0152471,-1.1195676,2.58653,4.938683,-1.2768047,0.28002462,-4.5386987,0.2515685,3.7583153,2.327141,-2.9394934,0.83602995,-1.9964781,-0.8632308,1.8575149,-3.9104407,-0.30467877,-7.508692,2.2101104,-1.0464333,-3.7352433,0.9598501,2.6535847,-5.117192,3.3407664,2.3681393,-2.4993455,-13.124847,0.6731217,2.3651438,-1.1035818
1,/data_nas/huangyj/data/placePulse/rawData/googleviews-110802files/513e5d1dfdc9f0358700ace0.jpg,-5.5096493,-0.86318964,1.7767687,1.1096226,-3.3823624,-0.6010772,-9.534053,0.9340772,-1.704337,-0.6091124,3.5416765,-3.1818743,-2.984841,1.3766135,-1.4368664,-4.0156317,-3.1362038,2.2068012,2.0947452,1.7967039,-1.4980978,1.1176721,2.0357418,1.9484316,3.1176631,-3.5298154,2.7822735,2.1704798,1.9799215,-1.6999323,1.235583,-2.4983807,-1.2306538,-0.30474818,1.7424783,-1.1014147,-3.4855344,-1.863917,-0.7467482,-1.7126331,0.40087333,-0.54235995,-5.056019,1.6503824,-1.1532743,0.42765382,-12.681239,-0.5787344,2.201771,-2.2329667
0,/data_nas/huangyj/data/placePulse/rawData/googleviews-110802files/5141363cfdc9f04926004c13.jpg,-4.737539,0.70029557,-2.3659115,1.0743958,-7.5494885,-0.6029511,-11.6975155,1.5298116,-0.23781893,-0.6936886,3.6648114,-2.5168943,-2.3683293,2.2319386,-1.5263991,-0.9228175,-1.416227,1.3001196,1.3961413,1.771041,-0.115754895,1.659651,2.3120708,2.2057745,9.617006,-1.4263304,3.8667777,0.9902452,3.6503794,-0.9469822,0.5631095,-0.59085506,0.062140305,-2.6511366,-2.7417378,-0.8189361,4.6608233,-3.2922988,-0.49165136,-2.0363185,2.44874,0.96711326,-3.8357775,1.7581034,0.21360771,-1.4534012,-9.370472,1.2184131,1.1211587,-2.7222898
0,/data_nas/huangyj/data/placePulse/rawData/googleviews-110802files/513d5fb0fdc9f03587003c15.jpg,-5.3197284,-2.2564437,1.2983736,-1.1649816,-2.251608,-3.3492396,-11.512438,1.2892982,0.4674969,0.1362897,1.8520308,-0.13432674,-3.2165453,1.8287983,-1.2178452,-1.5664169,-2.811966,-0.88604254,-0.07264168,0.55275685,0.08565887,1.239442,1.4579937,0.2700026,6.2409554,-4.9754963,-0.12945603,0.99468565,4.6539545,-2.3952096,0.8158328,-1.2741941,2.5380633,-2.343425,-1.0956193,-1.2464025,-1.183867,-1.1897752,-2.2082813,1.1436065,-0.32823887,-1.1796627,-2.2332597,1.391206,-0.7793363,-0.70613384,-9.251484,1.8053083,2.2217643,-0.6715064
1,/data_nas/huangyj/data/placePulse/rawData/googleviews-110802files/5140b852fdc9f04926001c10.jpg,-6.72628,-0.6055705,1.5853893,0.62969965,0.78019994,-2.059194,3.5380068,1.1838272,-2.2567596,0.20324408,5.0912433,-1.6550606,1.0253996,1.137967,-0.8227378,-4.533367,-3.9643023,1.8729342,2.574501,2.7051015,-0.96995085,0.25944322,-0.6702193,0.38154906,9.443462,-3.0289454,1.8621118,0.8960979,6.3107414,-1.4712477,1.7207927,-1.5681338,0.5484427,-0.89055383,-5.4700108,-3.4786627,3.5693808,-3.0838017,-1.9653741,-0.20241012,0.06621974,-1.7536032,-4.3358603,1.0726452,-1.2038357,0.9523156,-3.3298955,-0.70512325,0.962159,-1.4245707
0,/data_nas/huangyj/data/placePulse/rawData/googleviews-110802files/513d9c52fdc9f03587007cce.jpg,-2.8047183,-0.622864,1.5888306,-2.5831854,8.610962,-3.8345802,-4.3681984,0.5613434,-0.39110294,1.2848651,0.37760124,1.0903499,-1.0278823,0.52347136,-1.6777021,-2.2079163,-4.273664,-1.0255935,-1.3390843,0.12116429,-0.53291255,-1.0363554,-0.22784343,-2.265812,3.4970808,-4.597294,-1.2304147,1.3221198,6.304271,-2.4302278,0.80426204,-1.6287197,2.1375961,0.038733825,-4.9178104,-2.8876514,-7.403243,1.0171851,-3.4016309,1.6142908,-1.7698988,-1.4173785,-2.3242822,0.12411483,-0.6851567,0.40067106,-11.293865,0.37729803,2.481504,-0.6684368
1,/data_nas/huangyj/data/placePulse/rawData/googleviews-110802files/513cca82fdc9f03587001ccc.jpg,-3.8119094,-1.5140232,2.0606365,-0.86653197,8.146465,-3.0528672,10.347297,2.3994184,0.28097007,-0.71365434,2.216549,0.28996637,0.21767075,2.1932845,-0.09583176,-2.8626757,-4.076661,0.9256526,0.48296344,0.26757145,-0.7975179,3.455088,1.84763,-2.6376145,8.024186,-4.231882,2.7166915,1.9096276,6.467727,-2.464411,1.1068496,-1.3432114,1.0469526,-0.45614392,-7.022193,-2.6431353,-4.6533623,-0.9026816,-1.890235,-1.4875711,1.4891878,0.7131501,-3.761726,3.1945515,1.5163126,-0.65413857,-7.8581944,1.215959,1.4409859,-1.7656113
1,/data_nas/huangyj/data/placePulse/rawData/googleviews-110802files/513d9c50fdc9f03587007cc8.jpg,-1.6359861,1.1435663,1.4716218,-0.5203989,9.457879,-3.0030837,-3.807334,1.1565261,-1.6611799,1.0319434,1.8154087,0.33034232,-0.47225356,1.2769039,-1.1499159,-2.8357098,-2.7957284,1.717028,0.50016046,2.3721132,-0.23589385,-0.5634951,-1.2723554,0.9073414,4.577711,-3.0904608,0.020256333,0.32265648,6.8028946,-2.0906696,1.5148572,-1.4904985,1.4957846,0.6663102,-8.703802,-3.8864207,-6.15236,-0.21287596,-3.182112,2.0666978,-0.8304997,-1.1728711,-2.7756908,-0.11902298,-1.2895815,0.6299966,-13.787315,-0.73797727,1.1912829,-0.7266514
0,/data_nas/huangyj/data/placePulse/rawData/googleviews-110802files/513d603cfdc9f03587003cc0.jpg,2.3234887,-2.265182,-1.9946772,-2.2634282,-6.030702,-0.5757859,-10.219637,1.3316041,3.0066714,-1.3855792,-2.147374,0.10571614,-6.228005,1.6584797,-1.224151,0.1985297,-2.762492,-3.0348403,-2.6211102,-1.6662675,0.18827024,1.3334593,6.046292,2.1004665,3.3929079,-3.274733,0.5466284,2.9803112,-0.28697214,-1.8648069,-1.5513461,-0.48555398,0.5874326,-1.1198443,-1.5803807,3.541581,-4.442762,0.7982647,0.2680535,-3.2483208,0.753196,2.8366063,-1.6600962,1.9262749,1.6345912,-2.710573,-13.882333,1.6589313,2.8583543,-2.1309166
1,/data_nas/huangyj/data/placePulse/rawData/googleviews-110802files/50f44808fdc9f065f0003ccb.jpg,-2.5881648,2.0151138,-0.1383639,1.0358472,9.768179,-1.1629763,2.1479611,1.4806783,-0.53612953,-0.97018707,0.5294407,0.6497764,0.6633486,1.6562976,-0.4921956,-0.13518624,-0.55816996,2.5987303,1.3582926,0.9573398,0.66432357,1.9087695,-0.48097998,-2.161754,-0.15968466,0.6909198,1.212731,-0.35552478,3.8440814,-1.275365,1.6907594,-0.107926115,0.21362919,-1.1751287,-1.1864803,-1.8665059,-10.841521,-0.23207343,-0.68361723,0.23387563,1.5190847,0.6883046,-2.3941708,1.1992675,0.7731555,-1.215169,-13.107925,1.0239661,-0.61859876,-0.28839824
0,/data_nas/huangyj/data/placePulse/rawData/googleviews-110802files/514136c1fdc9f04926004cc4.jpg,-8.1162405,-1.5536605,1.4362131,1.036272,-7.4356003,-0.70210195,0.26138085,0.7924468,-1.4366878,-1.0196723,4.672369,-2.5370498,-0.37675714,1.3256451,-1.0364816,-3.2445157,-3.037052,1.1235482,2.9660604,1.4415555,-0.800474,0.9059507,1.1199597,0.12544434,7.942261,-2.4550333,1.894036,1.186432,3.052439,-1.160912,1.3836097,-1.357732,-0.42511097,-2.4699564,1.2900238,-1.3022975,5.5567966,-3.5914688,-0.339217,-1.9112378,0.67502457,-0.9807341,-4.5860133,1.6933999,-0.55314994,0.053529926,-0.75012267,0.50408185,1.1350459,-1.0964044
0,/data_nas/huangyj/data/placePulse/rawData/googleviews-110802files/5140cbeafdc9f04926002c97.jpg,-6.0064015,-2.9392796,1.3941175,-0.7344958,-3.947479,-1.5120037,2.5711255,1.8208352,1.1922959,-1.4027531,1.8728316,-0.63877535,-1.3118789,1.9339103,-0.26146996,-1.0288006,-2.7859027,-0.5052151,0.5020439,-0.7475201,-0.15084986,3.2356033,2.9230976,-2.481629,8.07342,-3.351585,2.2590692,1.6998671,4.191636,-2.1284995,0.5669968,-1.220853,0.5837408,-3.053093,0.2695921,-0.16148019,-1.0516498,-1.7539461,-0.65363926,-2.4202313,1.4424157,0.6589203,-2.6674814,3.0698771,1.910349,-1.5784055,-7.1788716,2.648839,1.6416955,-1.5193623
1,/data_nas/huangyj/data/placePulse/rawData/googleviews-110802files/513cb90cfdc9f03587000c9e.jpg,-1.8670375,1.3989825,0.73559105,1.4722664,3.7962894,-0.9530215,1.1704146,0.83569485,-2.8389838,1.0277184,4.1814785,-1.6559887,0.34648007,0.7964865,-0.6545107,-4.5352936,-2.2715054,3.071334,2.1800277,4.443144,-0.87325716,-0.08160527,-1.7575235,4.1237936,7.1836863,-1.639586,2.3792872,0.023688346,6.249014,-1.292596,1.5556924,-1.8711836,0.046502028,1.1644666,-10.272702,-3.6093342,-0.56183827,-2.0832992,-2.2969904,1.084554,-0.042601213,-1.2637932,-2.7578902,-0.4119638,-1.8992646,1.6654543,-11.707263,-2.521805,0.08264818,-1.8351417
0,/data_nas/huangyj/data/placePulse/rawData/googleviews-110802files/513d9c40fdc9f03587007c91.jpg,-0.5389925,-1.0462668,3.844094,1.4267104,-3.0351026,-0.3613399,-2.9342384,2.9169786,-1.531572,-3.1641796,1.4015492,-1.9339863,-4.523467,3.34304,-0.4540549,-3.9920075,-3.8290796,2.9437566,3.4445446,1.6726155,-0.90818346,1.6909049,4.404953,3.5804505,-0.39464495,-2.697758,0.618471,2.9853344,-1.1463155,-2.1080735,1.7868545,-1.8067195,-2.0314763,0.6704418,0.20100278,0.3306433,-3.9536214,-0.9824866,0.40841642,-3.7246575,0.8411055,1.8639013,-7.213454,2.897717,-0.29731935,-1.5881062,-9.580939,-0.7645933,1.4658445,-0.64117616
1,/data_nas/huangyj/data/placePulse/rawData/googleviews-110802files/50f42c72fdc9f065f0001c91.jpg,0.580382,1.1838942,2.1827338,2.0665195,2.486049,0.20357542,-11.077611,2.1193218,-2.0534904,-1.9850749,1.0751061,-0.3795533,-0.72202694,3.0141044,-0.25571412,-0.8689055,0.36436504,4.1634173,2.9881768,3.1121583,0.73204225,1.527426,-0.13433537,2.3234148,-0.18455197,0.91701436,0.13866338,-0.5652674,2.3750057,-1.101472,2.2573645,-1.2160051,-1.5239621,0.44792613,-3.6796234,-1.8383989,-2.4822354,-0.693887,-0.37349492,-0.16272987,1.2541828,0.54427606,-2.9669385,1.1464709,-0.20759603,-1.4879102,-12.882601,-0.40289956,-0.90291554,0.6038591
1,/data_nas/huangyj/data/placePulse/rawData/googleviews-110802files/50f55e6ffdc9f065f0004c99.jpg,-8.344178,-1.0463712,1.2793727,0.729516,-5.960967,-2.4407833,-1.27361,1.0308383,-2.2715857,0.48406276,5.6998057,-1.9179536,0.13226701,1.5573269,-1.1472346,-4.474854,-3.16941,1.907724,2.665489,2.9981244,-1.1181641,1.1314836,-0.92142445,0.5908088,9.967999,-3.7905846,2.8148088,0.5804673,7.444737,-1.611721,2.2932415,-1.8263448,0.925141,-1.4875709,-2.8786345,-4.191761,4.4978895,-3.520292,-2.2969656,0.6511292,0.7755239,-2.3703418,-4.354907,1.2100968,-1.345145,0.93814534,-5.833508,-0.26875755,0.96650106,-1.6556636
1,/data_nas/huangyj/data/placePulse/rawData/googleviews-110802files/5140d9c4fdc9f04926003c95.jpg,1.2816606,0.9663207,-1.2336496,0.0627256,-5.196739,-0.5725936,-6.10151,1.1781528,-1.2642593,0.17443962,2.234852,-0.96634036,-0.37173834,1.2642376,-0.9895197,-2.163016,-1.9659379,1.1676993,0.7159851,2.8603334,-0.7598628,0.051098205,0.2997432,2.835872,7.9492016,-1.0537877,2.5731506,0.7926665,4.710522,-0.8469697,0.795006,-1.0795865,-0.32894897,1.0017778,-9.507512,-2.5431256,7.8614597,-1.4179969,-1.4508226,-1.2331675,1.4544749,0.855021,-3.0621176,0.5458636,0.17257306,-0.45303825,-5.0090227,-1.2151566,0.1391199,-2.288875
0,/data_nas/huangyj/data/placePulse/rawData/googleviews-110802files/513d6064fdc9f03587003cf7.jpg,-3.4478412,-2.8485081,1.403321,-2.6108336,1.0654292,-3.5540686,-13.29095,1.2228464,2.0256865,-0.16728316,-0.83484566,0.9262907,-4.974857,1.4068297,-1.204406,-0.35852045,-3.4771345,-2.5751684,-1.7793651,-1.4853498,0.5480818,0.20054896,3.1526573,-0.50394255,2.7615716,-5.481552,-2.258804,1.8493583,2.0637844,-2.6993315,-0.35511592,-0.7916208,2.9892375,-2.5098574,1.1781464,1.0689642,-6.4279485,0.50766635,-1.7247127,0.7957618,-1.5327659,-0.414691,-1.7336409,1.3725982,-0.48011467,-1.5031439,-10.473993,2.5477002,3.1645496,-0.22781098
0,/data_nas/huangyj/data/placePulse/rawData/googleviews-110802files/514098adfdc9f04926000cf8.jpg,-4.971291,1.8048757,0.67581666,4.270946,-4.0350833,1.4960413,-7.667661,1.7206869,-2.417645,-1.8503845,4.0554237,-2.963083,-0.59892035,2.3669832,-0.073816575,-1.4724568,1.4364321,5.7623625,4.5520177,3.5046675,0.23391393,2.519785,-0.16191256,3.0491288,1.7746706,1.8064326,3.8216617,-0.746675,1.48196,-0.3514723,2.0878925,-0.87981087,-2.2858808,-1.3734117,2.4301834,-1.3062383,-2.1985059,-3.270669,0.8903374,-0.7139126,2.8563612,0.055183284,-3.6118045,1.57977,-0.56097937,-0.5471694,-13.4046,-0.24240448,-1.0693425,-0.8240842
0,/data_nas/huangyj/data/placePulse/rawData/googleviews-110802files/513f14e6fdc9f0358700ccf5.jpg,-5.0670085,-2.492725,0.5374217,-0.5607464,-12.744119,-1.8353156,-3.6605804,0.90445757,0.04023531,-0.3554152,2.7480655,-0.70195264,-1.4157683,1.5691631,-0.7913238,-1.7662188,-2.2256331,-0.98012197,0.7511306,0.8393416,-0.42560542,1.7279272,1.176155,-0.1468116,8.264856,-3.2454848,1.4684777,0.7695245,4.784833,-1.571921,1.1160002,-1.3874125,1.3520092,-2.3479064,-0.3430237,-1.500636,7.009245,-2.301633,-1.1918167,-0.5601165,0.9484771,-0.5517469,-2.1690292,1.697527,0.27666485,-0.7082361,-1.774269,1.3184379,1.0817782,-1.2608532
1,/data_nas/huangyj/data/placePulse/rawData/googleviews-110802files/513d7bc0fdc9f03587006c82.jpg,0.02135894,0.52015644,1.3665384,-1.6557356,5.8686256,-4.940728,4.0846663,2.9977582,-0.4924497,-0.09793898,1.1329664,1.4431893,-1.1888516,3.1819506,-0.741807,-3.2888057,-4.4626293,1.620138,0.025084056,1.1483899,-0.9276979,2.305956,1.0023103,-0.95991933,6.232945,-5.08921,2.085666,2.027076,8.410001,-2.9474726,1.8739086,-1.0939931,1.9586866,1.5284204,-10.045662,-5.007195,-5.8170533,0.37732026,-3.4735434,0.3894043,1.543874,0.863756,-5.5174346,2.601258,0.9836899,-0.9915847,-12.359591,0.35236368,1.5751922,-1.6533253
0,/data_nas/huangyj/data/placePulse/rawData/googleviews-110802files/5140cbccfdc9f04926002c59.jpg,1.0654175,-0.39310095,2.8473377,-0.56229204,-3.8676302,-1.4620655,-3.2734022,2.277837,-1.5539823,-2.503327,-0.10380922,-0.6240114,-3.7658515,2.8458366,-1.4039379,-3.9263527,-5.3128133,1.8879116,1.973845,0.34351483,-1.5369978,0.44996312,3.8657303,0.5172485,-2.948218,-3.0981429,-0.15243402,3.6323931,-0.057144232,-1.9586449,1.7033447,-1.5884715,-2.0725293,2.3549182,1.3522292,-0.94035035,-4.7791033,0.996134,-0.4553279,-3.5935376,0.501421,1.7495719,-8.154067,2.4956787,0.36280605,-1.7517465,-8.48653,-1.0589913,2.005837,-0.6562023
1,/data_nas/huangyj/data/placePulse/rawData/googleviews-110802files/50f5ed58fdc9f065f0008c59.jpg,-0.3591572,2.3138797,-4.3261995,-0.38134578,-2.6954174,-1.1575663,-5.4458222,1.9297081,0.6512846,-0.6892535,0.8694241,-1.9067633,-3.6046846,1.9252659,-1.9598116,-1.2067131,-3.285873,0.46749258,-0.6691612,-0.5005332,-1.1871499,1.7501378,4.441822,0.74696386,4.6638465,-2.027496,5.3439407,3.0097895,1.3159399,-1.0563308,-0.420798,-0.03979782,-0.45586246,-0.15248558,-2.2531586,-0.26557472,-3.2372518,-0.603833,-0.29265344,-4.016506,3.25028,3.3511257,-5.8688927,2.3951683,1.4315461,-1.9251735,-10.783286,0.70020497,2.2846434,-4.235581
0,/data_nas/huangyj/data/placePulse/rawData/googleviews-110802files/50f42c72fdc9f065f0001c5a.jpg,-3.5203502,-0.6223657,-0.7892518,-0.8549243,-4.9014015,-1.7604481,-17.148464,0.67871726,-0.73621935,-0.067625396,2.0750906,-2.966843,-4.207175,1.2487135,-2.9352226,-3.4683328,-4.972071,-0.13147074,0.02537597,-0.1599089,-2.5223353,1.0200837,4.049019,0.24569152,2.3625176,-4.851955,3.4212942,3.7532232,0.68418384,-1.4164476,0.14736569,-2.1175787,-1.1244268,0.8377561,2.1027892,-0.8841746,-0.357354,-0.49046275,-0.7949921,-3.368534,1.1560894,0.9367546,-6.5090938,2.1642268,-0.2732298,-0.4240573,-8.320902,-0.17884448,3.549722,-3.3640358
0,/data_nas/huangyj/data/placePulse/rawData/googleviews-110802files/51409835fdc9f04926000c5a.jpg,-2.7005265,-0.5913426,3.3707023,2.9564447,-5.461847,1.653414,-8.938208,1.9010032,-2.2850945,-3.1286106,2.119214,-2.0527565,-1.7927599,2.8955429,0.15672715,-1.746703,-0.12111942,4.5134735,4.311538,2.6774483,0.08697253,2.3979475,1.5335683,2.269724,-1.4439971,0.8439688,1.1165603,0.26011774,0.0049781725,-1.1018058,2.1444933,-1.8042673,-3.073327,-0.45872077,3.6091762,-0.034672987,-2.7728095,-1.5651428,1.3131144,-2.1863737,1.3891262,0.62852114,-3.9819858,2.1046722,-0.08286135,-1.4508013,-12.73317,-0.37483028,-0.5032546,0.10104982
0,/data_nas/huangyj/data/placePulse/rawData/googleviews-110802files/513d7bcafdc9f03587006ca3.jpg,-8.762787,-3.098268,1.740303,-0.08278681,-6.530285,-2.8048759,5.9744606,0.45450172,0.45924678,0.31452385,2.7995825,-1.6457924,-1.2652302,0.36653695,0.17457867,-2.4711413,-2.4223309,-0.90111506,0.33611044,-1.3270415,-1.5620074,3.7230594,1.3113229,-2.7799096,3.19263,-4.9363794,3.8145828,1.2771864,1.384981,-1.2709591,0.39512458,-1.5672996,1.4314536,-2.1827757,7.6408014,-1.3423834,-1.1192827,-1.6116316,-0.47875497,-0.4218894,0.9578827,-0.65537524,-2.274613,2.9951491,0.3604884,0.8205252,3.1899164,1.8263158,2.0309768,-1.9454311
0,/data_nas/huangyj/data/placePulse/rawData/googleviews-110802files/50f5eac6fdc9f065f0007ca1.jpg,0.027258754,-1.4317446,1.8086001,-3.747273,3.1913679,-6.697307,-9.692715,2.7214577,1.797567,-0.6001719,-2.5945194,3.658693,-4.3336754,3.494731,-0.89642596,-0.063499525,-4.2636547,-1.5116582,-1.9408169,-1.9240445,0.3919782,1.270239,2.5714962,-2.6227083,-0.48644415,-6.3570676,-2.8605535,1.6281612,3.878585,-3.120936,0.9287045,-0.014576027,4.0615473,-0.34457797,-0.8061202,-1.9895881,-7.2929416,2.3025005,-2.6396508,2.204301,-0.15449896,0.2330106,-4.01028,2.468556,0.5695747,-2.9605477,-6.721061,2.7381587,2.547417,0.7914919
0,/data_nas/huangyj/data/placePulse/rawData/googleviews-110802files/50f5eac6fdc9f065f0007caf.jpg,-5.7605457,-0.09485258,-1.3188664,0.7472825,-6.6039343,-1.1988033,-9.113637,0.98532456,-0.68456006,-0.002557169,3.7296708,-2.981575,-2.5386186,1.5014825,-1.662381,-2.4878123,-2.5593698,0.99475735,1.0282577,1.2627356,-1.2655663,2.0651088,2.0952933,1.2835599,6.6147738,-3.1214259,4.613564,1.6103468,3.0110445,-1.179132,0.549986,-1.5082655,-0.13741672,-1.3911963,0.4864227,-1.3868172,1.069644,-2.3974502,-0.80158645,-1.7345513,1.915382,0.25124848,-4.192639,1.9287236,-0.29052654,-0.1804381,-8.845626,0.48063585,1.985407,-3.2705107
0,/data_nas/huangyj/data/placePulse/rawData/googleviews-110802files/51414862fdc9f04926006ca5.jpg,-3.7614956,-0.5704855,-0.8881328,-1.8688507,6.7672157,-1.2563468,-3.0521157,-0.3154512,-0.107944705,1.1730464,1.2648981,-0.9291553,-0.4158849,-0.7696463,-2.2757626,-1.9763932,-4.40126,-2.1687212,-1.4792137,-0.13323122,-0.94412065,-1.1103613,0.96075845,-1.9767439,5.713309,-2.8704867,0.7689974,1.8553112,4.072562,-1.4972849,-0.3740518,-1.805112,0.5168984,-0.8545736,-4.2574463,-0.67670226,-3.3258755,0.040069237,-2.1024356,-1.1838822,-1.2934887,-0.5506325,-1.4868917,-0.18181826,-0.34687233,0.700473,-7.9213347,0.12651105,2.729166,-2.28091
1,/data_nas/huangyj/data/placePulse/rawData/googleviews-110802files/51414865fdc9f04926006caa.jpg,-2.9070396,0.007965803,1.4834094,0.1619996,-2.4395847,-2.2055268,-0.3026632,1.7922418,-1.8951926,-0.40160972,3.7292335,-0.20370032,0.49861807,2.2215104,-0.66658455,-3.4141731,-3.0591278,2.0166366,2.5243702,3.254379,-0.042224463,-0.7052521,-0.78967375,1.8903888,9.828179,-2.151499,-0.22363766,0.4183167,6.8893604,-1.5867923,2.0287693,-0.81270194,0.9860054,-0.5509772,-9.065773,-3.6014166,7.0810184,-2.7590003,-2.176758,0.35284287,0.20394316,-1.0981311,-4.322403,0.697602,-0.8717825,-0.33180547,-3.2060087,-0.6877121,0.13233516,-0.32012966
1,/data_nas/huangyj/data/placePulse/rawData/googleviews-110802files/50f55e6ffdc9f065f0004cab.jpg,-7.078441,0.13091415,-0.49939835,0.37391147,4.633901,1.3695204,7.1054926,-1.3809153,-1.5290948,1.0852484,2.7951808,-2.7051165,0.8360544,-2.7137337,-1.245654,-2.7611399,-3.7915003,-0.83861387,0.30227935,0.23354582,-1.059336,-2.3120453,-0.082343705,-1.5946695,2.3063273,-0.13006394,1.1766702,1.3145789,0.33919078,-0.32939932,-0.6911965,-1.56819,-1.30642,-1.5408449,3.365841,1.0586156,-5.509392,-0.956792,-0.21172373,-1.8666852,-2.0191572,-0.99852747,-1.4289343,-0.69784313,-1.2346019,2.0400062,-4.841794,-0.97358304,2.1666074,-2.0758922
0,/data_nas/huangyj/data/placePulse/rawData/googleviews-110802files/513d5fa6fdc9f03587003c06.jpg,2.2196214,-0.20320426,3.052964,1.5206809,-4.7359886,0.28272772,-6.43801,2.421152,-0.86639684,-2.837641,-0.68378776,0.7798808,-1.893872,3.4706979,0.77823573,0.1773795,1.0227889,3.136404,2.503988,1.994004,1.3828715,2.029257,0.7965967,2.364218,-2.3158255,1.1206472,-1.0867267,-0.6920215,0.9565114,-1.1386753,1.9143274,-0.7131826,-1.1775129,-0.0058149807,-0.2470406,-0.34289175,-3.0108356,-0.087354906,0.37942782,-0.13386412,1.2833053,1.0973597,-1.9656143,1.6454436,0.58345175,-2.4297087,-11.397469,0.28801435,-1.0777069,1.4443727
0,/data_nas/huangyj/data/placePulse/rawData/googleviews-110802files/51413ce2fdc9f04926005c02.jpg,1.4239453,0.25161934,2.5944526,-0.97711366,5.3799706,-4.4640117,2.0432606,3.2854016,-1.4741786,-0.8520785,0.9988028,0.7528117,-0.6031465,3.7494323,-0.98628163,-3.9607766,-4.5533776,2.4814882,1.190749,1.1716682,-1.7806394,3.0564327,1.3370886,-0.9391529,2.8912272,-4.637412,2.4577668,2.099475,5.531582,-2.3687754,2.4059796,-1.8358151,0.5020769,3.349787,-8.575692,-5.261946,-1.1277958,0.66031146,-3.051035,-0.6218871,2.4012773,0.92849,-6.7765255,3.1276782,0.9354253,-0.9963405,-3.9429755,-0.4764646,1.2120895,-1.0227139
1,/data_nas/huangyj/data/placePulse/rawData/googleviews-110802files/513e1e46fdc9f03587009c01.jpg,-5.0338244,1.8127407,0.44910058,1.5965188,5.099699,-0.9173396,4.0363235,0.98178095,-1.5635065,-0.23427014,2.0449944,-0.45475593,1.204913,0.801285,-0.509415,-1.4653167,-0.53828984,3.2882469,2.0373168,1.223125,-0.20481643,1.7978445,-1.417149,-2.265491,-0.48019776,0.2764292,2.4916224,-0.42752773,3.5819542,-0.89783555,2.012529,-0.706721,-0.12909827,-0.7937156,2.4223828,-2.6572423,-8.894819,-0.8081505,-0.79196095,0.62386936,1.474864,-0.38151935,-2.8565555,1.0341976,0.20730539,-0.021309037,-10.088144,0.3861375,-0.5219418,-0.6400821
0,/data_nas/huangyj/data/placePulse/rawData/googleviews-110802files/51414ff2fdc9f04926007c09.jpg,-4.0045357,-3.2491555,-0.1378557,-1.8862151,-12.897243,-4.1772366,0.6745312,1.2755824,1.8211582,0.54219586,1.0801412,1.3046831,-2.750534,1.5917286,0.116752364,-0.8586008,-1.8523233,-2.9453306,-1.2422884,-0.32582623,0.1367841,2.7799566,0.9852943,-0.41267818,7.313536,-5.1269736,1.0145959,0.13218078,5.472335,-2.275875,0.65280634,-0.5449025,4.4821806,-2.8582027,0.07100729,-1.4423101,3.5553741,-1.211305,-2.0526164,2.0099273,0.7145781,-0.73852396,0.1370424,1.8716846,0.27270597,-0.8923439,-0.45692608,2.5370328,1.3144373,-1.1412225
1,/data_nas/huangyj/data/placePulse/rawData/googleviews-110802files/513d6b0bfdc9f03587004c0f.jpg,-5.6007648,-0.011579424,1.6954613,2.9331493,-4.3125205,2.1251228,-2.2832391,1.4962775,-1.8702177,-2.796387,3.2113502,-3.12487,-0.6973084,1.8172803,-0.42985064,-1.9647641,-0.9406856,4.288768,4.0770583,1.8263134,-0.49838388,2.4513674,2.075402,0.37636507,1.6656722,0.9670424,3.3290298,1.121334,0.53351575,-0.87751734,1.754321,-1.472779,-3.3936043,-1.4905576,4.4960575,0.14858015,-3.559619,-2.4757016,1.405647,-3.7784064,2.1438348,0.95501643,-4.799498,2.3418279,0.7698136,-0.90279174,-12.2815075,0.12569377,0.0672128,-1.1944585
0,/data_nas/huangyj/data/placePulse/rawData/googleviews-110802files/5141363afdc9f04926004c0f.jpg,-0.58438015,-0.49325293,0.21886535,-2.6609964,-2.3038945,-5.168325,-7.587011,2.3277733,1.4537904,-0.07138805,-0.48765308,3.0988748,-2.7127106,3.1580992,-0.71566904,0.42364097,-2.1675956,-1.0334907,-1.2738212,0.06548837,1.2337583,1.0005072,0.770092,-0.66682225,6.5899286,-4.1733108,-1.8159423,0.22076252,7.1854167,-2.4733984,1.1412412,0.57238525,4.022346,-1.6922178,-5.9215074,-2.7822132,-0.81266123,0.09993004,-2.9790351,2.6796532,0.44607362,-0.1004663,-2.2239437,1.4608961,0.70634276,-2.5697768,-9.116402,2.5810227,1.2466836,0.5126203
0,/data_nas/huangyj/data/placePulse/rawData/googleviews-110802files/51415038fdc9f04926007cb7.jpg,-8.620804,-1.7211292,1.6431177,1.3857621,-3.8937013,-1.4580877,-6.536487,0.73327124,-2.0728688,0.5065634,5.839635,-3.2459784,-0.3462123,1.1814218,-1.2850814,-4.2825994,-2.4341948,1.9967366,2.5362349,2.6608367,-1.7841033,2.4521718,-0.009666307,0.80122405,8.786478,-3.9644885,4.413064,0.87284005,5.296158,-1.29243,1.7970277,-2.7822692,-0.16491571,-1.205673,-1.3876001,-3.2484305,4.179608,-3.4800239,-1.6481907,-0.30980492,1.2098917,-1.9991814,-3.5953724,1.7181405,-1.1586195,1.337661,-5.9443555,-0.1299568,1.298532,-2.2465398
1,/data_nas/huangyj/data/placePulse/rawData/googleviews-110802files/51413d38fdc9f04926005cb2.jpg,-1.045197,0.7102257,1.0300463,-0.29023862,9.720938,-1.2579869,-0.8309816,0.6888334,-1.5204793,0.53500825,1.9488615,-0.40885183,-0.33165145,0.6738894,-1.2259339,-3.0568378,-3.1354547,1.1452241,0.5463332,2.6023622,-0.23768464,-0.70804685,-0.4098337,1.6759815,5.9458976,-2.098453,0.05529233,0.83711094,6.0912447,-1.9680481,0.9502491,-1.7528075,0.34009767,0.43587664,-10.30089,-2.2957332,-5.7146235,-0.54345,-2.4001024,0.37213162,-1.1242226,-0.59362626,-2.1130328,-0.36843476,-1.0169605,0.66808987,-15.2859955,-1.203709,1.2226305,-1.133955
1,/data_nas/huangyj/data/placePulse/rawData/googleviews-110802files/5141486dfdc9f04926006cb9.jpg,-5.787009,-0.54245865,0.0031147953,1.1214323,1.7553763,0.0036726452,6.7463527,0.8532174,-0.95569193,-0.081968896,4.49671,-2.4741135,0.41859967,0.3448719,-0.46916765,-3.4947443,-2.9807303,1.5906903,1.545069,2.0540354,-0.9359567,1.4573487,0.94717115,0.84964883,9.790625,-1.8510734,3.8976872,1.3511623,4.865646,-1.2960122,0.50705415,-1.4567574,-0.5446736,-1.4764485,-5.2239165,-1.1272352,-0.8007024,-2.9737587,-0.8698917,-2.0626793,0.7940648,-0.09659825,-2.6762688,1.308941,0.0040672533,0.769719,-9.484244,-0.2944686,0.8930733,-2.9677305
0,/data_nas/huangyj/data/placePulse/rawData/googleviews-110802files/5140cbc2fdc9f04926002c43.jpg,-5.2882853,-1.6293507,2.0704691,-0.21684837,1.0362777,-2.0531416,-0.7635964,1.9052031,-0.007796876,-0.85810757,2.3106308,-0.5052486,-1.5486164,2.115095,-0.60455817,-2.005273,-2.7584522,0.59852266,1.2374172,0.80779,0.13158605,1.5508176,1.4719121,-0.33490208,6.961126,-3.2393858,0.5937823,1.1204329,4.671667,-2.2539237,1.2793053,-1.4224676,1.1547656,-2.2475426,-2.6029093,-1.1682097,-2.5402007,-1.7192919,-1.6695184,-0.47635785,0.34799638,-0.43671012,-3.067813,1.8653932,0.009933069,-0.8675143,-9.107106,1.463435,1.492396,-0.51488185
1,/data_nas/huangyj/data/placePulse/rawData/googleviews-110802files/513d6b22fdc9f03587004c4e.jpg,-0.2690112,0.9271286,-4.204805,-1.3337879,-4.620039,-0.86828816,-16.03474,1.1169598,0.7576179,-0.59001726,0.5874668,-2.3902628,-4.381844,1.4767847,-2.9505594,-1.3220052,-4.293319,-0.8822787,-1.262375,-0.9087617,-1.6952698,0.9046222,5.472577,0.37918583,4.4982424,-2.8055544,4.1318073,3.9840846,0.51611793,-0.89978486,-0.919103,-0.71748114,-1.2323489,0.30890238,-1.3929696,0.43527976,-0.06801298,-0.24201897,-0.09676264,-5.1256437,2.5343413,3.1793985,-6.066941,2.2015285,1.4013143,-2.0118756,-10.532099,0.53517324,3.231722,-4.219159
0,/data_nas/huangyj/data/placePulse/rawData/googleviews-110802files/50f5e648fdc9f065f0006c49.jpg,0.13464436,2.0676749,-4.6066957,-0.18586718,-6.2206335,-0.3064493,-10.181728,1.5809982,0.7869584,-1.0349687,0.6268072,-2.0983162,-4.027476,1.908467,-1.9211376,-0.34203225,-2.6406627,0.25662547,-0.60541224,-0.43649304,-0.8273195,1.1992526,4.6837645,1.4348085,4.2304664,-1.1023618,4.510162,2.7577634,0.24152938,-0.66621786,-0.80716014,0.09980017,-0.99203825,-0.4873458,-0.95292044,0.67484045,-0.88073903,-0.74426526,0.40411633,-4.4260297,3.0944986,3.537058,-5.310291,2.194575,1.4667734,-2.3648705,-10.481882,0.71305436,2.087704,-3.9074755
0,/data_nas/huangyj/data/placePulse/rawData/googleviews-110802files/50f5eab0fdc9f065f0007c49.jpg,-2.0380814,-1.088356,1.2930475,-1.840851,2.9062083,-5.6939397,-16.63196,3.6511621,2.5654871,-1.5743258,-1.2925284,3.0253837,-4.812685,4.4912395,-0.18616112,2.0232449,-1.3124429,-0.39273843,-0.6586535,-0.90783554,2.2655656,2.2682745,2.8146462,-0.29407436,3.9794552,-4.470314,-2.9519875,0.1802209,3.851976,-2.7944665,0.8998892,1.2498763,4.672055,-3.4860547,-2.070621,-0.6983557,-4.0871577,-0.2235887,-1.9585625,2.7254908,0.750297,0.54645264,-2.7738795,2.5978212,0.46046066,-4.1023455,-9.380838,4.570323,1.5586585,1.7421781
0,/data_nas/huangyj/data/placePulse/rawData/googleviews-110802files/50f5e648fdc9f065f0006c4f.jpg,-3.5036507,-1.4256359,1.6625079,-0.843062,1.8024954,-1.2973343,-10.623061,1.4691219,0.023614146,-1.3002898,0.834796,-1.5346128,-4.459913,1.589997,-1.6224978,-2.465025,-4.617323,0.22078887,0.37620032,-0.14761877,-0.48818427,-0.10449709,4.006846,0.5432226,2.2750747,-3.8526075,-0.19400868,3.2328558,1.1172037,-2.3580978,0.28733674,-1.6973162,-0.5005723,-1.0843306,0.8008355,0.86770076,-7.8798323,-0.2271918,-0.82980716,-2.6449335,-0.77300686,0.6900754,-5.1809773,1.7099973,-0.2790991,-1.1559706,-15.129298,0.6994915,3.2857213,-1.3661072
0,/data_nas/huangyj/data/placePulse/rawData/googleviews-110802files/513e1e62fdc9f03587009c4f.jpg,2.3407452,2.2182252,-3.7190466,-1.6691997,-2.1004012,-2.3081274,-8.688843,1.7094263,0.04811143,-0.27983576,-0.29374796,-0.8398134,-2.3124015,1.9563724,-2.5626042,-1.4553157,-4.067699,-0.08668866,-1.3554149,-0.9023246,-2.142508,1.7418374,3.7657478,-1.3766143,2.4152894,-2.6381145,4.845453,3.1226592,1.8928808,-0.7749742,-0.03903138,-0.66798455,-0.83516836,2.377635,-3.8755815,-2.2531307,1.0028605,1.0238389,-1.1531473,-3.7727036,3.4633608,3.307968,-6.539898,2.4165227,2.120448,-1.8675201,-4.599932,0.035564095,2.211937,-3.7602196
0,/data_nas/huangyj/data/placePulse/rawData/googleviews-110802files/513cc998fdc9f03587001c48.jpg,-6.382111,-0.43990412,-1.1791838,-1.2306229,-6.4151006,-4.4232645,5.63664,0.015434492,0.14643696,2.0442011,1.6212059,-0.7488097,-0.75276953,-0.23443776,-0.6719997,-2.4025187,-3.0080879,-1.4786404,-1.4348317,-1.4935756,-2.0519452,2.1291792,-0.2034562,-3.8949962,0.81607693,-4.6690445,4.592453,0.98571473,3.0713165,-0.8445316,0.24341893,-1.1759596,2.4922574,-0.56637263,6.779232,-3.2412605,-3.098134,-0.035598785,-1.7796855,1.1684977,1.057772,-0.61220574,-2.562316,1.934012,0.12397845,1.0995995,2.630698,1.002972,2.2978425,-3.1173565
0,/data_nas/huangyj/data/placePulse/rawData/googleviews-110802files/5141483cfdc9f04926006c44.jpg,-7.3118563,0.505834,1.804333,1.2701502,-0.3833679,-2.3209093,1.7393337,0.59496254,-1.6392416,0.6329526,2.5873208,-0.88458544,0.12865002,0.5035988,-0.2305335,-2.2858553,-0.70975035,2.548202,1.7254025,0.5878027,-0.9038922,1.5797461,-1.6745535,-1.9925458,-1.4989642,-1.9351362,2.5122604,-0.31796178,2.2157483,-0.91680646,1.684867,-1.1812112,0.8691195,-0.84690624,7.1215796,-2.998662,-6.7147875,-0.9287945,-0.9593061,1.9458214,0.6643646,-1.5802408,-2.9773722,1.4330169,-0.7630585,0.71688604,-4.218755,0.37672266,0.43937388,-0.5173717
0,/data_nas/huangyj/data/placePulse/rawData/googleviews-110802files/5140caf5fdc9f049260029d6.jpg,-3.434653,0.2796592,-0.9557967,-1.260384,1.2652378,-3.2617893,-3.8196626,0.46189818,-0.61245346,1.811015,1.8908741,-0.6999379,-1.7845775,0.31317982,-1.8891592,-2.9957178,-3.8825111,-0.9041922,-0.9288084,0.65324396,-1.2808603,-0.080234945,0.28154963,0.05803782,4.4401503,-4.405924,2.0883589,1.2721939,4.3838277,-1.5838145,0.35870552,-1.4008156,2.021126,0.0913408,-2.9002979,-2.647194,-2.5828557,-0.2566113,-2.7036276,0.9233946,-0.2869627,-0.896073,-2.8279777,0.46824828,-1.226265,0.8775396,-6.371765,-0.21254419,2.4552178,-2.4464035
1,/data_nas/huangyj/data/placePulse/rawData/googleviews-110802files/513d9b67fdc9f035870079d6.jpg,-2.3250701,1.7100514,-3.0529625,0.1949952,0.86123395,-0.36123076,-11.318316,0.7059494,-0.60100806,0.345894,2.582478,-2.6308308,-1.6310382,0.73018754,-2.2079442,-1.7356818,-2.527395,0.786368,-0.054142557,1.2461989,-1.1970985,0.49843985,2.1136453,1.159683,7.2402697,-1.672398,4.485363,1.9720688,3.204293,-0.7717469,-0.036032576,-1.1870666,-0.8131992,-0.31699386,-5.2717466,-1.3051845,0.5320014,-1.5508604,-0.9986967,-2.7296221,1.7277476,1.337665,-3.9204109,0.95221907,0.2619757,-0.3244305,-10.904085,-0.09150394,1.8672525,-3.6897943
0,/data_nas/huangyj/data/placePulse/rawData/googleviews-110802files/50f5e58efdc9f065f00069d7.jpg,-2.1215873,1.9275742,-3.7144408,0.257717,-11.705036,-1.4873565,-6.6090894,1.5656307,-0.10140297,0.012413712,2.5756688,-1.0576012,-2.0819829,2.1091437,-1.3623157,-0.53887045,-1.2844794,0.6450846,0.49546486,1.6783346,0.043708976,0.9982217,1.2319129,2.1749933,9.127632,-1.0181209,3.706655,0.47675663,4.949237,-0.8496622,0.5927869,0.31414777,1.1745646,-1.9486415,-3.9888358,-1.8862364,5.7155523,-2.4936478,-1.117946,-0.7835709,2.65638,1.1388507,-3.4112222,1.198708,0.36627838,-1.5573652,-7.329903,0.85490143,0.6207755,-2.8634279
1,/data_nas/huangyj/data/placePulse/rawData/googleviews-110802files/513d3416fdc9f035870029df.jpg,3.2188466,0.3080156,1.952428,-0.20858629,0.8252089,-2.394835,2.1359038,1.0399449,-2.3367646,1.4521424,2.099203,0.6827657,0.8047241,1.4217187,-0.016010517,-4.297899,-1.9655986,2.1848094,0.7898893,4.1788197,-1.2695138,0.73629045,-2.6348927,3.5060067,5.393568,-2.6738927,1.4269202,-0.13108653,7.54227,-1.3890653,1.7776722,-2.012675,0.7409462,3.8947983,-13.574388,-5.328271,2.8593957,-0.11203012,-3.2136166,2.4717848,0.28018877,-1.3675712,-1.7409335,-0.16862346,-0.9516877,1.4293779,-7.306289,-2.8548949,-0.39508379,-0.9421827
1,/data_nas/huangyj/data/placePulse/rawData/googleviews-110802files/5140d863fdc9f049260039d5.jpg,0.20265467,-0.7956243,1.4128686,-2.4408615,2.3141468,-5.3182244,11.9954815,2.2204905,-0.00052770786,0.34032974,0.44559678,2.6472852,1.3661306,2.675212,-0.05440148,-2.531203,-3.9930694,0.26116937,-0.74331206,0.010659674,-1.197373,2.9104233,-0.3541373,-4.169004,4.825396,-4.5070615,1.8632615,1.0983154,8.562147,-2.064258,1.6620014,-1.0696248,2.2772946,1.9277737,-7.4927163,-5.5063567,-1.4018445,0.99266195,-3.279409,0.9944327,1.8887876,0.129869,-3.2623043,2.8217654,1.8514622,-0.835049,-1.8170536,0.5809615,0.88231367,-1.1276889
1,/data_nas/huangyj/data/placePulse/rawData/googleviews-110802files/5140b771fdc9f049260019da.jpg,-5.684541,-1.182102,1.9458703,-0.8565726,2.203898,-3.0018947,6.9560013,1.0646404,-1.8059257,0.25456533,3.0818722,-0.7745529,1.5025394,0.8872671,-1.3148284,-4.2950344,-5.1965313,0.42258137,1.1361798,0.4432135,-2.1145062,1.7236454,0.2211782,-4.016191,4.7310905,-3.9177632,2.7903452,1.70661,5.3967943,-1.4746118,1.6209865,-2.1941712,0.19083408,0.65191585,-1.6113883,-4.0162954,0.9137576,-0.7473905,-2.221051,-1.0841858,0.71896946,-1.0396587,-4.9279633,2.045472,0.3176289,0.6920645,0.9594458,-0.11008203,1.7729894,-1.6977733
1,/data_nas/huangyj/data/placePulse/rawData/googleviews-110802files/513d6a1bfdc9f0358700496e.jpg,-6.4584336,0.83716434,0.19296388,1.6254531,5.8781934,0.21511982,7.3340316,0.5826552,-2.1303701,-0.05442297,4.5933623,-3.2107964,0.7799717,-0.27954686,-1.2323338,-4.315187,-3.9332466,2.1832876,2.2989056,2.006245,-1.405301,0.32757252,0.64557225,0.38648182,6.3639307,-1.2030774,3.6724708,1.5799477,2.8032641,-1.0586519,0.9152826,-1.7856767,-1.264062,-0.72136194,-2.8237505,-1.2737828,-2.9241426,-2.5918791,-0.8278229,-2.4180603,0.24598676,-0.33822483,-4.324057,0.8785147,-0.8112302,1.3369104,-6.977282,-1.1278564,1.2403657,-2.5451627
1,/data_nas/huangyj/data/placePulse/rawData/googleviews-110802files/50f5e584fdc9f065f0006961.jpg,-6.4065595,-1.8514122,0.56240743,0.62828195,1.2522957,0.33388707,-8.030449,0.5148234,-0.55727273,-0.083550505,4.0147495,-2.860958,-0.6106185,0.48319095,-1.1015384,-2.108093,-2.1816099,0.64310795,0.97939694,1.7899363,-0.6949728,1.3601285,1.4237229,0.5952713,9.724034,-2.3065581,3.046347,1.3668073,4.3807564,-1.3356999,0.3472197,-2.3582456,-0.77456397,-2.2021513,-4.1246724,-0.43999842,1.1039629,-2.6986878,-0.93364966,-2.0863361,0.34647363,-0.4636057,-1.6271255,1.181688,-0.03540671,0.34987465,-11.251647,0.60740435,1.6030502,-2.4722612
1,/data_nas/huangyj/data/placePulse/rawData/googleviews-110802files/513e6560fdc9f0358700b969.jpg,-5.288239,0.8233003,-2.8896546,0.16994421,-0.025671259,0.025572833,-3.0103366,0.9120872,0.3549553,-0.36079443,2.2757537,-3.375371,-2.4905987,0.1807198,-1.608301,-1.7043027,-3.5078135,0.46693048,-0.25424284,-0.8259439,-1.4016622,1.3354028,3.963851,-0.89189047,4.9398017,-1.934081,5.598895,3.1172664,0.7002425,-0.95454556,-0.81621695,-0.80809903,-1.2656549,-1.5762143,2.085674,0.7696996,-5.8256574,-1.391362,0.28997695,-4.436956,2.0315504,2.0766103,-4.9872727,2.1031914,1.101545,-0.52339816,-11.417793,0.9218928,2.812331,-4.396897
1,/data_nas/huangyj/data/placePulse/rawData/googleviews-110802files/513d7ad2fdc9f0358700696f.jpg,-4.271866,-1.9353343,1.5078684,-3.0427692,12.41206,-3.7111685,-1.8843096,0.6129518,1.2798088,1.0766605,0.009430984,1.8364038,-0.58187824,0.33717355,-0.8325869,-0.3412616,-3.5090075,-2.2208567,-2.342205,-0.8487965,0.45791587,-0.12830764,0.17086627,-3.8615355,6.2152524,-4.2464323,-1.6603154,0.9709385,7.1499305,-2.532075,0.019960482,-1.0608836,2.8411639,-2.1452718,-5.756291,-1.4420205,-9.02235,0.7893574,-2.9669216,1.5852352,-1.9054672,-1.1751261,0.09208271,0.39139763,0.30985937,-0.28588253,-12.869808,2.051928,2.444205,-0.41549656
1,/data_nas/huangyj/data/placePulse/rawData/googleviews-110802files/5140d82cfdc9f04926003968.jpg,-0.6189213,-0.64081603,2.4039028,-0.86344403,6.347436,-1.9832592,4.8617764,1.1889039,-1.6980062,-0.2750584,1.8740199,0.02981803,1.7425523,1.5768547,-1.1087023,-3.706552,-4.14336,1.0531873,1.0738585,1.5184139,-1.371084,1.1268994,-0.011167379,-1.545199,4.870283,-2.5913785,0.9075883,1.3378636,5.354954,-1.4801425,1.4443262,-2.2094939,-0.56326985,2.1839015,-8.520693,-3.5907414,1.7186204,-0.18064624,-2.1658201,-1.0668651,0.47477195,-0.5393755,-3.7446132,1.39128,0.36421353,0.26737744,-1.8959669,-1.1651268,0.9666368,-0.8168101
0,/data_nas/huangyj/data/placePulse/rawData/googleviews-110802files/50f4348efdc9f065f000296a.jpg,-7.3517118,-1.0587649,-0.32637015,-0.9803109,-1.2422967,-3.932448,6.6516366,-0.2567994,-0.5031731,2.8431182,3.1074553,-1.0498219,-0.5637058,-0.78807807,-0.5287925,-3.8584015,-3.5894518,-1.4957274,-0.9329388,-0.012275247,-1.9972724,1.0092353,-1.0350269,-1.694079,3.4671743,-5.0830383,3.5673823,0.55550665,4.031286,-1.0579913,0.13331258,-1.5920107,2.8701212,-0.4470633,2.7584195,-3.007242,-3.3762383,-0.71323407,-2.2148926,2.1716254,-0.3736194,-2.1951873,-1.4370501,0.8354412,-1.6176095,2.376978,0.028620524,-0.16339771,2.4506693,-2.8547845
0,/data_nas/huangyj/data/placePulse/rawData/googleviews-110802files/513d336efdc9f0358700296a.jpg,-10.118892,-1.975622,1.4503684,-0.7371816,4.008997,-4.9351077,11.504924,0.58533853,-0.45076227,2.4126263,3.8215952,-0.5178405,0.5805619,-0.29829493,0.5809106,-3.7856348,-3.770973,-0.13454908,-0.41072035,-0.5049498,-1.9129127,2.6128826,-1.1807456,-4.262016,4.046402,-5.724262,4.1832786,0.6022011,5.1854663,-1.3342844,0.6034732,-1.6263494,3.2508638,-1.1645535,3.6750865,-3.7905476,-6.056228,-0.9181229,-2.0282845,2.3112378,0.2368922,-2.1125488,-1.857418,2.256709,-0.68524796,2.0842934,0.30589,0.94084513,2.2067766,-2.4742107
1,/data_nas/huangyj/data/placePulse/rawData/googleviews-110802files/513cc684fdc9f03587001964.jpg,-4.610321,0.009024702,1.4912586,0.6431225,3.3485832,-1.5025551,10.358246,2.7924678,-0.9520579,-1.697074,3.249635,-1.3495282,0.49942857,2.308527,-0.3787926,-3.3803358,-4.077862,2.8573813,2.3328424,0.7539324,-1.2007719,3.2922306,2.3930876,-2.1944447,6.9861116,-2.3073235,4.327639,2.3018186,4.434834,-1.7934463,1.6800699,-1.2692678,-0.9163472,-0.36846477,-3.7065425,-2.5307565,-2.244018,-1.8992229,-0.9473886,-3.5001485,2.63203,1.5520687,-6.4749594,3.5216422,1.7497876,-0.94055146,-6.131279,0.681879,0.97339517,-2.156771
0,/data_nas/huangyj/data/placePulse/rawData/googleviews-110802files/51409518fdc9f0492600093a.jpg,-9.189484,-1.0130914,0.79160106,0.040725682,1.9128658,-2.5937915,9.918682,0.2385221,-0.5860778,0.85340357,3.636182,-1.352953,-0.6476549,-0.23897946,-0.30668843,-3.5071669,-4.154363,-0.63774335,0.93124354,0.11218415,-0.6434043,-0.36997238,0.11036163,-1.0022001,4.736058,-3.6099904,0.6841746,0.8819082,2.098119,-1.3606962,0.26270968,-0.9407981,2.2868302,-2.7465303,3.3438125,-0.8898958,-3.5309258,-2.0816128,-0.9065045,0.5228326,-1.3548758,-1.8282192,-2.704128,1.1722007,-1.9415293,1.2722814,1.1028395,0.45813563,2.2162092,-1.3995612
1,/data_nas/huangyj/data/placePulse/rawData/googleviews-110802files/513f2d06fdc9f0358700d97d.jpg,-5.9877453,-1.5522255,1.7711321,-0.23862492,3.3460748,-1.778312,-5.3253174,1.2374336,-1.5133233,-0.29356053,3.984788,-1.6460484,0.7664052,1.4091394,-1.6124579,-3.2368937,-3.9012399,0.8275196,1.6134906,1.7670567,-1.1061949,1.216142,0.7043518,-1.4455037,9.819288,-3.3451157,1.967463,1.4627277,6.2184243,-1.6758372,1.5525048,-2.392114,-0.09117599,-0.99423456,-6.469064,-2.9159436,4.604977,-2.3039057,-2.101358,-1.5263486,0.48950726,-0.92338175,-3.9787812,1.5641274,0.08319938,0.06485196,-4.530348,0.44763967,1.4863486,-1.5034536
0,/data_nas/huangyj/data/placePulse/rawData/googleviews-110802files/51414eebfdc9f04926007972.jpg,0.253919,-1.019483,3.1247249,-1.3862613,6.0349765,-3.2147222,-1.0580169,2.678482,-1.2561473,-1.713064,0.8532251,0.6850342,1.180686,3.4790423,-1.3303617,-2.713733,-4.527843,1.4072334,1.2694294,0.47875285,-1.4698046,2.6956768,1.6315196,-3.355455,4.131252,-3.3159368,1.0406868,1.8500199,4.858834,-1.8702413,2.0873647,-2.0357938,-0.65127414,2.3422565,-8.017007,-4.1393375,4.463556,0.25580528,-2.2807994,-2.08336,2.0155299,0.7564815,-6.0586348,2.9806154,1.7924932,-1.6342138,1.9570191,0.1679664,1.08077,-0.12170226
0,/data_nas/huangyj/data/placePulse/rawData/googleviews-110802files/5140cadafdc9f0492600297c.jpg,-0.6661677,2.1222577,-3.6521473,-0.6487747,-6.9230785,-1.1284131,3.4479249,1.3004503,0.54762816,-0.65541244,0.21945013,-1.1256833,-1.4518448,1.2170249,-1.3113202,-0.42549753,-2.794791,-0.24807262,-0.69170105,-1.3474493,-1.022461,1.6296859,3.0500798,-1.9498506,2.879288,-0.7537352,4.6724806,2.2048304,1.1814693,-0.40555903,-0.36770993,0.14047222,-0.5511,-0.40877137,1.227444,-0.91681945,-0.83106667,-0.2467412,-0.008410389,-3.7558546,2.9786885,3.1636314,-4.8467045,2.3910844,2.2020957,-1.7382425,-3.0882933,0.9710605,1.6702987,-3.4884503
0,/data_nas/huangyj/data/placePulse/rawData/googleviews-110802files/51413b74fdc9f0492600597a.jpg,-3.270058,-1.15964,0.23152608,-1.0652634,-9.942825,-3.0854776,2.450741,2.6778502,0.93173665,-1.3007553,1.7734019,1.486568,-1.375213,2.970619,0.2824087,-0.42708623,-2.4367318,-0.16406956,0.9213774,0.6154099,1.2598714,0.75280654,1.5193248,0.11165289,10.824013,-2.5652666,-0.5946886,0.4872462,6.0813303,-2.1066253,1.0137194,0.7394227,2.9420922,-3.454263,-4.585542,-1.4580103,6.4079447,-2.579827,-1.319132,-0.09665873,1.1476544,0.6266594,-3.252417,2.17298,1.1160688,-2.6665006,-1.7676582,2.4345918,0.53744376,-0.16688825
0,/data_nas/huangyj/data/placePulse/rawData/googleviews-110802files/513d5dd3fdc9f03587003970.jpg,-3.3107374,0.66687053,0.2507088,-0.35913882,-3.04759,-1.1250025,-3.1082604,1.2646372,-1.2562652,-0.8146926,2.4941099,-0.50133634,0.01017933,1.5751995,-1.2918075,-1.6103282,-3.059501,1.004635,1.7156652,1.822057,0.54697293,-1.6312846,0.21947682,0.30049226,8.122004,-0.7688097,-0.92041886,0.815716,5.012239,-1.3461074,1.2717668,-0.41398486,0.22645909,-1.7217948,-5.211189,-1.8610846,4.8613634,-2.0805457,-1.5387386,-1.0814536,-0.119018696,-0.18713962,-4.252903,0.44282976,-0.13270378,-1.1686732,-4.6625557,0.25021553,0.77919614,-0.296595
0,/data_nas/huangyj/data/placePulse/rawData/googleviews-110802files/50f61682beb2fed910000974.jpg,-4.316137,-1.3603554,-0.004173225,-0.12901002,-8.01234,-2.381382,3.3173091,1.6583341,0.08850151,0.28609854,3.0250669,-0.5004156,-1.4435345,1.8427025,-0.03889983,-2.360715,-1.874553,0.26227492,0.62519056,1.4830934,-0.34846076,2.4434123,0.58086395,1.0945146,9.08282,-3.449156,2.9388478,0.4112166,6.2014875,-1.84245,1.0665529,-1.0080986,2.0249722,-1.7905382,-3.446456,-2.1628191,1.7238582,-2.1651673,-1.8278708,0.5430826,1.4973959,-0.45530328,-1.8696866,1.7526695,0.11693704,-0.2885677,-7.0878286,0.98298323,0.79218155,-2.0032525
0,/data_nas/huangyj/data/placePulse/rawData/googleviews-110802files/50f5e56ffdc9f065f0006929.jpg,0.40954223,-3.6655185,5.027684,-0.24945976,-5.546589,-0.537689,-14.492236,2.0288484,-0.37077203,-3.0203528,-0.871874,0.35329223,-4.318932,3.1752498,-0.073535874,-1.2065185,-2.1007886,0.8566018,1.5669662,0.78052986,0.2863336,2.1045651,3.4432113,1.435627,-2.5004396,-2.5862045,-2.51486,1.3666227,-0.13632435,-2.251772,1.3817965,-2.0514743,-1.1819973,-0.07694093,2.3883016,1.070143,-3.0137997,0.767473,0.24660836,-1.5649788,-0.57790226,0.6473513,-2.8900845,2.3166168,0.19239375,-2.4011817,-11.4751835,0.6233298,1.124277,1.1685593
0,/data_nas/huangyj/data/placePulse/rawData/googleviews-110802files/514146edfdc9f04926006928.jpg,-7.454507,1.0568113,0.38926235,0.71534413,7.3606462,-2.9413912,-0.41373608,1.0676484,-0.5192108,0.5830432,1.8844504,0.26983526,0.42137784,0.70316637,-0.06998791,-0.45813125,-0.73835695,2.0906456,0.7457323,0.1406145,0.19333649,1.4781173,-1.5312552,-3.2292562,0.5210035,-1.4018592,1.879258,-0.6796764,3.766445,-1.1743608,1.2273602,-0.22294421,2.054831,-2.365308,3.9283469,-2.4958632,-9.424667,-0.7701518,-1.2376914,2.423075,0.85320294,-1.0759631,-1.9492477,1.2004145,-0.25875276,-0.18411474,-7.7446594,1.734377,0.39231905,-0.4901485
0,/data_nas/huangyj/data/placePulse/rawData/googleviews-110802files/513d7afcfdc9f035870069ee.jpg,-7.03455,-1.3785133,0.43901682,-1.5250089,0.83693177,-3.1793945,-0.49797878,-0.39371973,0.6638793,1.9385365,1.0774289,-0.28210238,-1.9263145,-0.9132985,-0.48588595,-1.4559971,-2.8252115,-1.8513733,-1.7391206,-1.3381977,-0.60057795,-0.60023814,0.06457383,-2.1553142,1.852942,-4.288433,0.72223467,0.9342771,2.2732778,-1.4235314,-0.64971435,-0.97321457,2.6353362,-2.1144094,5.1367087,-0.48197567,-7.647647,-0.04743121,-1.630149,1.9710124,-1.4602427,-1.686103,-0.7460539,0.46974674,-1.0368403,1.0262704,-5.185984,1.1548047,2.7352612,-1.6373403
1,/data_nas/huangyj/data/placePulse/rawData/googleviews-110802files/513d7afcfdc9f035870069e9.jpg,-0.32024878,-0.5573117,2.1136634,-1.1975626,6.9905586,-2.9733932,-3.1313174,1.5081981,-1.2120605,0.4614884,1.9725134,0.62215865,-0.040668733,1.8309442,-1.0089909,-3.1201909,-3.4198973,0.9735777,0.3140639,2.6302428,-0.5414649,0.5699362,-0.47465584,0.77269524,8.313746,-3.8153744,0.14756191,1.0007579,8.296435,-2.3783953,1.6401345,-2.034026,1.2119421,1.1266416,-12.963197,-4.094142,-0.4911989,-0.38385296,-3.3797615,0.80631506,-0.37507102,-0.7159283,-2.6676786,0.69681484,-0.19238102,0.10730301,-11.542316,-0.56145585,1.0574275,-0.81596977
1,/data_nas/huangyj/data/placePulse/rawData/googleviews-110802files/513d3425fdc9f035870029eb.jpg,-4.6563244,-0.21330123,2.1014879,1.3622321,-0.7661703,-0.71940833,10.870442,1.1190834,-2.4309325,-0.25614703,4.3975105,-1.7746192,1.2631266,0.99614835,-0.4849123,-5.048206,-3.1562161,2.8225758,2.8961568,2.65936,-1.5397086,1.559958,-0.40393925,0.39090165,6.063113,-1.8541212,3.1413496,1.0903281,5.073619,-1.319203,2.1540093,-1.9493345,-0.8212643,0.6985767,-3.7626104,-3.2081006,0.0018271767,-2.3664417,-1.4688054,-1.0669463,1.0185169,-0.982941,-4.3969326,1.4107004,-0.43773383,1.0997374,-5.4242353,-1.3976014,0.111081325,-1.5961108
0,/data_nas/huangyj/data/placePulse/rawData/googleviews-110802files/513cc710fdc9f035870019eb.jpg,-8.70841,-1.9294201,1.6279831,0.29555058,-4.741551,-2.7796488,8.839155,0.15650399,-0.7300868,1.288013,3.508782,-1.9518683,-0.71597767,-0.2237242,-0.006906206,-3.818388,-2.6743314,-0.12748423,0.69498324,-0.27477822,-1.9690263,2.546244,-0.12742315,-1.8603705,2.3515072,-4.5846267,3.9422708,0.973503,2.1706648,-1.1331941,0.78129816,-1.8306773,1.4170305,-1.0380526,6.675943,-2.3137035,-3.0810456,-1.4787194,-1.1434696,0.6630973,0.4146972,-1.5786083,-2.5663784,2.0611222,-0.79553396,1.8563051,1.2618363,0.48923486,1.9253591,-2.0981314
1,/data_nas/huangyj/data/placePulse/rawData/googleviews-110802files/513d6a3ffdc9f035870049e4.jpg,-7.2257743,-1.7852895,1.1647561,0.3397496,-5.561561,-1.8056939,-10.745887,1.4989676,-1.0719658,-0.7600199,4.8393574,-1.3582246,-0.35934156,2.5500903,-1.3749025,-2.3201854,-2.2960663,1.2409263,2.4870305,2.64359,0.06800578,1.0082866,0.5354258,0.5640839,12.570379,-2.9024522,1.0162565,0.5188142,7.121549,-1.6516147,1.9712529,-1.3667388,0.8781953,-3.0263124,-5.460826,-2.672121,8.853392,-4.0075374,-1.8076622,-0.48759383,1.0205374,-1.319215,-3.7661898,1.5243918,-0.2682282,-1.025023,-5.876563,1.3543711,0.6452514,-0.7622516
0,/data_nas/huangyj/data/placePulse/rawData/googleviews-110802files/513d5da2fdc9f0358700391d.jpg,1.2824037,-2.679035,4.743873,-0.7555604,-5.304402,-0.9954875,-15.279895,1.1819248,-1.9179078,-1.8991978,-0.4148023,-0.39897242,-3.732298,2.015861,-1.1245613,-3.2603517,-4.0448084,0.83852154,1.4139065,0.9458899,-1.533612,0.7390131,2.6949983,0.9224647,-5.0811095,-3.5755062,-1.7277855,2.263415,-0.7411769,-2.0051486,1.6098982,-2.939801,-2.0650125,2.5672894,2.640691,-0.6949901,-0.9570667,1.688107,-0.46176693,-1.9218649,-1.1776873,0.28249675,-4.7591987,1.849409,-0.6478607,-0.99253345,-6.4237404,-1.2996315,1.7143807,0.183751
0,/data_nas/huangyj/data/placePulse/rawData/googleviews-110802files/50f5ec44fdc9f065f0008913.jpg,-4.9517074,-0.8777594,-1.180375,-0.49740812,-5.28203,-1.6645411,-5.8728685,1.3608081,0.5911673,-0.5974074,2.3956015,-1.331869,-2.4801917,1.7818234,-1.3111715,-1.2273302,-2.8825307,-0.36828628,0.26306483,0.36625102,-0.17041433,1.5633988,2.619493,0.17025426,8.367296,-3.0176775,2.303598,1.5987542,3.7881925,-1.7315508,0.297841,-0.721332,0.9606509,-2.6804469,-1.458764,-0.45757,1.2624218,-2.0743217,-0.9576195,-1.81468,1.2756829,0.68009794,-3.4186852,1.939671,0.5670815,-1.3674084,-7.898147,1.7037106,1.8996651,-2.1976256
0,/data_nas/huangyj/data/placePulse/rawData/googleviews-110802files/513f121ffdc9f0358700c911.jpg,-6.5294566,-0.5673196,2.329681,0.5805499,-4.340676,-2.555529,-0.015908338,1.5034283,-2.0270092,-0.29881856,3.75633,-1.386272,-0.3957082,1.936047,-0.9317374,-3.8000922,-2.9429417,2.4238753,2.4915907,1.5959246,-1.2691627,2.1182544,-0.09740686,-0.99925494,4.1603317,-3.3044553,2.7152138,0.9207076,4.8264303,-1.6290898,2.3579924,-1.8390359,0.19618398,-0.36331362,1.331776,-3.7672877,-0.10657382,-1.8357614,-1.7772222,0.113315985,1.23103,-1.3180138,-5.190483,1.9991144,-0.41026026,0.13372916,-4.958572,0.06254836,1.0011226,-0.9911245
0,/data_nas/huangyj/data/placePulse/rawData/googleviews-110802files/513d32fdfdc9f0358700291c.jpg,-3.5512917,1.4308509,-2.8236673,-1.2967324,-5.598732,-4.3076296,1.4870167,0.9291792,0.3366275,1.3970774,0.7435987,-0.54149157,-1.6884568,0.8484758,-1.440323,-1.7996413,-3.0765116,-0.48520422,-1.5555966,-1.7413862,-2.087059,2.4438856,1.2045568,-3.3937297,0.43982813,-4.075682,5.7064886,1.6255898,2.8183997,-0.8954026,0.25075868,-0.4710711,1.7578093,0.31834596,4.6455374,-3.3087475,-4.1059833,0.5035147,-1.6295677,-0.09417393,2.661617,0.91036713,-4.482355,2.2605453,0.9646578,-0.22428793,-1.1874809,1.0583056,2.1844723,-3.7055655
0,/data_nas/huangyj/data/placePulse/rawData/googleviews-110802files/50f4348afdc9f065f0002918.jpg,-2.463604,0.16162631,3.2308993,2.7593107,-5.75351,0.7478682,-5.0509486,1.8184768,-2.8023973,-2.422172,2.2518494,-1.6212451,-0.8030515,2.8039446,-0.11574178,-2.4481876,-0.17212643,4.9126587,4.36225,2.7421906,-0.4801327,2.6149292,0.29574364,1.2564068,-2.591237,0.43882236,1.9966803,-0.0019395985,1.2137464,-0.9526007,2.8506572,-1.8104693,-2.6884706,0.53652036,3.7192953,-1.9082313,-2.9376576,-1.1944395,0.62089986,-1.1622633,1.8666576,0.097594485,-4.448885,1.9992037,-0.11685051,-0.8718682,-10.591594,-0.85934013,-0.8749577,-0.019015562
0,/data_nas/huangyj/data/placePulse/rawData/googleviews-110802files/513d5d9afdc9f03587003914.jpg,-3.6482224,-1.7937357,1.6845237,-2.6646092,2.9995465,-5.8616366,-5.211003,2.2229877,1.4816564,0.3770807,-0.054628387,2.5697114,-2.875918,2.4837468,-0.5403582,-0.5186384,-3.0528185,-1.5850372,-1.2676888,-0.6925749,0.6930273,1.2471573,0.8611967,-1.7359915,5.0260324,-5.8506904,-1.7544953,0.4695031,6.137392,-2.900455,0.9908669,-0.23414586,4.7839694,-2.1523788,-2.8840911,-2.281129,-4.7453985,0.19960248,-3.1027956,3.2849023,-0.4541503,-1.1808318,-1.882575,1.658175,-0.25557154,-1.4598931,-7.05974,2.8355706,2.1568022,0.43016937
1,/data_nas/huangyj/data/placePulse/rawData/googleviews-110802files/5140b768fdc9f049260019c6.jpg,-4.5708475,-1.8283136,1.6998228,0.7871964,2.3588293,0.4549612,6.8965464,0.7531123,-0.92199695,-0.4090219,3.6791618,-1.8984122,0.58547527,0.44767618,-0.3208022,-3.6157088,-2.6775434,1.2542974,1.5139729,2.004952,-1.0095379,2.0536618,0.8950278,0.4605155,8.409716,-1.9371909,2.919287,1.3356237,4.879791,-1.6629492,0.90892035,-2.3595397,-0.8959683,-0.72291183,-5.6822705,-0.91566974,-1.5156342,-2.2062135,-0.9387406,-2.073017,0.412667,-0.39072004,-1.7651352,1.349241,0.29813275,0.76481795,-10.195324,-0.41900077,0.68335897,-2.1954753
1,/data_nas/huangyj/data/placePulse/rawData/googleviews-110802files/513cc6e4fdc9f035870019c3.jpg,-9.052554,0.62228245,0.13595624,1.3206859,6.64423,0.33715928,6.8189607,0.32044646,-1.2646326,-0.09423105,3.768655,-2.7361865,0.13087606,-0.9404892,-0.83741933,-2.747166,-3.4900336,1.611206,1.6140188,0.6809373,-0.5176707,-0.18034069,0.7505131,-1.4697105,4.2848363,-0.7846956,2.6495273,1.4201657,2.1108153,-1.3354422,0.48185894,-1.1699624,-0.6465833,-2.7480607,2.8517709,0.09646945,-9.271905,-2.165099,-0.33065203,-1.9463035,-0.42066583,-0.32453772,-3.48188,0.7933733,-0.6528199,0.91733927,-11.100267,0.27422318,1.6858443,-2.2370152
1,/data_nas/huangyj/data/placePulse/rawData/googleviews-110802files/51408bc6fdc9f0358700e9ce.jpg,-7.531584,-0.17844425,1.3156252,2.097836,1.043518,0.7272245,-0.7161521,0.49638388,-1.6798828,-0.6323019,3.9311934,-2.899876,-0.66885716,0.19392681,-0.57786196,-2.7206783,-1.8029569,2.4483328,2.565366,1.9062024,-0.29128295,0.3745618,0.4077843,0.97967553,4.0089273,-0.69516766,1.9570303,0.7260582,1.9750651,-1.1805571,1.0384002,-1.7035308,-1.0366892,-2.2472878,2.2692707,-0.18302019,-5.0662174,-2.6182382,-0.13863678,-1.1415424,-0.20883295,-0.83270997,-2.892327,0.8126331,-1.0682527,0.6934925,-11.404024,-0.086679384,0.9922135,-1.3647732
0,/data_nas/huangyj/data/placePulse/rawData/googleviews-110802files/5140b759fdc9f0492600199d.jpg,-0.5307767,-2.5382159,-1.1251671,-2.3888092,-5.6370997,-1.9824014,-0.41565076,2.227814,3.986081,-2.0657125,-2.1574488,1.4829005,-4.664002,2.57288,-0.15770213,1.7390109,-2.1356206,-2.778565,-2.1083481,-2.924909,0.9414145,3.002101,5.697588,-1.2852218,4.9348187,-3.4200435,0.6852795,2.0638957,1.1349599,-2.1159208,-1.1644385,0.6021974,2.0389247,-3.297132,0.6821532,2.7950656,-5.1355414,0.11446992,0.3245871,-2.5502515,1.8131057,3.0080338,-1.4467139,3.2284641,3.0286853,-3.6528525,-9.324175,3.8275623,2.129365,-1.457005
0,/data_nas/huangyj/data/placePulse/rawData/googleviews-110802files/50f43490fdc9f065f0002993.jpg,-6.8405924,-0.727454,2.0044882,0.36761189,-3.9772048,-0.5022808,14.618002,0.6254048,-1.3294623,-1.3444816,2.8049364,-1.7056009,1.605639,0.54438317,-0.7413336,-3.02158,-3.7942295,1.0919983,2.3307962,-0.6885988,-1.4883759,1.4715378,1.1025578,-4.3271556,2.4574256,-1.333971,2.3838596,1.9367871,1.5308696,-0.74802864,1.4929113,-1.2003553,-1.545363,-1.0508627,5.5647664,-1.7069695,-0.6096285,-1.6236713,-0.0027168156,-3.426143,0.9547012,0.29537106,-5.407589,2.5847163,1.3311673,-0.01298114,2.5827157,0.5663334,1.1508045,-0.99893767
0,/data_nas/huangyj/data/placePulse/rawData/googleviews-110802files/5140b756fdc9f04926001995.jpg,-7.7833915,-2.6139374,0.9805576,-1.1510609,-3.0997052,-4.129616,9.958416,0.1765207,0.0078100264,1.9319111,2.4978452,-0.63377506,-0.29379433,-0.2297234,-0.15982464,-3.527655,-3.4386895,-1.7490968,-0.7506527,-0.8879014,-2.0347598,2.91646,-0.38409832,-3.7459438,2.6160386,-5.652938,3.80662,0.9129825,4.2071557,-1.5030705,0.6878079,-1.9331884,2.7243934,-0.83242714,4.887737,-2.9726918,-3.6789396,-0.37164828,-2.0256724,1.4652166,0.3974259,-1.7466516,-1.3565713,2.075222,-0.38694516,1.7686253,1.6220196,0.9731718,2.1342852,-2.5016034
1,/data_nas/huangyj/data/placePulse/rawData/googleviews-110802files/51414716fdc9f04926006990.jpg,-2.4751928,-2.0730355,2.6679506,0.072441034,-0.45781413,-1.4125208,9.704656,2.269837,0.34030908,-1.4760641,1.5955633,-0.14984699,-0.8880818,2.286857,0.4869866,-2.1930335,-2.5140612,0.95480764,1.3546942,0.31655297,-0.3235771,2.8573651,2.231251,-0.05511326,5.730139,-2.8804977,1.6046733,1.2773751,2.7676587,-2.0075083,0.9388178,-1.2472061,0.47555688,-0.9338012,-3.1606686,-0.6893496,-1.0657737,-1.3994954,-0.7138122,-1.6550658,1.3076838,0.80245554,-2.8980675,2.9683917,1.1134415,-1.0330969,-3.209075,1.0230815,0.7601263,-0.7013154
0,/data_nas/huangyj/data/placePulse/rawData/googleviews-110802files/51408baafdc9f0358700e994.jpg,-7.232823,-2.853882,1.4067992,-1.4163752,0.710178,-3.1746898,1.2487725,0.5991574,1.2179562,0.42810968,1.0584319,-0.2189327,-3.1580603,0.3486482,-0.40198743,-1.9280427,-3.6468859,-1.767983,-0.8050405,-1.4995493,-0.541117,1.3504477,2.0272648,-1.8922697,2.3322046,-5.379429,0.7780371,1.6059645,1.908034,-2.2902565,-0.15080321,-1.0923768,2.647989,-2.649479,5.1238136,0.3466676,-8.515245,-0.330154,-1.0468068,0.70893764,-0.7964108,-1.0550637,-1.6353813,1.7317723,-0.6270036,0.14410011,-6.3896623,1.9286292,2.7890694,-1.524674
0,/data_nas/huangyj/data/placePulse/rawData/googleviews-110802files/513f12b9fdc9f0358700c9f7.jpg,-8.63288,-1.3207933,0.534013,1.1104037,-9.887984,-1.6221806,-7.032481,0.8797497,-1.5152048,-0.08924302,5.5950828,-2.5513277,-1.0412256,1.8512462,-1.4147273,-3.290227,-2.3053706,1.4056555,2.7202196,2.552901,-0.74306583,1.3008934,0.3000139,1.4258658,10.443917,-3.2848547,2.8443449,0.5469802,5.6224337,-1.2715088,1.7024828,-1.6174972,0.6005235,-2.6768813,-0.94088316,-2.627754,7.0833936,-4.0826144,-1.390253,-0.20923728,1.34083,-1.7132194,-3.9817142,1.4777808,-1.0934503,0.2667473,-5.0230055,0.5157038,1.0702298,-1.6444744
0,/data_nas/huangyj/data/placePulse/rawData/googleviews-110802files/513d5e20fdc9f035870039f9.jpg,2.3146918,-0.8649209,3.8319392,2.441394,-3.888924,1.6956344,-13.791437,2.261266,-1.9342717,-3.3606594,0.25814444,-0.76158386,-2.585843,3.4154787,0.49190503,-0.91294754,0.46682775,3.9392211,3.4495547,3.0610514,0.5602243,2.0465186,1.7123857,4.136714,-3.1349094,1.068385,-0.6535346,-0.10741039,-0.9734743,-1.114147,1.9087778,-1.8171086,-2.9803495,0.9205403,-0.43882334,0.4669907,-1.0209724,-0.26723003,1.1158936,-1.6463398,0.9403497,1.2427713,-2.6305964,1.7499468,-0.16761392,-2.16805,-12.21242,-0.9091838,-0.94539034,0.8756773
0,/data_nas/huangyj/data/placePulse/rawData/googleviews-110802files/513d7b01fdc9f035870069ff.jpg,-3.571654,0.76524234,2.0767312,1.0948468,-3.1149251,-1.9869177,2.6174283,1.0349145,-1.897139,-0.5849859,0.7603508,-0.23496835,-0.13887818,1.3868555,-0.5740111,-2.338261,-1.0871371,2.783297,2.1376965,0.35765934,-1.219637,2.0422843,-0.7131522,-2.5248737,-6.2922425,-1.4022378,2.203323,0.2945878,1.0205011,-1.0062648,2.4623582,-1.3829025,-0.2884549,0.7021944,8.183067,-3.153262,-7.2813506,0.4649956,-0.5460735,0.47640407,1.1701716,-0.3456375,-4.2751727,1.9006169,0.029229257,-0.26147822,-3.072649,-0.0024979361,-0.19422002,-0.31075186
0,/data_nas/huangyj/data/placePulse/rawData/googleviews-110802files/513d5e21fdc9f035870039fa.jpg,-4.2990556,-0.64941347,-0.22003672,-1.4954901,5.468884,-1.0082242,-5.553904,-0.18022315,-0.0737519,0.8291774,1.1483155,-1.191081,-1.1313543,-0.6969166,-1.8471977,-1.6708674,-3.7462013,-1.451185,-1.2324505,-0.24504542,-0.71821547,-1.1401454,1.1276065,-1.6970595,4.476857,-2.6418808,0.6488797,1.9270064,3.3324578,-1.500331,-0.26255184,-1.6983308,0.22634053,-1.1631643,-1.8152542,-0.26071638,-5.381056,-0.07417137,-1.7214868,-1.0982226,-1.3430842,-0.4973695,-1.8544911,0.020284746,-0.3103564,0.5295249,-10.566262,0.3924118,2.7046735,-2.0083575
0,/data_nas/huangyj/data/placePulse/rawData/googleviews-110802files/51408bd4fdc9f0358700e9f0.jpg,-5.465734,-1.7871689,0.17932722,-1.3923206,-1.332108,-4.143163,-0.28387505,0.28695327,-0.15212306,2.2742338,2.5172691,-0.2933602,-1.2499418,0.22509344,-0.9447655,-3.2147884,-3.4556522,-1.6956899,-0.99368733,0.5393994,-1.445182,1.2360688,-0.51241106,-0.75487685,5.1729083,-5.6165833,2.1964118,0.4743504,5.092676,-1.691672,0.5406605,-1.6905642,3.2282171,-0.56318206,-1.1165332,-2.9941728,-0.3145656,-0.63490963,-2.853707,2.2102518,-0.38583335,-2.0888944,-1.1256782,0.84450746,-1.4102314,1.4566935,-1.38511,0.2929357,2.1902428,-2.1023204
0,/data_nas/huangyj/data/placePulse/rawData/googleviews-110802files/513e6573fdc9f0358700b982.jpg,-8.465122,-2.567082,1.485506,1.4813453,-4.4538126,-0.60494316,-8.665232,1.621556,-0.10308126,-1.3385283,4.4359803,-2.738837,-2.1879392,2.260595,-0.5504049,-1.6905975,-1.3558984,1.3786769,2.3244367,1.4779379,-0.0043399306,2.9194937,2.3886843,1.3958056,9.598306,-2.940483,2.8068137,0.8898437,3.3661306,-1.6043427,0.9140293,-1.6579542,0.18353777,-3.8518136,0.07449419,-0.014007453,1.8644732,-3.8763502,-0.32120222,-1.4564406,1.4526186,-0.40348527,-2.75793,2.504126,-0.06253083,-0.7736713,-9.5471,2.0321496,1.3517549,-1.3972318
1,/data_nas/huangyj/data/placePulse/rawData/googleviews-110802files/51413546fdc9f0492600495d.jpg,-11.497727,-3.33546,0.4719169,-1.368178,6.1819983,-2.4667988,5.906946,-0.24303366,1.3232104,1.5081071,3.0617626,-1.1477041,0.096624084,-1.3726041,0.24674398,-1.3167464,-3.6207862,-2.056525,-1.6123909,-1.8749965,-0.8397103,1.9859549,0.82394576,-5.2994475,7.3741837,-4.5138226,3.224586,1.2521214,3.964774,-1.3597834,-1.0100219,-1.2090074,2.0156229,-3.928853,3.9256573,-0.125313,-6.446493,-1.277825,-0.94293773,-0.13073903,-0.47465745,-1.2558517,0.12741032,1.8834555,0.541824,1.1887041,-4.5951204,2.6130917,2.9239404,-2.6933064
1,/data_nas/huangyj/data/placePulse/rawData/googleviews-110802files/513f2cf4fdc9f0358700d95d.jpg,-4.6671944,-1.5776803,2.9203732,1.0810494,0.8882034,-0.9060133,-5.850104,2.4509683,-0.4691617,-2.386131,1.9634961,-2.0167108,-4.274743,2.6517181,-0.7036034,-2.8743799,-3.487044,1.9487748,2.5046802,0.8778154,-0.2807085,1.8539158,4.1213646,1.9364746,2.3808837,-3.4375525,0.91130835,2.4938126,0.2749331,-2.4632018,1.2391125,-1.6896043,-0.4516945,-1.7754163,1.5636626,0.7884142,-6.782625,-1.6300814,-0.03085191,-2.6247811,0.3156273,0.9154628,-5.624507,2.678548,-0.48824382,-1.372962,-12.478119,0.8653637,2.1417842,-0.94210845
0,/data_nas/huangyj/data/placePulse/rawData/googleviews-110802files/513d6a14fdc9f03587004951.jpg,-7.0552025,-1.2817627,1.7994757,-0.045601998,-3.0934973,-3.7778006,-0.63812876,1.2294652,-1.2479919,0.9843329,3.6372654,-1.2687569,-1.0665771,1.4274424,-0.8847642,-3.9290462,-3.1358638,1.1054585,1.0605198,1.0411015,-1.7643929,2.8438053,-0.115307234,-1.1926142,4.5752354,-5.316371,3.762939,0.9426189,5.2981825,-1.9138098,1.8142753,-2.2237132,1.6111488,-0.42156634,1.2033709,-4.073236,-1.4434487,-1.4233053,-2.4627488,1.1754819,1.1061124,-1.6080486,-3.8061821,2.115173,-0.6816575,0.85675144,-4.526763,0.42300683,1.7504498,-1.9347055
0,/data_nas/huangyj/data/placePulse/rawData/googleviews-110802files/513d3355fdc9f03587002959.jpg,-7.6428714,-1.5481852,1.686542,-0.5039749,2.2816346,-2.7552114,10.842527,0.4357842,-0.6044233,0.8436361,2.5061765,-0.4353818,0.7389066,-0.116059616,-0.26443893,-2.9821765,-3.2699144,-0.04348173,0.3770504,-0.48905888,-1.333044,1.9308181,-0.48044485,-4.1519094,2.2919166,-3.5524719,2.4958134,0.82121193,3.9186094,-1.3585685,1.0693377,-1.6205723,1.3652531,-1.0852373,3.7838926,-2.50271,-6.0575504,-0.5161501,-1.425724,0.5706083,0.17965248,-1.3633895,-2.2256014,1.8792344,0.025574703,1.0404971,-2.1943688,0.8663509,1.5055608,-1.4534264
1,/data_nas/huangyj/data/placePulse/rawData/googleviews-110802files/51414edffdc9f04926007958.jpg,-8.517696,-0.33624187,0.3223214,0.3475083,7.015171,-1.412166,11.376157,0.17772353,-1.3212461,0.94462866,4.0604177,-2.167372,1.1359429,-0.90143514,-0.8749877,-4.0000205,-4.6409903,0.41678184,0.9199424,0.28321087,-1.77538,0.98907954,0.23036197,-2.8413177,4.628046,-2.7722535,3.7006972,1.4499489,2.9975777,-1.0100178,0.45284128,-1.5885191,0.16850148,-1.0653225,1.1686268,-1.7074752,-5.178641,-1.4929684,-1.0459727,-1.2507815,-0.009665333,-0.9838473,-3.318673,1.3589224,-0.6227755,1.7031088,-2.803777,-0.1814537,1.9771984,-2.6475194
0,/data_nas/huangyj/data/placePulse/rawData/googleviews-110802files/513cc67afdc9f03587001958.jpg,-9.418827,-2.1520808,1.4718648,-0.5736934,0.25883994,-3.6917741,5.6394753,0.06549452,0.17313775,1.8082134,2.4057186,-0.7232702,-0.7235585,-0.65396225,0.38186103,-2.183028,-2.359319,-0.8944004,-0.6927991,-1.1358453,-1.0973785,1.6980917,-0.60294706,-3.348089,1.9353526,-4.6928425,2.7022448,0.47545084,2.6515872,-1.2476919,0.09514021,-1.4008851,2.7737885,-2.2509425,7.0779824,-1.7069846,-6.447971,-0.73041487,-1.4073558,2.1891348,-0.39024457,-1.8936499,-0.87198937,1.6948814,-0.6807857,1.4728693,-0.6477666,1.5331823,2.1804533,-1.6779673
0,/data_nas/huangyj/data/placePulse/rawData/googleviews-110802files/513d5dc6fdc9f0358700395a.jpg,-3.6936188,-0.67442745,1.9778731,-0.24207853,0.82571864,-3.4326458,-10.221948,2.3777692,0.035835873,-0.9732102,1.2205589,0.535519,-2.6550615,3.339754,-0.33052284,-0.8111197,-1.5355272,1.8537012,0.98007673,0.81874055,0.5161668,2.3233526,1.2039572,-0.16997683,3.4843702,-3.474922,0.20887142,0.5373415,4.7338047,-2.2017229,1.5413923,-0.597374,1.6214494,-1.5207989,-0.99718547,-2.1343207,-5.239068,-0.83097756,-1.5516105,1.218835,1.0923934,-0.19488092,-3.5257037,2.2379045,0.14402667,-1.7874072,-13.107891,1.9624549,1.2177738,-0.0017985525
0,/data_nas/huangyj/data/placePulse/rawData/googleviews-110802files/51414f01fdc9f049260079ad.jpg,-6.491067,-0.41905734,-1.2933586,0.37417704,-4.9961605,-2.0898638,-4.764135,1.6669109,-0.38768294,-0.12478049,4.1863537,-2.5428648,-1.369909,1.9646716,-1.5284288,-2.491794,-3.1177413,0.8455507,1.1889786,0.7841492,-1.4481748,3.2982852,2.3569221,-0.3767358,9.36737,-3.764575,5.6776977,1.7121104,4.349497,-1.3081023,0.72543967,-1.2633507,0.4088919,-1.7866426,-1.6741644,-2.3039026,4.0390315,-2.8676214,-1.0418804,-2.1700654,2.835671,0.6076545,-4.7313204,2.75525,0.57479316,-0.5366822,-4.365498,1.2212251,1.7947291,-3.4598334
0,/data_nas/huangyj/data/placePulse/rawData/googleviews-110802files/513d5df3fdc9f035870039a3.jpg,-2.5663452,-1.0369325,-0.71930754,-2.343925,-0.6652681,-5.703278,6.885869,1.596805,0.86601275,1.2773261,0.79164547,1.7632452,-1.5682646,1.9014083,-0.7774352,-2.6035938,-3.9729593,-1.9495363,-1.2930402,-0.31993172,-0.93770796,2.1480987,0.39774513,-1.6014156,4.3694444,-5.895966,1.6575817,0.662451,5.9268613,-2.3235989,0.91086066,-0.67991555,4.548276,-0.2936533,-3.076289,-3.4138267,-2.2471771,0.20959806,-2.9514947,2.4128587,0.87684417,-0.9408624,-1.9363879,1.8769306,-0.51243174,-0.13421734,0.08420272,1.0922378,1.7753785,-1.805346
0,/data_nas/huangyj/data/placePulse/rawData/googleviews-110802files/51414efcfdc9f049260079a3.jpg,-4.611959,-0.41282365,1.5086837,-0.13296619,-7.170013,-2.6357458,-6.395451,2.0350428,-1.1672217,-0.8921892,3.2374601,0.09324272,-0.6980495,3.00527,-0.909673,-1.8929,-2.163818,1.8002466,2.2611032,2.252243,0.5076871,0.4249882,-0.09233047,0.40018588,9.061821,-2.2899652,-0.18375877,0.15500236,7.0385365,-1.7028794,2.3111117,-0.6451227,1.1894102,-1.9418013,-4.356496,-3.3131793,5.5478344,-2.6822398,-2.1180072,0.65746343,0.95457107,-1.0245714,-4.515909,1.3265667,-0.04054567,-1.482363,-6.71878,1.0266659,0.4040073,0.23288976
0,/data_nas/huangyj/data/placePulse/rawData/googleviews-110802files/5140cae4fdc9f049260029a3.jpg,-4.521708,-1.2544471,1.7087302,-0.61540586,2.754622,-1.3953278,-5.3450246,1.0400984,-0.6284507,-0.5289413,2.230659,-0.8225959,-1.0624433,1.2605999,-1.3966368,-2.1696677,-3.4812646,0.20409673,0.82578343,1.1767353,-0.051807445,0.08390346,1.1489317,-0.43991816,6.807724,-2.81337,-0.23826227,1.4801542,4.80857,-2.0359077,1.0300673,-1.7329443,0.29592577,-1.5841497,-4.157312,-1.2507629,-1.4727048,-1.2876499,-1.788984,-1.0331464,-0.65104884,-0.5636206,-3.1043935,0.98278046,-0.20220286,-0.48671538,-10.198573,0.67211795,1.7850429,-0.7514079
0,/data_nas/huangyj/data/placePulse/rawData/googleviews-110802files/513d9b54fdc9f035870079a2.jpg,-6.570935,-3.2700205,1.6808299,-2.7050917,5.0558386,-5.3310633,0.46427158,1.1691788,1.3539062,1.4120502,1.3100206,1.6399575,-0.62293255,1.0238689,-0.08892641,-1.0858153,-3.2292829,-1.9452173,-1.8963745,-1.0185827,-0.46928412,2.8390458,0.04191437,-4.572796,6.61967,-6.232869,1.1521151,0.56643826,7.467199,-2.4333696,0.5730872,-1.2795879,3.981193,-2.0235834,-1.9330475,-2.8935747,-4.657932,0.1055788,-3.022926,2.5457141,-0.070811905,-1.6576928,-0.132308,2.0077424,0.5907633,-0.048084915,-5.733146,2.7352316,2.2149851,-1.0208671
1,/data_nas/huangyj/data/placePulse/rawData/googleviews-110802files/50f43491fdc9f065f00029ae.jpg,-9.31713,-1.4284735,2.2640915,0.21880563,0.2662057,-2.5767736,10.513104,1.1569307,-1.1299601,0.086323,3.7416375,-1.4844528,0.91001153,0.54977024,-0.3359413,-3.5635166,-3.6698194,1.4927361,1.5522192,-0.27054211,-1.7895195,3.133154,0.3445426,-4.576807,3.945843,-3.6968205,4.2968335,1.4338188,4.3557277,-1.4836749,1.6991827,-1.8577416,0.3804623,-1.240245,4.626376,-3.245753,-4.639011,-1.5056376,-1.2185318,-0.8674556,1.3241767,-0.8129061,-4.474886,2.9152772,0.7327152,0.68061835,-2.9395716,1.1254536,1.575864,-1.8971701
0,/data_nas/huangyj/data/placePulse/rawData/googleviews-110802files/513e5bedfdc9f0358700a9a1.jpg,-4.6636453,-0.9947749,0.96103084,-2.186951,10.551408,-1.7560717,-2.9321167,0.31661674,0.6247028,0.4268167,0.37572813,0.23480009,-1.2071619,-0.26767436,-1.5182301,-0.98009914,-4.01352,-1.5891658,-1.4622035,-0.6286456,0.2863583,-1.5218554,1.06738,-2.7312288,5.033357,-2.9294822,-1.3923182,1.7882007,5.0165644,-2.3576176,-0.059758488,-1.3575497,1.1624048,-2.3201718,-3.360042,-0.13364357,-10.121709,0.28623196,-2.1421094,-0.30822304,-2.232728,-0.6401766,-1.4574332,-0.029994559,-0.104320005,-0.12307177,-15.104521,1.2636478,2.7699695,-0.93931997
0,/data_nas/huangyj/data/placePulse/rawData/googleviews-110802files/50f5e588fdc9f065f00069af.jpg,-3.458669,-1.9125144,3.5300543,-0.84460646,-5.6026077,-3.8216481,-9.717194,1.9258707,-0.4428337,-1.1659338,0.33885658,0.8324767,-3.5544722,3.0716422,-0.8099697,-1.9693215,-2.7200415,0.70062226,1.1318914,0.05879944,-0.26596752,2.206354,1.540414,-0.9561936,-1.3720921,-4.6017237,-1.0248039,0.9323358,2.6490445,-2.4418397,2.022958,-1.3534288,1.5353544,-0.602564,4.635591,-2.0067835,-4.029905,0.24477339,-1.5537595,1.1454767,0.18624827,-0.7932801,-4.3092995,2.225982,-0.45115873,-1.503797,-6.9372144,1.3626988,1.6021706,0.67580503
0,/data_nas/huangyj/data/placePulse/rawData/googleviews-110802files/513e1d60fdc9f035870099ab.jpg,-5.874989,-2.1418788,1.7314069,1.735825,0.7411781,4.001781,-2.8503273,1.5541399,0.14956513,-4.597181,1.0645652,-2.4364197,-0.9765251,1.3478215,-0.16568562,0.52213746,-1.835188,1.7473081,3.0076036,-0.102004305,0.9760048,1.732408,4.8025703,-1.9099113,3.021537,2.4922705,0.40901682,1.9859517,-1.1892396,-1.2681348,0.18435101,-1.0718133,-4.151378,-4.1843596,4.898314,4.3721876,-6.1577826,-1.9632787,2.7123456,-6.938144,0.77500916,2.5582564,-3.3985336,2.6588902,2.4814649,-2.6371315,-15.229503,2.033508,0.84095997,-0.5030806
0,/data_nas/huangyj/data/placePulse/rawData/googleviews-110802files/50f5ec44fdc9f065f000890d.jpg,-3.6592584,1.1446624,-3.2905066,-0.053433534,-2.0079644,-0.5814913,-7.024812,0.20775089,-0.092733406,0.6677629,2.0710297,-3.1563456,-2.932841,-0.00031382218,-2.0752928,-2.3094919,-3.215661,-0.009557188,-0.78022164,-0.28330633,-1.8538821,0.4871881,2.9036367,0.4906327,3.3168662,-2.600397,5.189288,2.711036,0.74036634,-0.6944851,-0.7460109,-1.1951419,-0.7565162,-0.20852868,1.5146614,-0.06962171,-4.5399337,-0.89336944,-0.32351762,-2.8581996,1.4872276,1.2234546,-4.2447963,1.2567811,0.013220092,0.25211465,-10.251662,-0.13841951,2.7940264,-4.4444857
0,/data_nas/huangyj/data/placePulse/rawData/googleviews-110802files/50f5e56dfdc9f065f0006905.jpg,1.0933697,1.787495,-4.8755393,-0.9856319,-5.8478484,-0.94413495,-7.4550242,1.3749561,0.6245498,-0.5276213,0.18736461,-2.42338,-4.676305,1.5591424,-2.686825,-2.1349695,-4.3089323,-0.3186502,-1.349414,-1.168847,-2.3400147,1.6942258,5.4450917,0.660026,1.9255726,-2.8981376,6.0174756,4.1462493,-0.101159014,-0.9290096,-0.7463765,-0.6955525,-1.4000741,1.5547198,-0.114018016,0.08882974,-4.0314407,0.4771935,-0.011061294,-5.2019897,3.4288278,3.739565,-6.6515217,2.5362527,1.5787619,-1.6201317,-11.126739,-0.100459486,2.961709,-5.095725
0,/data_nas/huangyj/data/placePulse/rawData/googleviews-110802files/5140cae8fdc9f049260029b3.jpg,-8.596401,-1.514081,1.3275727,-0.2610977,-3.7509937,-4.0285525,6.9601283,1.4646503,-0.6529001,0.5292489,3.5019875,-1.6042352,-0.13904022,1.1722245,-0.5154716,-3.6424172,-3.8814056,0.79542375,0.7992485,-0.88059944,-2.5737276,4.553658,1.0905584,-4.5386186,3.6802652,-5.3391104,6.172075,1.7640465,3.9898107,-1.4557472,1.4186709,-1.8685696,0.9836636,-0.5746343,5.2685275,-4.0092325,-1.702665,-1.2161595,-1.466084,-0.7680295,2.5440674,-0.30969122,-5.1413593,3.653495,1.0165765,0.46580476,1.2420175,1.4005657,2.065147,-2.8487804
0,/data_nas/huangyj/data/placePulse/rawData/googleviews-110802files/513e659ffdc9f0358700b9be.jpg,-7.0811367,-1.2468287,1.2961676,2.3007762,-8.61577,1.3580112,-5.657563,1.8321822,-1.1791191,-2.5185075,5.0202537,-2.813738,-0.6049766,2.606451,-0.4887982,-1.7093487,-1.0676671,3.0540452,4.0194287,2.8887632,0.6160377,0.9811978,1.8578229,2.408382,11.931942,0.17123878,1.7611336,0.64207745,4.3183656,-1.0601224,1.4584266,-1.1233244,-1.6215904,-3.847513,-2.7619112,0.046015494,6.1502476,-4.9489503,0.32145438,-2.931617,1.6690623,-0.0030536149,-4.044446,1.846213,0.43054047,-1.4487774,-10.8169985,1.0257537,0.06417178,-0.84186345
1,/data_nas/huangyj/data/placePulse/rawData/googleviews-110802files/50f55dd7fdc9f065f00049bc.jpg,-5.715071,-0.87165624,0.2828608,-0.3223262,11.505171,0.2846434,2.5781987,0.7636991,-0.6465361,-0.94374305,2.5499804,-2.0720787,1.6752913,-0.101999566,-1.5760207,-1.947368,-4.46514,0.07280995,0.71585786,-0.06093192,-1.0790379,1.2911857,2.1473396,-4.1716847,7.075615,-1.2105517,2.7902803,2.2870111,3.2994103,-1.2958747,0.20943032,-1.8562037,-1.7471656,-1.4312304,-4.1912284,-0.31249171,-2.0413244,-1.1781384,-0.63087785,-4.359434,0.45413047,0.75809395,-3.491366,1.6030442,1.4467632,-0.086837776,-5.5355453,0.65078944,1.9152029,-2.281065
1,/data_nas/huangyj/data/placePulse/rawData/googleviews-110802files/513e659efdc9f0358700b9bc.jpg,-7.669063,-2.9649603,1.4991807,0.022837903,-1.1569886,-1.4958597,-6.502723,1.4251463,0.6942437,-0.5460397,3.2150507,-1.5961888,-2.21895,1.5424328,-0.3909673,-1.3672736,-2.0633836,0.011187896,0.6984503,0.52063596,0.047733445,2.390747,2.1945705,0.024482135,9.20721,-3.8591344,1.952441,1.1193941,4.229667,-1.996771,0.3984935,-1.5351204,1.1769141,-3.62801,-0.8353968,0.0010569971,-1.3733851,-2.6231616,-1.0611858,-0.73153406,0.53853697,-0.54438055,-1.6836982,2.156096,0.19871931,-0.5606589,-10.719167,2.3369653,1.9927523,-1.4486632
1,/data_nas/huangyj/data/placePulse/rawData/googleviews-110802files/513cb5effdc9f035870009b9.jpg,-1.6801841,-0.012786925,2.7420454,0.38855436,5.9957294,-2.0995398,7.7998877,2.483154,-1.7987719,-1.441364,2.62901,-0.7812721,1.0457511,2.6847773,-0.7320336,-4.0752606,-4.352999,2.773236,2.4757931,1.5445682,-1.4721961,2.3007102,1.3814727,-1.1275456,5.0057793,-2.6473272,2.4898221,1.9011669,4.1293473,-1.7102368,2.0074513,-1.7930337,-0.9307926,1.6257894,-7.0493836,-3.5133944,1.0850449,-1.1403469,-1.5589865,-2.433406,1.887325,0.7833992,-6.297037,2.84841,0.83754104,-0.56672496,-1.0483439,-0.6799869,0.7135853,-1.0248342
0,/data_nas/huangyj/data/placePulse/rawData/googleviews-110802files/51408bbbfdc9f0358700e9b8.jpg,-6.311539,-0.63523066,0.79199636,-0.4546964,-0.4412392,-2.0772529,2.0935602,-0.12963495,-0.74528646,1.2308233,1.9961523,-1.489514,-1.6178279,-0.6101093,-1.0055557,-3.2105105,-3.543413,-0.4188982,-0.06584268,-0.32564253,-1.429256,-0.3408925,0.44169208,-1.1424388,0.85909843,-3.620656,1.7477545,1.5001404,1.6380955,-1.3098872,0.18883964,-1.5551049,0.92444056,-0.6897665,4.783786,-1.0631386,-6.6297307,-0.40145317,-1.2710348,0.34390578,-0.9259698,-1.2970511,-2.867252,0.698626,-1.2571706,1.270378,-5.1861925,-0.10885681,2.4566782,-1.9581517
0,/data_nas/huangyj/data/placePulse/rawData/googleviews-110802files/5140952afdc9f04926000949.jpg,-8.1919155,0.5362674,-0.9261562,-0.20673999,-0.23642167,-1.7938786,9.112583,-0.7419489,-1.0655658,1.3747631,2.7368402,-2.0551128,0.20494911,-1.6240964,-0.94355905,-2.998247,-4.042044,-0.6400904,-0.06224478,-1.047571,-1.72388,-0.57936066,-0.087907165,-3.172512,0.5297904,-2.2648194,2.7889452,1.4469129,0.3733712,-0.22267112,-0.2503582,-0.77675253,0.44624823,-1.161311,7.6344666,-1.1399629,-5.2290673,-0.77367634,-0.3902484,-0.68485135,-0.5369213,-0.69702107,-3.704414,1.0142262,-0.75834364,1.5261972,1.2689054,0.01802948,2.5368423,-2.464737
1,/data_nas/huangyj/data/placePulse/rawData/googleviews-110802files/513d333efdc9f03587002948.jpg,-3.8222024,-1.140675,1.5338402,-0.50847673,-2.4927173,-2.731086,-5.7496533,1.4523655,-1.2905105,0.18045053,3.4398663,0.16154338,-0.048862047,2.0057876,-0.78306085,-2.7011888,-2.4438603,1.0842944,1.4510036,2.9914556,0.1201439,0.16856496,-0.97381634,1.0549642,10.451626,-3.139379,-0.11354011,0.1501115,8.34588,-1.9135869,2.060208,-1.2889438,1.7942699,-1.208642,-8.686832,-3.795625,5.457858,-2.3043365,-2.8552842,1.3856688,-0.026329823,-1.6331137,-2.7125206,0.6330374,-0.6223222,-0.29393733,-7.476765,0.30410233,0.38226324,-0.31207547
0,/data_nas/huangyj/data/placePulse/rawData/googleviews-110802files/513cc66afdc9f0358700194a.jpg,-7.8420377,0.046896607,-0.9170587,-0.28471893,-3.408076,-2.6849103,6.4579034,0.59166104,-0.13977051,0.784142,2.7149057,-1.9475713,-0.9975751,0.068044975,-0.9019147,-2.6248298,-3.4856977,0.15835428,-0.03452363,-1.2270662,-1.8075904,2.1928816,1.2887725,-3.2305446,2.8634431,-3.6952422,5.089047,1.7451823,2.3215132,-1.0104592,0.20197329,-0.8925179,0.8251976,-1.3791832,6.337996,-2.0244808,-5.3244243,-1.071026,-0.69889045,-0.99741995,1.602491,0.12899865,-4.332066,2.3747315,0.498194,0.4955048,-3.2197855,1.1336914,2.4050117,-3.330504
1,/data_nas/huangyj/data/placePulse/rawData/googleviews-110802files/50f56259fdc9f065f0005940.jpg,-5.8733983,-0.93090063,0.53835946,0.41577458,4.9912987,0.34353852,-2.2834494,0.52000785,-0.4949194,-0.1481379,3.087246,-2.4520822,-0.93517786,-0.05703853,-1.0068552,-2.3490484,-2.8253567,0.5880606,0.63139373,1.202289,-0.5368277,0.43376425,1.5535145,0.17925921,7.289986,-1.9313465,2.4293747,1.6793096,3.6541183,-1.6097896,0.22687198,-1.989444,-0.6470587,-2.0280838,-3.0724006,0.1335374,-4.916656,-1.8975788,-0.94370145,-2.0530703,-0.27998215,-0.14473064,-2.0826094,0.7500834,-0.19219032,0.51198995,-13.825045,0.33515522,1.9064584,-2.45595
0,/data_nas/huangyj/data/placePulse/rawData/googleviews-110802files/50f44866fdc9f065f0003fd6.jpg,-5.5767164,-1.0164943,0.7608076,-0.0026511746,3.642608,-0.7913153,-1.2828726,1.8692021,1.6055372,-2.143294,0.43772012,0.6188229,-1.5827957,2.2254481,-0.22271043,1.1311399,-1.0838039,0.3079087,0.8315263,-0.596933,1.8578744,1.6236213,2.2349794,-2.0574222,5.0110865,-0.550848,-1.0410889,0.4211413,3.1159241,-1.9146721,0.6001669,0.21809173,0.99230045,-4.604459,1.0545088,1.373655,-7.986247,-1.5066543,-0.070312046,-0.98178566,0.58761877,0.6838948,-1.6553525,1.9576019,1.3636159,-2.552591,-13.712349,3.3727276,0.85922736,0.45210844
1,/data_nas/huangyj/data/placePulse/rawData/googleviews-110802files/513d6c95fdc9f03587004fdc.jpg,-3.8084671,-1.446003,3.4746423,-1.6458317,5.885565,-5.1740203,12.916073,3.4288294,-0.22880322,-1.6324708,1.4741387,1.7917418,0.9930624,3.7709327,-0.3221132,-3.0702612,-5.273441,1.4093978,1.3003283,-0.5525294,-1.0169023,3.7279274,1.6873395,-5.6797137,5.2891426,-4.972665,1.5584977,2.0918849,7.2912498,-2.7533693,2.562199,-1.2368885,1.5177962,0.26588896,-4.2245765,-4.7586164,-3.3102138,-0.21467343,-2.4374776,-1.1595689,2.259452,0.60074,-6.5885344,4.3623285,2.1360898,-1.8108058,-1.5112317,1.7965921,1.3149691,-0.42319348
0,/data_nas/huangyj/data/placePulse/rawData/googleviews-110802files/513d7cc3fdc9f03587006fd0.jpg,-0.4629879,-0.1840868,1.4131408,-1.7607528,4.8682075,-4.3327637,5.0696034,2.3581781,-0.47157085,0.12492146,1.0927538,1.2401197,-0.22792663,2.5572135,-0.7467603,-3.0704517,-3.992913,1.1744839,-0.23677862,0.705418,-1.2674917,2.8023055,0.66221154,-2.244899,5.568781,-4.6562347,2.5712717,1.7374728,7.998872,-2.5107934,1.7513506,-1.5142457,1.4203058,1.6882925,-8.411323,-4.807184,-4.476768,0.61212504,-3.1984203,0.13298205,1.7137064,0.52918863,-4.4164643,2.5299232,1.3868974,-0.6135348,-9.780941,0.38808897,1.3647692,-1.7337159
0,/data_nas/huangyj/data/placePulse/rawData/googleviews-110802files/50f5e709fdc9f065f0006fd0.jpg,-7.246895,-1.9086316,2.688021,-0.2669888,-2.9041045,-3.2093742,-2.754384,1.4985394,-0.6201588,-0.28653878,2.568777,-1.2003968,-2.28818,1.8422452,-0.850372,-3.294419,-3.2922423,1.287317,1.194157,-0.14201519,-1.5542153,3.305263,1.6539941,-2.1535099,2.3408222,-5.2999787,3.200032,1.8619659,3.7922618,-2.253166,1.647345,-1.9599745,0.69160473,-0.8725081,4.605641,-2.5254433,-5.7742453,-0.8849675,-1.5061414,-0.19679056,1.2126783,-0.8100537,-4.766025,2.7274766,0.10774428,-0.07210153,-8.761948,1.2738584,2.1577406,-1.652483
0,/data_nas/huangyj/data/placePulse/rawData/googleviews-110802files/513d7ca2fdc9f03587006f6d.jpg,-0.9682483,0.7695607,1.161537,-1.8708626,0.880874,-4.876242,-3.2543092,2.1751878,-0.89602464,0.10613457,0.21208322,1.1564121,-1.606403,2.5078619,-1.4014183,-2.7169187,-4.042239,1.5020456,-0.16717023,-0.22935107,-1.4754275,1.5122948,0.79879284,-2.8089,0.24187826,-4.7188854,1.8899732,1.9405699,5.3532324,-2.1306477,1.908386,-1.0758431,1.1558993,1.964123,-1.2868526,-4.6908484,-5.7291036,1.383453,-2.8383217,0.5843553,1.5434594,0.23279284,-6.2985516,2.2809637,0.82027155,-1.0093491,-8.052729,0.43310875,1.7934475,-1.232584
1,/data_nas/huangyj/data/placePulse/rawData/googleviews-110802files/50f4485efdc9f065f0003f61.jpg,-0.28220013,0.08439217,-1.4505178,-0.82714987,2.2654696,-0.8082639,-10.411044,2.1335332,1.668513,-1.6064285,0.002172621,0.024774717,-2.571381,2.3882897,-0.94311816,1.144802,-1.6331145,-0.3623266,-0.5387595,0.019080477,1.1133413,0.8660144,3.5819252,0.6818057,7.800321,-1.0030037,0.3628835,1.4116805,2.8475387,-1.5544248,-0.33972892,0.15253925,0.56849253,-2.4953623,-6.678306,0.9865226,-0.31546867,-1.0595765,-0.49161753,-2.4888756,1.1582608,2.362079,-2.4468648,1.6992587,1.61983,-2.9568324,-11.294265,2.2118592,1.359525,-1.1641673
0,/data_nas/huangyj/data/placePulse/rawData/googleviews-110802files/513f3122fdc9f0358700df69.jpg,-4.9463253,-1.4423262,1.8147835,-0.956042,1.1182786,-1.6188416,-2.76706,0.2606396,-1.7265996,0.22734357,3.0508118,-1.0788634,0.70649445,0.42802855,-1.7666968,-3.4700663,-4.4451437,-0.2659958,1.0291765,1.5470333,-1.0216165,-0.6377642,-0.04405009,-1.3188671,7.0289936,-3.1073956,-0.026018009,1.371434,5.2347946,-1.5435305,1.2329363,-2.1759162,0.010571752,-0.43973893,-4.5235195,-2.5712094,3.9781637,-1.369519,-2.154155,-0.90776896,-1.0067667,-1.5075577,-3.438091,0.48153254,-0.6641959,0.64192593,-2.4162195,-0.4343154,1.6738756,-0.93963337
1,/data_nas/huangyj/data/placePulse/rawData/googleviews-110802files/513cd748fdc9f03587001f6a.jpg,1.8733003,-2.4133217,1.6489632,-3.1895506,11.467115,-3.3628504,-0.7733153,2.3166082,2.2464623,-1.576423,-2.2661138,2.9726777,0.044478692,2.9003682,-0.46816653,0.9882045,-3.2364907,-1.773393,-1.9090109,-1.8270301,0.23844552,2.9586046,2.8687603,-4.557842,4.332721,-3.5985081,-0.97499835,1.561596,4.4211707,-2.3626723,0.014620234,-0.7517202,1.1590998,0.0035588685,-8.596387,-0.9725079,-2.167696,1.8035347,-1.455551,-1.4557811,0.9825371,1.6837163,-1.3828954,2.9820776,3.0269773,-2.9887152,-3.2261071,2.4481401,1.5353212,0.07815425
0,/data_nas/huangyj/data/placePulse/rawData/googleviews-110802files/50f5eaf9fdc9f065f0007f32.jpg,0.3536596,-0.939524,3.6765387,1.7792987,-5.088358,1.5607698,-10.33997,1.871621,-2.270802,-3.0768554,1.1613783,-1.6083357,-2.094869,2.7639956,-0.15620208,-2.148731,-1.4334234,3.6313362,3.4577913,2.4705522,-0.29857454,1.1485134,2.1057296,2.6313946,-1.3421817,0.2930679,-0.04491488,1.1498713,-0.2572958,-1.192527,1.8087895,-2.1085331,-3.5218058,1.0206662,0.34617466,0.07470359,-0.3031958,-0.5679659,0.8381554,-2.949496,0.66236556,1.077633,-4.4813743,1.8111857,0.077297226,-1.6427732,-10.880408,-1.1830628,0.0010919101,0.10702447
0,/data_nas/huangyj/data/placePulse/rawData/googleviews-110802files/513cd65cfdc9f03587001f31.jpg,-7.8585753,-4.137961,0.6733469,-3.1177292,8.776312,-2.8701978,6.9528985,-0.0070878863,3.1730876,0.21821629,-0.5576215,1.7910831,-0.7118807,-0.2635019,0.026261276,0.7189259,-3.4754667,-3.946456,-2.8762841,-3.3959947,0.41656846,1.5782778,1.9578325,-6.7751274,4.5699263,-4.425249,-0.5136356,1.3667167,3.8398645,-2.3254983,-1.1720916,-0.48669276,2.997612,-4.4480076,3.2144177,1.5925069,-11.263536,0.57373923,-0.72585434,0.12060713,-1.1904606,-0.66105694,1.5193799,1.841102,1.43322,-0.7695607,-7.3419952,3.780349,2.5108752,-1.1900473
0,/data_nas/huangyj/data/placePulse/rawData/googleviews-110802files/513e6abdfdc9f0358700bf38.jpg,-8.029118,-1.5071764,2.2764385,1.762033,-5.990144,-0.3381263,0.7510406,0.8856064,-2.0014389,-0.5339965,5.206142,-2.903585,0.17622553,1.2748718,-0.56063765,-3.806274,-1.8728571,2.5876577,3.176727,2.2580574,-1.249574,2.1091797,0.1342637,0.4503059,7.5341673,-2.258253,3.598756,0.7255316,4.201279,-1.1005423,1.8627139,-2.2503986,-1.0552967,-1.451112,0.5866664,-2.2796457,2.7725089,-3.4170127,-0.75990015,-1.1213101,1.2766163,-1.4391752,-3.778466,1.8142697,-0.41246346,0.7653674,-5.846576,-0.08961992,0.64066947,-1.4178038
0,/data_nas/huangyj/data/placePulse/rawData/googleviews-110802files/513e6af3fdc9f0358700bf7d.jpg,-5.811477,1.4122596,-2.400077,2.1329665,-7.340991,0.66059965,-8.019205,1.1887296,-1.1568955,-0.71703523,4.7276053,-4.0644517,-1.6926819,1.5600812,-1.4820651,-2.0974529,-1.6446518,2.7595532,2.1751678,2.1588743,-0.9149656,1.6401759,2.2579956,2.360917,8.817068,-0.69263476,5.830442,1.460541,2.9113839,-0.5148121,0.46079075,-1.0419403,-1.6647372,-1.9178606,-1.0205367,-0.90989923,2.5621955,-3.6762335,0.12157472,-3.1790287,2.8666613,1.0681257,-4.878148,1.8513339,0.12176584,-0.47557315,-11.383272,0.09515798,1.2607901,-3.7568896
1,/data_nas/huangyj/data/placePulse/rawData/googleviews-110802files/513d6c67fdc9f03587004f71.jpg,0.40850332,-1.1228805,1.3032607,-1.1893262,2.9838223,-3.2618225,4.5762916,1.1164184,-0.7774802,1.4297618,2.1730955,1.2042289,1.0441337,1.2012086,0.3376495,-3.24469,-2.7369068,0.42119938,-0.24382475,2.6403196,-0.76717347,1.0714568,-1.6701114,1.1956996,8.742572,-3.6656313,0.93525875,0.12732545,8.256901,-1.6941947,0.81330657,-1.4102775,2.0427256,1.5445591,-13.01963,-4.1700606,3.2727222,-0.5448068,-2.978304,1.9964452,-0.04107269,-1.1857497,-0.6134402,0.5751221,-0.23703912,0.8611031,-4.7799454,-1.1244773,0.37894195,-1.219476
1,/data_nas/huangyj/data/placePulse/rawData/googleviews-110802files/513cbc27fdc9f03587000f79.jpg,0.7720476,-0.9780612,1.8669244,-1.6943692,4.101919,-4.94842,9.385095,1.2798222,-1.1595871,1.8275361,1.863707,2.0708113,1.3927681,1.8134224,0.29301652,-4.157718,-3.4619968,0.59578055,-0.38671976,2.2906985,-1.4095916,1.9173223,-2.3987925,-0.2524424,5.9071608,-4.831399,1.3162591,0.11835482,9.316077,-1.885263,1.4783176,-1.6893858,2.7839005,3.0550432,-11.852132,-6.003548,0.25789502,0.41834196,-3.7914214,3.2805078,0.33177137,-1.7757016,-1.3582842,1.0062271,-0.41602784,1.2662808,-3.4150338,-1.4378407,0.5894098,-1.1184385
0,/data_nas/huangyj/data/placePulse/rawData/googleviews-110802files/50f5eb18fdc9f065f0007f70.jpg,-1.0248425,0.20271252,-2.2496781,-1.4211571,-5.449055,-2.487251,-6.6803427,2.257772,2.123367,-1.1477486,-0.16861443,0.90065354,-3.7606072,2.855744,-1.0299625,1.1298105,-1.9997243,-1.2186172,-0.88983405,-0.6679481,1.2471102,1.2022243,3.502369,0.52236855,7.3001785,-2.2095754,0.3228367,1.2029727,3.321248,-1.7126833,-0.22681972,0.98040736,2.3434162,-3.0236278,-3.1306045,0.37577623,0.0274962,-1.0332017,-0.8459743,-1.1134019,1.6273382,2.015392,-2.9163265,1.9678025,1.390528,-3.231605,-8.60845,2.806836,1.6132618,-1.1796774
0,/data_nas/huangyj/data/placePulse/rawData/googleviews-110802files/513f30cbfdc9f0358700df23.jpg,-3.2875092,-0.034976356,1.0350946,-1.8140445,5.4845767,-4.740269,0.75388384,2.488779,-0.21614635,-0.41880652,0.68856424,0.62465405,-1.8901993,2.320437,-1.4306377,-2.820946,-5.4938946,0.564647,-0.08238622,-0.76214176,-1.3009881,1.8405641,2.3133254,-3.2914357,2.2993262,-5.277801,1.8489095,2.6488945,4.640397,-2.645994,1.3140166,-1.0760449,1.6026337,0.33633602,-1.5125686,-3.2546575,-7.362318,0.6995633,-2.321495,-0.7520078,1.1544257,0.7928332,-6.5352497,2.9016783,0.77616817,-1.2562197,-7.3665347,1.2092956,2.639892,-1.6718129
1,/data_nas/huangyj/data/placePulse/rawData/googleviews-110802files/513d6c4dfdc9f03587004f2e.jpg,-8.97647,-1.5063436,1.0050673,0.696377,2.4409993,-0.76474214,7.3875704,0.7063917,0.18808493,-0.09877355,3.4564633,-1.9195653,-1.136197,-3.618002e-05,-0.0054454748,-2.3677876,-2.892245,0.32044914,1.0002713,0.0035861824,-0.25382328,1.117425,1.5309216,-0.6672684,6.385874,-2.7439146,2.225616,1.2451209,2.2401674,-1.6262814,0.06407651,-1.0075445,0.8710214,-3.5536623,2.5463674,0.5914028,-6.5362315,-2.4979732,-0.31392503,-0.97508425,-0.15964654,-0.64352405,-2.0493968,1.5453483,-0.4498864,0.54858416,-7.9364448,1.3488766,1.8127459,-1.9639454
0,/data_nas/huangyj/data/placePulse/rawData/googleviews-110802files/5140b9dffdc9f04926001f2c.jpg,-3.9402237,-3.2877662,0.79085934,-2.2628644,-1.9631953,-3.5581412,-7.180118,1.0800195,2.4135718,0.16998558,-0.64853585,0.8151228,-5.238412,1.1341634,-0.8090716,-0.6578188,-2.986916,-3.1086903,-1.9319537,-1.6775491,0.32013103,1.3285891,3.1218655,-0.05878451,2.5754914,-5.8866343,-0.7999468,1.5498476,1.6125649,-2.7371278,-0.4786213,-0.7210519,3.6833138,-2.7752595,2.8504272,1.4038913,-7.065522,0.2790754,-1.4321421,1.2219356,-0.9827554,-0.4994342,-0.6694285,1.573718,-0.5307807,-0.99743646,-8.5771885,2.540337,2.92979,-0.9251328
0,/data_nas/huangyj/data/placePulse/rawData/googleviews-110802files/50f563f8fdc9f065f0005f2f.jpg,-4.565181,0.52844983,1.7080839,1.0663861,-6.260839,-2.387094,4.0844593,1.6782645,-1.1513923,-1.170949,1.0530574,-0.0005609449,-0.109029256,2.4588282,-0.44392905,-1.566954,-0.47532922,3.0265625,2.330396,0.0091696065,-0.90861195,3.828623,-0.23531029,-3.5001907,-3.521162,-1.4117297,3.1091316,0.09807104,2.56576,-1.1578382,2.8769827,-0.9789536,0.03928752,-0.2866967,8.13369,-3.5180619,-6.006401,-0.23618847,-0.64228475,0.3290238,2.7845085,-0.007339931,-4.4492507,2.6783304,1.0832891,-1.1429524,-4.108311,1.2247207,-0.41501242,-0.22597176
0,/data_nas/huangyj/data/placePulse/rawData/googleviews-110802files/514137aafdc9f04926004fe7.jpg,-3.0807767,-3.8584263,2.7699213,-0.582521,-10.63135,-1.1659751,0.7420061,2.71219,2.214693,-2.7707856,0.67856276,1.6275357,-3.3524966,3.4764094,1.1348926,0.61777973,-0.5420426,-0.62718475,1.2086474,0.4728084,2.545972,1.380592,2.8666155,2.2656674,10.111507,-2.1093588,-3.0016243,-0.043480724,4.290902,-2.5944214,0.73575956,0.2552432,2.5222695,-5.039804,-2.976849,1.9841205,1.5637758,-2.6956525,-0.33242407,0.0082608815,0.20116282,0.26003557,-0.5062718,2.1198773,1.1891559,-3.242753,-9.946011,3.311756,0.34367535,1.5385861
0,/data_nas/huangyj/data/placePulse/rawData/googleviews-110802files/51409af4fdc9f04926000fe7.jpg,-3.8031752,-3.123925,1.8799679,-0.94746214,-1.700062,-0.91408503,-6.0802574,1.714415,1.3503739,-1.7021148,1.252134,0.4854823,-1.5244547,2.2114656,-0.14892368,0.2450309,-1.6219869,-0.70766425,0.42402768,0.60628325,1.540909,0.88459414,2.1987169,-0.01220322,10.326758,-2.0232837,-1.7295554,0.7288295,5.223852,-2.16354,0.48798636,-0.73822415,1.1162273,-3.8710575,-5.443036,0.6909461,1.6306313,-2.0040655,-0.93347466,-1.102178,-0.30332777,0.1140607,-0.89255136,1.5793984,1.2472739,-2.2197359,-10.809842,2.581409,0.98131305,0.40305585
1,/data_nas/huangyj/data/placePulse/rawData/googleviews-110802files/513d9d41fdc9f03587007fec.jpg,-8.933225,-2.3476636,0.43343762,1.5262997,-5.398336,0.34436876,-13.164636,0.9463042,-0.7569912,-1.1452898,5.5991163,-3.4935856,-1.0620823,1.7393535,-1.5020937,-2.1036987,-1.8439791,1.200793,2.737647,2.5033638,-0.23284371,1.5551456,1.9587073,1.5908216,12.537087,-2.1326525,2.7037673,1.0641809,4.4736757,-1.2147245,1.0513796,-1.9442712,-0.48719418,-3.9461627,-2.6420386,-0.3096309,7.3809066,-4.7501497,-0.40012255,-2.4027336,1.153658,-0.74225354,-3.048812,1.7794726,-0.34912464,-0.5748848,-8.305413,1.3790858,1.1334777,-1.9133881
1,/data_nas/huangyj/data/placePulse/rawData/googleviews-110802files/5140ce02fdc9f04926002fe4.jpg,-8.942598,-1.6629764,0.4618082,0.45284438,-1.2571853,-2.015559,-15.817058,1.3581202,-0.7297197,-0.39345536,5.007858,-2.4092488,-1.1934735,2.0662942,-1.8616719,-1.9755156,-2.5490172,0.9357967,1.889,1.8899825,-0.3178596,1.6138499,1.3680774,0.0018065046,11.829228,-3.7509742,2.373781,1.0266852,5.8512583,-1.676841,1.3490566,-1.7335092,1.0131812,-3.51584,-3.461009,-2.0464704,5.940959,-3.8734698,-1.7898761,-0.83304083,1.0646085,-1.0627506,-3.7944725,1.8347617,-0.43332514,-0.6900616,-7.113512,2.006981,1.7164345,-1.5564249
0,/data_nas/huangyj/data/placePulse/rawData/googleviews-110802files/513d6c46fdc9f03587004f1d.jpg,-10.638765,-1.8967011,1.5676993,0.007144409,-1.2121865,-3.5187726,11.463954,0.608938,-0.49852857,0.96793383,4.0803056,-1.6450343,0.19746791,0.02572368,0.2658428,-3.6067133,-3.6512077,0.22585821,0.7483127,-0.76291287,-1.8516891,2.9307966,0.10673454,-3.9037564,4.1319423,-4.79203,4.2485824,1.2596563,3.3014526,-1.1762456,0.8132173,-1.4491313,1.6915563,-1.8968801,6.4261107,-2.8185115,-3.7528307,-1.785613,-1.0053359,0.11201749,0.8010727,-1.2296975,-3.4991298,2.884377,-0.082419366,1.3805407,1.5536219,1.294545,2.142108,-2.3088043
0,/data_nas/huangyj/data/placePulse/rawData/googleviews-110802files/50f5eaf8fdc9f065f0007f12.jpg,-0.3929099,0.43382612,-1.400353,-0.96237195,-2.4173203,-2.0129795,-8.737512,1.6787486,0.6317632,-0.6332593,0.19863147,-0.7368133,-4.3765187,2.1116948,-1.639521,-1.5024526,-3.2075028,-0.107593596,-0.59047985,-0.15696487,-0.43187514,0.7388526,3.4882145,1.5179795,2.8400822,-3.19606,1.5567132,2.4010127,1.6357133,-1.6869252,0.082238756,-0.4831826,0.5459909,-0.26042888,-1.5041368,-0.15160173,-4.4468946,-0.08641313,-0.98711383,-1.7298794,1.1242365,1.5750345,-4.578326,1.6553673,0.22928423,-1.6233726,-11.790846,0.6656252,2.4229896,-2.0961015
1,/data_nas/huangyj/data/placePulse/rawData/googleviews-110802files/50f563f7fdc9f065f0005f19.jpg,-5.940663,-3.1188266,1.9800259,-2.1829255,7.635071,-3.1556315,1.1657087,1.1888231,1.3455129,0.0991034,1.1221586,1.0009056,-0.63318974,1.0443237,-0.5218078,-1.0428203,-3.5274665,-1.7074914,-1.1244878,-0.809888,0.086376585,1.7712224,1.2371922,-3.851358,7.638127,-4.5679064,-0.043021344,1.3455709,6.694152,-2.65505,0.5164416,-1.452149,2.300443,-2.6508095,-3.7372284,-1.1198118,-6.264861,-0.32181844,-2.2676692,0.1922196,-0.60921884,-0.8970121,-0.7783693,1.662627,0.83822685,-0.62551594,-10.403161,2.5064626,2.160566,-0.78497595
0,/data_nas/huangyj/data/placePulse/rawData/googleviews-110802files/513d5406fdc9f03587002f18.jpg,-3.0196505,2.4361467,-4.8486786,0.79021573,-5.8988214,0.5260019,-12.042393,1.0568116,-0.3613568,-0.5986383,2.9440658,-4.38977,-3.2904613,1.2508726,-2.7494228,-2.0436003,-3.4052782,1.4540554,0.41867927,0.28318778,-2.0222883,1.2857574,4.738054,1.3200637,5.974656,-1.3573989,7.0125446,3.5108986,0.59813505,-0.2605369,-0.62879276,-0.8041604,-2.4624605,-0.20584302,-0.078875504,-0.052340362,-0.21903795,-1.9666574,0.5814608,-5.676648,3.6542394,2.986438,-6.851093,2.3188121,1.0304657,-1.0864164,-12.177674,-0.14561097,2.6677408,-5.3249235
0,/data_nas/huangyj/data/placePulse/rawData/googleviews-110802files/513d567ffdc9f03587002fcd.jpg,-5.862525,-2.6026788,1.6360036,-2.726137,7.768465,-3.4140232,-4.66301,0.3933429,1.5425379,1.3211082,0.35924467,1.1968781,-1.7985042,-0.0012469143,-0.8526362,-0.37415883,-3.0878248,-2.755278,-2.1931503,-0.89592665,0.66238326,-0.57731336,0.30462414,-2.5758321,5.961785,-4.6630216,-1.8798435,0.7855012,5.768632,-2.543282,-0.1540049,-1.2159014,3.4387784,-3.1815221,-2.2512681,-0.39254665,-8.15697,0.18936554,-2.8161547,2.2651722,-2.3452451,-1.8853197,0.58508015,0.1496061,-0.57575643,0.03734205,-11.766556,2.2836676,2.6590474,-0.2939978
0,/data_nas/huangyj/data/placePulse/rawData/googleviews-110802files/5141519afdc9f04926007fc6.jpg,-6.039037,-1.7597135,0.9931798,-1.9785707,4.71573,-5.805585,12.066988,1.1327525,-0.28837553,1.7044153,2.7570035,1.367473,1.4730446,1.0044901,0.2504905,-3.4902375,-4.703387,-0.78116757,-0.69495636,0.0053292904,-1.3737926,2.1532414,-1.2763612,-4.443128,6.0759764,-5.6060266,2.082023,0.56542444,7.8840184,-1.7258343,0.9855231,-1.0330606,3.6974924,-0.14108518,-3.2177317,-4.83295,-1.8220042,-0.3940008,-2.8557513,2.2720273,0.27002248,-1.8243244,-2.137676,2.1293902,-0.11594194,0.99194807,1.844744,0.66458577,1.7160976,-1.713984
1,/data_nas/huangyj/data/placePulse/rawData/googleviews-110802files/513d6c8afdc9f03587004fc0.jpg,-5.7462106,-0.07645587,1.3155733,-0.23321791,8.697578,-3.4607096,11.113378,1.9012947,-1.20744,0.15966417,3.6222208,-0.6006702,0.64026946,1.4414122,-0.7237751,-4.3855953,-4.977414,1.5720181,1.2405332,1.0332625,-1.3513587,2.1546912,0.63406104,-2.2655804,6.9832644,-4.1760087,3.2305315,1.7224525,6.465531,-2.0976188,1.5161757,-1.436847,1.2544771,-0.062439613,-5.3917756,-3.7516925,-4.997165,-1.3847158,-2.2564292,-0.6360622,0.992232,-0.3389141,-5.0559845,2.3545907,0.017401513,0.5375682,-6.1282206,0.12398742,1.6218482,-2.2073123
1,/data_nas/huangyj/data/placePulse/rawData/googleviews-110802files/513e1fabfdc9f03587009fc4.jpg,-4.0570393,0.034039203,0.013959093,0.621941,-0.17355162,0.15761735,-5.1930623,0.79137826,-1.6766689,-0.77009606,2.9190204,-3.8373017,-2.4413526,0.4574918,-2.1837459,-4.3940163,-5.0341773,1.4067478,1.5503552,0.65490216,-2.530869,0.446402,3.5789099,0.5415332,2.272172,-2.9125485,3.99806,3.6738343,-0.0949726,-1.2131425,0.48333523,-2.3148074,-2.5133405,0.8118275,1.147254,-0.31049782,-3.0513592,-1.1174005,-0.08759079,-4.640774,0.848042,1.1231617,-6.8042994,1.8539187,-0.22313704,0.2851904,-8.509754,-1.1294847,2.7487726,-3.416025
0,/data_nas/huangyj/data/placePulse/rawData/googleviews-110802files/513d9d28fdc9f03587007f97.jpg,2.3947947,-1.0424119,2.5622544,-2.9169657,-1.0775908,-5.757958,-0.3119708,1.5951519,-0.8631854,0.14858568,-1.9805944,2.8641434,-2.633355,2.6846385,-1.5270438,-3.730146,-4.736193,-0.28692004,-0.70961225,-0.48085034,-1.8717457,1.2753652,0.6483062,-2.2724006,-5.8393426,-6.2047906,-0.7670185,1.8438336,4.015551,-2.680698,2.4467318,-1.9069393,2.142136,3.7381938,0.39918616,-4.426763,-7.5611615,3.3622978,-3.122282,2.0187585,0.08019277,-0.7487697,-4.82827,1.8367362,-0.22388679,-0.7589716,-4.214465,-0.43465418,1.6581752,-0.051480416
0,/data_nas/huangyj/data/placePulse/rawData/googleviews-110802files/5140cdadfdc9f04926002f92.jpg,-11.059836,-2.192607,-0.11877935,-1.4939778,11.444278,-0.5692653,1.9204863,-0.4699316,1.2880247,0.3046313,1.5652026,-1.0106207,0.0020758738,-1.9388114,-0.5923847,0.051696096,-4.2320037,-2.426546,-1.524785,-2.257563,0.25238627,-0.6584225,1.6789451,-5.995868,5.561092,-1.9624913,0.50767875,1.8424568,2.6053693,-1.7168008,-1.3088795,-0.8797538,0.8348844,-5.264789,4.5090146,2.3355062,-10.965464,-0.7627481,-0.2998763,-1.7596956,-1.922094,-0.53034776,-0.3785879,0.7931832,0.48151258,0.07937325,-9.962915,2.8091674,3.0761185,-2.0140114
0,/data_nas/huangyj/data/placePulse/rawData/googleviews-110802files/5140cdb9fdc9f04926002f9e.jpg,1.78897,3.6413417,-1.4134771,2.0146773,-2.3173714,-2.3356326,-1.5706979,2.516573,-0.28192854,-1.2846674,-1.2838737,2.2848449,-0.3517866,3.9401855,0.45042685,1.7277234,3.2548423,4.156161,1.7552035,1.280706,1.3700542,3.945102,-1.6697495,-0.26374334,-6.301512,1.9031646,2.0998604,-2.3493817,2.3821073,-0.26244235,2.5477118,1.2649002,1.2845482,0.089947775,3.255569,-3.359195,-7.8714137,0.36763012,-0.22845213,3.1014488,4.237242,1.0010191,-1.7424116,1.7473247,1.023909,-2.6662009,-8.3908,1.4689702,-2.660777,0.91372263
1,/data_nas/huangyj/data/placePulse/rawData/googleviews-110802files/513d9d2afdc9f03587007f9b.jpg,-6.5768604,0.44375566,0.49677795,-0.031722154,10.412162,-1.6416762,-1.6255697,0.5763632,-0.89830923,0.9145967,2.8280258,-1.5573815,-0.91159344,-0.31838462,-1.2229317,-2.5886338,-3.4993894,0.6756349,0.26969165,1.0005213,-0.29763275,-0.99712265,0.19359618,-0.20560406,5.497294,-2.7141345,1.2224132,1.1692309,4.157395,-1.88136,0.43611616,-1.5245218,1.164631,-1.9813346,-2.9057758,-1.0993797,-8.523506,-1.3348296,-2.0549781,0.3102404,-1.2942578,-1.0491291,-2.5026124,-0.027697202,-1.4911593,0.9656806,-12.732719,0.20474127,2.2852976,-1.8314106
0,/data_nas/huangyj/data/placePulse/rawData/googleviews-110802files/51421749fdc9f04926007ff6.jpg,-4.8401194,-1.196367,1.5817369,-2.2459295,8.0342455,-3.3786097,-4.6217136,0.56901246,0.33347207,1.1964012,0.8701185,0.97733814,-1.0962819,0.33884656,-1.1889051,-1.1224676,-3.4123256,-1.3660189,-1.3348184,0.05286987,0.43336925,-1.1363379,-0.2946887,-2.089994,5.8742414,-4.041778,-1.7688534,0.78267395,6.5127077,-2.4312396,0.44282365,-1.2562209,2.692427,-2.0743701,-4.231605,-1.7803384,-6.9952874,0.08913784,-3.1119938,1.9431856,-2.0937228,-1.685632,-0.9539582,-0.027210932,-0.7094706,0.13466215,-12.172366,1.3633633,2.3809805,-0.28835747
0,/data_nas/huangyj/data/placePulse/rawData/googleviews-110802files/513cda00fdc9f03587001ffc.jpg,-9.731587,-0.5211311,0.41812873,0.47098082,6.021894,-0.7392831,5.2462435,-0.28927305,-0.276089,0.80524963,2.9356506,-1.7201389,-0.12758252,-1.3863503,-0.1524723,-1.5769286,-2.5159686,0.07074892,0.26735216,-0.32328475,-0.13155341,-0.2727876,-0.086088486,-2.214305,3.5257912,-1.633313,1.5737791,0.6197377,1.7859582,-1.1306914,-0.28326142,-0.92237365,0.9010649,-3.4935532,4.9354973,0.40838507,-9.053938,-1.6137575,-0.43535304,0.113433264,-1.1094972,-1.1627891,-1.0490019,0.583628,-0.87208194,1.1620904,-7.626603,1.0826348,1.9101275,-1.6898311
0,/data_nas/huangyj/data/placePulse/rawData/googleviews-110802files/513d9d45fdc9f03587007ff8.jpg,0.124823555,0.7412131,0.98662674,-2.0646358,1.7405103,-3.6320658,-1.3318833,1.2305727,-1.5362381,0.18170376,-0.106238544,0.64882326,-1.1492573,1.4714925,-2.157442,-3.5619504,-5.2061615,0.48083848,-0.23009834,-0.15351997,-1.9894335,-0.08699685,0.929038,-2.6599164,-1.2291536,-4.0013103,0.8937508,2.4524863,4.0473332,-1.8335421,1.5311073,-1.6244382,0.13640295,2.848174,-1.6264822,-3.8571687,-5.0273333,1.8557967,-2.5825284,-0.5324435,0.3526484,0.109908395,-6.193477,1.3719493,0.30389482,-0.35811797,-6.047396,-0.79996425,2.1171784,-1.3658242
0,/data_nas/huangyj/data/placePulse/rawData/googleviews-110802files/51413fb4fdc9f04926005ffb.jpg,-9.644996,-0.98417854,1.3274281,0.3785578,0.0026143668,-2.34825,4.6393824,0.11536352,-0.42310858,0.7161857,2.73817,-1.4106977,-0.629863,-0.43393642,0.03651475,-2.115401,-2.2402334,0.41897973,0.60502535,-0.7632186,-0.9112239,1.2878208,-0.12997052,-2.8313427,1.0520365,-3.088266,2.4783103,0.6937118,1.3593652,-1.0696045,0.3556121,-1.0420736,1.337036,-2.4416473,8.411901,-1.1518894,-6.9743176,-1.2436155,-0.4722991,0.8195701,-0.07914197,-1.2350492,-2.4475327,1.7654215,-0.60074973,0.95299524,-2.5287702,1.2774687,1.8153902,-1.4353166
0,/data_nas/huangyj/data/placePulse/rawData/googleviews-110802files/50f5e706fdc9f065f0006f86.jpg,-0.5756799,-3.621799,3.7846606,-1.2901058,-5.9544015,-2.6704051,-15.1627035,2.0871527,0.7550313,-1.8891413,-0.80040663,1.2412167,-5.1884694,3.2459614,-0.48476088,-0.9361774,-2.3518786,-0.7186523,0.38856676,0.21823351,0.5809516,2.060651,3.1923084,1.5607247,0.083574794,-4.538815,-2.9043756,1.1806558,1.1587223,-2.7229257,1.1199558,-1.3013604,1.5080075,-1.0231885,1.3192377,0.50637203,-1.8519073,0.4022678,-0.9428501,0.39545792,-0.5996964,-0.0047295988,-2.3609219,2.1429026,-0.33839384,-2.3877232,-8.932595,1.6409279,1.7450604,1.1457825
0,/data_nas/huangyj/data/placePulse/rawData/googleviews-110802files/5141515cfdc9f04926007f83.jpg,-2.521001,-1.267738,-2.1680644,-0.24999134,-3.6000342,1.1178461,-11.9892,1.4552201,1.4788893,-1.9433088,0.99584234,-2.5056052,-3.289961,1.553062,-1.3406744,0.25637615,-2.3823285,-0.6558239,-0.23650429,-0.7558174,-0.36184555,2.1504421,5.7443833,0.24537118,7.0708585,-1.2021524,3.377885,2.9082541,0.060583204,-1.0472479,-1.186407,-0.7871027,-1.6178474,-2.3430593,-0.9870242,2.664272,0.6461797,-1.5234733,1.1151581,-5.7647333,2.2469163,3.1916482,-3.4042163,2.7211657,2.2618623,-2.5214553,-10.81661,1.8897638,2.2875946,-3.1473434
1,/data_nas/huangyj/data/placePulse/rawData/googleviews-110802files/50f563fbfdc9f065f0005f84.jpg,-2.6621456,-4.6435504,3.0546632,-0.124299034,-3.2191565,-0.24195723,-3.8910704,3.0094771,2.4840202,-3.3585167,1.0062551,0.8113118,-2.8862886,3.4948096,1.1426928,0.7837476,-0.75886405,-0.38330466,1.1742122,0.77659166,2.2838879,2.4536757,4.235959,2.3282592,11.998051,-1.9934741,-2.0652056,0.6896246,3.6048176,-2.6413434,0.31590098,-0.4366929,1.4639298,-4.9225516,-6.900781,2.8156486,2.5862322,-2.9868498,0.19989945,-2.0147867,0.39511433,1.3634552,-0.38225138,2.7934413,1.8547354,-3.4744365,-10.850133,3.425174,0.480439,0.9215328
0,/data_nas/huangyj/data/placePulse/rawData/googleviews-110802files/513d6c5bfdc9f03587004f53.jpg,-8.427343,-2.908039,1.9166301,-0.48890534,-0.106952436,-3.1836028,-5.067893,2.0030437,0.19274378,-0.40648898,3.5915623,-1.2704228,-1.0338064,2.1674557,-0.622151,-2.0419934,-3.0102754,0.5641619,0.8636144,0.027782502,-0.9711627,4.1681013,1.9924569,-2.66964,9.155894,-5.094657,3.644275,1.5369445,5.711711,-2.0494514,1.1935997,-1.82113,1.1778615,-2.4942276,-0.77466923,-2.3582776,0.5969356,-2.2628744,-1.7394282,-0.83073246,1.8400097,-0.52049434,-3.5762157,3.2423244,1.0432302,-0.6486285,-6.1988726,2.6115997,2.0276313,-1.6587924
0,/data_nas/huangyj/data/placePulse/rawData/googleviews-110802files/513d558afdc9f03587002f52.jpg,-3.2253876,-0.12055504,1.3478777,-1.5000852,4.850777,-4.6154075,4.1495967,1.7558148,-1.2449046,0.8252932,2.2146916,0.8574082,0.74049526,1.7607687,-0.8675622,-3.3124113,-4.352036,0.8933512,0.26244947,1.0282468,-1.1579789,1.5542492,-0.6977714,-2.6860194,5.6687107,-4.3577867,1.7584094,0.9649813,7.703877,-2.010735,1.729048,-1.3723698,1.9205242,0.900596,-6.1986704,-5.092782,-1.6031884,-0.12062137,-3.3066242,1.2612897,0.71549386,-0.94770825,-4.0702796,1.7569406,0.17541464,0.16765718,-4.3627853,0.11427556,1.3945544,-1.266917
1,/data_nas/huangyj/data/placePulse/rawData/googleviews-110802files/5140dbebfdc9f04926003f5e.jpg,-2.614301,-0.21982141,0.7216228,-1.4496224,-5.846271,-3.856483,-2.8514698,2.8936515,0.79927903,-1.3852693,1.2367479,2.3668473,-2.0222049,3.5437403,-0.34247756,-0.042956967,-2.536492,0.09513095,1.0460666,1.1438504,2.1812234,-0.7343658,0.95777667,0.8495115,10.4583645,-2.4565809,-3.3190258,0.089325525,7.1232677,-2.3865736,1.4464722,1.2585654,3.5831366,-3.5457685,-6.7150693,-1.8292314,3.9258828,-2.2791936,-2.166604,1.4128989,0.085538946,-0.07811218,-3.7126663,1.2937196,0.38192156,-3.1092937,-6.5385365,2.516345,0.6505038,1.2717036
0,/data_nas/huangyj/data/placePulse/rawData/googleviews-110802files/50f5e704fdc9f065f0006f59.jpg,0.47345647,2.8996432,-6.8764663,-1.3970084,-6.9229665,-1.6087846,-6.701418,1.0926114,1.365437,0.3464359,0.059417173,-1.9060563,-4.008105,1.1196766,-2.694306,-0.70666766,-3.6373873,-1.263613,-2.3875582,-1.8725818,-1.8686483,1.6331463,4.8000255,-0.37385362,3.5166135,-2.3813071,6.6301584,3.3752024,0.59862876,-0.43433046,-1.3761227,0.32318518,-0.1802932,0.48290893,0.059977047,-0.31273723,-2.072975,0.24299905,-0.17847961,-4.3647375,3.830252,3.8700662,-5.6871743,2.2523544,1.912776,-1.7669936,-7.852407,0.70746994,2.8705356,-5.4755764
0,/data_nas/huangyj/data/placePulse/rawData/googleviews-110802files/51409a72fdc9f04926000f50.jpg,-3.803377,-1.665881,2.0992627,-0.51053274,4.2281704,-0.6701639,-7.557774,1.049379,0.08381745,-1.0339869,1.0091213,-0.73519754,-1.9909464,1.0868528,-0.98947084,-1.1078507,-2.771046,-0.07474058,0.46235493,0.41435236,0.37009227,-0.005309833,1.9964069,-0.2473974,4.3341904,-2.2131436,-1.1286168,1.4627346,2.62982,-2.0534978,0.4516708,-1.5153211,-0.01216675,-1.9722166,-1.8779444,0.4877848,-4.6984806,-0.68925285,-1.0050535,-1.3356824,-1.0724725,-0.06439143,-2.2303262,1.0295945,-0.08745752,-0.8558777,-12.0397415,1.106677,1.9208273,-0.33390427
1,/data_nas/huangyj/data/placePulse/rawData/googleviews-110802files/50f44866fdc9f065f0003fad.jpg,-1.7482523,-0.7619267,1.4327579,0.76045656,-0.9135631,0.7801808,3.9520276,0.44293413,-1.7681369,-0.6187379,2.9251673,-1.6316752,0.99265546,0.37798822,-0.61129105,-3.388824,-2.8745892,0.99143726,2.0201144,2.3636,-0.7343235,-0.63973194,0.26430392,1.9426812,6.27209,-0.6355391,0.5057182,0.9146812,2.1877031,-0.84083956,0.6510461,-1.6507046,-1.4395506,0.2489113,-5.8906965,-0.6541606,6.100311,-2.0004601,-0.41729566,-2.088626,-0.3085518,-0.38591948,-2.586292,0.40763348,-0.5819304,0.4805954,0.04559717,-1.5721567,0.3432244,-0.92122734
0,/data_nas/huangyj/data/placePulse/rawData/googleviews-110802files/50f5eeacfdc9f065f0008fa9.jpg,-8.081385,-1.2086908,1.1914326,0.49350697,-2.036613,-2.651326,7.719437,-0.22254318,-1.4719366,2.4022014,4.101104,-2.2873034,-0.56613785,-0.9468452,-0.121697895,-4.6215234,-2.9986777,-0.12666297,0.5090727,0.8283018,-2.0771148,0.9246457,-1.1028986,-0.0038428227,3.020149,-4.4195747,3.5511796,0.64146024,2.4977944,-0.8998421,0.44662625,-2.0757375,1.7354544,-0.40072548,3.746111,-2.6035063,-2.6665206,-1.5967131,-1.6751721,1.5680983,-0.727032,-2.3201041,-2.008314,0.908735,-2.1444912,2.874359,0.5417651,-0.78532064,2.2025406,-2.3325312
0,/data_nas/huangyj/data/placePulse/rawData/googleviews-110802files/5140db99fdc9f04926003f0d.jpg,-9.083545,-3.0177026,1.37697,-0.86680716,-3.5320044,-2.574381,7.9677434,-0.20943855,0.19652265,0.9676223,2.6469004,-1.0916004,-0.14234222,-0.53804624,-0.19610903,-2.5146866,-3.2842317,-1.8710887,-0.27650145,-1.1263328,-1.2755568,1.8970765,0.31439206,-3.9101124,4.1490736,-4.2978344,2.2723527,1.0580975,3.1835523,-1.2952878,0.24122685,-1.6757789,1.663097,-2.384256,5.965929,-1.3235412,-2.4598396,-1.1579231,-1.111752,0.076466486,-0.3074012,-1.5283693,-1.2181296,1.8924224,-0.019619182,1.1944859,0.6593113,1.5102155,2.283294,-1.7604194
0,/data_nas/huangyj/data/placePulse/rawData/googleviews-110802files/513e5de2fdc9f0358700af03.jpg,-8.987207,-0.43846682,-0.39525855,0.1867759,-3.9856174,-2.3817945,4.7246013,0.3316092,-0.6309147,1.1139473,3.6462488,-2.8806796,-0.7030408,-0.16999531,-1.0555273,-3.31293,-3.4948967,0.46493387,0.32292444,-0.9131842,-2.5343087,2.8806129,1.199252,-3.1921697,3.368837,-4.126219,6.3187256,1.809169,2.3507478,-0.8865588,0.2837258,-1.5918587,0.19240084,-0.9800586,6.7657666,-2.398537,-3.8169832,-1.5042979,-0.78648823,-1.3010771,1.8032507,-0.22514085,-4.410982,2.4720309,0.31527072,1.1025274,-2.6291456,0.7496532,2.5766768,-3.7105868
0,/data_nas/huangyj/data/placePulse/rawData/googleviews-110802files/5140cd28fdc9f04926002f0f.jpg,-6.572499,-1.2609342,1.51858,-1.4368085,4.548334,-3.6419425,-0.20589212,0.7976989,0.09081849,0.31401804,0.6938418,0.6163822,-0.64499336,0.53095126,-0.752399,-1.2391222,-3.5049508,-0.56110376,-0.50824857,-1.3181199,-0.55454767,0.89612097,0.482312,-4.7262187,0.6726086,-3.8062592,0.4431992,1.063042,3.2847497,-1.8284088,0.67341274,-1.0227485,1.9027349,-1.7494382,4.2001753,-1.711004,-7.3750033,0.43864504,-1.5337051,0.86684376,-0.3661037,-0.8986929,-2.6821234,1.7039106,0.1268084,-0.40466592,-4.3093133,1.8413867,2.0191362,-0.69450384
0,/data_nas/huangyj/data/placePulse/rawData/googleviews-110802files/513d6207fdc9f03587003f08.jpg,-2.732777,-2.6228888,2.3507087,-0.8990322,4.596535,-1.4092193,-4.8053803,1.3674258,1.5343153,-1.0515667,-0.3937161,0.77468395,-3.4825342,1.641396,-0.15068725,-0.2829309,-1.6307615,-0.8206263,-0.35998148,-0.10688093,1.3430403,0.85905737,2.2671273,0.6934164,3.1459484,-2.9718814,-2.135114,0.8297063,2.705568,-2.6085744,0.24263942,-1.0100132,1.6750075,-2.8578815,-1.5060675,1.5903575,-9.8882675,-0.20951813,-0.8675399,0.3804042,-1.3070192,-0.21963333,-0.14668971,1.0587804,-0.12246092,-1.3375993,-16.13597,1.983804,1.6579605,0.24713403
0,/data_nas/huangyj/data/placePulse/rawData/googleviews-110802files/50f5e701fdc9f065f0006f04.jpg,-3.8412328,-0.83386457,0.6043861,1.0809999,-6.210654,-0.3868646,-12.991512,2.0483444,-0.30204415,-2.3159957,2.200597,-2.911718,-5.6759186,2.8564124,-1.3721046,-2.4386704,-3.3828197,1.590324,2.012305,0.87326366,-0.5012396,1.4199524,5.0818553,3.464883,2.940298,-3.0186822,1.7318313,2.8720145,-0.7825476,-1.7338834,0.390388,-1.2517194,-1.1350713,-1.5132378,2.7525299,1.5019679,-3.2289264,-2.0121932,0.51136255,-3.5099378,1.157707,1.5749713,-6.207676,2.5603962,-0.45580885,-1.7513475,-13.157597,0.5692204,2.6466208,-1.9350623
0,/data_nas/huangyj/data/placePulse/rawData/googleviews-110802files/50f5ee9afdc9f065f0008f42.jpg,-6.897143,0.17404751,-1.2016256,-1.0684345,0.41980034,-2.7489123,5.4129953,0.08106448,-0.29740274,1.528036,2.2620487,-1.3801963,-0.35418788,-0.6708833,-1.3660005,-2.6260915,-4.153,-0.8846835,-0.91783327,-1.1089416,-1.8157132,0.9035897,0.63489634,-3.7282214,3.20517,-3.5926282,4.0842056,1.7165716,3.2794168,-0.97220296,-0.0931452,-1.1341456,1.0581337,-0.8664747,3.5806246,-2.198416,-5.3126187,-0.37238675,-1.4453461,-0.5482234,0.5448024,-0.29271647,-3.4703991,1.4793152,0.14353894,0.9272069,-3.5038128,0.6529197,2.717269,-3.21225
0,/data_nas/huangyj/data/placePulse/rawData/googleviews-110802files/50f43ab0fdc9f065f0002f42.jpg,-4.2176437,-0.9941803,1.8758425,-2.2266593,3.496062,-4.3291907,-11.994457,0.9101167,-0.34311455,0.7047011,0.43738353,0.28840998,-2.4346316,0.9746952,-1.7095836,-2.0958905,-4.5250607,-0.5997789,-0.9418448,-0.7942554,-1.1218626,-0.16785242,1.1593562,-2.743662,0.8719075,-5.3432474,-0.24979827,1.9597458,3.445954,-2.1417053,0.63438773,-1.5437104,1.643099,-0.016716886,1.3025056,-2.3783667,-5.1998005,0.9411805,-2.537208,0.80506617,-0.9049507,-0.92298454,-4.3167753,1.3510426,-0.52165306,-0.28512433,-6.990681,0.9930308,3.0414543,-0.88087636
1,/data_nas/huangyj/data/placePulse/rawData/googleviews-110802files/50f5ee9bfdc9f065f0008f4e.jpg,1.4149917,2.4459867,-1.6596698,-0.47535214,-3.6435213,-1.9982748,-6.5174627,1.804384,-0.9213417,-0.011868952,1.2564023,0.28737786,-0.9540922,2.1257255,-1.1536442,-0.9964537,-1.8625631,1.4476709,0.3980401,2.1021807,0.083733276,-0.19855098,0.1751637,1.7395447,6.698917,-0.8712727,1.400264,0.56678575,5.5967607,-1.007516,1.0662304,0.06370966,0.6385527,0.4336667,-8.506066,-3.2142828,3.7645736,-0.86996686,-2.0417678,-0.14091967,1.5241923,0.99441016,-3.9510946,0.5428576,0.41356552,-1.3553611,-8.070908,-0.20427176,0.36268142,-1.424431
1,/data_nas/huangyj/data/placePulse/rawData/googleviews-110802files/513d9d0cfdc9f03587007f41.jpg,-6.0720844,-0.92211235,-0.10792068,-0.8424912,5.3233237,-2.8326564,7.1397114,0.18397793,-0.36803403,2.1602771,3.1297362,-0.72991735,-0.07313404,-0.48676082,-0.57393396,-3.2868187,-3.5815914,-0.7784419,-0.7587384,0.81111044,-1.0957508,0.7928253,-0.67511773,-0.98117405,6.7524347,-4.1400466,2.693661,0.6302803,5.8713512,-1.6090069,0.12410221,-1.546629,2.326631,-0.9936504,-3.4775481,-2.2874346,-5.210662,-0.9456625,-2.4602911,1.4628627,-0.6308348,-1.6482091,-0.6853659,0.4626466,-1.0983948,1.773763,-7.3465796,-0.042198192,2.01156,-2.5709596
0,/data_nas/huangyj/data/placePulse/rawData/googleviews-110802files/50f5eafafdc9f065f0007f45.jpg,-4.0173182,-3.5126143,3.9148228,-0.33218256,-4.5990257,-0.69066423,-10.534706,1.3514116,-0.11438033,-2.2351806,0.59708756,-1.1021589,-3.7335744,1.9646404,-0.58175766,-1.7243176,-3.1999185,0.2605286,1.3268934,-0.25676873,-0.37907714,1.7958664,3.708149,-0.4491407,0.11632395,-3.3248222,-0.72093934,2.2515674,0.038777865,-2.1280534,0.702898,-1.9808639,-1.1021587,-1.3212404,5.046225,1.1514796,-3.9151056,-0.21866634,0.19706112,-2.5337803,-0.49696895,0.40350488,-3.7635598,2.4860978,0.31976053,-1.469543,-9.858704,1.1753049,2.2081888,-0.1520593
0,/data_nas/huangyj/data/placePulse/rawData/googleviews-110802files/51415142fdc9f04926007f44.jpg,1.5226201,4.3254986,-5.176727,0.6113504,-7.662796,-0.749369,-6.7346992,1.7195759,-0.6437629,-0.18841423,1.3696874,-2.0279672,-3.2827609,1.8318272,-1.9360889,-1.4041488,-2.3098688,1.6754965,0.19669914,1.1214478,-0.96332246,0.22166383,2.7543683,3.2875195,3.7637906,-0.31323627,5.152108,1.944781,1.2281241,-0.2069878,-0.056303743,0.435544,-0.73818105,0.7855804,-3.1348393,-1.3721842,0.66105074,-1.0511355,-0.36652184,-2.7803187,3.3911018,3.014182,-6.094401,1.311658,0.3535188,-1.46755,-9.03146,-0.8615538,1.2833387,-4.0324125
1,/data_nas/huangyj/data/placePulse/rawData/googleviews-110802files/5140d7e1fdc9f049260038d6.jpg,-4.699321,-0.59031034,-0.015803078,0.20539628,2.2098358,1.0240259,4.952596,0.5116472,-0.28846386,-1.2457957,2.3590636,-1.4638876,0.40096873,0.4170855,-1.1094565,-1.5617186,-3.1312046,-0.10265345,1.2856563,0.7848383,0.3001576,-0.58036417,1.5969863,-0.4847235,7.6585317,-0.10377543,0.032546557,1.2972088,2.6999009,-1.3550453,0.14989415,-1.0077541,-0.9196196,-2.7280173,-3.1972086,1.0437849,-0.26534835,-2.1651347,-0.09972411,-3.0659788,-0.5201736,0.314218,-2.2517958,0.7618003,0.3154416,-0.6396366,-6.444578,0.49646068,1.0653532,-1.1463301
0,/data_nas/huangyj/data/placePulse/rawData/googleviews-110802files/50f43480fdc9f065f00028d6.jpg,-7.3864174,-0.4357494,1.8623905,1.1753337,-1.6763402,-0.5191749,7.5708284,-0.022512775,-1.7762244,0.19593461,3.2753289,-2.498694,-0.6628341,-0.5206348,-0.52114093,-3.9385972,-3.0027952,1.3318053,1.8651887,0.6246754,-1.4652754,0.4185753,0.22565582,-0.5731173,0.46691316,-2.194969,2.2237654,1.3000985,0.67672503,-1.0576527,0.83850527,-1.7558235,-0.58343047,-0.75387144,6.135846,-0.9637209,-6.1520257,-1.4226525,-0.28020206,-0.85072494,-0.50243485,-0.96392184,-3.7155461,1.2287723,-1.121615,1.4537404,-4.713984,-0.5746548,1.6312914,-1.6111118
0,/data_nas/huangyj/data/placePulse/rawData/googleviews-110802files/50f5e56cfdc9f065f00068d2.jpg,2.8089285,1.7031032,1.3035688,3.4631665,-2.3778265,1.752693,-11.67588,2.2491953,-2.1995971,-2.5243971,0.5757583,-0.907988,-1.1197413,3.2733042,0.49166262,-0.07769768,2.3140285,5.0547132,3.5915565,3.6201756,0.73441136,2.5574112,0.02291906,4.273862,-3.5097876,2.9194844,1.6210277,-1.3149217,-0.3173686,-0.21185161,2.0056286,-0.97675866,-2.6407812,1.1622198,-1.2133145,-0.839914,-1.2533678,-0.6831533,1.0094932,-0.49831784,2.5994885,1.3917339,-2.0880291,1.3332621,-0.11082405,-1.7821217,-11.699057,-1.0027274,-2.088633,0.3467267
0,/data_nas/huangyj/data/placePulse/rawData/googleviews-110802files/50f5e56cfdc9f065f00068d1.jpg,-3.0164773,2.3277717,0.34036812,3.006704,-4.2493353,-0.34176856,-3.7316675,1.9987171,-1.4292454,-1.5507212,1.845495,-0.58221376,-0.88840723,2.9637988,0.15849164,-0.29453117,1.9430974,4.6688986,3.3970551,2.3580432,0.9855298,2.6705225,-0.8957017,1.6072013,-1.2119886,1.5023395,2.0910234,-1.4862274,2.080463,-0.57257086,2.3131254,0.17698856,-0.2894963,-1.2980957,3.612772,-1.970528,-5.242575,-1.8543235,0.18352938,1.2819896,2.8363905,0.08310941,-2.8448067,1.4819102,-0.2189735,-1.3620682,-11.669603,0.6916811,-1.3999758,0.33340332
0,/data_nas/huangyj/data/placePulse/rawData/googleviews-110802files/513f11f2fdc9f0358700c8da.jpg,-9.141529,-2.760609,1.8811597,0.3064405,-2.1627212,-3.1955636,-0.93618286,0.6676771,-0.63349473,1.7473785,4.600931,-2.068102,-1.1414782,0.57980514,-0.24369316,-3.7696123,-2.1513846,0.407325,0.6304194,0.99062604,-1.8496454,3.5186481,-0.2222048,-0.4738901,6.633471,-5.825111,4.7487373,0.47915304,4.913217,-1.5692248,0.98904264,-2.5078647,1.9871086,-1.3611109,1.5261158,-2.9603043,-1.0620253,-2.1918628,-2.145589,1.7618784,0.7795132,-2.3739808,-1.4404007,1.8711408,-1.0562582,1.8945462,-4.451077,0.76075274,1.9494352,-2.3558753
0,/data_nas/huangyj/data/placePulse/rawData/googleviews-110802files/50f5e567fdc9f065f0006863.jpg,-0.8365083,-2.626412,5.6086383,0.7137862,-5.7551265,0.3067648,-8.096378,2.0293627,-1.8519661,-3.4007711,0.52772915,-0.88890934,-3.4401948,3.1026008,-0.3618022,-3.033344,-3.005294,2.6744483,3.3005688,1.5251101,-0.44613883,1.4650748,3.1062667,1.4700186,-2.8161395,-1.9749892,-1.4379565,1.9333702,-0.016466327,-2.0985348,2.1576579,-2.4950187,-2.723822,0.6968268,3.1135085,0.23937112,-4.3842196,0.11987986,0.5134943,-2.8014607,-0.31625488,0.5943361,-5.2821927,2.3935342,-0.039987747,-1.7236449,-12.494445,-0.60867655,0.9896371,0.6438749
0,/data_nas/huangyj/data/placePulse/rawData/googleviews-110802files/513d69cefdc9f0358700486e.jpg,-2.643915,-2.4506295,0.9262663,-2.330555,-0.1718376,-5.3077188,8.962885,2.3997471,1.5027682,0.094288066,0.8304961,2.5698428,-0.11561895,2.5908704,0.7788761,-1.2402333,-3.3787255,-1.1232984,-0.9111355,-0.54295474,-0.12571415,2.9748414,0.73178077,-2.9499733,7.7861166,-5.171066,0.9154337,0.5972402,7.1528854,-2.3876727,0.76199776,-0.24532533,3.9991002,-1.2616335,-5.4139237,-3.0942965,0.8201683,-0.41152933,-2.2913344,1.3504783,1.2733382,-0.095644325,-1.5017699,2.9968412,1.4122589,-1.3714923,0.66404676,2.223979,1.0878904,-0.89824426
1,/data_nas/huangyj/data/placePulse/rawData/googleviews-110802files/50f56203fdc9f065f0005865.jpg,-4.219998,-3.4714298,2.3334563,-1.127233,0.607049,-2.8430235,-5.4477944,3.5613582,2.2939987,-2.6512995,1.0253776,1.2596967,-2.951158,4.0894585,0.19402449,0.49942994,-2.3535435,-0.42154855,0.64298195,-0.044617772,1.7133725,3.093345,4.0724688,-0.38677192,11.51647,-3.8508492,-1.1176404,1.3394431,5.6579533,-3.155964,0.8660929,-0.27044073,2.5300853,-4.528935,-6.2854543,0.47224927,-0.16932563,-2.2300158,-1.1892366,-1.2673981,1.0143512,1.264574,-2.5982158,3.3882797,1.9200286,-3.6546602,-11.106771,4.1406755,1.4524604,0.44368827
0,/data_nas/huangyj/data/placePulse/rawData/googleviews-110802files/50f5e567fdc9f065f0006860.jpg,-1.2342147,-2.419963,3.0015159,-0.6976312,-5.9474583,-1.3273582,-11.332685,1.6844046,-0.28703442,-1.7621354,0.3674886,-0.48825425,-4.5928807,2.6779723,-0.96568036,-2.466009,-3.2005043,0.6273835,1.0052296,0.6994069,-0.32477754,1.1899817,3.27935,1.7084534,0.90179634,-3.7272651,-0.9346889,2.2224839,1.6031998,-2.3959894,1.1244003,-1.8451927,-0.4784936,-0.089929305,1.0168029,0.15423764,-4.117551,0.03141225,-0.77499384,-1.5080541,-0.21930075,0.30503207,-4.2386947,1.8891191,-0.17222613,-1.5300379,-13.706793,0.3181251,2.1362455,-0.28750202
0,/data_nas/huangyj/data/placePulse/rawData/googleviews-110802files/5141469cfdc9f04926006864.jpg,-5.7460246,-0.8348883,2.4701803,-0.5512835,3.8845763,-3.3079548,7.4521294,1.7797416,-1.162641,-0.44170943,2.0564823,-0.060614392,0.8485418,1.4637611,-0.81709635,-3.0845242,-4.1401944,1.406139,1.2162277,-0.2447942,-1.5632643,2.6783583,0.55569404,-4.90826,1.9686663,-3.6267223,2.7818227,1.5427597,4.7455177,-1.8685235,2.1096115,-1.8216586,0.49353343,0.015787417,1.2634879,-3.8226316,-4.8472824,-0.15607935,-1.8708577,-0.6899074,1.3004012,-0.28047314,-5.0819855,2.820438,1.0128255,-0.29718435,-2.8261395,0.9878706,1.3370479,-1.0963709
0,/data_nas/huangyj/data/placePulse/rawData/googleviews-110802files/5140d791fdc9f04926003832.jpg,-6.065796,-0.1992396,0.48632857,-1.2374165,1.6367987,-3.7254224,9.256809,0.23295964,-0.91774076,1.4164408,1.7305064,-0.2489159,0.56128603,-0.30585542,-0.9571048,-3.1555204,-4.350217,-0.5649387,-0.40858728,-0.82169646,-1.7628214,0.50167584,-0.57566184,-4.5194716,0.4616949,-3.7896454,2.3482943,1.2904673,3.6236393,-1.1409426,0.80069315,-1.3685893,1.6289779,-0.07286156,3.8756473,-3.3806617,-5.469721,0.30944315,-1.9243743,0.62109905,-0.16925511,-0.95875716,-3.4768312,1.6102198,-0.2487646,0.9959776,0.5739856,0.29040918,2.113548,-1.9147804
0,/data_nas/huangyj/data/placePulse/rawData/googleviews-110802files/50f5e566fdc9f065f000683c.jpg,0.14792712,1.6143502,-5.650347,-1.0830151,-12.953488,-2.3216546,-7.5088363,1.97619,1.8842924,-0.38473937,0.38374558,-0.7427148,-4.9170465,2.33536,-1.8325967,0.19436596,-2.6629298,-1.6952323,-1.5434419,-1.0065411,-0.48693195,2.3583477,4.6968527,1.4852673,6.261346,-2.6922734,4.637119,2.193818,1.4050831,-0.9943578,-0.79083157,0.93534887,1.7589184,-1.477884,-0.9170893,0.035151727,3.4022527,-1.0481322,-0.32138646,-2.8423128,3.6534534,3.5383866,-4.456649,2.4578843,1.4481058,-2.81448,-4.3174906,1.8512245,2.044099,-4.0639343
1,/data_nas/huangyj/data/placePulse/rawData/googleviews-110802files/5140ca70fdc9f04926002838.jpg,-5.672293,-0.40239084,0.7053589,-0.6631439,3.9516685,-3.3258615,6.877137,1.4327168,-1.3714731,0.8121278,3.6376514,-0.9820209,0.6406539,0.91759765,-1.1301483,-4.250793,-4.9213777,0.88168895,0.67155457,0.9966822,-1.7795655,2.0204995,0.30888322,-2.3595335,7.32606,-4.361315,3.8817286,1.742956,6.663205,-1.8196081,1.2979101,-1.7968199,0.9936856,0.23099346,-4.4631934,-4.1163936,-1.7909806,-1.1869323,-2.6167276,-0.54711884,1.0107912,-0.6622651,-4.581135,1.983574,0.11224663,0.8268918,-5.0486946,-0.0027189874,1.9216214,-2.6641839
0,/data_nas/huangyj/data/placePulse/rawData/googleviews-110802files/513d7a76fdc9f03587006835.jpg,-3.3870647,-2.4917784,1.8880883,-3.5879657,8.520932,-5.8327174,2.2094285,1.6997304,2.0278833,0.14517277,-1.4985973,3.4491484,-1.505442,2.124444,-0.45533568,-0.16893843,-3.7550528,-2.0800989,-2.2152855,-2.2000594,0.17521626,1.9455125,1.1161962,-5.4417934,2.1709633,-5.9322844,-1.3446306,1.123598,6.287808,-3.0522685,0.75677174,-0.5877904,4.0362024,-1.5788186,-1.2964224,-2.11933,-10.7254,1.8216664,-2.6175845,2.3057008,-0.31818208,-0.67692095,-1.2662942,2.2072427,1.1484042,-1.6723949,-8.204762,3.092563,2.0981064,0.020874973
0,/data_nas/huangyj/data/placePulse/rawData/googleviews-110802files/50f5ec3afdc9f065f000883b.jpg,2.0423234,1.2393153,1.7844118,1.9965526,-5.6231093,0.7205302,-4.673056,2.7027245,-1.3941084,-2.8438838,-0.097339295,0.41031158,-0.9354532,3.638972,0.59945476,0.22669284,1.432254,4.432551,3.1333172,2.244258,1.1186812,2.3858585,0.3949316,1.7838757,-1.6837875,2.454118,0.54701257,-0.75541663,1.7738912,-0.641619,2.2674227,-0.21623822,-1.9609323,0.34667352,-0.38726032,-1.1552603,-2.704054,-0.43191352,0.522944,-0.5979477,2.6828732,1.4474593,-3.0917978,1.7394766,1.2017443,-2.5386467,-12.73563,0.110800564,-1.6311578,1.1287462
1,/data_nas/huangyj/data/placePulse/rawData/googleviews-110802files/50f42c19fdc9f065f0001872.jpg,-1.7787745,2.461854,-4.479231,-1.1098906,1.151437,-1.9589882,2.3224418,1.5051212,0.53997165,0.16263892,0.74271363,-1.5969683,-1.7482114,0.78523886,-2.1734385,-1.6753811,-4.393299,-0.1709905,-1.320362,-1.7005148,-2.0434296,2.025067,3.7368073,-2.7217953,3.3994997,-2.6059434,6.6232643,3.1535442,1.7862539,-0.9118544,-0.60217416,-0.1897269,-0.2539461,0.40972543,-0.63408905,-1.4196568,-5.059034,0.25948262,-0.7220867,-3.969368,3.3718681,3.0725858,-6.0977783,2.5294893,2.021432,-1.0894175,-6.339315,0.79457945,2.554795,-4.843264
0,/data_nas/huangyj/data/placePulse/rawData/googleviews-110802files/50f5e567fdc9f065f0006871.jpg,5.225271,0.37673068,-2.4498222,-3.5703788,-9.464274,-3.395254,-1.0632626,1.0544478,1.3043894,-0.29449186,-3.5345883,1.7894847,-4.2923684,1.5542127,-1.9549382,-1.0891999,-4.384676,-2.6745236,-3.105158,-2.3665721,-1.3693104,0.21577442,3.561458,-1.477214,-3.1596608,-3.7355788,0.8295687,3.2456214,1.3208743,-1.4330071,-0.037446786,-0.43206373,0.82918555,2.5824075,0.96197,-0.9887741,-4.964198,3.1848514,-1.4613423,-1.6997055,1.2592552,2.5368075,-4.431921,1.6985407,1.8027143,-2.0659492,-5.918028,0.23912819,2.5088015,-2.082666
1,/data_nas/huangyj/data/placePulse/rawData/googleviews-110802files/50f5ec3dfdc9f065f000887f.jpg,-4.084349,0.98363155,-1.5276468,0.218222,0.07198986,-1.274866,-12.636938,1.4251204,-0.36543137,-0.3436435,2.6209164,-2.3175724,-2.751894,1.656703,-1.9619771,-1.7963966,-2.8462367,1.3222182,0.5868242,0.92250705,-0.6934351,0.66504914,2.6381562,1.0369519,6.4498396,-2.5942361,3.1726096,2.111249,3.1194417,-1.295632,0.38223103,-0.94352674,-0.2879002,-1.2229419,-2.427483,-1.0225017,-1.9588634,-1.8371803,-1.0754522,-2.0760894,1.5208755,0.8158012,-4.969474,1.4999382,-0.06573057,-0.8770349,-12.887765,0.7167334,2.2649493,-2.6872058
0,/data_nas/huangyj/data/placePulse/rawData/googleviews-110802files/50f5ec3dfdc9f065f0008878.jpg,0.32879123,-1.0029491,1.7506207,0.23493116,-7.5067496,-0.33929867,-11.656462,2.3739357,-0.32812238,-2.492184,0.6260953,-0.66392714,-4.285121,3.359163,-0.75425065,-1.5819252,-2.1973233,1.6903365,1.6712172,1.4692832,0.28058505,1.1277246,3.5521626,3.1865337,2.9655392,-1.784892,-0.32884535,1.8367956,1.509977,-1.8636198,1.0615537,-1.0586416,-1.0761712,-0.3839061,-1.7998468,0.47823244,-0.83530706,-0.8834962,-0.2066595,-2.312587,0.951753,1.4755423,-4.664449,1.9538203,0.37682685,-2.516161,-13.912018,0.33404216,1.2266713,-0.41187844
0,/data_nas/huangyj/data/placePulse/rawData/googleviews-110802files/50f4347cfdc9f065f0002875.jpg,-2.0264225,0.559614,-0.49506402,-0.7925796,-3.996089,-1.7995797,1.7023264,0.6234649,-1.1435672,0.09167998,0.9206144,-1.5790012,-2.1839142,0.52263737,-1.9516805,-4.018037,-4.6091433,0.5141939,0.10143446,-0.5805058,-2.5515516,0.3588321,2.2191482,-1.4897,-1.5622095,-3.4897985,3.4698615,3.1422691,1.2351112,-1.2228523,0.83827215,-1.6271462,-0.9977019,1.9077085,3.6052675,-1.8933556,-6.163794,0.69183743,-0.9683066,-2.4326031,1.0412595,0.7076938,-6.24534,1.5901678,0.2828612,0.19572859,-6.6651363,-0.9003812,2.3346596,-2.948468
0,/data_nas/huangyj/data/placePulse/rawData/googleviews-110802files/513f2c66fdc9f0358700d875.jpg,-4.906811,-1.9044154,1.2399242,-0.021690622,2.9277887,-1.1315308,-0.7095294,1.0693448,-0.2935219,-0.80133426,2.7177672,-1.6784258,-1.4152137,1.0924345,-1.2679948,-2.8513558,-4.1597943,-0.9299905,1.4275432,0.7669117,-0.3108321,-0.011417506,2.4592285,1.2658948,6.939139,-3.2974176,-0.35255173,1.5085701,0.8328161,-1.7972326,0.2404872,-1.3842498,0.90619594,-2.2280073,-3.3175974,0.6570226,4.0106926,-2.3581338,-0.6219464,-1.9011524,-0.859339,-0.33819452,-3.0821974,1.1877595,-1.1875055,-0.26721916,2.5941756,0.43295842,1.9853626,-0.84610564
0,/data_nas/huangyj/data/placePulse/rawData/googleviews-110802files/513d9afdfdc9f0358700787b.jpg,2.6299942,-2.8700094,4.8518825,0.121446736,-2.8860655,0.017118793,-12.396855,2.406132,-0.21827444,-3.4117415,-1.6148231,1.061542,-3.5381212,3.4155426,0.5445334,-0.16941951,-0.97856194,1.3684102,1.5940199,1.1447312,0.9990904,2.1252892,2.9569137,1.9205903,-2.6257257,-0.98440176,-2.894367,0.6865941,-0.1636084,-1.9916366,1.3941472,-1.5931095,-1.4126072,0.14593981,-0.39867836,1.1851604,-3.0626612,1.0081502,0.4777824,-1.4196303,-0.23244748,1.3389776,-2.0368295,2.1949072,0.7272877,-2.9041107,-11.876246,0.5575157,0.20487456,1.7515279
1,/data_nas/huangyj/data/placePulse/rawData/googleviews-110802files/513e64abfdc9f0358700b874.jpg,-8.073035,-1.5507203,0.8570192,1.4627887,-6.9218144,-0.32252192,-5.77897,1.3307321,-1.1409446,-0.90205353,5.272698,-2.8643963,-0.48501664,2.0127778,-0.91400313,-2.4887936,-1.7017612,2.1668935,2.7653437,2.322665,-0.50198114,2.209328,1.1445254,0.8593303,11.219876,-2.090335,3.6333396,0.8716886,5.556246,-1.2080008,1.4260585,-1.7681621,-0.7169753,-2.9023485,-2.0174525,-1.6868526,4.6732965,-4.104876,-0.72316045,-1.7418245,1.8254341,-0.76263964,-3.5913446,2.0479872,0.15036654,-0.32683223,-9.636932,0.9601472,0.8500916,-1.9374399
0,/data_nas/huangyj/data/placePulse/rawData/googleviews-110802files/50f5e565fdc9f065f0006822.jpg,-3.0523794,-3.365833,3.7446747,-0.5818096,-3.153586,-1.1040491,-15.890711,1.9244078,0.18761662,-2.556052,0.44731998,-0.9604077,-5.4020863,2.8845809,-1.1229519,-1.9630764,-3.8903208,0.2615172,1.3329209,0.19090118,0.03688017,1.1549162,4.732554,1.2719907,1.1661123,-4.057265,-1.8245593,2.7364717,0.3104239,-2.616362,0.7374525,-1.8921522,-0.65540427,-1.479282,2.5630438,1.6048573,-5.025634,-0.3630775,-0.13590156,-2.571882,-0.8417549,0.58192486,-4.6018105,2.37932,-0.2595146,-2.1420012,-14.376909,1.1817222,2.780362,-0.007664566
1,/data_nas/huangyj/data/placePulse/rawData/googleviews-110802files/51414e5ffdc9f04926007821.jpg,-2.5073311,2.5479507,-2.9551337,1.7593117,-5.067499,0.39751163,-11.691519,1.8473303,-0.9486722,-1.3345774,3.2857058,-3.237125,-2.8989396,2.3520527,-1.8733188,-1.6524957,-2.01295,2.7270339,1.9706087,2.1491864,-0.4205822,0.6981117,3.1991453,3.5358934,7.456161,-0.29616702,4.2848706,1.8841438,2.097403,-0.6327748,0.5119089,-0.39669806,-1.5303077,-1.2313942,-3.529091,-0.46201813,1.512306,-2.9971318,-0.002767092,-3.500161,2.7998738,2.0818913,-5.9606237,1.5680932,0.11032322,-1.5817989,-13.131016,-0.068598285,1.2598335,-3.207527
1,/data_nas/huangyj/data/placePulse/rawData/googleviews-110802files/5140b6d4fdc9f04926001829.jpg,-5.050515,-1.3321314,0.86152756,-1.0883135,-3.2906318,-4.986567,-6.575596,2.0932693,0.16522005,0.37171796,2.856861,1.061628,-3.16431,2.764835,-0.8754221,-2.2598436,-3.1078453,-0.43538117,0.7060373,2.0947118,0.9177683,0.15482874,0.19917817,2.4771879,10.08596,-5.440165,-1.5754185,0.14120016,7.405904,-2.823251,1.7017492,-0.20513938,4.856756,-3.0201075,-6.2081957,-2.802798,1.9865601,-2.4487033,-3.1932921,3.2380018,-0.60847586,-1.8200626,-2.8503008,0.91641265,-1.7981086,-0.9062546,-7.37197,1.6751142,1.505586,0.0731476
0,/data_nas/huangyj/data/placePulse/rawData/googleviews-110802files/513f1169fdc9f0358700c828.jpg,-7.9885335,-0.6107678,-0.03520976,1.6463915,-4.7759776,-0.91353124,-7.809181,0.51315254,-1.6816547,0.78910273,5.580518,-3.6463687,-0.68841064,0.8760555,-1.3274267,-3.4867606,-1.6463891,2.1220503,1.954937,2.54725,-1.614715,2.2236903,0.1035168,1.4093112,8.568969,-3.1475573,5.4667106,0.69852793,4.777954,-0.92002714,1.1556137,-2.4180307,-0.3426273,-1.3498647,-0.9609983,-2.7575824,2.7962725,-3.421959,-1.3666486,-0.44701287,1.6952934,-1.4051409,-3.0690985,1.4778552,-0.94614965,1.2724535,-8.523496,-0.14250618,1.3281326,-3.083328
0,/data_nas/huangyj/data/placePulse/rawData/googleviews-110802files/513d69bbfdc9f0358700482a.jpg,-6.353512,0.67596877,-1.2948238,0.25198665,-3.097012,-3.281558,6.1157084,0.8653996,-0.5822634,1.7379495,3.3783076,-1.9866496,-1.8085829,0.33278313,-0.66552365,-3.538271,-3.2341611,0.246937,0.19624645,0.35675296,-1.5661751,1.396697,0.42207065,0.39496177,4.1779923,-4.168915,4.700439,1.0867094,2.7635407,-1.1196523,0.279415,-0.8974826,2.1669822,-0.8921503,2.2037199,-2.544013,-3.312549,-1.6239437,-1.554653,0.65298,0.90978396,-0.6375243,-3.6194036,1.5253237,-1.3348349,1.2458363,-2.019477,0.026701285,2.2273896,-3.2781012
0,/data_nas/huangyj/data/placePulse/rawData/googleviews-110802files/51414eb1fdc9f049260078eb.jpg,-9.287908,-1.6313547,1.4693155,0.50263536,-1.5553411,-1.3362353,11.8084955,-0.21816953,-0.9620084,0.7517196,3.747446,-2.287266,0.25784948,-0.7258884,-0.41866502,-3.7742183,-3.3399727,-0.072408,1.1267878,-0.20719378,-1.7309115,1.5612781,0.13659725,-2.5203965,3.1688204,-3.2215986,3.1588924,1.2215352,2.0133538,-1.0289066,0.63119894,-1.8074191,0.33422077,-1.5296774,5.9929547,-1.3667792,-4.2188835,-1.7487756,-0.67375106,-0.7524444,-0.08249386,-1.4013584,-2.7217522,1.6888376,-0.5963636,1.7411429,-0.8694266,0.3248952,1.9022228,-2.01545
0,/data_nas/huangyj/data/placePulse/rawData/googleviews-110802files/513d5d87fdc9f035870038eb.jpg,-1.9129764,-2.5188198,2.264897,0.03775451,-6.754981,-0.94359833,-3.7822225,1.6849524,1.362571,-1.9116747,-0.5512916,1.140694,-3.262493,2.669934,0.57217,0.45970088,0.58857733,0.113891505,0.7721813,0.09445943,1.5930747,2.611782,1.7694287,0.86737216,1.2959682,-1.4673276,-1.3435466,-0.33328053,2.0545554,-1.9021982,0.9545544,-0.41606107,1.2926284,-2.587305,2.7240934,1.1851068,-5.5641136,-0.5634193,-0.088699155,0.8134549,0.6452778,0.01898917,0.11484119,1.7261621,0.7565025,-2.1524897,-12.462471,2.4077697,0.18901286,1.087182
1,/data_nas/huangyj/data/placePulse/rawData/googleviews-110802files/513d7aa7fdc9f035870068eb.jpg,-3.142328,0.070397854,1.3111911,-0.71628696,7.880009,-3.1822522,3.5550466,1.3451805,-1.3055034,0.8547505,2.6179907,-0.060493812,-0.0584671,1.2403414,-0.9833411,-3.6978357,-3.8920736,1.105567,0.50186634,1.883848,-0.78883725,0.59306496,-0.46405387,-0.12221396,6.707329,-3.9455087,1.367047,1.0132726,7.263441,-2.269898,1.402204,-1.6954093,1.5881066,0.32525936,-8.331,-3.7241566,-4.8868566,-0.71855956,-3.037114,1.0201414,-0.24915749,-0.951566,-3.1576977,0.80990875,-0.7461969,0.7089434,-10.773635,-0.4818266,1.4979043,-1.5173208
0,/data_nas/huangyj/data/placePulse/rawData/googleviews-110802files/5140ca65fdc9f04926002813.jpg,-6.6631365,-1.2953553,1.3038955,0.83055776,-10.003106,-0.79029024,-5.1190786,1.2290087,-1.4957206,-0.93216354,4.408334,-1.8861228,-0.5678733,2.092692,-0.89573336,-2.593583,-1.9130586,1.9390715,2.7967181,2.439996,-0.1773953,0.9575177,0.36127785,0.92199105,9.303249,-1.874079,1.7101606,0.5192091,5.6550198,-1.3885757,1.870865,-1.5245193,-0.25048238,-2.3417451,-1.4125804,-2.1199837,5.652385,-3.4040577,-1.0491451,-0.8335996,1.1472446,-1.1579349,-3.8617578,1.4283202,-0.1866361,-0.56477016,-7.5175276,0.5095722,0.5543254,-0.96523243
0,/data_nas/huangyj/data/placePulse/rawData/googleviews-110802files/50f42c12fdc9f065f0001819.jpg,2.4425082,0.95449173,-2.9230201,-3.1459327,5.4225063,-2.5217254,-3.839134,0.3448416,0.7070526,0.93105894,-1.3101649,0.47889602,-1.7701379,0.33712876,-2.6129239,-1.549242,-4.730132,-2.2687795,-3.0372033,-1.1288637,-1.5381875,-0.2056906,2.4592853,-1.8860103,2.5776556,-3.5002398,1.858169,2.911854,3.5006976,-1.4519562,-0.6826176,-1.0227828,0.39226395,2.063653,-6.603001,-1.5251327,-4.720565,2.098465,-1.9956244,-1.9930613,0.5871711,1.7190273,-3.2979023,0.8333338,1.2076918,-0.675693,-8.809576,-0.19261715,2.809854,-3.079008
0,/data_nas/huangyj/data/placePulse/rawData/googleviews-110802files/513d5d0ffdc9f0358700381a.jpg,-4.40933,-1.4776738,0.96106887,-1.9417049,8.525467,-2.2594533,-8.09884,0.9577498,1.1285002,-0.0375704,0.3201549,0.10773331,-2.7153232,0.653177,-1.424013,-0.69118106,-3.827418,-1.584021,-1.2603759,-0.64835256,0.5205076,-0.79711837,2.191068,-1.3471072,5.4388466,-3.6756284,-1.5531876,1.9044474,3.8843791,-2.5012329,-0.19626644,-1.1110739,1.7077391,-2.6757054,-3.0308678,0.4620784,-8.23884,-0.08744577,-1.9068109,-0.3904267,-1.7388936,-0.24664214,-1.9009557,0.62799066,-0.24380623,-0.8432103,-14.116967,1.8364589,2.984609,-0.7469857
1,/data_nas/huangyj/data/placePulse/rawData/googleviews-110802files/51408ae9fdc9f0358700e810.jpg,-8.221146,-0.7365924,0.6944659,1.264679,-1.350343,-1.9445847,-6.8583746,0.8666152,-2.2175343,1.1628973,6.1055503,-3.0382538,0.1842841,1.0888988,-1.4028074,-4.1844716,-2.4406214,2.323414,2.1621313,3.1354618,-1.6943427,2.0162423,-0.700672,0.91157144,10.42851,-4.016126,5.0561748,0.6725666,6.929776,-1.2827462,1.7857836,-2.613137,0.316181,-1.0659401,-4.420736,-4.256357,3.884372,-3.4998298,-2.3724885,0.2252644,1.3144398,-1.9850141,-3.4750848,1.3406036,-1.183664,1.5409691,-7.8636794,-0.2900149,1.2549112,-2.746678
0,/data_nas/huangyj/data/placePulse/rawData/googleviews-110802files/513d5d73fdc9f035870038c6.jpg,-2.1634958,0.19585058,-1.7443844,-0.38082176,-9.819006,-0.8583371,-9.643669,2.066064,0.7937814,-1.8134401,1.1756551,-0.5457255,-3.3076267,2.952669,-1.1998249,0.20351319,-1.8876272,0.40953687,0.682888,0.5219198,0.87057614,0.86320895,3.2850864,1.2692331,7.813823,-1.0113876,0.96063316,1.3331057,3.4878182,-1.4509337,0.40957227,0.34093228,0.3457698,-2.854219,-1.9309664,0.33665895,2.1159825,-1.9695015,-0.2820792,-2.309146,1.8545669,1.7180078,-4.1143675,1.796427,1.2090354,-3.060088,-11.498337,1.8832706,1.215233,-1.3658011
0,/data_nas/huangyj/data/placePulse/rawData/googleviews-110802files/50f5ec41fdc9f065f00088c6.jpg,0.443091,1.6898721,-5.3064637,-0.40267876,-8.769628,-0.19525357,-8.538682,1.2793629,1.1928049,-0.51159734,0.70451796,-2.028618,-4.1173935,1.5551114,-1.9324247,-0.47112358,-2.257185,-0.5782785,-1.2685608,-0.35686022,-0.9209725,1.5864196,4.5899167,1.9465182,5.8396688,-1.3837814,5.315053,2.5775335,1.1121513,-0.61579067,-1.0083913,-0.02988405,-0.48578632,-0.61323714,-2.0930703,0.7049199,0.016787857,-0.9058837,0.24781431,-4.044667,3.3156621,3.4533348,-4.1583285,1.9949888,1.5801654,-1.9791839,-11.154656,0.68945765,2.0234325,-4.51389
0,/data_nas/huangyj/data/placePulse/rawData/googleviews-110802files/50f5e56bfdc9f065f00068c5.jpg,-3.2840877,0.109856084,-1.4213265,0.482856,-10.550406,-0.69232476,-5.895369,1.7472622,0.06350359,-1.2393748,2.5029395,-1.3745226,-2.5615292,2.4097497,-0.9192451,-0.8278817,-1.666572,0.8220808,1.3513908,1.3111805,0.32039624,1.1067492,2.3389285,2.1274097,8.162698,-1.2281027,2.1172526,0.91111505,3.2278495,-1.2278777,0.6058891,-0.1872986,0.36348274,-2.5229588,-1.7667994,-0.26122066,4.242395,-2.6636262,-0.31923828,-1.8386292,1.9269333,1.0842943,-3.7206328,1.6765417,0.44841892,-1.9033321,-7.5067315,1.1696515,0.8532273,-1.8016826
1,/data_nas/huangyj/data/placePulse/rawData/googleviews-110802files/514094a0fdc9f049260008c4.jpg,-7.7810936,-1.5804316,1.444424,0.44294378,-6.25447,-2.165671,-8.724004,1.2472988,-1.7799485,-0.3341172,5.222932,-1.5601244,-0.1340815,2.2587368,-1.6038078,-3.2732844,-2.7305572,1.4661399,2.7445593,2.8706298,-0.46929365,0.9784723,-0.17026801,0.33671862,11.258543,-3.3243504,1.4382414,0.50781775,7.44891,-1.6245432,2.3670015,-1.7159966,0.84328866,-2.3381817,-4.1970816,-3.589212,7.8626394,-3.7546415,-2.1599371,0.10772684,0.8617455,-1.9383726,-4.2181215,1.3208082,-0.81083053,-0.22866537,-5.476388,0.6601424,0.80918366,-0.87128854
0,/data_nas/huangyj/data/placePulse/rawData/googleviews-110802files/50f5e569fdc9f065f0006897.jpg,-0.31734294,0.6654716,-1.9968432,0.028598424,-1.4692018,0.66278666,-10.625844,1.1420108,0.06121078,-1.3203464,0.6447146,-2.2193224,-2.9750261,1.2781413,-1.5545887,-0.8398694,-2.5943718,0.5469608,0.037944164,0.11495894,-0.6872773,0.47947899,3.9482718,1.1998875,3.0823727,-0.7465,2.5752513,2.5843177,-0.10212445,-0.79859966,-0.52276456,-0.9217449,-1.9368013,-0.24880406,-1.4725404,1.1429571,-1.8367082,-0.5355094,0.48696855,-4.3000903,1.4935746,2.5013,-4.2633114,1.6128471,1.0072685,-1.6471277,-11.059718,0.16879497,1.9659067,-2.7208195
1,/data_nas/huangyj/data/placePulse/rawData/googleviews-110802files/50f4347efdc9f065f000289c.jpg,1.3171622,0.05382949,2.0820749,-1.0698087,2.3221235,-4.6674895,9.025256,3.7740548,-0.24000794,-1.0857886,1.0040939,1.755153,-1.5411385,4.261159,-0.14873259,-3.5261283,-3.9053054,2.0791056,0.9998733,1.459232,-0.6588755,3.3121247,1.608429,0.49460733,6.333198,-4.7808456,1.801223,1.8162115,7.679882,-3.1257374,2.3457341,-0.9299757,2.1326165,1.5094696,-10.490698,-4.467988,-4.223364,-0.17354542,-3.0334527,0.14138989,2.3262396,1.2457072,-5.651294,3.2665622,1.0957711,-1.6180972,-10.171734,0.38508472,0.84237593,-1.0582092
0,/data_nas/huangyj/data/placePulse/rawData/googleviews-110802files/513d5d59fdc9f0358700389c.jpg,-3.1322365,-0.61838317,0.015678635,-2.27447,-0.3572881,-4.341255,-14.019775,1.5901386,1.2040101,0.23341538,-0.022294728,0.89001316,-3.888594,2.067673,-1.5896198,-0.44065997,-3.0345387,-1.0098823,-1.3898576,-0.9158101,0.17157649,0.6612409,2.0784414,-1.0897578,3.7379334,-4.900251,-0.39062455,1.4918935,4.0384793,-2.1877794,0.34265465,-0.22193733,2.699895,-1.5593575,-0.3370684,-1.4217656,-4.283862,0.18240571,-2.3362315,1.1417353,0.19094324,-0.1609801,-3.447461,1.4636065,-0.006498199,-1.6136882,-10.416771,2.2660642,2.7050352,-0.7141144
0,/data_nas/huangyj/data/placePulse/rawData/googleviews-110802files/513d7a90fdc9f0358700689a.jpg,2.3333087,1.3621025,0.0056976657,-1.2307463,-8.258142,-0.847973,9.180748,1.3188198,-0.7431209,-1.6706725,-1.3393315,0.38062835,-0.30131787,1.579096,-1.2310736,-1.3685508,-3.3926876,0.46409547,0.42275745,-1.1374587,-1.1563076,-0.0074388366,1.935808,-2.897463,-2.1830602,-0.15239386,1.1521639,2.3854032,1.0217556,-0.55208844,1.2090292,-0.5665412,-1.8912915,1.7560169,2.0759363,-1.6695493,-1.3141875,1.2403934,-0.5981527,-3.4353483,1.7437961,2.4190505,-5.737069,1.8762532,2.2805905,-1.8230766,-0.8176955,-0.16380304,0.95591563,-0.9302271
0,/data_nas/huangyj/data/placePulse/rawData/googleviews-110802files/513f11c2fdc9f0358700c89a.jpg,-8.822782,-0.72791797,0.4688216,2.295752,-7.1189823,-0.058504455,-10.169978,0.94959813,-1.8501282,-0.49445406,5.9961457,-4.207289,-1.1875614,1.6921947,-1.4811177,-3.2595065,-1.6784445,2.885187,3.1745484,2.7558374,-1.2019747,2.3070848,1.1278435,1.8959904,9.157339,-2.353583,4.9861455,1.0132194,4.0644155,-0.95810866,1.3835919,-2.2488348,-1.259863,-2.2381113,0.2544422,-1.8660911,3.8863404,-4.252414,-0.5483904,-1.6743233,1.9966639,-0.9409311,-4.330976,1.9807758,-0.763879,0.4020489,-9.940633,0.2183121,1.2527813,-2.6899145
0,/data_nas/huangyj/data/placePulse/rawData/googleviews-110802files/50f5e569fdc9f065f000689b.jpg,4.2022743,4.3144774,-7.378949,-0.980896,-10.2501135,-1.6785519,-7.874927,1.5467764,0.85336226,0.36483285,-0.5787705,-0.98286813,-4.428178,1.6327688,-2.2675493,-0.39896157,-2.5643523,-0.47667575,-2.1856275,-0.576553,-1.3369057,0.92107654,3.886849,2.187956,2.6497352,-1.2528793,5.9604816,2.4969058,0.7851897,-0.16940805,-0.8805863,0.8951418,0.23728739,1.4370377,-2.759107,-1.0240421,0.47661003,0.4086323,-0.45163566,-3.0933266,4.062879,4.231315,-5.4274178,1.652218,1.397819,-2.1196277,-7.505887,-0.19514999,1.7855735,-4.985688
1,/data_nas/huangyj/data/placePulse/rawData/googleviews-110802files/513d32c2fdc9f035870028f2.jpg,2.332662,3.131927,-1.7735418,0.32825693,-7.581739,-0.3854445,5.867022,1.3475285,-1.515344,-0.24674395,1.1875349,-0.4855444,-0.21775325,1.0589095,-0.61096823,-1.8307096,-2.2290642,1.48029,1.1567875,2.0710201,-0.23749962,-1.5390732,-0.10538705,2.8808315,4.0805435,0.8908882,1.397496,0.64612675,2.6663587,-0.30777633,0.5749736,0.31480542,-0.48591065,1.0369656,-5.5705605,-1.8443955,4.3410516,-1.0945808,-0.94387996,-1.0784006,1.1295586,1.2234942,-4.211996,0.024747867,-0.16174181,-0.4939757,-1.9792392,-1.6251801,0.19481522,-1.4786417
1,/data_nas/huangyj/data/placePulse/rawData/googleviews-110802files/513e1d1efdc9f035870098ff.jpg,-6.819765,-1.4738712,0.24394822,0.55600864,0.48336208,-0.35778528,-4.7230477,0.92335284,-0.20643029,-0.43450662,3.2938988,-3.2470124,-2.4553983,0.6817266,-1.2275537,-2.823747,-3.2689388,0.69487745,0.7908499,0.46023816,-1.3696635,2.080291,3.0344923,0.059490252,5.8876543,-3.3613584,4.185166,2.508776,2.1384802,-1.6792167,0.18886961,-2.0904326,-0.74398065,-1.7275379,1.0065893,0.16024348,-4.8006806,-2.0031693,-0.45012277,-2.8685756,0.95034605,0.37941223,-3.7233071,2.0960922,0.058960225,0.15427424,-12.204885,0.82014036,2.5147085,-3.2087574
1,/data_nas/huangyj/data/placePulse/rawData/googleviews-110802files/50f42c1bfdc9f065f00018f4.jpg,-3.2778625,-1.4803984,2.411237,-2.127118,8.51998,-4.5417347,6.892508,2.24589,0.06293104,-0.1226336,1.3368922,1.5862573,0.4298256,2.2528412,-0.5700904,-2.5561776,-4.4892726,0.34714946,-0.28371087,-0.07518892,-0.7925069,2.8146045,0.8336669,-4.323146,6.7903433,-4.969493,1.393982,1.7959003,8.358326,-2.7151396,1.6047913,-1.4558908,1.843809,0.13063993,-7.1336393,-4.155083,-5.351583,0.25924838,-3.0066805,0.042594872,0.9204582,-0.033605687,-3.7703326,2.7151291,1.5284231,-0.73428965,-8.409698,1.4418291,1.6886652,-1.0446414
1,/data_nas/huangyj/data/placePulse/rawData/googleviews-110802files/513d9afefdc9f03587007883.jpg,-0.41246742,-1.7257605,2.670224,-2.8174298,10.322299,-4.5939846,5.7922916,2.0836601,1.0810323,-0.10987329,-0.25248367,3.0200121,-0.7063805,2.6124341,-0.36943832,-1.6338079,-3.7064393,-0.6001962,-1.2196844,0.18643545,0.3591116,1.7947583,0.6415073,-2.4216013,6.76458,-4.958212,-1.2961227,1.2993039,9.048647,-3.3027294,1.21519,-1.0191696,2.8017163,-0.15431109,-10.651089,-3.1653311,-8.669623,0.9591146,-3.226022,1.4584893,-0.34897384,-0.12820949,-1.7143372,1.8040295,1.202526,-1.2210488,-14.376743,1.4423575,1.5541624,-0.09008903
1,/data_nas/huangyj/data/placePulse/rawData/googleviews-110802files/50f4347dfdc9f065f0002882.jpg,-2.1122358,0.23780845,0.9533813,-0.37314433,3.7848527,-2.555311,-0.45494843,1.9689132,-1.1024356,-0.1379965,2.852316,-0.05571419,-0.21802162,2.0419025,-0.8488977,-2.9433835,-3.3661268,1.4280795,1.239582,2.606326,-0.08671418,0.36347246,0.11985716,1.2923652,9.871651,-2.814159,0.70947105,0.97071165,7.534269,-2.0642257,1.4998612,-1.1048012,1.2066859,-0.4594531,-11.01186,-3.3217988,0.80764973,-1.7834435,-2.595154,0.07049266,0.19938755,-0.2403195,-3.731524,0.98948437,-0.21077806,-0.39467317,-10.161397,-0.12539169,0.8853168,-1.0728581
0,/data_nas/huangyj/data/placePulse/rawData/googleviews-110802files/513d9afefdc9f03587007882.jpg,1.1748326,0.9281381,1.5962294,-1.5266299,-4.595743,-4.260983,6.6510034,2.9590833,-1.3897552,-0.8506261,0.57903165,1.8384651,0.6167863,3.4615972,-0.53768116,-2.6452055,-3.7283442,2.018402,1.1922226,0.7430368,-1.0106647,1.4332,-0.029043669,-2.2524605,3.280425,-2.6725018,1.2219635,1.1687387,6.5189986,-1.7099086,2.6564896,-0.59164965,0.8483294,2.2284455,-5.3432484,-5.4141154,3.0290725,0.31757984,-2.9253056,0.017833142,2.4495978,0.56595016,-6.4157305,2.4511313,1.4415946,-1.6826657,0.49633124,-0.00066232926,0.32015392,-0.18450937
0,/data_nas/huangyj/data/placePulse/rawData/googleviews-110802files/5140ca8dfdc9f0492600288f.jpg,-7.8271422,-1.3259006,1.205916,0.49114028,-6.0999413,-1.9966223,3.0259113,0.8780095,-1.2951216,0.03763378,4.416632,-2.2322762,-0.66942567,1.1546874,-1.0375274,-3.8951187,-3.5361443,0.681675,2.0207653,1.3190966,-1.3087262,1.5777059,0.664412,-0.30378425,7.217204,-3.7644036,2.9278274,1.2900163,4.2393856,-1.52932,1.4355986,-1.777778,0.60605353,-1.6955025,0.93520623,-2.4273725,2.4924738,-2.8128493,-1.4607785,-0.82693374,0.7212319,-1.2495084,-4.2169433,1.7677541,-0.7033671,0.5962405,-1.9744722,0.34880075,1.5417324,-1.8739177
0,/data_nas/huangyj/data/placePulse/rawData/googleviews-110802files/50f5ec3dfdc9f065f0008888.jpg,-1.9208087,-2.214748,-1.6558759,-2.0330427,-4.9751563,-2.0948112,-10.69933,1.8232508,3.4552753,-1.1913567,-0.815992,0.88339716,-4.566149,2.2934906,-0.689881,1.9060601,-1.5543693,-2.8435283,-1.93904,-1.6652378,1.3082578,2.1099684,4.529968,0.118237644,7.397529,-3.2628856,0.027185664,1.3385912,2.1994503,-1.9674121,-1.0741682,0.5711039,2.660567,-3.9871056,-1.4056476,2.278279,-0.7081739,-0.78936386,-0.35779133,-1.236218,1.0485414,1.7939476,-0.74846,2.2790973,1.6796298,-3.2385082,-9.213584,3.7618942,2.1136289,-1.1290758
0,/data_nas/huangyj/data/placePulse/rawData/googleviews-110802files/513e64b9fdc9f0358700b88a.jpg,-8.192909,-1.5174768,-0.10843922,1.7092825,-4.5721498,0.3924783,-5.618715,1.2887964,-0.26362768,-1.0926462,4.8275805,-3.6370895,-1.5500096,1.5397654,-0.76592433,-1.9480609,-1.6664737,1.6943606,2.073845,1.4679585,-0.62887204,2.938161,2.6995003,1.1264491,10.338159,-2.1694424,4.879716,1.3982877,3.3058271,-1.2017434,0.43912575,-1.6253438,-0.91454834,-3.3671856,-0.40545353,0.01369296,1.4722306,-3.976181,0.073982045,-2.9379652,2.1550593,0.32106572,-3.1391811,2.4909427,0.46688417,-0.37778223,-10.810995,1.4587111,1.4241287,-2.9277647
1,/data_nas/huangyj/data/placePulse/rawData/googleviews-110802files/513f2c57fdc9f0358700d85e.jpg,-2.5027888,-0.41406336,0.98469776,-0.13075791,5.6447134,-0.9278954,-5.2496305,1.0044882,-1.2683487,-0.1366988,2.8528316,-1.26999,0.044093322,1.0475345,-1.297761,-2.7435534,-3.303713,0.92251205,1.0285543,2.3577569,-0.41705254,-0.20776853,0.589335,1.1475759,8.829169,-2.2570267,0.7659586,1.2698202,5.204583,-1.667031,0.8696541,-1.9294016,-0.10708022,-0.40798235,-9.670402,-1.8564757,2.3535955,-1.6277535,-1.8260503,-1.2789308,-0.40796512,-0.23565428,-2.855034,0.58849144,-0.35612538,0.02644736,-8.056647,-0.49429145,1.2367775,-1.3735256
1,/data_nas/huangyj/data/placePulse/rawData/googleviews-110802files/513d69c9fdc9f0358700485a.jpg,-6.7137456,-3.0354972,1.4265552,0.891443,-2.9482293,0.15559049,-0.62887776,1.6179292,-0.05921607,-1.549388,4.2580853,-2.2537448,0.008869868,1.7449323,-0.23113838,-2.0510058,-2.279798,1.0648639,2.0452795,1.3179322,-0.51866525,2.9575026,2.471661,-0.13551694,11.723452,-2.3046825,3.2482746,1.4402094,4.19023,-1.5563334,0.7951702,-1.7537442,-0.6859987,-2.945806,-3.8111415,-0.25505558,5.531913,-3.6433623,-0.10470795,-3.3202002,1.6329002,0.3861492,-2.661783,2.7747185,1.2500739,-0.8424364,-5.080707,1.5142243,0.7682763,-1.8946751
0,/data_nas/huangyj/data/placePulse/rawData/googleviews-110802files/51414e76fdc9f0492600785a.jpg,-3.199804,0.6954425,-0.88594455,0.52915126,-6.08362,-1.7151718,-4.3078885,1.5807528,-1.1580113,-0.3006771,3.0090446,-2.6056066,-2.978816,1.973509,-1.6843398,-3.7391422,-3.584964,1.6836439,1.284715,1.1048061,-1.9009635,1.9222815,2.6122167,1.6707252,4.018219,-3.4753165,4.7121325,2.4836347,2.1928208,-1.2585263,0.9663469,-1.4270236,-0.58192533,0.58012635,-0.15192771,-2.0079203,-0.65723073,-1.51851,-0.9352988,-2.2406082,2.2679167,0.88667655,-6.241421,2.173692,-0.20113182,-0.31081855,-7.8686523,-0.54063207,2.0058365,-3.2570527
0,/data_nas/huangyj/data/placePulse/rawData/googleviews-110802files/513d5d35fdc9f0358700385b.jpg,-4.5094786,-2.4580224,2.7521045,-0.073472485,-4.7643237,-1.5361812,-4.013938,2.468562,0.9817279,-2.2184417,1.185297,0.5831262,-2.5147276,3.3393984,0.23749748,-0.08469924,-0.8359137,0.8959403,1.5050744,0.5198534,1.5758992,2.2925162,2.0657842,0.0697905,6.754491,-2.0112994,-1.1962438,0.37937495,4.633872,-2.2927544,1.4372071,-0.4646118,1.1278869,-3.6388335,-0.6173886,0.14718293,-2.9246113,-1.8727343,-0.78856033,-0.113009326,0.8307578,-0.0048717875,-2.124322,2.2977335,1.0970498,-2.4898567,-13.5176115,2.8301146,0.76763785,0.9926544
1,/data_nas/huangyj/data/placePulse/rawData/googleviews-110802files/5140b704fdc9f049260018a7.jpg,-6.818991,-0.533451,0.8971964,1.0563194,0.88495314,-1.1170392,-5.0943165,0.8889178,-2.0663476,0.49781534,5.297145,-2.554708,0.36564833,1.003675,-1.2689002,-3.7077081,-2.5312905,2.220591,2.1373723,3.097209,-1.1038558,1.1501298,-0.407603,0.9785688,10.330936,-2.9003856,3.5462198,0.7853774,6.8017225,-1.3799537,1.607021,-2.3131752,-0.14041181,-1.176683,-6.09721,-3.330755,2.3681393,-3.1747391,-2.0782964,-0.4130373,0.7070923,-1.5192847,-3.2672565,0.90241355,-0.8854974,1.0571067,-10.156073,-0.33722237,1.0152994,-2.2411547
0,/data_nas/huangyj/data/placePulse/rawData/googleviews-110802files/513da00cfdc9f035870088a2.jpg,-8.190194,-3.475001,1.5556527,-1.5426817,0.6416887,-4.728302,4.710227,0.86873496,1.1596576,1.6935972,2.3124719,0.40974528,-1.4435806,0.54049134,0.45571145,-2.1673114,-2.7586577,-1.6861289,-1.2001661,-0.7875407,-0.78661966,3.0688505,0.06318576,-2.742665,5.7094536,-6.348898,2.3850727,0.42781368,5.5689745,-2.2183905,0.41299826,-1.434378,4.126964,-2.429843,1.8110248,-2.1494126,-5.213363,-0.7723361,-2.3328362,2.7369661,-0.038609855,-2.035363,0.023763912,1.9921063,-0.41618994,0.9178822,-3.8055744,2.1849692,2.1812449,-1.679488
1,/data_nas/huangyj/data/placePulse/rawData/googleviews-110802files/513e1cfafdc9f035870098a2.jpg,-5.54983,-2.0561693,0.65601563,-0.004507513,-8.168478,-0.3630154,-9.713,1.3744705,-0.40273404,-1.8495355,3.5050929,-1.1207069,-0.3454859,2.144177,-1.2213776,-0.9970108,-2.4832857,0.17474926,2.2058377,1.7149333,0.61376697,-0.061663985,1.8510188,0.23560214,11.719054,-1.2972474,-0.45232782,0.82437974,4.617605,-1.3751868,1.1754359,-0.8371452,0.1585538,-3.5519006,-4.2523518,-0.45322117,11.656936,-3.6675053,-0.47623435,-2.3601453,0.67976,0.09243715,-3.5261307,1.4760737,0.6261876,-2.0348663,-1.5029373,1.5891342,0.52285105,-0.3271858
0,/data_nas/huangyj/data/placePulse/rawData/googleviews-110802files/50f42c1afdc9f065f00018ac.jpg,-6.495565,-0.5294321,0.5339321,-0.07475989,-1.4674845,-2.5157607,8.158903,1.8073373,-0.12377504,-0.58820254,2.5629683,-1.1916388,-0.86840993,1.5856065,-0.8585632,-2.8048198,-3.7379158,0.84329087,1.0988426,-0.54440564,-1.265247,3.0061295,2.0896611,-2.8101246,4.3826985,-3.6739943,4.0673513,1.9741293,3.4163897,-1.7965235,1.1444259,-1.0719942,0.6794017,-1.466394,2.5154312,-2.0974104,-4.509433,-1.4112531,-0.90831953,-1.809819,1.9678775,0.5467751,-5.075383,3.0224707,0.8910943,-0.60147536,-4.6281796,1.425976,1.7761635,-2.423716
0,/data_nas/huangyj/data/placePulse/rawData/googleviews-110802files/5140948afdc9f049260008af.jpg,-9.92762,-0.7680362,0.63910294,-0.3856288,3.254227,-2.3320742,4.2293124,-0.5473404,-0.57132417,1.7878197,2.7623484,-1.8016855,-1.209759,-1.6374545,-0.52110696,-2.960258,-3.9630065,-0.68042254,-0.39615226,-0.89896363,-1.1780447,-1.0029474,0.06259198,-2.267636,1.5605506,-3.7448595,1.8395717,1.4392811,1.218619,-1.2274193,-0.44733506,-1.2381248,1.5916053,-2.255992,7.336926,-0.38634783,-9.462475,-0.8768897,-0.95978534,0.8088403,-1.632354,-1.748771,-2.4339843,0.6471842,-1.6264946,1.752355,-4.9966006,0.48376986,3.0160174,-2.2569263
0,/data_nas/huangyj/data/placePulse/rawData/googleviews-110802files/513d325afdc9f035870028a5.jpg,-8.8846035,-1.2898288,0.5323397,0.09754731,-5.7341666,-2.5665889,11.572157,0.49491367,-0.42901707,0.13629708,3.5413477,-1.9524399,-0.18417771,0.34791964,-0.34177458,-3.364568,-3.6952178,-0.24874511,1.0892895,-0.92807597,-1.8002355,2.6491225,1.0411963,-3.1445935,3.6974225,-3.9370363,4.0146213,1.6474298,1.9521191,-1.0181046,0.75782454,-1.0018433,0.8566888,-1.7739396,6.7032356,-2.0492902,-1.1238363,-1.969679,-0.3997329,-1.3952801,1.1200184,-0.34810323,-4.4060016,2.7706661,0.21799862,0.7775015,3.6239607,1.1483284,1.9562203,-2.4062154
1,/data_nas/huangyj/data/placePulse/rawData/googleviews-110802files/513d5d62fdc9f035870038ab.jpg,-6.2534304,-4.5241346,2.9825115,-2.1296954,-6.4034724,-3.4967444,-14.125399,1.470768,1.4551758,-1.5186675,0.19512825,-0.12530173,-5.7117057,2.3552186,-1.5244962,-1.5433675,-4.7832217,-2.370629,-0.13541019,-1.8327934,-0.4134099,2.23986,4.809241,-1.687631,1.7065765,-6.504272,-1.508424,2.8837843,0.8664942,-2.8842897,0.25123975,-1.4009569,1.7763083,-2.7944827,7.016985,1.233456,-3.8890753,-0.21710971,-0.8867893,-1.2289255,-0.69754404,-0.19194344,-4.0506535,2.8190935,-0.08736274,-1.9303753,-7.3979917,2.8630612,3.682929,-0.25044802
1,/data_nas/huangyj/data/placePulse/rawData/googleviews-110802files/5140b6c6fdc9f04926001803.jpg,0.12830324,-1.1843902,1.0245011,-1.9295003,-7.2055554,-3.0088575,8.637866,1.3228619,0.14683738,-0.04626612,0.5511718,2.345746,0.38001087,1.4382038,0.33926663,-1.4851643,-2.8613648,-1.120603,-0.06697187,1.0129509,0.5716236,-1.0907617,-0.7552989,0.04474609,7.047334,-2.2937014,-2.3657923,0.2122069,6.107245,-1.762834,0.8760801,-0.0009265258,2.7076178,-0.7052264,-6.573271,-2.3553276,5.867397,-0.8245883,-2.118855,1.2424438,-0.630928,-0.58370346,-1.5154531,0.7225282,0.16035818,-0.8958969,2.1155593,0.27272794,0.45504272,0.33862272
0,/data_nas/huangyj/data/placePulse/rawData/googleviews-110802files/513f2c2dfdc9f0358700d80f.jpg,-1.6812866,-1.6177386,2.0382006,-2.1661022,11.631666,-3.0211394,-4.585633,1.9600301,0.4427816,-0.9281262,0.27385563,1.076998,0.19146647,2.1676025,-1.2145543,-0.83607435,-4.0266156,-0.52150637,-0.5181152,-0.31389138,-0.13868214,1.4097246,1.8073386,-3.39902,6.6054134,-3.4891639,-0.59892285,1.6868973,5.4447103,-2.2931461,0.73520184,-1.4576963,0.7577491,-0.43642163,-8.688522,-1.9580764,-0.9846522,0.2786745,-2.2395523,-1.2872237,0.15067706,0.50025064,-3.0493417,2.0218942,1.4671212,-1.5609238,-5.5291266,1.5624083,1.8752578,-0.21498773
0,/data_nas/huangyj/data/placePulse/rawData/googleviews-110802files/50f5ec37fdc9f065f000880a.jpg,-1.5520959,0.2165185,-2.1069603,-0.5956809,-3.841498,-1.1983362,-13.164478,1.863034,1.205958,-1.1331922,0.8484621,-0.6241797,-3.1425707,2.49429,-1.3219814,0.51387066,-1.6133194,-0.02907065,-0.34586036,0.24257906,0.53205985,1.4647872,3.370793,0.88016033,7.5016856,-1.6558126,1.750435,1.4561123,3.2498205,-1.3634031,-0.048971366,0.05702182,0.5325079,-2.258991,-3.715083,0.14116673,0.80579036,-1.385202,-0.5902647,-2.1680834,1.9210774,1.9489509,-3.1664495,1.8730447,1.3153831,-2.6520004,-11.8523655,2.0523999,1.5321528,-1.8710371
0,/data_nas/huangyj/data/placePulse/rawData/googleviews-110802files/513d5cfffdc9f03587003800.jpg,-6.915529,0.47573268,-0.23682296,-0.5209057,-0.1583976,-2.9460897,6.3274374,-0.2141654,-0.89620703,1.358072,1.9073819,-1.1115354,-0.46990508,-0.7975595,-0.7763939,-2.8125827,-3.7214022,-0.3046366,-0.24468625,-1.065239,-1.5826701,-0.5164733,-0.21660241,-2.9000833,-0.7895991,-3.0776656,2.0694954,1.3178778,0.8605051,-0.65327305,0.10012421,-0.7651866,1.2441356,-0.7155353,7.1418486,-1.8268018,-6.1232643,-0.23367241,-0.88252914,0.44894657,-0.49592707,-0.88730973,-3.8387084,1.1731626,-0.87251204,1.0725579,0.82176316,0.14114618,2.3565316,-1.9594164
0,/data_nas/huangyj/data/placePulse/rawData/googleviews-110802files/50f61675beb2fed9100008bd.jpg,-1.1900629,1.702737,-2.9818132,0.25070095,-2.5090764,-0.7939083,-8.836773,0.6796449,-0.99451494,0.75632405,2.542303,-2.8074236,-1.8946483,0.74159884,-2.1821501,-2.7700758,-2.812096,0.824731,-0.060979776,1.2577,-2.0831766,1.0397325,1.9699315,1.645137,5.0429897,-2.3837762,5.5412264,2.120231,2.3652189,-0.6028922,0.18618906,-1.5548873,-0.9500714,1.2057143,-3.871058,-2.0093024,1.3794802,-1.0519621,-1.0282452,-2.4852126,2.2366166,1.289981,-4.442311,1.2552748,-0.009338442,0.17399801,-7.716333,-0.97187984,1.7979574,-4.1415772
0,/data_nas/huangyj/data/placePulse/rawData/googleviews-110802files/50f5e56afdc9f065f00068b3.jpg,-4.1574383,0.09876223,-1.5688204,-1.164621,-5.5774307,-3.2633917,-5.1044188,0.3179187,-0.2695185,1.0210838,1.3973509,-1.8615113,-3.5124803,0.47799402,-2.306853,-3.4451253,-4.7901697,-1.1141374,-0.8464628,-1.2380722,-2.6092577,1.0169224,2.5981553,-1.0811259,-0.08207895,-5.23206,3.8522878,2.8823977,0.417877,-1.1834837,-0.0588697,-1.298934,0.770421,0.69144124,5.369351,-1.666013,-3.2389328,0.13098839,-1.2051778,-1.3866541,0.9173684,0.37567338,-5.5894613,1.8098967,-0.568048,0.35325316,-1.9802244,-0.06713642,3.3369024,-3.4262767
1,/data_nas/huangyj/data/placePulse/rawData/googleviews-110802files/514146befdc9f049260068b2.jpg,1.0886273,-0.090184405,1.2990762,-0.08728301,-0.63803864,-2.961666,3.441055,1.3088979,-1.7887226,1.5989987,2.7823648,0.60773283,0.04895475,1.4171971,0.23758602,-4.1153316,-2.1791587,1.6838082,0.7709095,4.1056166,-0.73891157,0.53614146,-2.3525598,4.1855464,7.4997883,-3.250743,1.1925606,-0.27281418,7.8195286,-1.6973349,1.428525,-1.3589809,2.007971,2.1001437,-12.6758995,-4.6256084,2.9405825,-1.0177441,-3.1390638,2.9708996,-0.013644464,-1.4963909,-1.3979414,-0.0731086,-1.4964178,1.3205813,-7.061906,-2.215436,-0.13838972,-1.1926899
1,/data_nas/huangyj/data/placePulse/rawData/googleviews-110802files/51413b29fdc9f049260058be.jpg,-4.874702,-0.7495009,2.65323,-0.36024603,-0.56915253,-3.1943107,-0.03561356,0.79832065,-1.4356503,0.11284112,1.0182348,-0.09091588,-0.82705927,0.9875941,-0.9357692,-3.093845,-3.1055443,1.0111741,1.066582,-0.26662397,-1.6286916,1.1648018,-0.026187783,-2.950991,-3.2729306,-3.6873696,1.2584715,1.1103086,1.8805417,-1.5977286,1.7637064,-1.7100992,0.7070782,0.51466924,6.148452,-2.8480577,-5.8472104,0.56441236,-1.3146126,0.7768695,0.0011844113,-1.2175709,-4.3368506,1.7387848,-0.5282067,0.18617542,-1.8306257,0.15742634,1.2937568,-0.535946
0,/data_nas/huangyj/data/placePulse/rawData/googleviews-110802files/50f61675beb2fed9100008b5.jpg,-6.106324,-4.257239,1.108678,-1.9807577,1.5315162,-3.380645,7.7592616,1.1564118,2.5283492,0.2438659,1.2219886,1.2216481,-1.0282636,1.1499857,0.6836931,-0.54404014,-2.7147481,-2.6247838,-1.4799263,-1.4790585,0.17447142,3.2308052,1.7228401,-3.1433067,8.179398,-5.1674027,1.1235625,0.7296337,5.082744,-2.2544365,-0.463305,-0.6873417,3.4839303,-3.4772227,-1.342948,-0.09625569,-3.1777842,-0.9059416,-1.2228409,0.5219927,0.23263961,-0.51254123,1.0218519,2.5808308,1.1659137,-0.63251907,-3.506258,3.0680823,1.8120337,-1.3341285
0,/data_nas/huangyj/data/placePulse/rawData/googleviews-110802files/51414e99fdc9f049260078b5.jpg,-8.693463,-0.60144365,1.6375724,1.6195556,-6.386276,-0.5182784,8.376634,0.33621553,-1.8760288,-0.11246132,4.658857,-2.6996558,0.26765752,0.17427865,-0.30605656,-3.7265255,-2.2885237,2.0388618,2.7204988,1.231046,-1.2386322,0.961913,-0.2647367,-0.41028237,4.6896358,-1.7419616,2.856107,0.86334187,2.46703,-0.75664085,1.4451067,-1.3878449,-0.5753613,-1.6392913,4.7540793,-1.8015718,-0.52847433,-2.9831066,-0.3566138,-0.89435524,0.582563,-1.3062658,-4.0811524,1.4634421,-0.6654381,1.1875052,-2.7374861,-0.13716598,0.98697865,-1.308564
0,/data_nas/huangyj/data/placePulse/rawData/googleviews-110802files/50f5e56bfdc9f065f00068ba.jpg,2.259162,1.6096054,1.0490092,3.1495547,-4.17937,1.1381072,-5.643924,2.4218597,-1.3952999,-2.2146842,0.32324606,0.08393276,-1.1767817,3.2614477,1.0441009,0.26125836,3.07718,4.8176312,3.213361,3.211209,1.3477776,2.9562085,-0.5225452,3.8637452,-2.6748083,2.7807684,1.4495369,-1.8374661,1.1697847,-0.45714882,2.1431367,-0.33305272,-1.3612233,0.3027644,-0.68541723,-0.9536358,-3.9444463,-0.7925806,0.73581946,0.8296951,2.796445,1.0504924,-1.1440141,1.2449174,0.24350074,-1.8050731,-13.768914,-0.18596998,-2.4023058,0.7101888
1,/data_nas/huangyj/data/placePulse/rawData/googleviews-110802files/513d3270fdc9f035870028b4.jpg,-2.4147737,-0.090025865,2.1170073,-0.32549074,7.868965,-1.2611192,3.1117146,1.3316199,-0.7457987,-1.1587645,0.53700703,0.2978452,-0.8585904,1.4040203,-1.0284649,-2.2027793,-3.3673053,1.1224642,1.0596219,0.73038715,0.10822391,0.4489833,1.0704353,-1.4886649,1.1835846,-1.7600139,-0.6332775,1.3801084,3.964617,-2.244501,1.522794,-1.34909,-0.078848734,-0.5916008,-2.4753807,-1.1682743,-10.519058,0.19578242,-1.2487172,-0.9942118,-0.5209071,0.2984938,-3.5397894,1.1686364,0.14064534,-0.71048623,-14.213749,0.29848763,1.1706166,-0.3655462
0,/data_nas/huangyj/data/placePulse/rawData/googleviews-110802files/513d9fe4fdc9f03587008846.jpg,-2.1419342,2.26464,-1.7419741,-0.26245454,-1.9791576,-2.780533,4.0403695,1.141507,-1.4345715,0.8797947,1.8289709,-1.6316309,-2.0240145,0.70068514,-1.8052517,-4.3652196,-4.5130463,1.3084856,0.21685982,0.1274244,-2.5027606,0.46491772,1.4639435,-0.091376476,0.00565584,-3.5384865,4.692042,2.579652,1.801432,-1.05216,0.8014445,-0.9389432,0.15061754,2.0097818,1.2036471,-3.0083396,-5.5025277,0.059969675,-1.50733,-1.2065638,1.6163217,0.7134049,-6.733869,1.5717666,-0.43238917,0.51488423,-4.8851676,-1.2136607,2.1418984,-3.4489493
1,/data_nas/huangyj/data/placePulse/rawData/googleviews-110802files/513f2c4cfdc9f0358700d847.jpg,-2.2077432,-3.3029814,1.4054352,-2.0566013,6.4289107,-1.5527976,-1.8565313,1.8136424,1.8097777,-1.406369,0.42637736,1.0958722,0.3333814,1.8376726,-0.36498475,0.33414978,-2.9272313,-1.6350048,-0.8661469,-0.45750982,0.6021532,2.115031,2.6078546,-3.010297,10.360706,-2.7813885,-0.34888604,1.4912026,5.5728793,-2.3011782,-0.01396742,-1.2203001,0.8624824,-2.4303346,-9.018957,-0.044582088,2.2402608,-0.72107816,-1.1767746,-2.3674145,0.2809968,1.1164243,-0.72520745,2.434266,2.5251157,-2.1834588,-5.5758166,2.5420012,1.3095858,-0.5995575
1,/data_nas/huangyj/data/placePulse/rawData/googleviews-110802files/50f42c13fdc9f065f0001847.jpg,-1.7913756,0.09655904,1.9185721,0.5424233,8.149941,-1.5818307,3.2615147,2.4693985,-0.04391226,-2.932317,-0.847461,1.2173966,0.28442615,3.217658,-0.5753147,-0.006582435,-1.7018217,2.1063712,2.0573611,-0.4670298,0.097623214,3.6273727,1.885808,-4.353723,-3.0424023,-0.5461815,0.73446256,0.6727428,1.5318191,-1.7282382,2.1528876,-0.63427407,-0.49247515,-0.7372461,1.8912653,-1.4082724,-8.782987,0.6723915,0.014330333,-1.8142517,2.2752979,1.7613174,-4.169505,3.1649637,1.9662802,-2.737533,-5.8836293,1.8981287,-0.3198898,0.5305549
1,/data_nas/huangyj/data/placePulse/rawData/googleviews-110802files/513cc546fdc9f03587001849.jpg,-9.033077,-2.0177794,1.227909,1.4931308,-2.4497848,-0.24648947,-7.8812985,-0.07807119,-1.1674347,0.65208286,4.8854165,-3.8094893,-1.2393227,-0.014710754,-0.9958927,-3.1965187,-1.7565616,1.137512,1.5044997,1.5424731,-1.6241586,2.1786008,0.7343014,0.67091405,6.184607,-3.4211714,4.384964,0.97341603,2.5690207,-1.0529941,0.51548654,-2.8330317,-0.53903425,-1.822934,2.5843,-0.9819363,-0.3860702,-2.860614,-0.6903254,-0.76152986,0.49531347,-1.4958007,-1.9149233,1.5012484,-1.0959588,1.5552459,-8.178358,0.26724544,1.8511549,-2.6723516
1,/data_nas/huangyj/data/placePulse/rawData/googleviews-110802files/513d7a7bfdc9f03587006849.jpg,-5.487946,-1.4553697,0.5583337,-2.4996707,9.742339,-3.1456995,-0.49285558,1.0720434,1.5330249,-0.19122274,-0.08577262,1.0997977,-1.5020247,0.7215487,-1.2713755,-0.35362497,-4.4026065,-2.181182,-1.5095586,-1.7831678,0.3776453,-0.03554152,2.0393307,-4.166789,4.5499682,-3.7890565,-1.2040342,1.8212022,4.2445607,-2.4804869,-0.053376976,-0.6416268,2.3347538,-3.048911,-0.94901717,0.042317115,-9.347796,0.3135464,-1.6917313,-0.27988178,-1.1574796,-0.21497692,-2.0903308,1.2777535,0.4550164,-1.2016388,-9.687061,2.5153074,2.8045053,-0.76097953
0,/data_nas/huangyj/data/placePulse/rawData/googleviews-110802files/513cc548fdc9f0358700184a.jpg,-7.819801,-0.57786995,0.7166524,-0.36509457,-1.7571253,-3.4582798,6.029402,-0.032586556,-0.42053714,1.334838,1.811194,-0.93747354,-0.85242414,-0.668422,-0.04813441,-2.309745,-2.693654,-0.37147614,-0.33844808,-1.2912382,-1.2733355,0.6439338,-0.36784142,-3.00134,-1.0997043,-3.7348135,2.437086,0.9773843,0.668134,-0.82738316,0.15967149,-0.85814667,1.9781395,-1.3961065,8.858872,-1.8362471,-6.140133,-0.3352447,-0.8073596,1.3189847,-0.37946433,-1.0325024,-2.8020935,1.7126133,-0.7247665,1.151848,2.140607,0.84267884,2.1187296,-1.7240472
1,/data_nas/huangyj/data/placePulse/rawData/googleviews-110802files/50f46455fdc9f065f00045d1.jpg,2.3484633,1.213176,-3.1597726,-0.89828813,-2.851027,-0.24613728,-11.585497,1.1094459,-0.09363178,-0.52685,0.24464017,-1.8785636,-2.9023824,1.2436187,-2.2992074,-1.5687014,-3.5037606,-0.15960479,-0.8960034,0.08092807,-1.770616,0.79858935,4.007158,1.0918429,3.3461587,-1.8547878,3.914892,3.1134365,0.63805604,-0.76139206,-0.4686366,-1.2189071,-1.8248621,1.8186951,-4.4785204,-0.3429816,1.4360608,0.36248532,-0.33106336,-4.472793,2.284334,3.0608292,-5.065092,1.7578031,1.3955735,-1.5293851,-8.148502,-0.59631115,2.1242042,-3.6679647
1,/data_nas/huangyj/data/placePulse/rawData/googleviews-110802files/50f42f01fdc9f065f00025d8.jpg,1.5702912,0.56026834,2.94978,-0.04258017,3.801614,-3.2412074,2.6066623,2.8284757,-2.0314758,-0.72627026,2.2015355,0.54327124,-0.05932954,3.2569983,-0.2598745,-4.056266,-3.5737803,2.9949017,2.1795542,3.1814287,-0.66701937,0.96608746,-0.15698966,2.350255,6.3369894,-3.0208306,0.38834402,1.0431092,6.4143486,-2.1119344,2.2939222,-1.3341683,0.7059468,2.3769836,-12.48607,-4.662802,2.360901,-0.93079656,-2.688449,0.27425745,0.91209877,0.08231643,-5.424248,1.6669167,-0.27304044,-0.46322966,-5.1541023,-1.3888162,0.3486139,-0.20685896
0,/data_nas/huangyj/data/placePulse/rawData/googleviews-110802files/5141344afdc9f049260045d5.jpg,-6.8315673,-3.2243712,0.97851795,-1.0699615,-8.090148,-2.7632194,-10.357655,1.731748,0.9742064,-1.1635667,2.7120554,-0.088179044,-1.911058,2.6609693,-0.9147271,-0.4740743,-2.4872959,-1.1423471,0.8690895,0.2097053,0.5467172,2.01179,2.3340313,-1.0319462,10.68659,-3.9290211,-0.086623125,0.7717801,5.100104,-2.0038414,0.8881742,-0.66754776,2.2193375,-4.1053615,-1.4019738,-0.7939312,7.6971836,-2.8935955,-1.179807,-0.5574241,1.0267001,-0.40939265,-2.6885014,2.361785,0.73437315,-2.1617007,-2.0833714,3.154272,1.3821481,-0.1936815
0,/data_nas/huangyj/data/placePulse/rawData/googleviews-110802files/513d79c2fdc9f035870065d4.jpg,-2.5299757,-3.3428311,1.227582,-2.8407476,-3.8793545,-6.0113034,-0.32438037,2.8087585,2.7759938,-0.44785038,-0.21309394,3.496288,-3.7674575,3.357633,0.35033917,0.008803686,-2.7694812,-2.590333,-1.3888712,-0.5490118,1.3876779,2.522211,1.9879382,-0.32345995,8.340045,-6.337921,-2.0102284,0.39780676,6.6587605,-3.3968296,0.82030153,0.36085096,6.088304,-3.4105954,-4.6795554,-1.3521718,-0.82353115,-0.6273188,-2.6300597,2.9411895,0.08850224,-0.2602788,-0.73741937,2.575915,0.51446795,-2.5932581,-4.9195437,3.6689205,1.6604347,0.43881068
0,/data_nas/huangyj/data/placePulse/rawData/googleviews-110802files/50f42babfdc9f065f000156d.jpg,2.675028,0.20757183,1.0930792,-2.1166542,2.730036,-2.774196,-4.661826,1.9297571,-0.8459317,-0.92041093,-0.6766474,0.20748271,-3.0735211,2.3822696,-2.221212,-3.7175756,-5.584421,0.60248566,-0.31183827,0.045952603,-1.9204823,0.56251293,3.2105231,-0.5257136,0.13479714,-4.497729,0.9823026,3.7493677,3.1514068,-2.3502262,1.2884334,-1.9396948,-0.8604419,3.3141239,-5.236248,-2.506259,-5.9875536,1.9606444,-2.135848,-2.5965958,0.82616836,1.6649139,-6.9804754,2.001033,0.86278355,-1.2129488,-11.625705,-0.8709354,2.5680943,-1.7889657
0,/data_nas/huangyj/data/placePulse/rawData/googleviews-110802files/514091b0fdc9f0492600056d.jpg,-8.465941,-1.4329051,0.78786886,-1.3261372,7.2474875,-2.8969293,-1.3413365,0.08695097,0.60297734,1.460419,1.6856998,-0.4729237,-1.7751293,-0.80208683,-0.6643578,-1.4568698,-3.6189866,-1.5824604,-1.294647,-1.0158563,-0.12366421,-0.79897076,0.4980776,-2.338823,3.92603,-4.186005,0.2232102,1.1192213,3.0394185,-1.9225779,-0.5230631,-1.1185882,2.7045407,-3.243133,2.7157464,0.02590616,-9.399691,-0.5533296,-1.7442002,1.4878689,-1.9273354,-1.6558938,-0.9559038,0.45951477,-1.3053827,0.7541024,-8.294419,1.5923439,3.0194368,-1.5422138
1,/data_nas/huangyj/data/placePulse/rawData/googleviews-110802files/514089a2fdc9f0358700e562.jpg,-8.8134575,0.14471649,0.5306535,2.445467,-6.119764,-0.7215453,-7.865627,0.77690536,-2.9769075,0.17577161,7.0986104,-3.8955314,-0.14535175,1.5174415,-1.7561827,-4.6285634,-2.36008,3.444185,3.9029922,4.2451353,-1.2695147,0.4985674,-0.6039855,2.9285636,10.964455,-2.5387588,4.0507092,0.5929356,5.902583,-1.0047314,2.2305255,-2.1381948,-0.6610515,-1.6981287,-3.399176,-3.5866838,6.7319674,-4.85856,-1.5326861,-0.56730187,1.2540424,-2.0276227,-5.1176558,0.96156543,-1.9926281,1.1758659,-7.6747293,-0.9653911,0.7434318,-2.2908301
1,/data_nas/huangyj/data/placePulse/rawData/googleviews-110802files/513d68f7fdc9f0358700456e.jpg,-2.564336,0.3807387,-1.2109541,-0.0680217,-4.1026654,-1.3657135,-3.0923793,2.9022448,0.7007094,-1.957599,2.1095474,-0.18564272,-1.2440187,3.1437817,-0.52235854,0.09128165,-2.2101896,0.9532909,1.3448582,0.8800421,1.0514929,1.0652288,2.918191,0.6681669,11.714071,-0.9742177,1.2825569,1.0278722,4.6960335,-1.5773606,0.5156189,0.53681755,0.97937936,-3.247189,-7.0473647,-0.5854196,5.749698,-2.9687328,-0.55439526,-2.573462,2.1779802,2.1392298,-4.3397484,2.3735716,1.794027,-3.0957246,-5.7582603,2.2567844,0.61054873,-1.2511355
0,/data_nas/huangyj/data/placePulse/rawData/googleviews-110802files/5140c985fdc9f0492600256c.jpg,4.4208846,-0.7888859,4.1661296,-0.46826366,-3.6557121,-1.4949816,-6.606094,1.365001,-1.9373323,-1.7065386,-2.1637757,1.6968904,-1.3066549,2.5591626,-0.32845852,-1.6142365,-1.4220871,1.862068,1.1163478,1.0047597,-0.6231985,1.4430203,0.081187464,-0.649519,-8.564603,-1.3380674,-1.4743272,0.21746963,0.96344364,-1.3709419,2.454217,-2.2944639,-1.3892851,3.4309416,1.7702401,-2.679593,-3.9135783,2.8179183,-0.78810406,0.30453527,0.0065031424,0.29646975,-2.9146342,1.4123676,0.3486729,-1.3163354,-5.6807694,-1.0953331,-0.3425695,1.164816
0,/data_nas/huangyj/data/placePulse/rawData/googleviews-110802files/5140c984fdc9f04926002569.jpg,-0.25273502,-2.7662284,5.566243,0.11423109,-6.2472997,-1.0804174,-0.1965029,1.6358953,-1.3950664,-2.6530197,-0.921532,0.2439818,-2.658058,2.5299,-0.024837086,-2.8456342,-2.5806026,1.6675112,2.3260572,0.16970181,-0.9947045,2.4527938,2.121229,-1.0617694,-7.330762,-2.70723,-0.7085944,1.6213717,-0.47795826,-2.1014357,2.4577613,-2.5689006,-1.5304874,1.4329487,6.875808,-0.8630259,-6.944581,1.5558076,0.090315096,-1.6318045,-0.096571095,0.5075136,-4.1956196,2.7413564,0.3650486,-1.3552822,-6.130559,-0.17961898,0.55087,0.6707633
0,/data_nas/huangyj/data/placePulse/rawData/googleviews-110802files/5141342efdc9f0492600456f.jpg,-4.536152,-2.0652773,2.7423375,-0.10466069,-10.094947,-1.5087739,-0.2608433,2.1835787,-0.43820575,-1.9205569,2.4143834,0.24725078,-0.85376996,2.9653356,0.08867033,-1.3641043,-1.7112117,1.183279,2.3979902,1.291065,0.7799209,1.1345086,1.0436674,-0.049984317,8.369649,-1.7629879,-0.763262,0.40451473,5.4304614,-1.8508989,2.0084553,-0.72649235,0.66692436,-2.6808293,-1.7705741,-1.4050857,4.8113537,-2.5855176,-1.0104222,-0.55813134,0.95080537,-0.4698506,-3.5286753,1.9316031,0.817136,-1.9502295,-5.3328576,1.6470503,0.2266763,0.7590019
0,/data_nas/huangyj/data/placePulse/rawData/googleviews-110802files/50f42babfdc9f065f0001565.jpg,-8.532778,-0.37722448,1.1101902,-0.0039758356,8.206189,-0.742617,4.823664,0.3613828,-0.9480804,-0.46966574,2.1784384,-1.1575804,0.9369152,-0.5079415,-1.1001586,-1.788972,-3.9344087,0.41671324,1.0116191,-0.56845564,-0.61278296,0.21419057,0.65986884,-4.943361,1.9043645,-1.2176961,1.1448321,1.405992,2.368489,-1.4310029,0.7384712,-1.2693505,-0.4041036,-2.452405,4.260265,-0.53886956,-8.4230995,-0.67597127,-0.4759474,-1.8243668,-0.5816618,-0.37313217,-3.431802,1.3886422,0.20220387,0.07383879,-6.5837836,1.1317023,1.8042738,-1.1804625
0,/data_nas/huangyj/data/placePulse/rawData/googleviews-110802files/50f5ebccfdc9f065f000856b.jpg,-0.10672115,-1.4671571,-1.1496893,-1.8913894,-4.955424,-1.2219363,0.36193123,1.7406701,2.3195598,-1.4562075,-0.5519918,1.4360504,-0.95168823,2.077138,-0.36854997,1.5700425,-1.8131142,-2.1804485,-1.2226126,-0.9781332,0.9697438,1.679868,3.0093422,-1.7196563,8.732464,-1.3337009,0.22835122,0.9962653,4.11307,-1.5767229,-0.5051754,0.1469192,1.2645224,-2.7252455,-5.4078393,0.5963027,3.7320387,-0.8089152,-0.42377385,-2.381217,1.45832,2.2082055,-0.87542796,2.2145913,2.8418741,-3.0698195,-4.0300093,2.712896,0.94565374,-1.0921389
0,/data_nas/huangyj/data/placePulse/rawData/googleviews-110802files/51414d3bfdc9f04926007533.jpg,-7.2318263,-0.9808213,1.7166228,0.9784228,-10.302151,-1.3372022,1.0903544,0.91208905,-2.1349554,-0.2988519,4.959779,-1.8304535,-0.15727834,1.541043,-0.72750974,-3.9069586,-2.5548797,1.8199801,3.0948522,2.7066672,-0.62170017,0.11963439,-0.61028975,1.2608246,8.51848,-2.3432791,1.4278859,0.47161177,5.5906186,-1.2527765,2.1336164,-1.4377818,0.22959523,-1.716475,-0.75497127,-2.8676665,5.560554,-3.533155,-1.4114811,0.013810759,0.4677692,-1.915017,-4.404307,0.984165,-1.1837041,0.46280167,-3.965415,-0.3541799,0.60225546,-0.8264855
0,/data_nas/huangyj/data/placePulse/rawData/googleviews-110802files/51421c42fdc9f04926008537.jpg,-2.472191,-1.943548,0.05468309,-2.643652,0.63235164,-3.611886,-11.61144,1.6258124,1.0463057,-0.5156537,0.31538492,0.8669269,-1.5916743,2.0790558,-1.831013,-0.41116956,-3.9967997,-1.929986,-1.2396349,-0.8618972,-0.47019365,1.961581,2.679056,-3.0766354,6.5669465,-4.5248404,0.35370362,1.9009266,4.7143445,-2.185736,0.43830347,-1.0707941,1.6693724,-1.1396537,-4.168078,-1.689437,3.3100865,0.017738938,-2.0837247,-1.1711138,0.9219899,0.8202225,-3.2663314,2.3096464,1.5349308,-2.1187265,-2.9142475,2.3841126,2.2585583,-1.0126902
0,/data_nas/huangyj/data/placePulse/rawData/googleviews-110802files/50f42b89fdc9f065f000153e.jpg,-1.0397049,1.223756,-2.8894088,-0.69760513,0.5962353,-0.7694408,-11.109888,0.97065127,-0.75354624,-0.15993343,1.6827439,-3.1992881,-2.1238408,0.85433996,-2.9533057,-2.8956742,-4.843638,0.20008877,-0.38114685,-0.2978251,-2.8380997,1.2219926,4.1343646,-0.75544834,3.9648044,-2.8658054,5.5994453,3.8396904,0.80392116,-0.73392206,-0.27162004,-1.8418332,-2.1231105,1.7874869,-2.8735135,-1.2139478,1.1143423,-0.214694,-0.58419925,-5.2137103,2.5819519,2.6160996,-6.809584,2.1708848,1.2019858,-0.6370769,-5.759496,-0.58688515,2.9346023,-4.4831734
0,/data_nas/huangyj/data/placePulse/rawData/googleviews-110802files/513e6f2dfdc9f0358700c531.jpg,-8.193499,-1.0255584,1.2977679,2.3288167,-6.897593,-0.54175454,-3.7438738,0.59458995,-2.4281757,0.50497234,6.29179,-3.8034625,-0.36376986,0.9869548,-0.9506083,-4.6116905,-1.6905371,2.7860527,3.1135254,3.3777673,-1.7606194,2.0109928,-0.43885118,2.4017107,8.42901,-2.993644,4.981674,0.5007305,4.633968,-0.96501446,1.8001838,-2.685742,-0.69943637,-0.9846719,-0.87970316,-3.022943,4.435152,-3.8853018,-1.1853728,-0.26805922,1.4439483,-1.9548583,-3.4718597,1.4132739,-1.5485911,1.7436945,-6.478943,-0.9279904,0.7712207,-2.4986615
1,/data_nas/huangyj/data/placePulse/rawData/googleviews-110802files/513cc226fdc9f0358700153c.jpg,-2.4591157,-1.913012,0.15086766,1.099602,0.99562156,1.6592873,-14.396995,-0.10348801,-1.4248577,0.41121247,4.2867002,-3.255242,0.24240045,-0.18491386,-1.2481289,-2.8734217,-1.3901656,0.6686999,1.0479226,3.9267335,-1.384745,0.85253567,0.5160183,3.3399563,11.089182,-1.5817376,3.4283488,0.9046449,4.3767014,-1.0394293,0.67582965,-3.4506488,-1.4206411,-0.18561302,-10.796747,-0.8854226,9.166182,-2.676974,-0.94116604,-2.2957222,0.115961455,-0.342077,-0.19577861,0.25323972,-0.5928628,1.0137764,-7.699555,-1.1872559,0.37180248,-2.8777
0,/data_nas/huangyj/data/placePulse/rawData/googleviews-110802files/513e6163fdc9f0358700b538.jpg,-1.7433045,-1.1022047,3.565953,-0.27985686,-2.0242372,-2.479548,-6.6796103,1.2426757,-1.3043003,-0.75629216,0.08173956,0.56675285,-1.5674144,2.0595036,-0.528525,-2.0382524,-1.8653766,1.6222903,1.1497743,0.52767944,-0.7689689,1.7874912,0.21225148,-1.4710298,-3.666147,-2.9691389,-0.10176976,0.5413007,2.2771719,-1.8176788,2.0231957,-1.876525,-0.0021560453,0.9690003,3.5572798,-2.5686038,-5.141368,1.0292627,-1.1748478,0.7748918,0.102681726,-0.65607476,-3.357467,1.746857,-0.12465827,-0.7208724,-6.9222965,0.15275331,0.6865378,0.2918071
0,/data_nas/huangyj/data/placePulse/rawData/googleviews-110802files/50f5612ffdc9f065f0005535.jpg,-7.8150043,-0.60587645,-1.3226625,1.360584,-5.330649,-0.958663,-9.3991165,0.8063256,-0.9927006,0.4045678,5.5287333,-3.6690252,-1.1537262,1.4055965,-1.7179244,-2.9100957,-2.0195858,1.4774835,1.6554284,2.2474942,-1.4560733,2.6255062,1.2610531,1.3402661,10.685691,-3.2069347,5.9166474,1.1294786,5.054622,-0.98186374,0.89474136,-2.0324123,-0.13103032,-2.109192,-2.3608458,-2.2668455,4.3677344,-3.8215127,-1.1583989,-1.4615625,2.3223789,-0.5709752,-3.406566,1.8933192,-0.4577984,0.43947875,-8.637055,0.5337627,1.5118064,-3.6524265
0,/data_nas/huangyj/data/placePulse/rawData/googleviews-110802files/50f445a8fdc9f065f0003530.jpg,-3.5965502,-1.7336729,0.87267786,-1.7795278,5.420885,-2.918314,-12.209591,2.1346002,1.7106817,-0.9815691,0.470864,0.75757486,-2.3668528,2.380182,-0.9449759,0.5929066,-2.599379,-0.88928795,-0.8112796,-0.4797705,0.93097484,1.3127867,2.7271001,-1.5642667,8.12881,-3.5742116,-0.7958109,1.4225689,4.858344,-2.388377,0.23717272,-0.50018454,1.9419211,-2.993317,-5.2271194,-0.32319131,-1.9550698,-0.7974514,-1.7980438,-0.6017115,0.19684672,0.6639733,-2.323217,1.9863925,1.1155248,-2.3655245,-10.818833,3.1286545,2.0978742,-0.27627292
0,/data_nas/huangyj/data/placePulse/rawData/googleviews-110802files/513d9ed5fdc9f03587008534.jpg,-4.698032,-2.2233877,0.7042688,0.30398637,-5.8412733,-0.8454548,-8.644433,2.1943462,0.855113,-1.7501031,2.8785045,-0.48403078,-2.26577,2.910923,-0.23581162,-0.27908722,-1.0945258,0.5896335,1.5151423,1.8991202,1.5223435,1.2573569,2.2743156,2.3965154,12.523976,-1.8869349,-0.17741856,0.4242015,5.422239,-1.9830946,0.8241701,-0.5059763,1.4164506,-4.4052672,-6.001565,0.31800824,4.596306,-3.5566726,-0.8133632,-0.9165505,0.78004116,0.2859911,-1.8434786,1.7736707,0.6162594,-2.3514721,-11.247115,2.4532611,0.58238506,-0.3423821
0,/data_nas/huangyj/data/placePulse/rawData/googleviews-110802files/513e1bcefdc9f0358700957d.jpg,0.415194,3.0285826,-5.0792093,-0.061311822,-8.854996,-0.57811826,-8.9685755,1.595696,-0.05032531,-0.8134344,1.2174827,-2.3464918,-3.665819,2.0172234,-2.3901093,-1.3295022,-3.2214093,0.82498497,-0.10374572,0.025048388,-1.3675963,0.82670534,4.317564,1.5944519,4.3462815,-0.9901554,5.246541,2.987882,0.9079808,-0.33050877,-0.32681766,0.11127777,-1.3462833,0.41296288,-1.3635771,-0.5368147,1.0260868,-0.9343701,0.09245885,-4.5059485,3.6290135,3.4937506,-6.7664385,2.0344477,1.2938211,-2.06025,-9.245109,-0.13494197,1.9731108,-4.299045
0,/data_nas/huangyj/data/placePulse/rawData/googleviews-110802files/513d79a2fdc9f03587006577.jpg,2.0451078,1.1433183,2.7575395,0.30767193,3.9307945,-4.6360483,1.3955307,2.4705737,-1.915717,-0.40819997,-0.40078697,2.3617432,-0.5426763,3.7088423,0.018539118,-2.5993104,-1.2298429,3.1345353,1.7855544,1.853354,-0.46653,2.4863737,-1.6866679,0.023027647,-5.395455,-2.7939155,0.07846987,-0.6571202,3.757021,-1.7698029,3.3243313,-1.1426343,2.027749,2.7240484,-2.1990516,-5.341686,-6.053457,1.3518403,-2.1680145,3.3431327,1.3894008,-0.62456256,-3.7518325,1.751026,-0.75478053,-0.8057773,-2.6153243,-0.56117344,-0.7662108,0.97583437
0,/data_nas/huangyj/data/placePulse/rawData/googleviews-110802files/514091bafdc9f0492600057f.jpg,-9.042624,-0.8239044,0.5905413,2.2020793,-7.726703,-0.14971304,-8.398766,1.1997019,-1.851937,-0.8784132,6.268896,-3.3754728,-0.651487,2.1067007,-1.2725564,-3.055178,-1.585776,2.98846,3.691755,3.445427,-0.30929387,1.1837881,0.47626802,2.3467991,11.731157,-1.7681484,3.204273,0.5244061,5.7991123,-1.1329712,1.8846219,-1.6582651,-0.5830155,-3.1958535,-2.1921995,-1.991304,5.5489984,-4.9838347,-0.89767784,-1.1029539,1.5588061,-1.438187,-4.244006,1.4782043,-0.93237734,-0.063991,-10.561602,0.43516794,0.62341493,-1.7420691
1,/data_nas/huangyj/data/placePulse/rawData/googleviews-110802files/513d2e48fdc9f0358700257a.jpg,-3.265624,1.5010744,2.0483682,2.1523538,3.4393907,0.63792795,4.663856,1.6867914,-2.7318063,-2.2901046,2.3546863,-1.6764182,0.8360412,1.7025831,-0.8670452,-2.9179738,-2.560195,4.160429,3.857233,1.9516473,-0.73963606,1.3890207,0.7327111,-0.99191284,-0.3623138,0.7973584,2.1101985,1.1032747,1.5433252,-1.022459,2.3685973,-1.3470585,-2.6957598,0.32376957,0.62039274,-1.8417754,-4.911529,-1.154692,0.13502605,-2.8738933,1.4114509,0.9654946,-6.071,1.8870281,0.47459885,-0.63622785,-8.038775,-0.7897015,-0.18758862,-0.5246903
0,/data_nas/huangyj/data/placePulse/rawData/googleviews-110802files/50f5ebc8fdc9f065f0008523.jpg,-2.2607143,-2.6765378,4.354107,1.467454,-2.5861957,0.21817176,-7.929224,2.5970132,-0.12079925,-3.3771672,0.5580384,-0.7365555,-3.947586,3.343237,0.54473054,-1.0762941,-0.9640283,2.3802524,2.7517185,1.2331381,0.90074474,2.695248,3.4638267,2.3564472,0.016986394,-1.5632381,-0.76567185,0.97844845,-0.16793498,-2.1903238,1.4159633,-1.5428983,-1.0248307,-1.8375237,2.426744,1.6128223,-6.157464,-0.9990549,0.8387094,-1.9338455,0.4426929,1.0748057,-3.0748117,2.751508,0.25019172,-2.2461178,-14.175165,1.2155592,0.69352573,0.6695962
0,/data_nas/huangyj/data/placePulse/rawData/googleviews-110802files/50f42b89fdc9f065f000152b.jpg,-3.6582747,-1.936893,2.289144,-0.2964434,-1.3926221,-1.1115025,-4.8294945,0.53891635,-0.9048943,-0.35182983,1.2382548,-1.4374115,-2.731371,0.37618977,-0.9762747,-3.1320024,-3.6889036,-0.0071817115,0.6201479,0.19710533,-1.3393693,0.54497427,1.9850594,-0.0034713713,-0.45369926,-3.550865,0.69264996,2.0820017,0.34664187,-1.7746195,0.61313397,-2.1724925,-0.38313708,0.083475575,3.3992946,-0.12522405,-4.6192493,0.08097154,-0.6453569,-1.3341843,-0.85687625,-0.25861922,-3.431886,1.404539,-0.7419595,0.19535284,-6.7027745,-0.2531323,2.2200365,-1.2057455
1,/data_nas/huangyj/data/placePulse/rawData/googleviews-110802files/513d7988fdc9f03587006524.jpg,-3.1906972,-0.8786378,0.48706043,-0.80651706,0.6819784,-3.6867871,-15.013338,2.0666487,-0.1404517,-0.05111453,2.699694,0.1795835,-1.9069626,2.7743664,-1.3758912,-1.421422,-2.4499946,0.37557924,0.55462706,2.1773577,0.26586655,1.0481639,0.812088,1.3819182,10.466679,-4.1749215,0.22950727,0.57406837,6.8298945,-2.2264855,1.5751197,-1.0004439,2.656965,-1.7501186,-9.111975,-3.0096476,5.5570145,-2.1371381,-2.864943,0.9939412,0.5703644,-0.47636437,-3.0898454,1.3613166,-0.3828654,-1.42163,-7.057688,1.6178529,1.1659089,-0.5466919
0,/data_nas/huangyj/data/placePulse/rawData/googleviews-110802files/51414d81fdc9f049260075e3.jpg,-3.7049851,-0.6221769,1.2850865,0.02667839,-8.035436,-1.7022831,-3.711592,1.3351154,-1.638653,-0.50836223,3.3040707,-0.4853378,0.012140963,1.9228072,-0.842335,-2.5088878,-2.3960438,1.2704556,2.1757185,2.52353,0.011997403,-0.31336173,-0.43622893,1.0136147,8.432623,-1.80981,-0.014389805,0.29118162,5.6940117,-1.3579595,1.9266108,-1.1030157,0.660056,-1.2374291,-4.735614,-2.8909452,8.65061,-2.541271,-1.716268,0.057427958,0.43754834,-1.0280184,-3.7623796,0.7827341,-0.44884464,-0.65738183,-1.5867301,0.020414973,0.21120447,-0.16110681
0,/data_nas/huangyj/data/placePulse/rawData/googleviews-110802files/50f5ebd2fdc9f065f00085e7.jpg,0.86411065,-1.0949707,3.1491096,0.6404954,-4.6693125,-0.11658437,-11.471274,2.057691,-1.2730777,-2.3157575,0.6045954,-0.66468626,-3.431643,2.9529366,-0.4392194,-2.101603,-1.9989973,2.3018548,2.1469815,2.0232596,-0.049999557,0.99597365,2.431352,3.1002715,0.20209578,-1.5745745,-0.746618,1.3889099,0.8509268,-1.7505177,1.5289911,-1.7174449,-1.6019568,0.7318705,-1.5141733,-0.1954686,-1.2170354,-0.2844353,-0.1953001,-1.7293001,0.25828573,0.9179808,-4.262689,1.7035985,-0.18401822,-1.7589724,-11.852486,-0.55033517,0.776642,0.10503017
1,/data_nas/huangyj/data/placePulse/rawData/googleviews-110802files/513cc2dbfdc9f035870015e9.jpg,-2.3298883,0.99787426,0.41986626,0.9492566,2.9087875,-0.86472887,6.9003983,0.52767116,-2.5125315,1.079204,3.9061096,-1.8378807,0.8856668,0.1883674,-0.885311,-4.8434443,-3.3299537,2.1946497,1.5797925,3.2589853,-1.6291262,0.39445245,-1.0585932,2.1248035,6.184715,-1.8823371,3.320811,0.8515722,5.3208823,-1.1456867,1.1376808,-1.948195,-0.44222033,1.6174538,-7.766667,-3.2726367,-0.8342915,-1.5681089,-2.0674508,-0.13597956,0.29656738,-0.90021175,-3.134813,0.13902716,-1.1612849,1.7988436,-8.094102,-2.3921142,0.6078637,-2.4861698
0,/data_nas/huangyj/data/placePulse/rawData/googleviews-110802files/513e61d4fdc9f0358700b5e4.jpg,-1.7132987,2.7907987,-2.8675814,-0.58116996,-4.977216,-3.1593752,3.0701444,1.8219041,-1.028193,0.44335368,1.9085237,-0.99559873,-1.1238544,1.7283299,-1.8355784,-2.985186,-4.053652,1.214879,0.16745728,0.1434162,-1.9302609,1.5715584,1.4640392,-1.3299285,3.5269144,-2.741979,5.455973,2.1184704,4.0649333,-0.9150906,1.0306017,-0.31447524,0.45121077,1.1770346,-1.2883728,-3.8783026,-0.69534266,-0.4618452,-1.7194748,-1.5736401,3.0921295,1.4859403,-6.822002,2.08806,0.77845395,-0.64392775,-3.5915036,-0.20524696,1.639359,-3.6361806
0,/data_nas/huangyj/data/placePulse/rawData/googleviews-110802files/514139adfdc9f04926005512.jpg,-3.3865051,-2.2279656,1.9400321,-1.9464761,-0.75130403,-3.8709307,-7.1538544,1.7917552,0.68621117,-0.20178042,1.3420606,1.8787248,-1.6076292,2.6176517,-0.55221206,-0.8282907,-2.3491924,-0.6140863,-0.13500968,1.1683639,1.0469398,0.7406724,0.31765735,-0.3844501,9.562727,-4.1610785,-2.112448,0.32755014,8.286544,-2.6382325,1.451454,-0.61429775,3.0935411,-2.386596,-7.2648106,-2.5075827,0.6389668,-1.1643142,-2.926624,1.9801959,-0.49746564,-1.204561,-1.636888,1.1388406,0.244986,-1.5869969,-10.87026,2.1496418,1.1006544,0.6726379
1,/data_nas/huangyj/data/placePulse/rawData/googleviews-110802files/513d7f09fdc9f0358700751f.jpg,4.6915593,1.2957948,-0.6820306,-1.7699513,-0.6132205,-2.7458427,-6.9948277,1.7255439,-0.6605486,-0.23941682,-0.68383825,0.46172556,-3.7905195,2.2865036,-1.9009138,-3.0903492,-4.3598747,0.53195304,-0.78445184,1.03696,-1.2430084,-0.14452788,2.3778903,2.5208087,1.0887189,-3.7042458,0.714243,2.7962646,3.1901443,-1.9132115,0.81923777,-1.0925866,0.108676255,3.3012867,-7.419261,-2.3724425,-3.810914,1.5198375,-2.1513343,-1.1344154,0.7162826,1.6981057,-5.6160426,1.128094,0.12563993,-1.1382082,-12.390468,-1.3840966,2.0416753,-1.8320786
0,/data_nas/huangyj/data/placePulse/rawData/googleviews-110802files/50f5612efdc9f065f0005515.jpg,-8.39284,-1.6488817,1.4281783,0.8499567,-0.49019822,-1.649016,-4.813505,1.1121408,-1.2325656,0.29087752,4.8736157,-2.8877141,-0.63348275,1.1684123,-0.98244953,-3.4593844,-2.5687926,1.8131512,1.6654867,1.514132,-1.6240774,3.041962,0.8412988,-0.5796241,8.080795,-4.0962057,4.934306,1.3778777,5.1178136,-1.5241953,1.3520378,-2.5455613,-0.12531821,-1.4781022,-0.7797681,-2.6491132,-0.31655604,-2.7529366,-1.5374141,-0.83911645,1.4958658,-1.1420345,-3.5062017,2.2245445,-0.1983637,0.8240853,-8.997451,0.7040865,1.7510105,-2.615774
0,/data_nas/huangyj/data/placePulse/rawData/googleviews-110802files/513d79bafdc9f035870065c1.jpg,-3.5926788,-2.317805,0.63346195,-2.3910036,-1.4696677,-5.4811683,-7.035341,2.261867,1.5132965,0.35499692,1.0467829,1.9892528,-2.4181988,2.7235305,-0.5994277,-0.5224064,-2.8549995,-1.7024196,-1.1191179,-0.01063179,0.37803856,2.5546334,1.2240314,-1.2106173,8.864832,-5.823303,0.052087285,0.57127285,7.097065,-2.7132337,0.9917634,-0.41724643,4.451718,-2.2991843,-5.4199376,-2.739678,1.9506754,-0.78235304,-2.9909976,2.1515687,0.7528987,-0.4585298,-1.7767714,2.281701,0.51730907,-1.7380812,-4.6066422,2.9423957,1.7305293,-0.3603713
0,/data_nas/huangyj/data/placePulse/rawData/googleviews-110802files/5140c9a4fdc9f049260025c8.jpg,2.6376128,2.5869873,2.1365175,3.0461855,4.4957013,0.31337786,-7.209789,2.4096315,-2.6574762,-1.9081622,0.9381695,-0.25050187,-0.83310217,3.3956666,0.1417268,-1.4254789,1.1176805,5.5613213,3.671829,4.167715,0.8548941,1.6791201,-0.9409764,4.3048153,-2.4255435,1.6551687,0.59472615,-1.1876286,2.1092846,-0.9964787,2.6360729,-1.1177255,-1.5907114,1.5532166,-5.138791,-2.420055,-5.944167,-0.55456585,-0.2959448,0.7128102,1.6090169,0.72539383,-3.1124132,0.8338969,-0.78102976,-1.1068237,-15.5518,-1.4506112,-1.6706035,0.65994084
1,/data_nas/huangyj/data/placePulse/rawData/googleviews-110802files/51421c94fdc9f04926008596.jpg,-2.6127038,-0.061576337,-3.8023942,-1.4649922,1.8896196,0.18428992,-7.710411,0.5076574,1.2672191,-0.5504124,0.4739536,-2.1733296,-1.4280139,0.08958476,-2.2916625,0.02079374,-3.7614572,-2.041938,-1.685882,-1.9543865,-1.3449266,1.5141637,4.5775146,-3.0902274,5.624804,-1.5406182,4.3835793,3.1065145,0.6853527,-0.74690896,-1.5777252,-0.9162607,-1.2840701,-1.2463081,-1.063526,1.2518384,-0.2970042,-0.2256436,0.23398443,-5.512427,1.9668133,2.9436586,-3.4722106,2.0683963,2.4013472,-1.5001726,-5.6464143,1.5126333,2.830247,-4.0177317
1,/data_nas/huangyj/data/placePulse/rawData/googleviews-110802files/514091c3fdc9f04926000596.jpg,-4.99268,0.5855629,-1.9335274,-0.56321955,5.0206194,-1.0678116,-4.122295,1.1751986,0.28085417,-0.22286396,2.1611946,-1.9111476,-1.2571204,0.6485449,-1.7210335,-1.2467356,-3.6309266,-0.029010229,-0.32470107,-0.25416657,-0.67030704,0.9135195,2.7155528,-1.6334498,7.444231,-2.2321675,3.4645398,2.315037,3.4284925,-1.4002739,-0.22913729,-0.8285785,-0.052077394,-2.0098655,-2.952957,-0.44397318,-3.6592243,-1.3764058,-0.9511428,-2.901169,1.1414219,1.2540783,-3.9528332,1.5961521,0.84658974,-0.7299514,-10.3362055,1.33242,2.5016248,-3.1016877
0,/data_nas/huangyj/data/placePulse/rawData/googleviews-110802files/50f5e8e2fdc9f065f0007597.jpg,-5.0317926,-2.4292386,1.86201,-1.3882861,4.831379,-3.1375813,-7.1248164,1.8615152,2.480861,-0.4707846,-0.213023,1.2959726,-4.348179,1.7777064,0.023352003,0.78744376,-1.5102836,-1.3876799,-0.9856183,-0.8878333,2.0692594,0.49396843,2.194816,0.43588364,4.981202,-4.0723815,-2.524256,0.45059416,3.0596602,-2.8095353,-0.1617316,-0.08413024,3.9159708,-4.6135187,-0.15358162,1.5845832,-9.683615,-0.71392554,-1.4670696,2.184303,-1.4131824,-0.7104411,-0.048551843,1.1461174,-0.53617865,-1.6626346,-13.894254,3.3712525,2.174363,0.55009127
1,/data_nas/huangyj/data/placePulse/rawData/googleviews-110802files/5140c996fdc9f0492600259f.jpg,-8.390734,-1.6352484,1.5089954,-0.5736634,2.6695678,-4.118704,5.0934687,1.865707,-0.6417292,0.34936115,3.6255887,-1.1150154,0.2762361,1.3730936,-0.6781463,-3.545581,-4.601192,0.79139173,0.74732804,-0.49280414,-2.1730907,4.13063,1.2255317,-4.6030455,5.7310944,-5.438515,5.301149,1.8187206,5.1268106,-1.7944609,1.3133162,-1.8821639,1.2532548,-0.7625502,1.1719393,-3.909663,-1.801012,-1.2579926,-1.937774,-0.7629569,2.1178098,-0.45270586,-4.9876413,3.447169,0.8760147,0.25118247,-0.59034264,1.5222566,2.2022188,-2.5997286
0,/data_nas/huangyj/data/placePulse/rawData/googleviews-110802files/50f445aefdc9f065f000359a.jpg,-6.836226,-0.7714446,1.1135057,-0.39970335,0.4572821,-2.4630702,-5.1004615,1.2308929,-0.4610709,-0.11630348,2.2021184,-1.7506046,-2.0666454,0.9807478,-1.247885,-2.4546878,-3.784738,0.8509949,0.4931214,-0.63141304,-1.4066972,1.6372848,2.1128836,-2.351622,2.6851704,-4.1795073,3.1102421,2.310654,2.467661,-1.7582389,0.6549067,-1.4844404,0.17024447,-1.1424935,3.8779132,-1.5100403,-5.687768,-0.73130053,-1.1536994,-1.2882998,0.8316254,-0.059209436,-5.0557733,2.2379034,0.19403309,-0.19235088,-8.242934,1.1702466,2.647767,-2.1788545
0,/data_nas/huangyj/data/placePulse/rawData/googleviews-110802files/50f5ebd3fdc9f065f00085fd.jpg,-2.9632301,-3.2832239,-0.22894773,-2.283973,0.96956277,-1.7361085,-7.9473305,1.5770665,3.2647667,-1.2187833,-0.6531166,1.2059922,-2.3673081,1.6901399,-0.23511979,2.1721435,-1.7286712,-2.8442059,-2.0158706,-1.7073531,1.2902987,2.2314556,3.699577,-2.2432394,8.564182,-2.930083,-0.31643495,1.2206076,3.5456843,-2.1138687,-0.9699799,-0.11438642,2.0959811,-4.187258,-3.3299983,1.9407215,-0.77673244,-0.5592018,-0.5111487,-1.5053097,0.42318803,1.4371098,0.3856366,2.362483,2.3807259,-2.9142678,-8.492393,3.9522352,1.7991412,-0.76579887
0,/data_nas/huangyj/data/placePulse/rawData/googleviews-110802files/513e6fbefdc9f0358700c5f3.jpg,-6.7027435,1.2348375,-2.7887497,1.8335621,-6.2346787,-0.3361703,-7.004248,1.1262331,-0.87474626,-0.031245088,4.9817014,-4.0854516,-1.6990069,1.378763,-1.627872,-2.4163399,-1.9651597,2.2361112,1.645793,1.7555499,-1.4003645,2.49993,2.1369715,1.6171496,9.067568,-1.9474908,6.985324,1.5068799,3.4304788,-0.66527134,0.4457466,-1.2275448,-0.8291455,-1.8792993,-0.69659245,-1.5796225,1.882878,-3.575937,-0.35342103,-2.6220665,3.1347902,0.7867869,-4.6395774,2.1259444,0.034376588,-0.04066239,-10.030038,0.4135088,1.5835874,-4.358316
1,/data_nas/huangyj/data/placePulse/rawData/googleviews-110802files/50f42f00fdc9f065f0002586.jpg,-2.8654025,-4.1741467,4.2448745,-0.44685486,-14.276087,-0.9804933,6.3408785,2.7611504,0.74896914,-3.0591443,1.3005041,1.4259391,-1.9761157,3.5602589,0.9777173,-1.4391104,-1.5909756,0.09005904,2.3740005,1.0250415,1.3346237,1.7997305,2.3355527,1.1899005,9.229721,-2.2509222,-2.3985534,0.67878735,5.321414,-2.7833552,2.0834515,-0.7852773,1.3306823,-3.334289,-2.6102903,0.36123607,3.8283134,-2.659269,-0.70087963,-0.9354441,0.595915,-0.013503691,-2.2636168,2.468871,1.2348549,-2.7397783,-6.948828,2.2149894,-0.092506595,1.4110416
0,/data_nas/huangyj/data/placePulse/rawData/googleviews-110802files/513e228dfdc9f0358700a582.jpg,-6.8030653,0.50015426,0.20837452,0.8220835,8.952851,2.0603201,5.075191,0.33465973,-1.2622069,-1.9640126,2.1892118,-2.185238,0.9446576,-0.41109768,-1.6487315,-1.7344245,-4.0716376,1.078772,2.075921,0.30849946,-0.12294536,-0.60808414,1.9405895,-3.3055477,3.0287712,1.3155844,0.6109219,2.040708,1.2956942,-1.215132,0.6716818,-1.3316873,-2.6935785,-2.6469035,1.6660681,1.377877,-8.228032,-1.3500929,0.5896017,-4.694531,-0.61720204,0.8704929,-4.1263876,0.84748906,0.62453985,-0.44207788,-11.332078,0.3811079,1.4632441,-1.2953869
0,/data_nas/huangyj/data/placePulse/rawData/googleviews-110802files/51414d5afdc9f04926007581.jpg,-5.2076516,-2.9548542,1.0481656,-1.1605341,-9.365157,-3.002049,5.167709,1.0482495,0.5327886,0.23530717,2.15157,-0.09370805,-1.4977752,1.3701333,-0.55217427,-2.659805,-2.982741,-1.560808,-0.01347094,0.054098144,-0.91903514,2.7865617,1.060505,-1.26016,6.5927687,-4.8789067,2.1530652,1.0259577,5.2332287,-2.2179747,1.090421,-1.6206479,2.3109527,-1.6872517,0.52887905,-1.9809989,1.2553844,-1.3675109,-1.9961447,0.21502587,0.8194922,-0.89124924,-1.6701603,2.1201565,0.20512487,-0.0617456,-2.3263035,1.4483912,1.493304,-1.7099559
0,/data_nas/huangyj/data/placePulse/rawData/googleviews-110802files/50f445adfdc9f065f000358f.jpg,-6.5863695,-1.0342815,3.4590385,3.0514934,-1.5926553,1.5300583,-13.023808,1.1748962,-2.844422,-2.2704747,4.336682,-4.2484736,-2.2394662,1.6711698,-1.0727705,-3.6477869,-2.36985,3.940404,4.4026585,2.875438,-1.0511644,1.2330685,2.3313103,2.5797958,1.8147342,-1.2787459,2.081737,1.7035764,-0.17209461,-1.272233,1.6963259,-2.8243616,-3.2426221,-1.0671442,3.2679539,0.11441061,-1.8977683,-2.841967,0.8436917,-3.2084353,0.2374922,-0.19991031,-5.4334874,1.9565097,-1.4245862,0.020422757,-12.175754,-0.7844644,1.3185682,-1.2857372
0,/data_nas/huangyj/data/placePulse/rawData/googleviews-110802files/513e619dfdc9f0358700b58f.jpg,-2.1579843,-1.8139207,-0.085690364,-2.3739572,-4.518783,-3.5851498,-7.1483946,2.4685764,2.5472517,-1.4227756,-0.5424125,2.0779743,-3.192649,3.1258457,-0.6145319,1.3396633,-2.2970846,-1.95934,-1.0805355,-1.1908292,1.3872201,1.7810673,3.2070756,-1.4598767,7.912995,-3.5220404,-1.2627535,0.9694495,4.896156,-2.3110278,0.24134578,0.6036257,3.1525068,-3.4981227,-3.0293984,-0.095944405,0.45110083,-0.73233557,-1.4705234,-0.11813129,0.97470146,1.1269516,-2.1357129,2.3662398,1.8120934,-3.438543,-7.5155263,3.7660396,1.6676309,0.02791914
0,/data_nas/huangyj/data/placePulse/rawData/googleviews-110802files/513d9eedfdc9f0358700858a.jpg,2.891656,4.63403,-4.751941,-0.7357179,-4.2529984,-2.2696557,-5.683349,2.2972138,-0.18382949,-0.35464293,0.22290194,-0.21298684,-2.3078,2.4994426,-1.8839228,-0.5055928,-2.7956624,1.2748406,-0.47358632,0.3793706,-0.44513735,0.15643446,2.4103286,1.0272572,4.568651,-0.5261583,3.7086365,1.8352276,3.091685,-0.4846538,0.18960226,1.1048847,0.17790608,1.0093622,-6.0043063,-2.5491064,1.2506514,-0.22829387,-1.2676524,-2.2910416,3.390853,3.3056557,-6.5504537,1.5422555,1.420915,-2.4113026,-7.213415,0.027915789,1.2373717,-3.0363824
0,/data_nas/huangyj/data/placePulse/rawData/googleviews-110802files/513d5b92fdc9f03587003580.jpg,-10.004427,-0.43232703,1.5123047,0.48525134,2.2151275,-2.426479,8.513107,-0.06165774,-1.6950778,1.3146406,3.7259233,-1.7940929,0.63120204,-0.98634505,-0.30977583,-3.5511029,-3.4189816,0.7551496,1.0274987,-0.10484127,-1.5821142,0.45447302,-1.0419888,-3.1436534,1.0989237,-2.9731631,2.6919408,0.81366086,1.8392483,-0.76648873,0.7565063,-1.430679,0.9874987,-1.4082904,7.11603,-2.2894669,-5.849151,-1.3007598,-0.9107127,0.71567523,-0.61394894,-1.7541573,-3.4446993,1.4570626,-1.2156662,1.7567056,0.057218995,0.13974194,1.9950236,-1.5048567
0,/data_nas/huangyj/data/placePulse/rawData/googleviews-110802files/513d79a8fdc9f0358700658b.jpg,-1.0276229,-0.919472,0.02557062,-3.764315,2.710477,-7.6410604,-0.026112966,2.211217,1.7618024,1.1256284,-1.4854058,4.226292,-1.8302112,2.7724936,-0.40491268,-0.19517085,-3.1904643,-1.9285768,-2.673538,-1.41593,-0.011749144,2.2059023,-0.04361644,-3.8660698,2.5348122,-6.401829,-0.29516163,0.2526842,7.571305,-2.7782955,1.1242497,0.07950889,5.6910996,-0.40287563,-3.3725262,-4.26083,-5.7998505,1.810167,-3.6263463,4.2746906,0.71837574,-0.6335458,-1.6353021,2.1620786,0.7578335,-1.6840771,-3.934826,2.7082875,1.6336827,-0.32341164
1,/data_nas/huangyj/data/placePulse/rawData/googleviews-110802files/50f60879beb2fed6f800055d.jpg,4.370319,-0.15389591,1.2694333,-2.3806777,7.310475,-3.734011,-3.5836055,2.3367202,0.1846669,-0.32089064,-0.7293922,1.8773818,-1.1817784,2.8299685,-0.80744904,-1.8037486,-3.5753186,0.49340445,-1.2764206,0.86406803,-0.8513199,2.1495457,1.5168213,-0.25954738,4.9716935,-4.2105355,0.9197554,1.9537336,6.421154,-2.4196475,0.890422,-1.3714707,0.7892741,2.8980534,-13.052945,-3.7248251,-2.2408984,1.6522242,-2.8755977,-0.4624665,1.2180479,1.6360219,-3.6078434,2.2485037,1.7478628,-1.5043054,-10.627467,-0.02577961,1.4344965,-1.2371048
1,/data_nas/huangyj/data/placePulse/rawData/googleviews-110802files/50f42efffdc9f065f000255c.jpg,-4.727788,-0.7716832,1.6230263,-0.53862226,-5.376944,-3.3670943,13.236242,2.4079862,-0.640993,-0.7796851,2.5295718,0.23050149,-0.029660866,2.599166,-0.26034233,-3.619828,-3.6860046,1.4106474,1.7029079,0.34366807,-1.1308432,3.0472174,0.8392689,-2.6119075,5.5112963,-3.7314553,2.9082983,1.488081,6.299784,-2.1162155,2.3714724,-1.0557711,1.2776442,-0.4579653,-0.37474182,-3.696321,-2.1107395,-1.3575468,-1.9647696,-0.6379044,2.2229145,-0.06822207,-5.2902875,2.991997,1.0148981,-0.7990324,-4.073153,1.0112667,0.74940693,-1.4447894
0,/data_nas/huangyj/data/placePulse/rawData/googleviews-110802files/50e5f7dad7c3df413b0005ac.jpg,-8.913486,-0.6885471,0.3554958,2.0114055,-5.647971,-0.9686565,-10.11485,1.1577749,-1.5816181,-0.14781691,5.9868855,-3.2905166,-1.0243448,1.9830618,-1.2914248,-2.9730747,-1.2564787,2.8399346,2.9435177,3.124093,-0.6389776,2.1058216,0.26403245,2.0732915,10.487362,-2.7856984,4.2390037,0.37513885,5.819949,-1.251638,1.7148812,-1.9312129,0.027337443,-2.7014008,-1.7827526,-2.5617256,3.416064,-4.401307,-1.3630875,-0.1882568,1.8202368,-1.5432372,-3.5828462,1.6722285,-1.0313113,0.31351978,-11.190651,0.63353527,0.94320446,-2.1839132
1,/data_nas/huangyj/data/placePulse/rawData/googleviews-110802files/514139f2fdc9f049260055af.jpg,-6.24503,-1.489636,0.2548074,-1.1487653,11.917384,-0.37800074,5.5506577,0.6135961,1.1149857,-0.7360413,1.1261756,-0.57483214,-0.24936394,-0.16033643,-0.9620111,-1.0169992,-4.1374536,-1.1480253,-0.7334452,-1.0010294,0.0842971,0.88452953,2.530085,-4.0244284,6.239798,-2.0338326,1.0832617,2.220148,3.9619865,-2.2095523,-0.38466012,-1.1806144,-0.00517739,-3.1568062,-2.1429849,1.2154113,-10.59712,-0.5415258,-0.620248,-2.89945,-0.58305305,0.7378172,-1.6962842,1.4719386,1.2766967,-0.6328852,-13.828093,1.8649974,2.3442125,-2.0658956
1,/data_nas/huangyj/data/placePulse/rawData/googleviews-110802files/50f5e8ccfdc9f065f0007503.jpg,-5.810382,-2.8199108,0.6230553,-2.2724242,16.216888,-3.9986367,-0.5942746,1.7806494,3.7022223,-0.5206967,-1.1715233,2.2252948,-3.6013222,1.359943,-0.12225885,1.4221598,-3.0960107,-3.685756,-2.1355588,-2.4385114,2.180487,0.510627,3.1880457,-1.6527857,4.9016542,-4.8933015,-3.2673335,0.88732076,1.6810142,-3.2903693,-1.0489386,0.22114633,5.453062,-5.9798694,-1.4424442,3.1451256,-12.553184,-0.2327281,-0.9400215,1.7514834,-2.1291876,-0.3608843,0.95460206,1.4888948,-0.7017792,-2.0591135,-7.4379067,4.197963,2.7385273,0.18829325
1,/data_nas/huangyj/data/placePulse/rawData/googleviews-110802files/513d2da8fdc9f03587002507.jpg,-8.365182,-1.9440911,1.3998866,1.4425491,-6.3152213,-0.09539139,-6.8136063,1.1149644,-1.5993211,-1.0835903,5.6883664,-2.743414,0.35637876,1.9146571,-1.112641,-2.8435748,-1.9825622,2.0712948,3.343919,2.8247507,-0.3934166,1.2259599,0.65709466,0.74914664,12.25423,-1.8465987,2.396681,0.740083,5.919956,-1.153731,1.7720385,-1.8530365,-0.7808326,-2.9673862,-3.4775522,-1.8906918,8.07605,-4.5480657,-0.7994844,-1.8162438,1.2857176,-1.257379,-3.7561846,1.6271079,-0.15475564,-0.29422277,-6.5601616,0.7077745,0.49549246,-1.3127663
0,/data_nas/huangyj/data/placePulse/rawData/googleviews-110802files/5140917ffdc9f0492600050c.jpg,-4.1427584,-0.6046037,3.318855,-0.69330764,3.7125726,-2.9012434,-7.681083,0.5076937,-2.8863542,0.6551844,2.0827198,-1.0661917,0.30429724,0.5966661,-1.9358642,-4.254364,-4.5966406,1.2542315,1.1061012,0.7334438,-2.4989426,0.10087626,-0.40605897,-2.8828793,-0.7696413,-4.0419917,1.3510695,1.5002229,2.973147,-1.3144581,1.7237006,-2.8784473,-0.5398683,2.128246,0.79278815,-4.0908246,-0.46910053,0.49630833,-2.2812154,0.016192647,-0.5698234,-1.5350777,-5.3164525,1.1300794,-0.87351453,1.1234932,-0.5639609,-1.1266328,2.0748327,-0.89808315
0,/data_nas/huangyj/data/placePulse/rawData/googleviews-110802files/513d7efbfdc9f03587007505.jpg,-1.1600112,3.0515573,-0.041722357,4.3026743,-3.1605735,1.4027057,-8.6321125,2.076257,-2.5442483,-2.0820389,2.2374895,-1.6164453,-0.046753623,2.9863756,0.26991627,-0.2678592,2.6135561,6.084788,4.37719,3.5566437,0.50973594,2.9225338,-0.9339937,2.7875922,-2.493968,3.283888,3.41807,-1.6345828,0.7149394,0.0918733,2.3948917,-0.27747807,-2.3051789,-0.04436382,2.007989,-1.8974248,-2.1955845,-1.9357258,1.0692691,-0.082102336,3.5554173,0.832034,-3.0935419,1.4347566,-0.1742579,-1.315337,-11.162546,-0.5149056,-2.3116772,-0.22155143
0,/data_nas/huangyj/data/placePulse/rawData/googleviews-110802files/5141449bfdc9f0492600650b.jpg,-4.9038925,-0.52086806,1.3447732,2.1925697,0.24685526,2.0921485,0.6136588,1.3257383,-0.7348466,-2.4073913,2.3139467,-2.32847,-1.140243,1.0954845,0.010043718,-1.2707521,-1.0885391,2.6576731,2.6949906,1.3769373,0.41812173,1.4809756,2.2588177,0.86339825,3.1882813,0.9170417,1.7565392,0.97449404,0.6613017,-1.2403305,0.81521356,-1.1757569,-2.2083766,-2.4951153,1.8334794,1.5726411,-6.101785,-2.177164,1.0641245,-3.2841976,0.9082988,1.1402142,-2.9088626,1.7491775,0.6605959,-0.94891685,-13.99404,0.64338875,0.35540155,-1.0800717
1,/data_nas/huangyj/data/placePulse/rawData/googleviews-110802files/513d2da4fdc9f03587002504.jpg,1.578486,-2.904564,2.224759,-0.49173024,-6.8012676,-0.60294986,-0.35096383,0.5967647,-0.7308078,0.5968387,1.6334106,0.4030013,0.12865137,0.45524466,0.544943,-2.788523,-1.1298089,-0.2650177,0.052157633,3.016685,-0.6970407,0.9914876,-0.92237335,3.1612906,7.338635,-2.465785,0.61726123,-0.016650101,5.2682323,-1.5558054,0.95537156,-2.3270051,0.70887804,1.2352507,-9.591442,-1.9200915,8.3096895,-0.85651964,-1.8028368,0.8325901,-0.2139886,-0.92211735,0.7990193,0.3453065,-0.24106392,0.57508945,-2.3452635,-1.2956771,-0.31830943,-0.7465432
0,/data_nas/huangyj/data/placePulse/rawData/googleviews-110802files/50f5ebcffdc9f065f00085b6.jpg,-3.0839624,-0.88665944,0.7741646,-1.6979641,0.36879158,-3.4530814,-1.2013901,1.5850031,0.93007344,-0.4601702,-0.4472757,0.74418753,-2.8422809,1.6819184,-0.74608403,-1.1602292,-3.4313958,-0.3316838,-0.77875286,-1.5438484,-0.49532482,1.2465321,2.3676198,-2.5636075,0.3694199,-4.1387043,0.755819,1.9868623,2.4497592,-2.1012878,0.50169396,-0.5869557,1.5439154,-0.8922792,2.9082425,-0.9314405,-8.395235,0.8007906,-1.1948979,-0.3012236,0.5792348,0.50344795,-3.8724298,2.1649582,0.7813294,-1.4191614,-8.26784,1.7348603,2.1760447,-1.1323853
0,/data_nas/huangyj/data/placePulse/rawData/googleviews-110802files/51413424fdc9f04926004546.jpg,-5.254952,-2.2807,0.79783446,-2.4068255,2.44748,-3.4829516,1.4429668,0.13138671,0.3490272,1.6046234,1.2499417,0.49313292,-0.03745345,-0.2633583,-0.9951879,-1.9221588,-3.87369,-2.3011622,-1.7327831,-0.75503814,-1.088945,1.2021581,-0.042339582,-4.13424,5.008193,-4.6986175,1.3626091,1.0415124,5.916445,-1.7389745,0.24497831,-1.7575225,2.1196728,-0.91940016,-1.1077902,-2.3741405,-2.984629,0.3881715,-2.5990381,0.97272086,-0.57074404,-1.4264429,-0.6996683,1.0372355,0.30594635,0.7020646,-4.3961506,1.1953392,2.3747578,-1.6809171
0,/data_nas/huangyj/data/placePulse/rawData/googleviews-110802files/51408995fdc9f0358700e543.jpg,-6.7627816,-2.7420623,1.8607177,-2.1444027,4.6367946,-4.614806,-7.9382906,1.2248234,2.133584,0.9157592,0.20640033,1.4770548,-3.8309863,0.9881592,-0.21977842,0.20083018,-2.2019405,-2.2801633,-1.7605398,-1.2169514,1.292495,0.2218453,1.0182799,-1.0450025,4.5548654,-5.60552,-2.1479688,0.34135458,3.9647653,-2.7688015,-0.18379164,-0.40969467,5.0168276,-4.221238,1.3975954,0.25709537,-8.697251,-0.31853795,-2.3669343,3.70279,-1.8871229,-1.9088825,0.25322917,0.9030042,-1.157415,-0.6713908,-9.870466,3.2705064,2.658525,0.19288506
0,/data_nas/huangyj/data/placePulse/rawData/googleviews-110802files/513e1bb6fdc9f03587009543.jpg,-8.018871,-1.1193087,2.191486,0.47087678,0.50084645,-1.680195,-4.49078,0.9741864,-1.3659171,-0.23012249,3.3271039,-2.479424,-1.3765703,0.66351366,-1.0195813,-3.3122861,-3.65487,1.7775611,1.5319273,0.3448978,-1.6101332,1.5753295,1.5010009,-1.8926919,2.821898,-3.7861784,3.3308525,2.111352,2.61247,-1.7167253,1.11515,-2.101621,-0.5910445,-1.09806,4.125287,-1.8093524,-5.06651,-1.3597963,-0.8938395,-1.4512933,0.48933613,-0.5624948,-5.051183,2.2141442,-0.23814291,0.4243706,-8.727557,0.541877,2.3086464,-2.1302986
1,/data_nas/huangyj/data/placePulse/rawData/googleviews-110802files/51413423fdc9f04926004543.jpg,-2.4313986,1.5984223,-1.9738153,0.39331368,-0.8277881,-0.32749176,3.8129966,0.85183907,-1.1494979,0.21486227,2.7584357,-2.5503867,-0.8140565,0.20011003,-1.4702672,-3.4370859,-3.9434578,1.1126736,0.5049999,1.1068218,-1.8367465,0.62214893,1.9030156,0.58709645,5.2982955,-1.6421876,4.860392,2.3889441,2.5359378,-0.91641605,0.11805961,-1.286229,-1.1759669,0.68215495,-3.201061,-1.439803,-1.3678298,-1.224555,-0.8690841,-3.1400926,1.5409282,1.427354,-4.9035816,1.3451344,0.29738167,0.34328622,-7.1553,-1.0358684,1.6660672,-3.8777227
0,/data_nas/huangyj/data/placePulse/rawData/googleviews-110802files/514139c3fdc9f04926005547.jpg,-7.318724,-4.1174593,3.0769215,-0.34677985,-11.025896,-0.75026196,10.8164215,0.7254243,0.6597623,-1.8154373,2.1677861,-0.6346536,-0.57531196,1.2479664,0.14040093,-1.9224507,-2.6383646,-1.3145112,1.55574,-0.9024806,-0.15797518,2.088178,2.068495,-2.5586607,6.245653,-3.0076559,0.060585104,1.388595,2.6037989,-1.920279,1.0954785,-1.2774171,0.4216972,-3.4796455,5.0027833,0.2977523,1.596253,-2.4178166,-0.096260116,-2.2797995,0.1862104,-0.4563186,-2.2129543,2.634074,1.15145,-0.7533524,0.31257805,2.222639,1.110906,-0.23863894
1,/data_nas/huangyj/data/placePulse/rawData/googleviews-110802files/51413425fdc9f0492600454e.jpg,-2.851843,-3.331295,3.1582587,-1.2944458,7.4216876,-2.933707,13.151719,3.274466,2.3594072,-2.6329193,0.072794616,1.659825,-1.0807823,3.6346955,0.356759,-1.0176079,-3.7287948,-0.3368658,0.5022439,-1.4846188,0.14391258,4.706905,4.1725507,-3.4840174,6.0668883,-4.6490903,0.79280376,2.032503,3.8253832,-3.2071633,0.8815219,-0.886866,1.6480728,-2.0545807,-4.1425447,-0.24274918,-6.1996117,-0.4348906,-0.6719632,-2.5196738,1.7648531,1.8309397,-3.0730112,4.6420865,2.5224187,-2.7082293,-4.7791805,2.991198,1.3120427,-0.4937522
0,/data_nas/huangyj/data/placePulse/rawData/googleviews-110802files/5140d5c0fdc9f0492600354c.jpg,-4.466509,-1.2445399,1.8681831,0.22765633,4.6388264,-0.28347284,3.600931,1.630031,-1.0166981,-1.755996,2.5911708,-1.552222,1.2764602,1.4768391,-0.9383632,-2.3536537,-3.9763153,1.0915263,2.0169325,0.41384763,-0.94925886,1.6170958,2.1596844,-2.5651398,6.285557,-1.437521,1.9313467,1.7946706,2.3736403,-1.2433189,0.9189599,-1.620243,-1.5770115,-0.8300889,-3.3445065,-0.90191776,3.071913,-1.6577606,-0.40943518,-3.840842,1.1325631,0.8150608,-4.67336,2.397502,1.2775798,-0.87135226,0.43313673,0.49820176,1.1252489,-1.0689429
0,/data_nas/huangyj/data/placePulse/rawData/googleviews-110802files/513d5eb8fdc9f03587003ad6.jpg,-4.6548123,-1.3952001,-0.55511826,0.7433147,-3.3707526,1.2941515,-5.191801,1.3774672,0.73490506,-1.9477526,2.269764,-2.3477108,-1.8620212,1.5774076,-0.5930112,-0.30732468,-1.3272928,0.7519431,1.0141336,0.44445074,0.25055328,1.9876074,3.584532,0.5359805,8.411971,-0.44494715,2.7352545,1.6526108,2.3226163,-1.1954871,-0.22956292,-1.0434518,-1.4686308,-3.2602074,-1.2453042,1.7852167,-1.3081794,-2.5475516,0.66461754,-3.9860406,1.7056961,1.5940807,-2.3696554,2.1058054,1.6745639,-1.6319621,-13.870615,1.811812,1.3478895,-2.2374501
0,/data_nas/huangyj/data/placePulse/rawData/googleviews-110802files/513d5eb4fdc9f03587003ad2.jpg,-3.151798,0.92604953,-1.9451153,-0.16817129,-2.4218924,-1.9794301,-3.451362,0.9880108,-0.4484848,0.7826839,2.373041,-1.9368025,-2.3786027,1.0238949,-1.7027938,-2.848393,-3.043492,0.4572962,-0.12875551,0.6111843,-1.5356823,1.3627788,1.7424284,0.86503124,4.503599,-3.3910434,4.5524845,1.8605725,3.111214,-1.2119038,0.31332645,-1.1443633,0.5320283,0.06688354,-1.3398563,-1.8835409,-2.74153,-0.99652845,-1.4177128,-0.9857104,1.6347629,0.43587247,-4.0982475,1.3871882,-0.32920676,0.1916771,-8.7491865,-0.107189,2.0655324,-3.5246735
1,/data_nas/huangyj/data/placePulse/rawData/googleviews-110802files/513e1dd1fdc9f03587009ad1.jpg,-0.68064195,2.3908408,-5.279358,-1.5132558,-2.1063316,-2.1339054,0.41716576,0.93777376,0.74596316,0.6893579,0.3398025,-1.4494572,-2.704551,0.67269444,-2.554955,-1.9766394,-4.2581897,-1.0163645,-2.010792,-1.656041,-2.1760433,1.3668326,3.5953252,-1.6344839,2.609905,-3.0346673,6.1396422,3.255947,1.8836136,-0.8066827,-0.70148647,-0.22468796,0.10415788,0.9003218,-0.29101643,-1.2278737,-5.5179214,0.5486888,-0.91617036,-3.3100402,2.997078,2.6661365,-5.5258474,1.8692248,1.4385991,-0.791707,-7.9167957,0.35996756,2.7486844,-5.065305
0,/data_nas/huangyj/data/placePulse/rawData/googleviews-110802files/513e5c61fdc9f0358700aadf.jpg,-1.434484,-1.942548,3.6106443,-1.057064,4.8304105,-2.1848385,-4.6090455,1.7529982,-0.18650499,-1.7811236,-0.81232715,0.99409,-1.5422405,2.3082385,-0.7829536,-1.2824929,-3.0134084,0.6875657,0.76574486,-0.41767785,-0.34929842,1.9145151,1.9827251,-2.8621688,-1.7832831,-2.9992046,-1.0336161,1.5195916,2.283794,-2.3092332,1.6131247,-1.7040197,-0.20633009,0.18587668,0.73384786,-1.1961837,-7.2782745,1.3431429,-0.9796983,-1.0163383,0.036810875,0.3754416,-3.5735219,2.292906,0.8512927,-1.6763177,-8.758701,1.1232942,1.2229129,0.45875344
1,/data_nas/huangyj/data/placePulse/rawData/googleviews-110802files/50f43515fdc9f065f0002ad5.jpg,-3.3628595,-2.5503464,2.3782866,-1.2225653,0.23194218,-3.4313128,1.2497185,2.541108,0.43288988,-0.65796864,2.2503994,1.1392927,-0.4319705,2.7202358,0.35155612,-1.7803869,-2.8712022,0.48646837,0.5069084,1.2166455,0.24522504,2.485705,0.98204786,-0.817844,11.186802,-4.1797543,0.5608364,1.0164771,8.227721,-2.5914977,1.3691605,-1.0356079,2.1341112,-1.6925215,-8.766642,-2.8266053,1.8667932,-1.6858209,-2.3666983,0.13319737,0.7885032,-0.081231296,-2.447344,2.535543,1.2655373,-1.39035,-8.131569,1.8397648,0.87254035,-0.55534226
0,/data_nas/huangyj/data/placePulse/rawData/googleviews-110802files/513d5eb2fdc9f03587003ad0.jpg,-0.44534263,-0.42195874,2.9149094,0.85435504,-4.645545,-1.0853502,-10.091205,1.718972,-1.3844352,-1.1610296,0.7946233,0.36482412,-2.2736406,2.801605,-0.23466425,-1.5052173,-0.1229294,2.60635,2.0746932,2.4202268,0.621829,1.2660743,-0.2153388,2.4791586,-0.3949971,-1.2808517,-0.86306506,-0.5203069,3.043343,-1.6434168,2.1153002,-1.2002741,0.051465727,0.11497533,-0.43990758,-1.8072627,-2.9557498,-0.3905624,-1.0497165,1.5783349,0.32096788,-0.75974333,-2.2189705,0.9217563,-0.86763257,-1.0682621,-12.776776,-0.11779781,-0.1479237,0.79296595
0,/data_nas/huangyj/data/placePulse/rawData/googleviews-110802files/51408c15fdc9f0358700ea6d.jpg,-9.21735,-0.5196667,1.2812711,2.447612,-4.655183,-1.0622419,-4.3266263,0.9258815,-2.5710206,0.20308392,6.7179184,-3.4971554,-0.3153524,1.4449832,-1.1473368,-4.525198,-1.9442971,3.2808225,3.6823168,3.714776,-1.0705082,1.2235929,-0.6874135,2.6797411,9.804258,-2.8837616,3.8307,0.3409576,5.4910884,-1.1421723,2.1138465,-2.133108,-0.008708265,-1.9079709,-2.0044522,-3.233285,3.7755873,-4.5894685,-1.5343688,0.24514267,1.0774244,-2.3019993,-4.2465487,1.206529,-1.9342233,1.3154885,-7.828294,-0.5305903,0.75313425,-1.8237791
1,/data_nas/huangyj/data/placePulse/rawData/googleviews-110802files/51414778fdc9f04926006a6d.jpg,-0.38406554,-0.22736043,2.847339,-1.0858412,9.148527,-4.1103034,-1.2826937,2.8196914,-1.6139996,-0.6915873,1.98602,0.3551841,0.51577216,3.2318447,-1.1376331,-3.6822217,-4.7016563,2.1966507,1.2206719,1.5375527,-1.4940075,2.3096662,0.88913375,-1.5391297,6.421164,-4.370608,1.7340589,1.943402,6.7713695,-2.2774136,2.154108,-2.0019956,0.37358284,2.406846,-11.194242,-5.144279,1.3280832,-0.20798117,-3.1381228,-0.837975,1.5484908,0.3577614,-6.2290144,2.6153536,0.8814757,-0.7240107,-3.9855084,-0.21667817,1.3516264,-0.8261767
0,/data_nas/huangyj/data/placePulse/rawData/googleviews-110802files/51414f35fdc9f04926007a33.jpg,-9.870626,-1.2634215,0.946903,0.6933226,1.0409491,-0.8399868,4.432492,-0.26237902,-0.119994126,0.7795355,3.1180096,-1.7719136,-0.20455727,-0.8883195,0.108682185,-1.5197521,-1.3900706,0.55947214,0.5360284,-0.32902187,-0.42906758,1.2952365,-0.26166487,-2.3856902,3.4908752,-1.9857963,2.545952,0.30579767,2.2902865,-1.0065787,0.025012169,-1.0650859,0.67749643,-3.0832477,6.5112042,-0.24813056,-7.6083775,-1.7480847,-0.3837302,0.44878995,-0.059830688,-1.3081561,-0.7427863,1.108762,-0.1887288,1.1325363,-7.9170127,1.3718475,1.4832447,-1.6116531
1,/data_nas/huangyj/data/placePulse/rawData/googleviews-110802files/5140b78efdc9f04926001a32.jpg,-9.426893,-1.1729094,2.3303928,0.83414114,-1.9065963,-2.2522235,11.8466,1.0456909,-1.6818963,0.19520171,4.4239078,-2.2037528,0.5665908,0.60042477,-0.47022435,-4.6079893,-3.6883972,1.9133687,2.217264,0.2663112,-2.2295306,3.2455776,0.34236115,-3.222609,3.4370692,-3.8405209,4.8676534,1.5462241,3.5338528,-1.3771569,1.8974229,-1.9885087,0.044186745,-0.68316096,5.25907,-3.3434587,-3.9344513,-1.9370829,-1.0176204,-1.0084292,1.4854697,-1.0136974,-5.125249,2.8714302,0.08702938,1.1682839,-1.9644047,0.38581306,1.4734744,-2.1640997
0,/data_nas/huangyj/data/placePulse/rawData/googleviews-110802files/51408bfefdc9f0358700ea3e.jpg,1.1309948,-0.78959334,-2.0881903,-1.3514067,-7.9560227,-0.940395,-10.316587,2.2763295,2.077479,-2.220618,-1.0477711,-0.73432153,-6.4098372,2.9597058,-1.5655512,-0.5599112,-3.414748,-0.9120308,-0.980178,-1.294691,-0.18760753,1.6521294,6.674968,1.9561666,3.408117,-3.0030878,1.7398058,3.5477793,-0.19525242,-1.696485,-0.7971965,-0.1466376,-0.30904183,-0.90395397,-0.11986462,2.4193418,-4.43299,-0.0041172784,0.43669212,-4.389042,2.1540544,3.4935482,-5.085984,2.8029997,1.8823581,-3.2863944,-14.917503,1.5605276,2.9151368,-2.451022
1,/data_nas/huangyj/data/placePulse/rawData/googleviews-110802files/513f2d70fdc9f0358700da39.jpg,-4.565764,-0.6197377,0.043088436,0.89156675,-1.5990049,-0.57563734,-13.1050825,0.8076044,-1.8107497,0.09300059,4.8491044,-2.6161268,-0.2989278,1.2733034,-1.8229862,-3.1313365,-2.4347272,1.4852881,1.9827856,3.617625,-0.90811557,0.27475718,0.33989838,2.4749517,11.322519,-2.4747236,2.6138003,0.89177036,5.5701666,-1.3393959,1.5315051,-2.3561172,-0.121407986,-1.0925977,-8.508743,-2.5461285,8.983654,-3.304343,-1.7718034,-1.2710875,0.61961955,-0.6645735,-3.2286212,0.7198675,-0.9154906,0.1686565,-6.0323467,-0.41043434,0.7263017,-2.1560776
0,/data_nas/huangyj/data/placePulse/rawData/googleviews-110802files/51413587fdc9f04926004a3b.jpg,0.18531157,-2.3530746,4.6687083,-0.23809145,-4.651924,-2.4387217,-13.214553,2.681267,-0.48944435,-2.2945025,-0.3420869,1.0584819,-4.888344,3.9793477,-0.2707635,-1.7801017,-2.0556147,1.4215338,1.8049222,1.3767325,0.6033468,1.8340119,2.387103,2.6425254,-1.4629925,-3.754618,-2.7400095,0.7732021,1.5010604,-2.66311,2.0919242,-1.4307499,0.7802943,-0.10297135,0.48549834,-0.594084,-3.8576174,0.29253048,-1.0032071,0.689845,-0.32993963,-0.093382776,-3.6914868,2.054497,-0.8427584,-2.2591155,-11.635094,0.70429814,1.0802698,1.4532385
0,/data_nas/huangyj/data/placePulse/rawData/googleviews-110802files/50f42c4cfdc9f065f0001a3b.jpg,-5.499803,-1.816156,2.6957262,0.80856305,-1.9037124,-0.72511333,-14.856734,1.0659426,-1.1031907,-1.0868067,2.6104777,-2.816569,-3.9252336,1.6041607,-1.2395723,-3.0265346,-3.0707483,1.6016113,1.8386835,1.1522416,-0.9154528,0.9835145,2.8354478,1.7622507,1.7102282,-3.761621,1.1462948,2.189341,0.5018891,-1.8894811,0.82766855,-2.3809257,-0.9960841,-1.0133896,3.3608065,0.10284424,-4.2611475,-1.4600273,-0.3531519,-1.7698519,-0.31545618,-0.32852766,-4.5860434,1.8972124,-1.2032493,-0.22820601,-12.468804,0.1995055,2.5577285,-1.4373786
1,/data_nas/huangyj/data/placePulse/rawData/googleviews-110802files/513d9b84fdc9f03587007a34.jpg,-6.805201,-3.148127,1.6076912,-0.35307717,-10.8733,-1.8271966,-5.0106,1.6609833,0.7671959,-1.5965942,2.8484313,-0.22371088,-2.602502,2.5223045,-0.47707367,-1.0588194,-2.2043366,-0.7321996,1.6548061,0.7537261,0.99857,1.0569013,2.2499313,0.8903783,10.046617,-3.2642322,-1.0945523,0.5946418,4.29352,-2.0369663,0.98006445,-0.39955094,2.120816,-4.472165,-0.11243489,0.19630033,5.4260263,-3.3317187,-0.73531145,-0.38192087,0.3120998,-0.7593052,-2.530232,1.8654807,0.0021824874,-1.8017006,-4.475948,2.536688,1.1902843,0.25314423
0,/data_nas/huangyj/data/placePulse/rawData/googleviews-110802files/513e5c39fdc9f0358700aa76.jpg,-5.6094613,-0.21173444,-0.98305416,-0.08049466,-0.53032297,-0.42264774,-5.1704087,0.9678338,-0.3940905,-0.77181864,2.4036267,-3.3813782,-2.6795492,0.5805211,-1.9737736,-2.95204,-4.691333,0.7511276,0.4939897,-0.6512242,-2.0175235,1.288222,4.190546,-1.3410403,3.6208074,-3.1370077,4.623378,3.7904336,0.8284627,-1.3652738,-0.11533689,-1.5961683,-1.7887533,-0.68679667,2.8953516,0.09301735,-5.4470997,-1.0957758,0.03726243,-4.6811256,1.4894361,1.5331185,-6.3635917,2.387183,0.8212547,-0.4212219,-10.993647,0.47349468,3.1942325,-3.8238063
0,/data_nas/huangyj/data/placePulse/rawData/googleviews-110802files/50f5e5d1fdc9f065f0006a71.jpg,-3.7972786,1.974782,0.6314659,4.338539,-6.5381308,1.4480461,-11.6404,2.2146149,-2.2384255,-2.312143,3.5964937,-2.3658206,-1.4304789,3.4953628,-0.04549571,-0.9172971,2.1981187,6.0957694,4.7787867,3.9478176,0.89018744,2.760798,-0.010076111,4.1422935,1.73213,2.081708,3.0916548,-1.2567434,2.099992,-0.48878834,2.274752,-0.5184595,-2.0327063,-1.5548185,1.7824924,-1.2153145,-2.2385223,-3.395151,0.85485846,-0.09996712,3.2434478,0.1651512,-3.4749172,1.6168848,-0.6026916,-1.360737,-17.051628,0.0048216856,-1.3948696,-0.428037
1,/data_nas/huangyj/data/placePulse/rawData/googleviews-110802files/5140b7a8fdc9f04926001a79.jpg,-8.42787,0.848545,-0.26981768,0.64923114,12.09043,-0.15285149,4.8051567,-0.05362608,-0.95995814,0.17278327,2.4686592,-1.4295835,1.2916784,-1.2927588,-0.7503625,-1.2348062,-3.0258453,0.9433767,0.7190876,0.093153626,-0.07911707,-0.41306788,-0.21813239,-3.7637086,2.3784685,0.04388663,1.6739618,0.66931546,2.5180545,-1.0847454,0.2569995,-0.77970093,-0.22130857,-2.8624947,2.5945845,-0.08797662,-10.659231,-0.97946966,-0.4057586,-1.0971957,-0.68117124,-0.3274892,-2.068891,0.464004,-0.22317265,0.6106839,-9.827727,0.71348757,1.3008373,-1.6800028
0,/data_nas/huangyj/data/placePulse/rawData/googleviews-110802files/5140cb0efdc9f04926002a2d.jpg,-5.8334274,-0.67670494,3.0407557,2.5471745,-1.7352736,0.6260162,-5.801258,1.4555799,-1.978634,-2.0723526,3.0492337,-2.6635594,-1.7883036,1.8430371,-0.33581525,-2.6387055,-1.3177086,3.736824,3.6220708,1.9734086,-0.4065292,1.9762851,1.4782094,1.2072079,0.2157958,-0.9244301,1.9707246,0.9110526,0.53888327,-1.4212024,1.8341134,-1.9660337,-1.9759318,-1.2404598,4.524342,-0.37966383,-5.367081,-1.9992771,0.58696896,-1.8477784,0.737393,-0.07134916,-4.383957,2.0591948,-0.57281446,-0.39694947,-11.986321,0.023016246,0.6101188,-0.6889968
1,/data_nas/huangyj/data/placePulse/rawData/googleviews-110802files/50f43499fdc9f065f0002a2d.jpg,1.130141,-1.0109729,3.9366179,-0.03200036,4.6631703,-2.6519866,16.949944,3.82468,-0.13344812,-2.4123313,1.287526,0.8791948,0.09745491,4.391713,0.5146002,-3.6150389,-3.653727,3.0124714,2.1365316,0.91433567,-0.9975851,4.7294574,2.731758,-0.7706401,5.6055007,-3.5623338,2.629839,2.2269738,5.0826373,-2.6299791,2.1408188,-1.406158,-0.2721489,1.8028865,-9.263132,-3.2089877,-2.9135506,-0.55715984,-1.5012255,-2.7188115,3.2275186,2.161073,-5.8894143,4.6322823,2.3347828,-1.8323368,-5.2036624,0.21993679,0.3502866,-0.83188903
1,/data_nas/huangyj/data/placePulse/rawData/googleviews-110802files/513cc74cfdc9f03587001a26.jpg,-7.772477,-0.5314386,0.58074236,1.3616891,-9.15195,-1.4483888,-5.494358,1.1245435,-2.1154919,-0.19334108,5.7538157,-2.2343261,-0.27742025,2.012012,-1.3409328,-3.529499,-2.1401043,2.3377452,3.2324476,3.371889,-0.5396272,0.6399688,-0.5483294,1.8465956,10.674571,-2.452927,2.466359,0.2506163,6.5621204,-1.243412,2.2680378,-1.4156113,0.38251352,-2.2212229,-2.888632,-3.3494194,7.3230095,-4.2125936,-1.6498111,0.12211984,1.2686813,-1.8626623,-4.4033113,1.0843977,-1.2504133,0.18645176,-5.991046,-0.07604779,0.458154,-1.3481822
1,/data_nas/huangyj/data/placePulse/rawData/googleviews-110802files/513cb658fdc9f03587000a23.jpg,6.557528,1.8675551,-2.5750973,-0.41697946,-3.5252469,-1.5991082,4.5378227,1.9474953,0.08066135,0.5549447,-0.024441067,-0.40780908,-2.8288856,1.808934,-0.582301,-3.0886557,-2.421904,0.7670768,-1.2583666,1.4798766,-1.962936,2.8266885,2.3014815,4.295889,3.4069695,-2.9373648,5.8889894,2.0342715,2.908444,-1.2177991,-0.1535972,-0.95728,0.081303895,3.951826,-10.240093,-2.265943,-1.5576656,0.77626216,-1.5036976,-1.5190078,3.2962282,2.8885434,-3.4157815,1.8481373,0.94127804,-0.33407366,-9.179827,-1.848403,0.8854397,-4.214383
0,/data_nas/huangyj/data/placePulse/rawData/googleviews-110802files/5140b78cfdc9f04926001a2e.jpg,-3.792281,-0.35514945,0.105605304,-0.6284162,0.87658095,-0.6488091,-0.1704762,0.83915156,-0.3848639,-0.6173099,1.4973005,-1.4985642,-1.6154028,0.6741667,-1.670904,-2.425781,-3.9825714,-0.074228205,0.30893865,0.0010727216,-0.89560467,0.34432936,2.3204274,-1.2010288,3.8434203,-2.3309555,1.6978089,2.4975822,2.7188635,-1.6742626,0.4975943,-1.4612061,-0.7211395,-0.77468187,-0.4404547,-0.38888273,-5.160729,-0.54878646,-0.97218525,-2.7113223,0.2130138,0.5890618,-4.16417,1.3118961,0.36274317,-0.379167,-10.484757,0.3625389,2.2074153,-2.1244912
1,/data_nas/huangyj/data/placePulse/rawData/googleviews-110802files/51414f31fdc9f04926007a2a.jpg,-7.7782493,-1.3102305,0.65439236,0.46958783,-11.564819,-1.3707571,-6.9455614,0.99610144,-1.6106658,-0.7382402,5.118752,-1.6073569,-0.45197964,2.1439936,-1.6482526,-2.9038794,-2.719374,1.0324568,2.9747584,2.7518363,-0.11153766,-0.097023234,0.1278853,0.9347974,11.503555,-2.371896,0.65746826,0.50228965,6.6029577,-1.3962735,2.090287,-1.0522938,0.6177866,-3.0349066,-2.5350897,-2.5682168,9.776996,-4.201478,-1.4528333,-0.51038164,0.781811,-1.6821029,-4.4807467,0.9787392,-0.8562582,-0.5886745,-4.0516744,0.59591186,0.64425206,-0.78578156
1,/data_nas/huangyj/data/placePulse/rawData/googleviews-110802files/513cb72efdc9f03587000ae2.jpg,4.108703,-0.78976715,2.7373364,0.021409053,-5.293456,0.6395558,9.136771,-0.44481838,-2.5800414,1.362719,1.1810795,0.027969273,1.6410711,-0.45475057,0.15906382,-4.4812226,-1.3338417,0.7861789,0.86804736,3.7348912,-1.2933322,-0.9912489,-2.9707663,4.110329,2.1416192,-0.4266496,-0.08458622,-0.31074557,4.2427206,-0.5337403,0.9117918,-2.4878848,-1.1299603,4.3401694,-9.03618,-2.6209023,4.4137063,0.20975673,-2.1126702,1.70899,-0.8906462,-2.2642398,0.28417924,-1.564928,-1.5223681,2.4629397,-2.8868628,-3.9755456,-0.40048036,-0.22764628
1,/data_nas/huangyj/data/placePulse/rawData/googleviews-110802files/5140d8ebfdc9f04926003ae8.jpg,-5.727222,-1.4510778,2.819376,2.066113,-8.630481,0.768805,-0.078372695,2.417949,-0.79848677,-3.039056,3.6431406,-1.6277972,-1.4611323,3.2470198,0.27003318,-1.6259055,-0.8428064,3.1410286,4.050848,2.2618673,1.0301572,1.4213051,2.0969074,2.4513853,8.900369,-0.040084988,0.3317625,0.4947329,3.3589637,-1.5201476,1.8758383,-0.81899947,-1.0424036,-3.5428169,-0.9901372,0.40928352,2.08907,-4.077746,0.3244627,-2.1943557,1.4260212,0.1777735,-4.116499,2.1525803,0.5190451,-1.9599771,-10.962087,1.2814623,-0.09444571,0.41603956
1,/data_nas/huangyj/data/placePulse/rawData/googleviews-110802files/50f5ecedfdc9f065f0008ae8.jpg,-6.080334,-1.3617648,2.1310375,-0.3706695,6.1492863,-3.1339414,-3.0293143,1.21411,-2.2899358,0.44438228,3.9280102,-1.9187373,1.1813824,1.2342082,-2.030238,-4.680748,-5.1774254,0.8827518,1.4639897,1.0030607,-2.7289948,2.4096146,0.4818327,-2.969548,5.655192,-4.8012676,3.881254,1.7440829,4.7358327,-1.3755361,1.6428522,-2.8500695,-0.11656012,1.1873943,-3.779113,-4.339926,3.7332458,-1.1845664,-2.4980464,-1.029378,1.1803353,-1.3375947,-5.3537636,2.034501,-0.32072902,1.1330662,2.0404246,-0.39328927,2.0983746,-1.9722444
1,/data_nas/huangyj/data/placePulse/rawData/googleviews-110802files/51413c33fdc9f04926005ae0.jpg,-3.2922158,-4.287401,1.4195732,-3.3089957,11.128215,-2.815205,-3.558043,1.8321129,3.4189732,-1.8189267,-1.6492387,2.7708204,0.14636348,2.1290317,-0.15864956,2.5896797,-2.797768,-3.2513323,-2.137499,-2.7899814,1.2092941,2.7536876,3.2595758,-6.368012,7.204291,-3.4226224,-1.9720987,1.2341675,4.237934,-2.5401478,-0.6547829,-0.36390275,2.1650667,-3.785491,-4.6582603,1.2048554,-1.4916211,0.503369,-0.71850365,-1.4681774,0.0012401044,0.9689891,0.5162873,2.9178538,3.1147425,-3.3856053,-2.3411193,4.5406766,1.5984113,0.41663438
0,/data_nas/huangyj/data/placePulse/rawData/googleviews-110802files/5140d8ecfdc9f04926003aeb.jpg,-7.672692,-0.9638572,1.0330144,-0.42606923,2.788964,-3.0837545,13.119455,0.16646399,-0.5712462,1.1054728,2.2833073,-0.6169281,0.62620205,-0.5397444,-0.010526413,-2.8373778,-3.5707667,-0.47404462,0.05382242,-0.89873564,-1.2265761,0.94604,-0.4712038,-3.9381273,0.7257992,-3.4949985,2.1737,0.99937594,2.0469532,-0.95671916,0.45802698,-1.0920529,1.7961204,-1.3505361,5.4415116,-2.128795,-5.98154,-0.5085422,-0.9876961,0.5289767,-0.36540195,-0.97012043,-2.4221327,1.9281982,-0.46041328,1.2192795,2.715648,0.67442375,1.8468215,-1.604196
0,/data_nas/huangyj/data/placePulse/rawData/googleviews-110802files/50f5e58ffdc9f065f0006a11.jpg,0.83944094,2.951771,-6.351496,-1.5422527,-14.430374,-2.6222103,-5.0427604,1.193918,1.2236445,0.5815775,-0.112500496,-0.20044242,-3.2781293,1.5031991,-1.9702399,0.2998953,-2.3064492,-1.5868821,-2.2101579,-0.96751124,-0.6739219,1.2503017,2.7135642,-0.26457942,4.8214226,-1.6474771,4.773276,1.6651391,3.2731287,-0.5246829,-0.44855112,0.8982772,1.6406112,-0.6577214,-0.39882728,-1.6878128,2.670324,-0.23880425,-1.0226389,-1.7492254,3.3620596,2.934104,-4.076355,1.5994239,1.6328075,-2.1216311,-4.7491784,1.2189636,1.7617829,-4.1307545
0,/data_nas/huangyj/data/placePulse/rawData/googleviews-110802files/513d5e33fdc9f03587003a1c.jpg,-2.4218447,-0.08510475,0.9648266,0.2014223,-5.907266,-2.1648183,-7.0611625,2.248336,-0.51459277,-0.94055414,2.4019358,0.37555334,-2.1754663,2.9998384,-0.45280108,-1.3236756,-1.3206282,1.5851586,1.8912841,2.7582405,1.3594168,-0.16771135,0.2274864,3.3532605,8.716868,-1.89149,-1.2221422,-0.17242241,5.8879743,-1.9348264,1.7701784,-0.101680145,1.9430047,-2.2822313,-6.3990803,-1.8861707,3.421757,-2.5620475,-1.9205352,1.3172548,0.3520653,-0.57450396,-3.1205819,0.78098035,-0.7000795,-1.7284046,-9.815621,0.9235764,0.2022639,0.4215592
0,/data_nas/huangyj/data/placePulse/rawData/googleviews-110802files/50f55e09fdc9f065f0004a19.jpg,-2.7184167,-0.6703021,0.95112014,-2.4060094,0.8906125,-5.561154,-3.321612,1.5412493,0.5296934,0.73157823,-0.44856486,1.8050658,-2.3508465,1.8268132,-1.0081794,-1.5773134,-3.473359,-0.69130296,-1.2949793,-1.269005,-0.84964764,1.3701719,0.74460125,-2.9951444,-0.12091355,-5.5349116,0.46520638,1.134071,4.133229,-2.2209938,1.0196391,-0.69627804,3.1964993,0.1225611,1.5777531,-3.072672,-6.2564645,1.3054999,-2.6568,2.2666936,0.4033498,-0.7505674,-3.4457614,1.7912377,0.043863636,-0.7834524,-4.2151284,1.5172975,2.0919187,-0.7164372
1,/data_nas/huangyj/data/placePulse/rawData/googleviews-110802files/50f55e09fdc9f065f0004a1a.jpg,-7.8769727,-2.723805,1.3841151,-0.74780446,-0.7701921,-2.6141112,-9.978777,1.2999554,-0.29249814,-0.41764686,3.7703617,-1.0865796,-0.38135445,1.9119833,-1.4934235,-1.8760835,-3.2611337,-0.1669066,1.0982121,0.89392704,-0.49070856,1.9207883,1.2623879,-2.033149,10.660233,-4.1909018,1.3895795,1.1766934,6.2999086,-1.8793875,1.2701247,-1.758535,1.1615577,-2.846533,-3.4124854,-2.24753,5.501576,-2.6776435,-1.932612,-0.75172204,0.75976974,-1.1187268,-3.247761,2.0504298,0.30196163,-0.7366645,-4.136162,2.0770361,1.7302629,-1.0200329
1,/data_nas/huangyj/data/placePulse/rawData/googleviews-110802files/50f55e09fdc9f065f0004a10.jpg,-7.9116693,-2.863079,1.9247772,-0.12850721,-0.46932045,-3.303758,7.1378508,1.8605996,0.19323578,-0.00022981525,3.5840385,-1.0192357,-0.92485195,1.7052939,0.0026931223,-3.4323757,-3.498524,0.28680238,1.0651178,0.09696045,-1.3452294,4.189977,1.5845635,-1.9369853,7.2153883,-5.5284085,4.031136,1.4075904,4.822582,-2.285356,1.2672635,-1.6964035,1.970953,-1.8795998,0.23374406,-2.3358774,-1.8371425,-2.042769,-1.5274059,-0.38371748,1.5975282,-0.78200537,-3.1438236,3.1649597,0.20355909,0.14547628,-2.7708883,1.6658504,1.6204158,-2.1509001
1,/data_nas/huangyj/data/placePulse/rawData/googleviews-110802files/5141357dfdc9f04926004a14.jpg,-4.949586,-1.828636,0.8431647,-2.1625454,12.460256,-1.6118132,-0.96351343,0.8793922,1.8212465,-0.44146875,-0.16159305,0.62072605,-1.368498,0.20611936,-0.8996687,0.107197896,-3.6751287,-1.8853242,-1.7331461,-1.4917171,0.74826294,0.015717478,2.377903,-3.6345034,5.7945395,-2.7964497,-0.8729993,1.9934254,4.340926,-2.497936,-0.48893288,-0.9472193,1.2002026,-3.356102,-3.0411367,1.140297,-11.260742,0.19741866,-1.3028821,-1.2912313,-1.4307947,0.36760458,-0.9470652,1.015409,1.0309647,-1.1352435,-15.213217,2.4610186,2.649089,-1.0248184
0,/data_nas/huangyj/data/placePulse/rawData/googleviews-110802files/513e1d87fdc9f03587009a14.jpg,-4.76992,-0.53002924,0.7710372,-0.49447736,-3.4377759,-4.5069375,-7.788423,2.5485501,-0.42991576,-0.20256783,3.3293777,0.41546378,-2.3548985,3.3517969,-0.9711456,-2.210212,-2.8359144,0.9473981,1.5298033,2.2860756,0.58923924,0.97879547,0.4662184,1.8668382,10.310859,-4.472507,-0.1110636,0.29245564,7.250219,-2.4322033,2.0202074,-0.40542683,3.51597,-2.4781153,-6.58917,-3.4503071,4.042248,-2.7444935,-2.8715434,1.9609851,0.7179067,-1.0281937,-4.189567,1.5732138,-0.9662666,-1.3916444,-6.5003333,1.5981269,1.1299452,-0.17749126
0,/data_nas/huangyj/data/placePulse/rawData/googleviews-110802files/50f5e5d9fdc9f065f0006ac6.jpg,2.5090778,-3.2749503,4.2274113,-0.7284005,-6.1799517,-0.7476498,-10.524942,2.2684128,-0.091508575,-2.655706,-0.77696884,0.5680105,-4.243295,3.344054,-0.21249054,-1.7489277,-2.349595,0.69410914,1.0594647,1.0842764,-0.031765446,2.1477265,3.5587158,2.550947,0.3020478,-2.9871366,-1.5938323,1.8766879,1.1690357,-2.2874515,1.3103144,-1.9684689,-1.0113391,1.0233033,-2.2734404,0.4521553,-1.2977245,0.644654,-0.40522102,-1.7997996,0.1409041,1.0711836,-3.1620197,2.2400372,0.62498665,-2.290327,-11.83316,0.10838375,1.1712348,0.6062807
1,/data_nas/huangyj/data/placePulse/rawData/googleviews-110802files/50f562d9fdc9f065f0005ac6.jpg,-7.2680717,-1.7871027,1.755855,1.2450482,-3.209482,0.7581962,8.194246,0.400253,-1.2285887,-0.7708063,4.201001,-2.444979,0.8327939,0.3281972,-0.5134001,-3.4019623,-2.4248214,1.3248739,2.4702258,1.3602093,-0.977772,1.5902432,0.6682976,-0.68394446,6.8763123,-1.3228229,2.5694296,1.1067803,3.4790757,-1.138586,1.2287358,-1.9407226,-1.3093728,-1.7663748,0.74313974,-0.73042613,-0.27128327,-2.853306,-0.24767812,-2.2653224,0.5101327,-1.0308772,-2.6062324,1.4401162,0.084514305,0.7786794,-6.3130727,0.0116475085,0.6759569,-1.5736196
0,/data_nas/huangyj/data/placePulse/rawData/googleviews-110802files/50f5ea5cfdc9f065f0007ac7.jpg,-2.7803075,-1.2127452,3.2194335,1.0652939,-3.409459,0.25614476,-9.661326,1.4558343,-1.987347,-1.9704832,2.1677396,-2.4640996,-3.171271,1.9871483,-0.968934,-3.623863,-3.245814,2.7128403,2.7147014,1.7984911,-1.1291248,0.9149298,2.7337918,2.0327826,0.05729019,-2.325898,1.0025222,2.2923865,0.3769677,-1.7357748,1.5086105,-2.449937,-2.4591756,0.49970594,1.9066179,-0.24265769,-3.618243,-0.86229753,0.086601414,-2.8195627,0.06089294,0.39077473,-5.615611,1.9390538,-0.61042726,-0.6176294,-12.317681,-0.91524243,1.6442615,-1.1111989
0,/data_nas/huangyj/data/placePulse/rawData/googleviews-110802files/5140b7c3fdc9f04926001ace.jpg,-2.0376346,-1.3534878,3.5550015,1.3511103,-5.178059,0.3711696,-13.639714,1.8539447,-1.8747,-2.7308407,1.7508519,-1.9975743,-3.641576,2.905958,-0.8475077,-2.7331548,-2.6731122,2.8863437,3.1411426,1.9847355,-0.52585167,1.1614417,3.0518277,2.6155035,-0.31439707,-1.7529471,-0.041232735,1.8459355,-0.13113332,-1.6989994,1.6271626,-2.144058,-2.521616,0.1369497,2.0363715,0.19094318,-1.8019325,-0.9650684,0.39222455,-2.7661226,0.28611356,0.69433385,-5.4979477,2.1205046,-0.540874,-1.5270877,-12.073197,-0.5505675,1.271324,-0.3249407
0,/data_nas/huangyj/data/placePulse/rawData/googleviews-110802files/5140d8befdc9f04926003a96.jpg,0.41917154,-3.8428204,1.2874959,-2.1190822,-2.3194659,-3.16448,0.5618678,2.15301,3.471486,-1.1880265,-1.67739,2.609749,-3.4188905,2.6539953,0.7174828,1.3449862,-1.1618191,-2.8089275,-1.7744594,-1.4782739,1.3328087,3.1462202,3.2827437,0.04727191,4.9816275,-4.397562,-1.1696079,0.6036482,2.1708598,-2.564239,-0.44107884,-0.12983228,3.618739,-2.6783755,-3.2585092,1.2746649,-1.1185902,0.09517035,-0.80767006,0.45911443,0.501933,1.1406517,1.1172218,2.803327,1.5818038,-2.7608688,-2.5865524,3.2423232,1.2605207,0.13916108
1,/data_nas/huangyj/data/placePulse/rawData/googleviews-110802files/50f5ec9dfdc9f065f0008a93.jpg,-4.5631437,1.1113925,-1.9787971,0.8376003,1.0798807,0.24559644,-7.3316226,0.8675576,-1.2857473,-0.3357161,3.537394,-3.9019468,-0.67951214,0.5616603,-2.2213976,-2.651673,-3.5383563,1.3998034,1.1362481,0.7503838,-2.059139,1.4262296,2.789899,-0.39542723,6.2704587,-1.5477366,5.740799,2.541851,1.6036475,-0.49314156,0.080449276,-1.6706696,-2.1545832,-0.21972261,-1.9595011,-1.0284544,1.5520586,-1.9893943,-0.20972292,-4.367394,2.2748017,1.3974352,-5.4494104,1.7760077,0.55195105,0.033704557,-6.2531753,-0.2680419,2.145614,-3.95173
1,/data_nas/huangyj/data/placePulse/rawData/googleviews-110802files/51408c2efdc9f0358700ea97.jpg,-5.9178066,-4.521284,1.6366256,-1.3012408,-8.464116,-1.7726276,-6.924111,2.6124094,3.0010502,-2.950246,0.9665136,0.95675206,-3.0676057,3.389884,0.3010989,1.7130221,-1.6606872,-1.7812006,0.4811787,-1.136956,2.0850885,2.553901,4.540552,-1.0999666,11.683468,-3.0540507,-1.7884994,0.97264194,3.8429124,-2.368346,0.016963597,0.35724187,2.389147,-6.2288966,-0.7836411,2.210467,4.398959,-2.9488723,0.08000807,-1.8355565,0.93521893,1.110716,-1.394415,3.2315147,2.388073,-4.019602,-6.1742682,4.975449,1.374547,0.7237727
0,/data_nas/huangyj/data/placePulse/rawData/googleviews-110802files/51408c2bfdc9f0358700ea92.jpg,-7.3845696,-1.3270772,-1.8630581,0.45520514,-8.005322,-1.0815173,-11.339748,1.1013551,0.11660927,-0.3618662,4.643548,-2.4422643,-1.2039142,1.9360805,-1.630192,-1.0718502,-1.8932084,0.09729352,1.2133434,1.5046728,-0.28763106,2.2691734,2.0090563,0.4080786,13.01211,-2.6242735,3.9547985,0.94679105,5.4139085,-1.1757424,0.6122076,-1.0812488,0.7872423,-3.8194914,-3.2719743,-1.2664602,8.529272,-3.9951162,-0.8501801,-1.9510934,2.277233,0.15999036,-2.8237169,2.1063905,0.5365668,-1.2194308,-5.689052,2.0345724,1.218294,-2.7641
1,/data_nas/huangyj/data/placePulse/rawData/googleviews-110802files/5140b7b1fdc9f04926001a95.jpg,-6.708731,0.47177443,-1.1942226,-0.28557214,-2.6200848,-1.9332925,0.25883093,-0.35695782,-0.74969804,1.6578141,2.6140263,-2.4055948,-1.6037738,-0.8030019,-1.4686021,-3.2339203,-3.569872,0.025910415,-0.48789248,-0.5045656,-2.0344462,-0.05506762,0.8068558,-1.3600316,1.7134204,-3.4873471,3.9957342,1.9611453,1.7851375,-0.81376976,-0.26341859,-1.34747,0.32615092,-0.41461754,5.4332285,-1.4309734,-6.2249217,-0.7465922,-1.0876194,-0.51928145,0.2104437,-0.6276254,-3.7904913,0.8987141,-0.76392424,1.3745071,-6.6218843,-0.24234843,2.8038225,-3.4462469
0,/data_nas/huangyj/data/placePulse/rawData/googleviews-110802files/51414789fdc9f04926006a95.jpg,-1.3683116,-0.39264998,1.4680136,-1.1339762,-5.8953824,-2.157429,9.6122875,1.6938475,-0.7048057,-0.9689774,1.5705693,1.5131391,0.1414032,1.9769683,-0.21256594,-2.5161622,-3.6504867,-0.007954545,1.5884631,1.6280609,0.59275573,-1.5666478,-0.18690535,0.66344756,7.638306,-1.6577505,-2.7239943,0.661104,6.0676293,-1.9134729,1.513367,0.080861375,1.6636726,-1.096763,-6.300106,-2.0151167,3.8920355,-1.6722165,-1.8192581,0.22091392,-0.6797893,-0.6518052,-3.6084588,0.6555565,-0.3431158,-1.0250278,-1.897689,-0.08203436,0.4791969,0.5476787
0,/data_nas/huangyj/data/placePulse/rawData/googleviews-110802files/513d5e89fdc9f03587003a9a.jpg,3.2530317,2.2813306,-4.912156,-1.4042487,-13.562825,-2.0240908,-2.2494812,1.8894974,1.6670225,-0.087243184,-1.0572765,1.1977496,-3.0680835,1.9105207,-0.6083625,1.4939702,-0.82625324,-1.2431945,-2.0069547,-0.36568755,0.64158744,1.1187327,2.2245998,1.4831437,5.717774,-0.4678309,2.8907216,0.5513306,3.4269862,-0.758196,-0.5689257,1.4252799,1.9690634,-0.95601684,-3.9218678,-0.73641783,3.1662462,-0.20654279,-0.8188437,-0.7653764,2.9451394,2.945785,-2.1151052,1.3399372,1.9151614,-2.7681823,-5.8598166,1.4862537,0.6953669,-2.673866
1,/data_nas/huangyj/data/placePulse/rawData/googleviews-110802files/50f42c53fdc9f065f0001af7.jpg,1.212138,0.41446677,0.4132831,-1.7336897,3.5007915,-3.4839823,-0.021174185,3.2881281,0.47698075,-1.5555905,0.028224567,1.1910408,-1.3381952,3.641672,-1.0555153,-1.4123657,-3.954693,1.0056239,-0.061775863,0.014802063,-0.5246078,2.6459866,2.9861317,-1.6961225,6.3698325,-3.3751507,1.8605787,2.3251472,5.8312936,-2.3524225,1.2461082,-0.59822154,0.6732823,0.76478994,-8.848519,-3.0071518,-1.8899702,0.2597526,-2.2101824,-2.16345,2.5521178,2.4183736,-5.8066177,3.166299,2.450564,-2.5811708,-8.985729,1.3323101,1.5028679,-1.436589
1,/data_nas/huangyj/data/placePulse/rawData/googleviews-110802files/513cc830fdc9f03587001af7.jpg,-1.7417442,-0.16118383,0.48123747,0.8699918,-1.5156499,-0.40578705,-6.7758603,0.6574036,-2.377265,0.70570636,4.3388176,-1.9799933,0.58738106,0.72183025,-1.0936809,-3.9400408,-2.2958908,1.9602304,1.8077039,4.3790817,-1.3122499,-0.037062205,-0.9446414,3.3064506,10.042061,-2.0125527,2.7376618,0.5921996,6.2246475,-1.1246266,1.6257867,-2.3967361,-0.45269975,0.8122479,-11.0409975,-3.4589818,8.377761,-2.4479725,-2.0081809,-0.51736015,0.4101494,-0.8228293,-2.6370711,0.07717857,-1.042658,1.0248678,-6.057836,-1.9181616,0.0011742706,-2.2183452
0,/data_nas/huangyj/data/placePulse/rawData/googleviews-110802files/513d6a9efdc9f03587004af2.jpg,-6.40265,-0.32624683,1.4209999,0.17899358,4.917315,-2.0952973,6.6593,1.1916043,-1.4518459,0.40113246,3.5181086,-1.4245132,0.25983846,0.5657971,-0.9123182,-3.8893278,-3.957765,1.4743241,1.3086848,1.0200312,-1.3234477,1.5110259,0.267175,-1.705005,5.277994,-3.3320048,3.1246166,1.4352543,4.928305,-1.7697912,1.4251474,-1.8354933,0.46705836,-0.5112961,-1.7393384,-2.858655,-4.940236,-1.34987,-1.8980402,-0.54722345,0.477007,-0.82157934,-4.062106,1.6459159,-0.34059864,0.88818455,-7.3479934,-0.003951712,1.5929009,-1.9934046
0,/data_nas/huangyj/data/placePulse/rawData/googleviews-110802files/50f42c53fdc9f065f0001afc.jpg,-3.4394538,0.033763796,0.21763325,-0.4645771,1.1233411,-0.754574,-6.0010157,-0.3114096,-2.0149317,0.96040654,2.401765,-2.3854296,-0.41670272,-0.56348586,-2.1704192,-3.7411757,-4.290231,0.1814807,0.23687422,0.89971656,-2.301409,-0.87897056,0.67646503,-0.78301376,2.4129813,-2.6674569,2.375305,2.1077366,2.2516758,-0.8043888,0.40098873,-2.4250777,-1.3190331,1.3750019,-0.88962185,-1.9178218,-0.5064244,-0.22330198,-1.4262469,-1.7966322,-0.49336305,-0.5866421,-4.0416994,0.40492418,-0.77777344,1.3053222,-5.0924954,-1.5153586,2.3956435,-2.5879624
0,/data_nas/huangyj/data/placePulse/rawData/googleviews-110802files/50f447d9fdc9f065f0003aff.jpg,-6.030541,-2.015224,1.6323638,0.10353998,-2.2473125,-0.86475074,0.47539923,0.95579046,-0.8913893,-0.61993,3.2380173,-2.2678292,-0.15185244,1.0088704,-1.0308828,-3.101002,-3.4176896,0.63902473,1.4307142,0.49749184,-1.6317735,2.446896,1.7853894,-1.7870638,5.967409,-3.1056988,3.4778833,1.9470723,3.244346,-1.4674808,1.0897305,-2.2491136,-0.9391479,-0.82627493,0.16456507,-1.5444771,1.4986765,-1.7950853,-0.84520084,-2.6840148,1.1775179,-0.20181416,-3.941296,2.2857134,0.6469911,0.028568946,-3.4428988,0.5392852,1.5462503,-2.0816905
0,/data_nas/huangyj/data/placePulse/rawData/googleviews-110802files/51408c5dfdc9f0358700eaf5.jpg,-4.4677744,0.92101413,1.3920279,0.8239544,1.2655237,-2.2711089,2.0836143,0.4457712,-1.9253664,0.2975106,1.3373219,-0.004755633,1.0811731,0.5536697,-0.5488477,-1.9263527,-1.1404316,1.7904437,1.4732983,0.61242515,-0.81518877,0.84174156,-1.9720967,-2.7006197,-3.6158266,-0.9956508,1.2580867,-0.43830502,1.781553,-0.5631823,1.842103,-1.0963583,0.6878131,0.016979808,5.2733936,-3.2396162,-4.320617,0.0025256425,-0.9785718,1.6083535,0.27553076,-1.173439,-2.7956355,1.1391305,-0.67162114,0.36222273,0.68239164,0.029790385,0.0060680243,0.04015641
0,/data_nas/huangyj/data/placePulse/rawData/googleviews-110802files/513f137afdc9f0358700cafa.jpg,-7.8136387,0.88637584,-0.44915828,2.9689264,-8.023608,0.27551872,-8.501355,1.1005149,-2.6040876,-0.47583205,6.6869917,-4.0486665,-0.5224513,1.8278916,-1.4470417,-3.5605133,-1.3762844,4.0278873,4.0376644,4.2812653,-0.691238,0.7101487,-0.030780843,3.7132072,10.881627,-1.0000125,4.4596615,0.33735222,5.1723537,-0.70717657,1.9162847,-1.6159319,-1.1880172,-2.159938,-3.0927377,-2.591654,6.2826295,-5.0463324,-0.84917057,-1.1288466,2.0214827,-1.1182204,-4.870113,1.0496033,-1.431456,0.4433475,-10.230402,-0.6951517,0.317819,-2.4413226
0,/data_nas/huangyj/data/placePulse/rawData/googleviews-110802files/50f5ecedfdc9f065f0008af0.jpg,-6.3940463,-2.6779678,1.6304212,-2.4692602,8.642761,-5.1015596,4.553777,1.5018252,1.2576678,1.1721395,1.4512792,1.5167633,-0.37489393,1.0802217,0.01962266,-1.4401016,-3.7673838,-1.2827427,-1.7434993,-1.0547844,-0.54890716,2.8031273,0.39578465,-4.6642942,7.1286635,-6.0196614,1.7489896,1.0587587,7.6759996,-2.5714262,0.5332433,-1.2013049,3.55884,-1.8543895,-3.390509,-2.944902,-7.2420774,0.12686598,-2.8749335,1.7603261,0.10033848,-1.0458479,-0.9642172,2.2420626,0.8441705,-0.0913868,-7.9520674,2.5515573,2.2764013,-1.4377636
1,/data_nas/huangyj/data/placePulse/rawData/googleviews-110802files/5140b7affdc9f04926001a8f.jpg,-9.705805,-2.0182295,1.7288707,0.25484076,-2.001401,-3.1564722,10.625262,1.2045292,-0.27488866,0.53586143,3.8905125,-1.7886138,-0.425614,0.8139436,-0.0026601795,-3.711676,-3.3417778,0.8609986,1.0773172,-0.5665064,-1.9281175,4.091944,0.9610905,-3.3398442,4.5826964,-5.050687,5.342392,1.4817553,3.8360484,-1.6897801,1.20727,-1.7390778,1.3024223,-1.617961,5.354016,-2.8061094,-5.0498443,-1.8163747,-1.136651,-0.41431028,1.7681977,-0.82075,-3.812718,3.2257726,0.3760633,0.86390096,-2.6794825,1.4624114,1.8989638,-2.6964774
1,/data_nas/huangyj/data/placePulse/rawData/googleviews-110802files/513d6a76fdc9f03587004a8a.jpg,-2.4337392,-2.870029,1.6243522,-2.568979,4.76675,-6.3047423,9.750709,1.9098306,1.8497237,0.5612439,-0.3796757,3.2053297,-0.5374638,2.4550798,0.74016714,-1.018641,-2.933937,-1.7088908,-1.6414073,-1.4260542,-0.2334982,3.4292204,0.3280735,-3.879957,2.6098917,-6.1181283,0.31536913,0.33491644,5.446563,-2.42328,0.7223679,-0.5549128,4.763571,-0.7784009,-2.232704,-3.0376282,-4.6490126,0.92140555,-2.288739,2.8830445,0.7058023,-0.72838837,-0.22658534,3.0068116,0.7186706,-0.9510147,2.3364973,2.2992697,1.3081988,-0.35135376
1,/data_nas/huangyj/data/placePulse/rawData/googleviews-110802files/513d9b9dfdc9f03587007a80.jpg,-3.6669347,0.32146728,0.50514096,0.096223,7.195031,-1.818784,0.77252614,0.4806182,-1.7763054,1.4723212,3.5916753,-1.0629777,0.2909374,0.34302816,-0.96596605,-3.7692382,-2.957674,1.3254533,0.68349206,2.9213738,-0.84377545,0.0627536,-1.2328435,1.4882485,7.9225073,-2.945344,2.0225866,0.445131,7.241813,-1.7474724,1.0220088,-1.9754313,0.9808152,0.096710816,-9.219092,-3.2593038,-3.5588841,-1.4374058,-2.7850487,1.1836528,-0.6423346,-1.4964043,-1.7497547,-0.30582434,-1.4350196,1.5723745,-12.893785,-1.2499318,1.1351227,-2.065681
0,/data_nas/huangyj/data/placePulse/rawData/googleviews-110802files/50f5ec9cfdc9f065f0008a80.jpg,-9.338713,-0.6048417,0.16850367,-0.09510712,-0.48903167,-2.0360334,8.53944,-0.69182307,-0.8023526,1.6927829,3.1365972,-2.252925,-0.07854421,-1.6845992,-0.40239072,-3.1780043,-3.6052926,-0.53670496,-0.16143188,-0.9618642,-1.827076,0.29547328,-0.17867097,-3.1039045,1.441714,-3.2053008,3.4168942,1.3465537,1.0634332,-0.5612213,-0.27770776,-1.2721176,0.76630497,-1.404296,7.907598,-1.3048834,-5.8625965,-0.97938955,-0.6750914,-0.12634179,-0.49308047,-1.0757236,-2.7484252,1.2533714,-0.7552122,1.9776826,-0.36285594,0.2482866,2.5796695,-2.6791792
0,/data_nas/huangyj/data/placePulse/rawData/googleviews-110802files/50f5e5cffdc9f065f0006a5e.jpg,1.1501757,-0.6132655,0.35232785,-0.5913735,-7.9788284,-0.20133208,-9.380056,1.9403198,-0.16882193,-2.3366077,-0.14159718,-1.0236042,-4.2737336,2.7068298,-1.3746537,-1.7354888,-3.540162,0.6920813,0.7847253,0.19102384,-0.6359006,0.8371191,4.562952,1.554124,1.2993324,-1.8518934,0.64443254,3.023969,0.3094922,-1.5528171,0.44037083,-1.104745,-1.8675487,0.5540042,-0.117299296,0.7914917,-1.4459656,0.10618352,0.14570189,-4.0839753,1.2568216,2.3885198,-5.723956,2.1733878,1.1227075,-2.479573,-11.615976,-0.0060113096,1.9808627,-1.4659986
1,/data_nas/huangyj/data/placePulse/rawData/googleviews-110802files/513d6a61fdc9f03587004a55.jpg,-3.5412903,-2.5782342,2.355861,-0.686026,3.252317,-1.318158,-4.52376,2.8188896,1.1966736,-2.517565,1.4699363,0.51846623,-1.3107514,3.2156296,-0.02159209,-0.106788814,-2.2847838,0.5130568,1.069337,0.75654566,1.3530647,1.7796779,3.0786352,-0.46872067,11.371129,-2.1578536,-1.0502722,1.45823,6.0532236,-2.5458148,0.9227967,-0.68579906,0.7084179,-3.4819338,-8.152142,0.1584339,-0.35194528,-2.194178,-1.0131567,-2.1039982,0.47689843,1.080846,-2.6821256,2.4616077,1.8637102,-2.8211694,-13.323679,2.7937515,1.0877935,0.21025734
0,/data_nas/huangyj/data/placePulse/rawData/googleviews-110802files/51408c09fdc9f0358700ea55.jpg,-4.421124,-3.7345293,0.89848065,-2.084949,-4.6141233,-3.7484212,-10.357293,2.3974934,3.1141934,-1.2336805,0.28758186,1.8035663,-4.3056264,3.12637,-0.24745184,1.2724311,-1.6794093,-2.5007684,-0.9670641,-0.7953101,1.9082024,2.3122487,3.3222358,0.025626663,9.658294,-4.749129,-1.9578459,0.58415836,4.819846,-2.8190846,0.15787004,0.2898435,4.3008747,-5.0250354,-2.505416,0.95763725,0.5313235,-1.6210815,-1.4825546,1.0608431,0.2173543,0.100534216,-0.49979892,2.3552036,0.9045323,-3.1575754,-8.682,4.4686403,1.8482622,0.5294083
0,/data_nas/huangyj/data/placePulse/rawData/googleviews-110802files/50f5e5cefdc9f065f0006a5a.jpg,-2.4710226,-0.4858251,-1.9266734,-0.9104435,-10.29448,-1.9865774,-4.1776633,1.8562101,1.4486165,-0.79214424,1.1334541,0.13084853,-2.7209895,2.4501057,-0.6760928,0.3355076,-1.5261165,-0.8782632,-0.38296846,-0.0919828,0.6034704,2.0476966,2.5888815,0.25678942,8.717283,-2.1963456,2.0245354,0.851645,4.5777225,-1.4696757,0.11418409,0.21121721,1.7691728,-2.9319558,-2.3307064,-0.4847173,2.6844923,-1.7371557,-0.84674186,-1.1020669,2.156557,1.3685316,-2.3783245,2.0395784,1.5273248,-2.3639956,-7.8564043,2.3990757,1.208273,-1.8162615
1,/data_nas/huangyj/data/placePulse/rawData/googleviews-110802files/513d3522fdc9f03587002aa2.jpg,-6.774717,-1.8300662,2.5420702,0.86908597,-6.083531,-0.9027866,2.8704853,1.1568388,-2.031798,-1.0139966,4.930642,-1.4637578,0.84953815,1.6796482,-0.6410751,-4.094848,-3.098557,1.8187947,3.418299,2.7577734,-0.5220562,0.22053601,-0.13935277,0.5945552,9.987885,-2.1937404,0.6739273,0.8383434,5.9025087,-1.5037079,2.2657008,-1.5299753,-0.13762288,-1.7303846,-3.6929972,-2.5471237,6.8465214,-3.7818,-1.1843413,-1.0396972,0.28781006,-1.6523393,-4.435344,1.2832748,-0.7111691,0.08655827,-2.6303523,-0.25867435,0.20863196,-0.5096269
1,/data_nas/huangyj/data/placePulse/rawData/googleviews-110802files/513d3520fdc9f03587002aa1.jpg,-2.7516408,0.8991373,1.207031,1.0637949,2.226864,-1.8994446,-2.1164367,1.1665653,-3.0130029,0.6592453,4.500866,-1.7036678,0.42515677,1.2463572,-1.188528,-4.8207664,-3.4019115,2.5975277,2.6242917,4.0822134,-1.1588987,-0.62864023,-1.2734859,3.2115462,8.032186,-2.5187864,1.6898351,0.5647171,5.615802,-1.2585659,1.9335116,-1.819291,0.3504246,0.96515733,-9.727395,-4.143425,5.2244105,-2.4761078,-2.4052746,0.4245442,-0.03942366,-1.3986915,-4.395969,0.06984183,-1.9788374,1.3140222,-3.7620344,-2.0824106,0.48840842,-1.3075944
0,/data_nas/huangyj/data/placePulse/rawData/googleviews-110802files/51408c3afdc9f0358700eaac.jpg,-6.640151,1.0730437,-0.9923589,2.4317265,-7.460813,-0.60547584,-1.9739727,1.3281925,-1.8462917,-0.26777893,5.610583,-3.6887553,-1.6272764,1.5845643,-1.181112,-3.7087781,-2.2474298,2.7765462,3.1229546,2.9414358,-0.9703767,1.0093865,1.069634,3.711732,8.906213,-1.8933367,4.6347227,0.96915424,3.2285378,-0.7926354,1.2319684,-0.9798278,-0.29693836,-1.8463199,-1.6575654,-1.8731109,3.9712572,-4.2741165,-0.58446926,-1.3791628,1.9203906,-0.32486108,-5.166617,1.3845565,-1.4019514,0.43994594,-6.3052335,-0.53496575,0.9667467,-2.8275466
1,/data_nas/huangyj/data/placePulse/rawData/googleviews-110802files/51414790fdc9f04926006aa4.jpg,0.06685971,0.3481732,-0.18824638,0.72519803,-5.181912,0.56535995,2.6597414,1.2187622,-0.6483696,-0.7555812,2.154328,-0.8311807,-0.79888946,1.1023675,-0.12687004,-1.8538595,-1.6830816,0.89360374,1.5343156,2.5712943,0.45442986,-1.0223341,0.8114933,4.3247776,8.132738,-0.07728955,0.14477074,0.42701864,2.8171315,-1.0548568,0.2146924,-0.45250055,-0.07583296,-0.92141503,-7.6295176,0.05597994,5.1967964,-2.3253126,-0.43400443,-1.2891549,0.15011135,0.59878975,-2.1030936,0.2080959,-0.45714518,-0.5300238,-4.7426596,-0.8107406,0.06634133,-1.1087143
0,/data_nas/huangyj/data/placePulse/rawData/googleviews-110802files/513e5c11fdc9f0358700aa06.jpg,-3.18394,2.5626357,-4.4356985,0.53286284,-4.0830383,-0.8772893,-6.2260513,0.4688439,-0.4955669,1.1424164,2.8878376,-3.077043,-1.8041906,0.37023202,-1.9704715,-1.9970737,-2.203031,0.92394793,-0.46913218,0.65452284,-1.7923644,1.3346955,1.7124777,0.8247256,5.375497,-1.8557334,6.8497972,1.7805574,2.523728,-0.31659454,-0.3079703,-0.788266,-0.45582613,-0.043759987,-0.9225186,-1.8047899,-0.905999,-1.4976361,-0.7548618,-2.1508663,2.6984882,1.3418183,-4.0923533,1.3138303,0.21951061,0.29720643,-8.876707,-0.27495483,1.9069115,-4.896567
1,/data_nas/huangyj/data/placePulse/rawData/googleviews-110802files/5140d87afdc9f04926003a06.jpg,-1.7204894,-0.6406047,2.623178,-1.8878772,-10.39923,-4.061187,8.194375,2.628792,-0.5290526,-1.3242863,0.8485367,3.0356433,-0.29587364,3.2476075,0.25214428,-1.8832042,-3.1182802,0.67618716,1.5852114,1.0542808,1.0272765,-0.6246907,-0.5994653,-1.1955699,6.781344,-2.3929,-3.256925,0.35012233,8.2774105,-2.3697996,2.699478,0.46003458,2.6620243,-1.2496363,-3.969685,-3.5740047,2.5142078,-1.1756095,-2.6201723,1.7324114,0.14057612,-0.7972451,-4.6042233,1.4229153,0.6290713,-2.2167048,-4.0396247,1.1558539,0.13378274,1.6921675
0,/data_nas/huangyj/data/placePulse/rawData/googleviews-110802files/5140cb03fdc9f04926002a07.jpg,-2.6652052,-2.7911756,4.92839,1.6191363,-10.970788,1.1496143,-12.061497,2.1506252,-1.8535113,-3.9184737,1.7730054,-2.066823,-4.2835255,3.5299535,-0.4967625,-2.8744488,-2.6967156,2.9565895,4.0909405,2.011831,-0.31325015,1.7823095,4.008188,2.897337,-0.35468626,-1.5448716,-0.6501106,1.9710339,-0.5065865,-1.8663802,1.8947339,-2.370348,-3.2101161,-0.54734474,4.394811,1.2340858,-1.2052734,-1.3889505,1.1877934,-3.5596867,0.3921964,0.72082794,-5.7042255,2.622684,-0.19591641,-2.0534098,-13.385625,-0.33788666,1.1669523,0.1764094
0,/data_nas/huangyj/data/placePulse/rawData/googleviews-110802files/513cc732fdc9f03587001a0e.jpg,-4.807627,-6.268994,3.4383535,-1.1816612,-5.8708906,-0.2155883,6.9970965,1.0369922,2.9933977,-2.3508954,-0.03847391,0.842477,-1.9853561,1.464267,0.9053683,0.46585232,-1.4399731,-2.886307,-0.1086859,-1.8930991,1.0456195,3.090978,3.6789734,-1.7873871,6.520665,-3.3166604,-1.406875,1.00573,1.2294532,-2.3786213,-0.32175615,-1.0569675,1.3132648,-4.450504,2.4456573,3.3184469,-1.048216,-1.500409,0.5706946,-2.0301433,-0.27966717,0.23645036,1.3389747,2.8929632,2.0306141,-1.8830323,-3.0576236,3.48187,1.1525918,0.51554865
0,/data_nas/huangyj/data/placePulse/rawData/googleviews-110802files/513f12c1fdc9f0358700ca01.jpg,-8.068698,-0.99880487,0.51918966,1.8865476,-6.5534873,-0.3586219,-7.6675653,1.0481205,-1.927908,-0.3752136,6.095841,-3.4427545,-0.46117333,1.747836,-1.408189,-3.554111,-2.046967,2.4706686,3.170223,3.3414116,-0.9815387,1.6086441,0.5446416,2.0839722,11.381076,-2.359462,3.9952087,0.8308677,5.754942,-1.1499088,1.779597,-2.1557593,-0.67832756,-2.2437227,-3.3512607,-2.4180331,6.1083546,-4.415722,-1.1391923,-1.3390474,1.5745978,-1.2737802,-4.0025883,1.5170943,-0.8644139,0.40215138,-8.930418,0.011187335,0.80295247,-2.3013294
0,/data_nas/huangyj/data/placePulse/rawData/googleviews-110802files/5140cb06fdc9f04926002a0f.jpg,-0.22925155,1.9569067,-3.4895792,-0.7457356,-7.951998,-1.8775334,1.5478988,2.1260114,0.9104715,-0.96864134,0.08911999,-0.6076961,-1.9344667,2.1981678,-1.055069,0.03663911,-2.6118503,0.093988456,-0.6260857,-1.4564714,-0.9179868,2.7359269,3.5655854,-1.9428151,3.619354,-1.2813606,5.088002,2.0899858,1.6821525,-0.6337808,-0.1536418,0.4290365,-0.08647241,-0.49359715,0.5162964,-1.2653706,0.3901605,-0.26217943,-0.17189519,-3.6143339,3.9114604,3.5554354,-5.171649,3.0428789,2.673992,-2.498991,-2.7204108,1.543643,1.5218221,-3.377272
0,/data_nas/huangyj/data/placePulse/rawData/googleviews-110802files/51408c42fdc9f0358700eabd.jpg,-5.7504177,-1.53748,1.1100389,0.24248436,0.35489854,-1.227959,1.8929938,0.96799636,-0.55013686,-0.7570942,3.074,-1.8480158,-1.4010288,1.0143195,-1.1546922,-3.1210468,-4.157357,-0.6242733,1.7592032,0.72314095,-0.46358752,0.035651952,2.2002974,1.0892245,6.3161736,-3.178587,0.07273597,1.4796702,0.6653118,-1.5993181,0.36410984,-1.155544,0.8702859,-2.277391,-1.1647,0.31809902,3.6471014,-2.5356462,-0.4613004,-1.7971079,-0.6583929,-0.4388726,-3.661236,1.32059,-1.289263,-0.10507738,3.3428044,0.36803,1.889482,-0.9292098
0,/data_nas/huangyj/data/placePulse/rawData/googleviews-110802files/513cc7f2fdc9f03587001abd.jpg,0.49300167,-1.3587176,1.3259959,0.86229545,-5.9335103,-0.4714441,3.047346,1.3549678,1.0120344,-2.06623,-1.9799713,1.4187633,-1.5495269,2.2092597,0.954801,1.1514987,1.7530848,0.69104534,0.8032171,-0.39216074,0.95236945,3.886044,1.0207136,-0.789219,-4.9248705,0.057816245,0.6391646,-0.7272564,-0.3268854,-1.1866933,1.2505131,-0.5124312,0.48081863,-1.1262838,5.8821225,0.53724796,-6.792272,0.6547756,0.65131575,0.3416958,1.9098788,1.1190065,0.7027371,2.158659,1.4655799,-2.0542505,-5.5797367,1.9330783,-1.1683807,0.6571827
0,/data_nas/huangyj/data/placePulse/rawData/googleviews-110802files/51414f69fdc9f04926007ab1.jpg,-3.6241765,0.24463825,1.9034166,-1.2671527,0.68608904,-4.3575606,-7.6506605,1.0479397,-1.5652304,1.098626,1.3439755,0.37470084,-1.1050215,1.3722483,-1.4717122,-2.9245725,-3.3509047,1.043348,0.14731473,0.44212368,-1.3787299,0.2944535,-0.7201922,-2.0204198,0.30058804,-4.544029,0.7971564,0.8665258,4.548193,-1.7608736,1.6596518,-1.5448362,1.5184432,1.0940318,0.7007344,-4.324912,-3.1818273,0.5420418,-2.9382775,2.0442083,-0.09265072,-1.5847301,-4.4972205,1.0318257,-0.86468714,0.35384962,-4.8537855,-0.045927692,1.867835,-0.68251544
1,/data_nas/huangyj/data/placePulse/rawData/googleviews-110802files/50f42c52fdc9f065f0001ab5.jpg,0.6737203,0.33962902,0.6421768,-0.6702136,4.81259,-1.7736528,-3.6744447,2.289549,-0.6694295,-0.9215158,1.4844831,-0.5498441,-0.9478505,2.4279065,-1.1616589,-2.5303967,-3.6454737,1.5815141,0.49892688,1.575605,-0.9916972,1.8317467,2.2330034,0.43764037,7.3958464,-2.8356092,2.470911,2.3278646,5.4085984,-2.0129993,1.0759602,-1.6203167,-0.53708535,1.2420042,-10.652717,-2.6803143,-0.2840199,-0.4655051,-1.9268324,-2.507416,1.5921022,1.7443743,-4.9396825,2.1455169,1.3409051,-1.2108241,-10.9697275,-0.124060854,1.3746301,-2.0971105
0,/data_nas/huangyj/data/placePulse/rawData/googleviews-110802files/51414f6afdc9f04926007ab4.jpg,-1.4724095,-0.035156585,0.80647796,-0.7849882,-3.272175,-1.7248962,-5.5590334,1.0963403,-1.2010219,-0.60938287,0.83086985,-1.4114475,-2.6334627,1.3368988,-1.7736198,-3.3852448,-4.3763285,0.99042434,0.5284367,-0.21222298,-2.0502977,0.70227915,2.642779,-0.8422676,-0.8502947,-3.4333007,2.2600536,3.0196893,1.0301701,-1.4150082,0.91225386,-1.7282839,-1.371676,1.7897954,2.1365325,-1.6809474,-3.8338797,0.6180593,-0.8482793,-2.5904818,0.85622007,0.91250813,-6.390356,1.9361944,0.35800704,-0.5488759,-7.3787494,-0.6603259,2.330101,-2.0552695
0,/data_nas/huangyj/data/placePulse/rawData/googleviews-110802files/51413bcdfdc9f04926005a4c.jpg,-4.704515,-4.863244,2.8619573,-1.250076,-5.170899,-2.2038214,2.9560292,1.9868145,2.0735104,-1.303815,1.2862582,1.1683866,-1.5673434,2.4401863,0.99389577,-0.25610706,-1.4475772,-1.3808016,0.07066522,-0.29829764,0.8841983,3.3888774,2.1187415,-1.064238,9.92449,-4.046384,-0.23660326,0.49188608,5.6137543,-2.5401556,0.6347082,-0.9292831,2.3867328,-3.752021,-2.9177573,0.16941337,0.80957276,-1.8144858,-1.0237873,-0.102734506,0.54222167,-0.23934364,0.26568753,2.7815425,1.6964239,-1.81837,-6.8844666,3.2328393,0.89973134,0.13672999
1,/data_nas/huangyj/data/placePulse/rawData/googleviews-110802files/50f56268fdc9f065f0005a40.jpg,-4.6551247,-0.47515306,1.8549913,0.97733444,1.6959622,-0.33547747,-4.614479,0.87521034,-1.44915,-0.3529849,2.9418428,-1.6299462,-0.83691746,0.9895482,-0.66157055,-2.5505667,-1.7146949,2.2107933,1.6827509,2.1873417,-0.2484407,0.8469762,0.1574486,0.89185834,4.7544603,-1.628425,1.4263608,0.67971575,4.355849,-1.6068842,1.345625,-1.954749,-0.6307559,-1.0314227,-2.3090794,-1.5370991,-4.4781413,-1.6178509,-1.165918,-0.35151362,0.0063434243,-0.71201277,-2.501742,0.86924815,-0.5101069,0.25991935,-14.539353,-0.11132844,0.9070317,-1.158646
0,/data_nas/huangyj/data/placePulse/rawData/googleviews-110802files/50f5e5cdfdc9f065f0006a4b.jpg,2.34364,1.7549284,-3.5716853,-0.41508353,-5.582717,0.28008968,-7.357967,1.515013,0.3429401,-1.3754897,-0.19211596,-1.9315972,-4.274604,1.7266856,-1.8523544,-1.4828924,-3.1797695,0.60965717,-0.5673619,-0.2564927,-1.2451164,0.5726865,4.9340305,2.0266848,1.9554613,-1.056503,3.884984,3.4092326,-0.29714063,-0.73323536,-0.649538,-0.44942,-2.0608315,1.121292,-1.6236442,0.9312262,-3.6684413,0.16782439,0.48614743,-4.9199543,2.6565235,3.626933,-5.7990346,1.9178379,1.5649155,-1.9385175,-13.426739,-0.429839,2.1376748,-3.715851
1,/data_nas/huangyj/data/placePulse/rawData/googleviews-110802files/513f2d76fdc9f0358700da44.jpg,-6.2463846,-2.5852308,1.697615,-0.58125216,-0.52810234,-2.8203056,-2.3397229,0.920793,-0.111168206,0.9747483,3.2154331,-0.91578686,-1.2133911,0.9958569,-0.50610334,-2.8276193,-2.5299852,-0.2634224,0.12585333,1.0656424,-0.89022917,2.3137321,0.23318031,-0.31852198,7.7644186,-4.9153166,2.437172,0.7173252,5.9025173,-2.0099506,0.98856837,-2.1465502,1.8471897,-1.442194,-2.7173283,-2.3883035,-0.776998,-1.5756333,-2.3869822,1.0585005,0.20150799,-1.6696374,-1.2954429,1.5004511,-0.49484846,0.7323968,-7.5548267,0.95396334,1.7191616,-1.6390078
0,/data_nas/huangyj/data/placePulse/rawData/googleviews-110802files/513d6788fdc9f035870040d3.jpg,0.13310705,-0.88440776,4.9431996,0.23837562,2.5478013,-1.3800421,-1.2015669,2.9890883,-1.4411592,-3.3742337,-0.4116891,0.72996545,-1.7926327,3.8201034,-0.43890947,-2.3377042,-3.0999725,3.1925578,2.9635227,0.9709908,-0.20318882,2.4094236,2.4176214,-1.2007014,-2.843366,-1.864676,-0.8570104,1.7319932,2.1480403,-2.4352407,2.9427752,-1.7232618,-1.6118461,1.0322462,-0.14901504,-1.7900317,-7.8939276,0.86430776,-0.5273359,-2.2275805,0.8823864,1.3725343,-6.2723484,2.9804475,1.059665,-2.3610022,-11.86974,0.26353416,0.43194783,0.9455196
1,/data_nas/huangyj/data/placePulse/rawData/googleviews-110802files/513cde12fdc9f035870020d7.jpg,-0.288608,-4.236868,3.9844496,-2.6610076,5.15354,-1.3243278,0.57408583,2.4199693,2.239821,-3.534328,-2.727863,2.188014,-2.257213,2.8716578,-0.3149673,0.43155596,-4.0477715,-1.4960696,-0.50928056,-2.2588596,0.60181665,2.5448709,5.032565,-4.5075045,1.620627,-3.124409,-2.5322824,2.9693112,2.282817,-2.9885612,0.4259004,-1.2001483,-0.58741665,-1.5390596,-1.1881753,1.7056606,-8.689612,1.730954,-0.05998567,-3.912462,-0.10655821,2.355742,-3.0104423,3.5377314,3.3446634,-3.608362,-12.179939,2.8673882,1.9945074,0.6552367
0,/data_nas/huangyj/data/placePulse/rawData/googleviews-110802files/50f5eeeafdc9f065f00090d7.jpg,-6.209927,-2.0112784,2.3937356,1.418669,-0.19317499,0.70813507,-10.706655,0.52714306,-1.8420032,-0.93468964,3.9467266,-3.8672965,-1.9098474,0.6686629,-1.3889908,-3.684102,-3.1977596,1.6997004,2.3235378,1.905812,-1.5922513,1.1842011,2.3088534,1.4416847,4.4295783,-2.8746088,2.6433036,2.1899786,1.1168497,-1.4582964,0.8655285,-3.1093957,-2.1556275,-0.80051726,0.5599101,-0.11378297,-0.5973278,-2.189171,-0.16624755,-3.019137,-0.14977211,-0.34331432,-3.9896717,1.6726276,-0.8973394,0.5997875,-9.860461,-0.49122736,2.0742254,-2.1534643
1,/data_nas/huangyj/data/placePulse/rawData/googleviews-110802files/513cde0cfdc9f035870020d5.jpg,-0.46870396,-0.20168741,0.28181142,-1.9889688,7.186652,-4.054584,3.7308793,1.9005344,0.50568575,0.45332876,0.706836,1.4218521,-0.70278865,1.9811301,-0.65461445,-2.0041416,-3.6699681,-0.07561495,-1.0836521,0.3873487,-0.55208707,1.9428203,0.8202461,-1.512931,6.552965,-4.4152536,1.5684482,1.3819424,7.2281346,-2.3717268,0.6747972,-0.81216604,2.1437728,0.4964157,-9.254063,-3.3578334,-4.959065,0.43151394,-2.793431,0.4166487,0.89111346,0.5453478,-2.635676,1.8837882,0.97819835,-0.64890534,-10.0471945,0.7588467,1.635227,-1.7323937
0,/data_nas/huangyj/data/placePulse/rawData/googleviews-110802files/513f3255fdc9f0358700e06d.jpg,-5.3115754,-2.0254128,1.5814109,-0.3264518,0.9530839,-2.2963738,-14.703002,2.0204668,-0.07809532,-1.0619539,3.0960212,-0.59628797,-1.6057013,2.7849817,-1.3121998,-1.2385116,-2.4124713,0.59278685,1.2850174,1.8570523,0.5222518,1.5022837,1.6977789,0.41900486,11.06345,-3.4882066,0.09158287,0.9447891,6.338214,-2.2585404,1.4641626,-1.4599138,1.357943,-2.9187667,-7.0416517,-1.7088684,4.3426704,-2.67342,-2.0805535,-0.51460695,0.53341436,-0.3864052,-3.064363,1.7737048,0.16375476,-1.7074239,-9.648119,2.1593204,1.3325784,-0.3923831
0,/data_nas/huangyj/data/placePulse/rawData/googleviews-110802files/5140ce8afdc9f04926003060.jpg,-8.973852,-0.6084704,2.3558874,0.62889314,-1.4238524,-1.7936623,7.90931,0.34198773,-1.6290784,-0.3224129,2.8084402,-1.8470333,-0.22554378,-0.09876342,-0.5525146,-3.4465947,-3.6285741,1.4316819,1.9008915,-0.5987222,-1.6304076,1.0252216,0.45214176,-3.5465333,-1.3105263,-2.7706845,2.2661777,1.6316135,0.53004223,-1.1740103,1.2486658,-1.4315165,-0.27907827,-1.232933,9.768212,-1.7129499,-7.0320826,-0.9377957,-0.12866446,-1.089036,-0.072032966,-0.6814712,-5.2194815,2.292699,-0.2917237,0.666682,-1.5088907,0.5036293,1.8114809,-1.2492098
1,/data_nas/huangyj/data/placePulse/rawData/googleviews-110802files/513e5e55fdc9f0358700b036.jpg,-9.669401,-1.4902797,1.443906,1.277076,-5.226702,-1.5225961,-7.5671916,0.8774643,-2.2996168,-0.027839707,6.313612,-3.2289271,0.22405171,1.6432716,-1.7388055,-4.149728,-2.9360707,2.1314533,3.206186,2.6643624,-1.542194,1.7727765,0.111600704,0.023861136,10.571157,-3.57218,3.8434043,1.0173887,6.0917954,-1.2078298,2.0390267,-2.3454406,-0.40331954,-1.9273922,-1.6632923,-3.5114968,6.918179,-4.155903,-1.5556142,-0.9633839,1.4077845,-1.987218,-4.864395,1.774897,-0.92378074,0.7836417,-4.6428127,0.18881923,1.2704407,-1.940226
1,/data_nas/huangyj/data/placePulse/rawData/googleviews-110802files/513e1fd4fdc9f0358700a036.jpg,1.0945348,-3.044486,-1.4445206,-2.8090503,-7.0445995,-3.2667742,2.2053246,0.25924876,1.942646,1.6418597,-0.670336,1.3868783,-1.3125004,0.14728099,-0.5197951,-1.0761182,-2.3886278,-4.3147435,-3.4703648,-0.8186744,-1.3587105,3.4327862,1.0896492,-1.4459531,4.713541,-5.0540414,2.9980485,0.8457356,4.713812,-1.8031529,-0.3719054,-1.5565733,3.0082407,0.4640091,-4.1304607,-1.6256834,3.078204,1.0283391,-2.1697328,0.6622837,0.987303,0.4026679,1.769528,1.605132,1.2002577,0.0015114164,0.8345127,0.99827135,1.5479143,-2.8265135
1,/data_nas/huangyj/data/placePulse/rawData/googleviews-110802files/513e1fedfdc9f0358700a07d.jpg,-9.281111,-2.1121905,2.064708,1.3685262,-6.33935,-1.4434848,-2.747192,1.504975,-1.4156709,-0.93708515,5.433876,-2.6716294,-0.7043429,2.2385075,-0.90577126,-3.5436368,-2.4986475,2.1045897,3.2183838,1.904465,-0.9757491,2.8200498,1.1830205,0.16254227,9.536394,-3.52038,3.4698293,1.0847706,4.994017,-1.5935102,1.9988662,-1.9429243,-0.041823383,-2.5991423,0.20737034,-2.3228889,3.8769846,-4.0144176,-0.98293847,-1.1896209,1.7108271,-1.2804321,-4.569628,2.4738693,-0.2728699,-0.042856857,-5.6747828,1.0324465,1.090466,-1.4418511
1,/data_nas/huangyj/data/placePulse/rawData/googleviews-110802files/51421778fdc9f0492600802b.jpg,-4.649359,-1.2602559,0.4818744,-1.2798373,6.908767,-2.4015267,-1.7381622,1.9774902,0.54718155,-0.6158213,1.8170543,-0.45345098,-0.5014191,1.6153712,-1.0776302,-1.2877965,-3.9546006,-0.21632308,-0.20349929,-0.26972485,-0.3932164,2.1134055,2.4219928,-2.8570151,8.759072,-3.5421906,2.1271615,2.0796754,5.4205084,-2.1614182,0.43160695,-1.2948445,0.7800846,-1.8047802,-5.717052,-1.4427689,-1.9766839,-1.0041465,-1.7794774,-2.1335554,0.9987227,0.8687557,-3.4919972,2.4164832,1.4688698,-1.1873668,-8.168346,1.9796367,2.1595469,-1.8791547
0,/data_nas/huangyj/data/placePulse/rawData/googleviews-110802files/513cbceafdc9f0358700102b.jpg,-6.4449344,-3.230414,1.3079919,-1.3863999,1.3649921,-4.2970624,11.016368,1.7106212,1.4609147,0.74269414,2.156874,0.4896967,-1.0828917,1.38535,0.58919024,-2.487154,-3.396936,-1.1058254,-0.7795996,-0.9180047,-1.0420672,4.3765883,1.3591069,-2.9403014,6.8833175,-6.1061974,3.6853933,1.1257523,5.715713,-2.3861382,0.43904635,-1.2029163,3.3327096,-1.7827345,-0.73876464,-2.1149948,-5.1294045,-0.7955544,-1.798938,0.7585768,1.2918682,-0.5208449,-1.2099575,3.1606169,0.7563398,0.07828352,-4.203359,2.1913776,1.8595896,-2.383725
1,/data_nas/huangyj/data/placePulse/rawData/googleviews-110802files/513f31eafdc9f0358700e012.jpg,-5.507071,-0.21768941,-0.15049365,1.3699334,-5.781871,-0.37072644,-12.85486,1.1180764,-1.9526447,-0.4630499,5.3275414,-2.634127,-0.3862766,1.8923457,-1.814041,-2.8237028,-2.0474374,2.063177,2.887666,3.896922,-0.39338884,-0.013005709,0.3076212,2.7429469,12.195072,-1.6086904,2.2034163,0.5817777,5.8831143,-1.1855223,1.9022365,-1.748292,-0.19318946,-2.032969,-7.2112484,-2.4771442,10.5372505,-4.1450734,-1.4918923,-1.2964642,1.0711849,-0.7516544,-3.9690878,0.7594482,-0.91730607,-0.40933293,-6.1909566,-0.11865674,0.30005586,-1.7610838
1,/data_nas/huangyj/data/placePulse/rawData/googleviews-110802files/513e6b6efdc9f0358700c01c.jpg,-9.636722,-2.2375238,1.0175365,0.98927855,-3.3460934,-1.4735256,-10.028578,0.89806795,-0.9923518,0.049672097,5.4773264,-3.3817952,-1.1007966,1.4456675,-1.504173,-3.10565,-2.5233529,1.2010851,1.9732381,1.6372728,-1.3703327,2.8790002,1.370022,0.028154753,9.883927,-4.286659,4.501977,1.2761949,4.717646,-1.4436103,1.0834334,-2.491897,0.053201273,-2.5816011,-0.3103003,-2.0396218,3.6742864,-3.6458244,-1.2664802,-1.1490178,1.4585081,-1.2947259,-3.4428124,2.3125079,-0.50704885,0.4815907,-6.88401,1.1767298,1.9017979,-2.521582
0,/data_nas/huangyj/data/placePulse/rawData/googleviews-110802files/50f5eb21fdc9f065f000801c.jpg,-0.35909584,2.5297987,-0.45923877,3.5421138,-5.0135016,0.79559755,-8.722261,2.4556596,-1.0442573,-1.8432044,1.5917603,-0.33315095,-1.2592857,3.4743924,0.5835819,0.7383657,3.6140525,5.0879335,3.4139678,3.5414793,1.9666291,2.6158407,-0.89524454,4.269768,0.9917415,2.9343288,1.8624325,-2.2965775,2.7201371,-0.35445732,1.9923756,0.62792486,-0.4735179,-1.4509913,-0.9062743,-1.1519169,-3.2491882,-2.3179443,0.38327506,1.6661254,3.330352,0.529731,-1.2859985,1.0430475,-0.023621444,-1.9941754,-16.602942,0.66538996,-2.2840612,0.47898197
0,/data_nas/huangyj/data/placePulse/rawData/googleviews-110802files/50f5eb22fdc9f065f000801f.jpg,-3.841429,-1.8854218,2.7115142,0.012344467,-3.5634995,0.24458368,2.2887104,1.5473877,-0.38629246,-2.9232109,0.62477463,-1.3469963,-3.319518,1.8514719,-1.0668828,-2.7681694,-4.5120406,0.7590143,2.1224203,-0.45204577,-0.57937384,0.79933816,4.3125687,-0.7462428,-0.31482065,-2.1545317,-0.28986788,3.1615105,-0.560808,-2.1113036,0.99564487,-1.4124311,-1.8649789,-1.2325864,5.452021,1.6432303,-7.9129667,-0.46870735,0.68284273,-4.3826804,-0.06678882,1.2712835,-5.9118595,2.518883,0.6457919,-1.6320455,-11.036307,0.6104251,2.1432652,-0.68893313
1,/data_nas/huangyj/data/placePulse/rawData/googleviews-110802files/51414af7fdc9f04926007014.jpg,1.0036415,0.278511,4.820172,1.9338057,-1.3132308,-0.11262702,-8.692699,2.081621,-3.50779,-2.3136818,1.402914,-0.87562466,-1.9831085,3.1130452,-0.46739763,-3.610574,-1.8976833,4.4743514,4.132233,3.6256976,-0.4077002,0.6597948,0.33653322,3.5474856,-3.589193,-0.8137866,-0.8943349,0.49220407,0.872777,-1.5593513,2.9833887,-2.2597823,-2.304851,2.199533,-1.273604,-2.2487195,-2.5071979,-0.22871375,-0.40539324,-0.59205204,-0.07526391,-0.082280524,-5.3945217,1.2271947,-1.5366249,-0.7170603,-10.196794,-2.214394,-0.23106217,0.7710355
0,/data_nas/huangyj/data/placePulse/rawData/googleviews-110802files/514137e6fdc9f049260050c7.jpg,-2.7416644,0.06180273,0.6065624,-0.23525254,-3.8742635,-1.3653048,-4.445755,2.429266,-0.17086902,-2.1613095,1.6482621,-0.63629377,-2.455245,3.094393,-1.2229004,-1.4374653,-3.4106002,1.2249203,1.7101724,0.8186006,0.39401647,0.59206057,3.1395805,0.6193363,6.842853,-1.8159449,0.09596609,2.0405552,3.4113412,-1.9084847,1.1182009,-0.28701633,-0.113567606,-1.9057465,-3.0192564,-0.563567,0.46184415,-1.8609201,-0.7708218,-2.67543,1.1297926,1.4179189,-5.8314753,2.1188705,0.7795151,-2.5205743,-9.346357,1.2511728,1.4993597,-0.7682527
1,/data_nas/huangyj/data/placePulse/rawData/googleviews-110802files/51421810fdc9f049260080cf.jpg,-1.1022551,-1.019929,4.089126,0.44569984,3.5539832,1.0178676,5.521749,0.6301114,-2.3700008,-2.526988,-0.21086356,-0.78616637,-0.5009502,0.7335173,-1.1530437,-3.3938563,-4.349637,1.5532855,2.691337,0.56281215,-1.1646893,-0.1923795,1.8772246,-1.9033736,-6.1527543,-0.5837244,-1.06163,2.2127147,-0.9438351,-1.6432369,1.9576591,-2.6045377,-3.1726556,1.2612679,4.0430984,0.07335237,-9.020302,1.3043827,0.3939993,-3.6333108,-1.2470697,0.69609624,-4.9015903,1.4918189,0.018380843,-0.50291455,-7.347576,-1.2464715,0.83796495,0.15200841
1,/data_nas/huangyj/data/placePulse/rawData/googleviews-110802files/50f56412fdc9f065f00060cf.jpg,-1.0212141,-2.0482342,2.2464576,-0.1629696,2.6276882,-0.5726107,-2.1017723,1.7760625,-0.12079106,-1.3395876,1.9424121,-0.13277178,-0.4916989,2.0822961,-0.28451967,-1.9119947,-2.2948284,0.5541319,1.1371005,2.2478626,0.343783,1.113731,1.509062,1.7804105,9.741188,-1.9826479,-0.32687196,0.9890243,5.415679,-2.1019278,0.98390037,-1.7307134,0.1835026,-1.0936852,-10.682189,-0.702803,2.559959,-1.7512542,-1.2830005,-1.4440396,-0.042494476,0.33481967,-1.7169236,1.3637197,0.5947591,-1.0737472,-9.573518,0.33775786,0.5124556,-0.46512035
0,/data_nas/huangyj/data/placePulse/rawData/googleviews-110802files/513d9d80fdc9f035870080c5.jpg,-4.192645,-0.86377174,0.19175914,0.23100178,-4.3829727,-0.48614174,-8.619267,1.3018825,-0.49854207,-1.4521587,1.9944662,-3.235552,-4.268576,1.5773425,-1.7747743,-3.231061,-4.408899,1.0432299,1.1409969,-0.27737457,-1.9233375,1.58754,4.7897916,0.54471,1.4887686,-3.5892556,3.5496938,3.7480612,-0.66397744,-1.5224179,0.16274084,-1.7750021,-1.9574047,-0.1085685,4.210774,0.5665704,-4.6723065,-0.91187465,0.34617472,-4.513804,1.402903,1.6158503,-6.7330317,2.7372243,0.33980826,-0.84591514,-10.841661,0.12029506,3.0191135,-3.079836
0,/data_nas/huangyj/data/placePulse/rawData/googleviews-110802files/50f5e75efdc9f065f0007096.jpg,-4.46561,-1.6080261,1.9311064,0.3106228,-2.931389,-0.8308693,-15.762994,0.3498389,-1.8421893,-0.35677227,2.7704346,-3.4337614,-3.6050625,0.7917707,-2.1662953,-4.3252635,-4.5617967,0.7566332,1.4314332,0.9437884,-2.4594092,0.6171405,2.961969,1.2765697,0.28124213,-4.5334764,2.190115,3.0680456,-0.4759981,-1.5098667,0.65913194,-3.0119178,-1.711712,0.8803829,3.4014556,-0.558799,-0.8964494,-0.7423576,-0.4550125,-2.671254,-0.34121922,-0.20381908,-5.5888495,1.7741282,-1.4702688,0.5606383,-6.8801494,-1.0369835,3.0058987,-2.3992438
0,/data_nas/huangyj/data/placePulse/rawData/googleviews-110802files/51414048fdc9f04926006098.jpg,2.3767953,2.123614,1.2905914,2.83331,-3.631419,0.9058677,-8.237508,1.9755079,-2.3434043,-1.9120712,0.5050302,-0.033311576,-0.18631722,2.9291,0.5060674,-0.23396128,2.2403302,4.927867,3.2182093,3.3902574,0.75572044,2.147792,-1.2561576,2.7637026,-3.6457155,2.7000384,1.270389,-1.6797501,1.4378906,-0.24423856,2.3658972,-0.74347144,-1.9295181,1.287589,-0.70765966,-2.1555207,-1.8270507,-0.3834747,0.38041323,0.6588527,2.3163257,0.7294758,-2.0595324,0.94487995,0.019670378,-1.431848,-11.162436,-0.9521143,-2.2153666,0.57404774
0,/data_nas/huangyj/data/placePulse/rawData/googleviews-110802files/513d7d1efdc9f035870070f3.jpg,-1.5392038,0.032190084,1.5646234,-1.9101701,9.141094,-4.206756,-2.847503,1.235635,-0.43375117,1.2665626,0.87939674,1.6549425,-1.3515627,1.4476409,-1.068717,-2.2774253,-3.2898366,0.022397354,-0.7326416,1.5758305,0.24011451,-0.6631006,-0.8878211,0.3269006,5.751173,-4.449811,-1.4810941,0.477621,8.137098,-2.7752283,1.1874774,-1.0949346,3.0530846,-0.10609278,-9.390202,-3.5297468,-7.7365885,0.29749534,-3.7868555,2.9816751,-1.5373993,-1.4765769,-1.7944965,-0.14100769,-1.1491272,0.231691,-15.342154,0.18919675,1.7280521,-0.32606265
0,/data_nas/huangyj/data/placePulse/rawData/googleviews-110802files/50f5642cfdc9f065f00060f7.jpg,-8.048117,-0.39972848,0.87357366,0.7055524,-2.084327,-2.329895,8.775546,0.07241757,-1.326622,1.3420892,3.6982663,-2.2504559,-0.70307094,-0.58049655,-0.22551402,-3.9030335,-3.2123625,0.3132306,1.0054598,0.34005725,-1.528333,0.39645568,-0.3575197,-0.39615023,2.2647197,-3.452976,2.7484171,0.9778862,1.1812774,-0.8148353,0.44998133,-1.3699112,1.2897929,-1.1385353,5.223535,-1.9384123,-2.9639616,-1.7676129,-0.9528869,0.48680332,-0.5711416,-1.4323225,-3.3067257,1.3238673,-1.7177474,1.8743616,1.8067237,-0.30173776,2.0927286,-1.9165941
1,/data_nas/huangyj/data/placePulse/rawData/googleviews-110802files/513e6c0cfdc9f0358700c0f2.jpg,-8.90831,-0.28358683,0.69930035,2.9996622,-7.9305873,0.84018046,-7.0479393,0.8263785,-2.681545,-0.81399274,6.9560847,-4.319083,-0.02160731,1.560215,-1.3513422,-3.8928173,-1.6030047,3.7637157,4.3646116,4.0368543,-0.90891016,0.8234941,0.14107928,2.943016,11.052584,-1.0759885,4.058383,0.6083581,4.8933086,-0.7181778,1.9975168,-2.0635557,-1.7909154,-2.3604631,-2.055188,-2.1269362,6.7199807,-5.2085943,-0.4933236,-1.770106,1.6453115,-1.4877434,-4.69849,1.2334352,-1.2861685,0.67527616,-9.241182,-0.6169337,0.3965697,-2.1067166
0,/data_nas/huangyj/data/placePulse/rawData/googleviews-110802files/5140cf27fdc9f049260030fe.jpg,-5.73678,-0.44355878,0.68922955,0.39582038,-3.014681,-1.7112986,-13.821883,1.3212432,-1.1697669,-0.56399643,3.1574945,-2.8171232,-3.3212335,1.7965187,-1.8484572,-3.1038668,-3.7094033,1.6433746,1.3985342,0.8445915,-1.5393349,1.48168,2.8332229,0.5900131,3.777424,-4.0403695,3.1544766,2.540703,1.9175113,-1.5969039,0.8296478,-1.8482455,-0.7385852,-0.59778464,1.9850019,-1.3558102,-1.766439,-1.6498945,-0.83287567,-2.0640538,1.1521856,0.24340801,-6.092377,2.2714183,-0.5218049,-0.4194042,-10.259148,0.32965255,2.7224445,-2.4494832
1,/data_nas/huangyj/data/placePulse/rawData/googleviews-110802files/513e6c0efdc9f0358700c0f5.jpg,-9.825505,-2.7800503,1.7779676,1.96448,-5.030942,0.50069493,-7.162458,1.4086937,-0.47194478,-1.8526443,5.156555,-3.6203334,-1.577132,1.9841499,-0.5934473,-2.0673358,-1.6436466,1.9582447,3.0445623,1.5651686,-0.2481806,2.8468587,2.7341793,0.9872418,10.264016,-2.2442331,3.282661,1.3253229,3.1195943,-1.4001182,0.8683576,-1.899981,-1.0664161,-4.0938406,1.2490644,0.4520114,1.8211479,-4.507425,0.32091758,-2.810083,1.5439234,-0.38656798,-3.3941493,2.6746364,0.18158525,-0.59102404,-10.687402,1.8144591,1.4031599,-1.6964498
1,/data_nas/huangyj/data/placePulse/rawData/googleviews-110802files/50f60b97beb2fed9100000f5.jpg,4.5965414,0.8777498,-3.0124035,-1.4710826,2.2714722,0.06952548,-8.751103,0.8868789,0.3938667,-0.28976458,-0.82736564,-1.5393375,-3.1388924,0.59828806,-2.1172082,-1.8264251,-3.7751188,-0.94439733,-1.9155176,-0.22706003,-1.9268247,0.62195474,4.3919435,1.6647558,2.608884,-2.1963613,3.6808813,3.5065076,-0.052135713,-1.0026737,-1.0304767,-1.6515446,-1.777734,2.697408,-7.2900906,0.46846843,-1.3500305,1.2757759,-0.3429179,-4.697813,1.6080234,3.4122953,-3.986637,1.4558663,1.4708366,-1.0862821,-9.316424,-1.1440246,2.431801,-3.8378687
0,/data_nas/huangyj/data/placePulse/rawData/googleviews-110802files/50f5e768fdc9f065f00070f0.jpg,-4.068578,-3.6416867,2.7548754,-0.6433542,-1.5687494,-0.5786494,-2.2254198,1.6611454,1.6657429,-2.423951,-0.3690693,0.13106243,-3.6515288,2.0887635,-0.13623974,-0.37290674,-2.13779,-0.62094605,0.5207726,-0.9813023,0.8325409,2.2187788,3.863822,-0.88874656,2.206782,-2.7415144,-1.0294392,1.720396,1.2097021,-2.5614655,0.41707554,-1.1717376,0.3556045,-3.167467,3.45777,2.440003,-8.721506,-0.45192483,0.16789113,-1.9826972,-0.20235655,0.6579209,-1.7855766,2.3976164,1.0570723,-2.091487,-13.918547,2.5893025,1.7372054,0.03229357
1,/data_nas/huangyj/data/placePulse/rawData/googleviews-110802files/513f326bfdc9f0358700e081.jpg,-5.259987,-1.548395,1.8868538,-0.54209805,-2.7498972,-2.9944887,-12.591332,1.9282354,-0.35062096,-0.765283,2.602886,-0.18664184,-1.7598382,2.9102166,-1.2306157,-1.4592795,-2.2765532,0.93921095,1.2609128,1.286696,0.14228237,1.8384844,1.098345,-0.524813,7.738227,-3.703278,0.27965075,0.77128655,6.0639915,-2.0891578,1.8049847,-1.250989,1.3495914,-2.03419,-2.940165,-2.5348732,2.108945,-1.940376,-2.1577463,0.37249362,0.9193847,-0.7958379,-3.7827084,1.9454819,0.11865133,-1.5153894,-9.181198,1.9282389,1.3318638,-0.13728791
1,/data_nas/huangyj/data/placePulse/rawData/googleviews-110802files/50f60b91beb2fed910000088.jpg,-4.091459,1.0441405,0.9524369,1.4828178,7.1739717,-0.21557279,-2.164513,0.5519929,-2.3794518,0.36941248,3.43094,-1.9401392,0.6234714,0.34619847,-1.0129083,-3.097044,-1.8619504,2.5827878,2.0225048,2.8423264,-0.58164304,0.04550688,-1.0902487,1.2413372,4.4216685,-0.76509595,1.8994985,0.14293435,3.991122,-1.0721836,1.4228066,-1.9588708,-0.5788822,-0.14362215,-4.880898,-2.28756,-3.2748497,-1.6935076,-1.5051976,0.04118588,-0.14095294,-0.9960471,-2.4623795,0.0009392239,-1.2988993,1.135636,-10.40822,-1.1413673,0.51710147,-1.2998507
0,/data_nas/huangyj/data/placePulse/rawData/googleviews-110802files/50f5e75dfdc9f065f0007085.jpg,3.6084177,-0.08889955,0.461062,-2.3552415,-5.113565,-3.0496638,-10.025567,1.0418394,-0.9291602,-0.22775035,-1.5613825,0.25274286,-4.4124436,1.5684062,-2.1989646,-3.5473228,-5.3313394,-0.42923033,-1.0116379,-0.5657906,-2.335352,-0.23913908,2.9492364,0.22732215,-5.0416365,-4.717762,0.23592253,3.3636525,0.06372706,-1.740718,0.78804404,-1.8431615,-0.559711,4.0839853,1.0540458,-1.8740764,-3.6308017,2.810974,-1.5867438,-1.609048,-0.033523895,1.209785,-6.272813,1.5264294,-0.12203902,-0.8262862,-5.733509,-1.4878012,2.7008066,-1.5809067
0,/data_nas/huangyj/data/placePulse/rawData/googleviews-110802files/51408f3cfdc9f0492600005d.jpg,-5.3229494,-1.119656,0.6522497,0.9790976,-5.7050757,-1.4953048,-10.207461,2.3298922,0.00045246258,-1.3057487,3.6181664,-1.0496765,-2.4405468,3.2110257,-0.49163255,-1.080254,-0.8321461,1.8910247,2.107794,2.5080898,1.0366397,1.8059543,1.4646462,2.8430243,10.829657,-2.255115,1.1381625,0.14848953,5.7098975,-1.8612996,1.4560671,-0.64534837,1.3062733,-3.5440202,-4.6506643,-1.0851916,2.8149078,-3.6253834,-1.2751838,0.06288562,1.4277062,-0.25890002,-2.8696516,1.8099726,-0.11163844,-1.7952074,-12.792255,1.9136587,0.5836274,-0.6288481
1,/data_nas/huangyj/data/placePulse/rawData/googleviews-110802files/50f5eee5fdc9f065f000905d.jpg,-5.7998376,1.3739424,-1.7632743,1.4671732,-2.9493926,-0.046717983,-7.7923536,1.045381,-1.7159306,-0.0851049,4.8304176,-3.423434,-0.2646156,1.1555111,-1.7777207,-2.4414766,-2.2455127,2.4777787,2.0138087,2.5155761,-0.9876053,1.0218191,0.96113884,1.1113206,9.989154,-1.099337,5.012319,1.2390825,4.9484105,-0.7585707,0.9404544,-1.4814844,-1.1919163,-1.5692286,-4.2236805,-2.2852666,3.5473595,-3.303134,-1.0075028,-2.4085596,2.0118606,0.2717585,-4.523606,1.2596313,-0.0016204491,-0.008117133,-10.244664,-0.07866936,1.1769751,-3.3050473
0,/data_nas/huangyj/data/placePulse/rawData/googleviews-110802files/50f5e75bfdc9f065f0007053.jpg,-4.175011,-0.89138925,1.5733634,0.9912187,-6.7810073,-0.75705177,-13.616366,1.6503031,-0.48233187,-1.5351518,2.0665896,-1.4084018,-3.2612045,2.8318973,-0.8103237,-1.2804317,-0.80273354,2.206039,1.9777045,1.3686714,0.22573066,2.062064,2.0176291,1.6221094,2.9802127,-1.9886363,1.1445299,0.73002183,2.4237642,-1.492135,1.2785736,-1.0507257,-0.4563934,-1.6842278,2.414419,-0.4685529,-2.4205875,-1.7606864,-0.26776746,-0.57975125,1.3488197,-0.079042345,-3.5279975,1.9164169,-0.16022466,-1.4572675,-14.230955,1.0873911,1.1358241,-0.6011626
0,/data_nas/huangyj/data/placePulse/rawData/googleviews-110802files/5140ce7cfdc9f04926003052.jpg,-0.089604035,-0.45258597,3.3408408,1.3170841,-2.4818451,-0.048879858,-9.024603,1.8849677,-1.5898501,-1.9175072,0.92263,-0.25133342,-2.037387,2.842125,-0.050708987,-1.5839188,-0.33073768,3.229644,2.6178942,2.5722852,0.5860109,1.3774239,0.51670724,2.6199808,-0.20808195,-0.5818839,-0.657372,-0.009943228,2.3208032,-1.6080091,2.088469,-1.4952078,-1.1869185,0.19908668,-1.3120313,-1.1597993,-3.699589,-0.49435437,-0.44786578,-0.028817622,0.42640066,-0.0074664196,-2.7794154,1.2182478,-0.40565488,-1.2502568,-14.206102,-0.35208547,-0.1629903,0.66572154
1,/data_nas/huangyj/data/placePulse/rawData/googleviews-110802files/513d6ccffdc9f03587005052.jpg,1.027111,0.40125576,-0.4895767,-0.14092354,4.1595006,-0.18028931,-8.083171,1.027385,-0.7357031,-0.047788057,1.864887,-1.069884,-0.40066558,1.1338782,-1.1460073,-1.8505658,-2.0858395,0.9148693,0.14809716,2.5389493,-0.6374862,0.5686791,0.99644476,2.2188606,8.539714,-1.405227,2.1683185,1.2391728,4.9567375,-1.2994168,0.4530636,-1.7807642,-0.68453985,0.7512055,-12.131263,-1.7062826,2.867189,-0.9766743,-1.4963353,-1.8185818,0.6602683,1.0166912,-2.106718,0.5787187,0.497668,-0.41065425,-10.751791,-0.75367045,0.668688,-2.2657127
0,/data_nas/huangyj/data/placePulse/rawData/googleviews-110802files/51414b2cfdc9f04926007050.jpg,-5.5384803,-3.2373369,3.717397,1.9776806,-5.7972627,1.618496,-12.891343,2.2773635,-0.4648741,-4.064992,2.379387,-3.1969006,-4.749053,3.1007912,-0.33060703,-1.9120908,-2.4896758,2.579931,3.5172884,1.1909165,0.06535721,2.5008245,5.5863037,2.526898,2.8876264,-1.7173183,0.7517442,2.5928829,-1.1719487,-1.9638009,0.7640552,-2.0583842,-2.8740249,-2.7336614,4.68846,3.0255227,-4.175189,-2.5318205,1.8041003,-4.898874,0.7891964,1.5068058,-5.141899,3.2975621,0.40550846,-2.2027009,-16.481766,1.187267,1.9552393,-0.81324285
1,/data_nas/huangyj/data/placePulse/rawData/googleviews-110802files/513d7cecfdc9f0358700705b.jpg,-1.6975939,-0.46622586,0.07438817,-2.0202143,6.00747,-3.2771049,0.09693422,2.558181,1.7322817,-1.0384735,-0.2797114,1.2043588,-2.2860026,2.480351,-0.89235663,-0.37877762,-3.7130568,-0.6028946,-1.0632833,-1.0853467,0.23756963,1.895153,3.2485206,-2.2348404,6.2510386,-3.7548244,0.81085294,2.17001,4.8084984,-2.5671744,0.27490243,-0.21722607,1.7300051,-1.5285661,-5.3184056,-0.9270048,-6.5738335,0.15901405,-1.6832643,-1.4764439,1.168767,1.8044213,-3.7847645,2.6390975,1.843667,-2.3208437,-11.359515,2.419588,2.2033222,-1.3321686
1,/data_nas/huangyj/data/placePulse/rawData/googleviews-110802files/5140ced3fdc9f049260030a6.jpg,-0.2277485,1.0866791,1.3858002,1.7948261,0.94095343,-1.3406227,-13.569714,2.4874375,-0.7294295,-1.8417199,0.23246256,0.5456047,-1.8296813,3.6258314,0.13213222,0.5918776,1.3656242,3.3508239,2.2160332,1.9649535,1.2639526,2.652682,0.18827802,1.6636186,-1.564873,0.18629505,0.108793385,-1.1704749,1.613397,-1.0957485,1.9598799,-0.09306812,0.26246879,-0.68109107,-0.11849683,-1.5616902,-3.3780823,-0.5387224,-0.29576203,1.2766343,1.9126018,0.55887294,-2.2351978,1.7107106,-0.10508384,-2.2879725,-10.388129,1.1830103,-0.9360237,1.0439026
0,/data_nas/huangyj/data/placePulse/rawData/googleviews-110802files/513f328ffdc9f0358700e0a6.jpg,-2.2643425,-0.60048217,1.2304002,-1.313064,7.371756,-2.7108629,1.94449,0.67888254,-1.3788137,1.0788234,2.384639,0.1381767,1.4859767,0.59903264,-1.078842,-3.2219892,-3.96161,0.23393092,-0.07818576,1.7235763,-1.0688045,0.58561814,-0.94491106,-1.5294147,7.432048,-3.3361175,1.1672822,0.8683292,7.421715,-1.6176591,0.9670673,-2.002489,0.7797799,0.98999757,-9.727825,-3.8903,0.29137003,-0.3301341,-2.94391,0.4304996,-0.28948912,-1.0909188,-2.147753,0.6248522,0.019908708,0.87724644,-6.1076055,-0.6767922,1.3360623,-1.4709144
0,/data_nas/huangyj/data/placePulse/rawData/googleviews-110802files/50f5eb3bfdc9f065f00080a7.jpg,-7.1664295,-1.203921,0.8350465,-0.6062489,-5.059805,-3.2084258,9.232903,0.16448815,-1.2329909,1.3373814,3.4011958,-1.1455493,0.27648538,0.0528031,-0.84276944,-4.1737847,-4.0544224,-0.66390675,0.6145403,0.37984002,-1.927401,1.2430979,-0.66739506,-2.419143,3.9448993,-4.2622695,2.7407868,1.0254111,4.528372,-1.2010404,1.2244879,-1.6697019,1.5463687,-0.41885343,2.89955,-3.4869378,-0.013218004,-1.2339419,-1.9882774,0.52477825,0.09228601,-1.7454057,-3.366652,1.4839782,-0.838744,1.5589211,1.7912022,-0.110445544,1.8569674,-1.9850172
1,/data_nas/huangyj/data/placePulse/rawData/googleviews-110802files/51392726818ede12960010a7.jpg,-1.1280549,0.8180016,-1.6560498,-1.2713594,4.1579266,-3.4857435,-0.4442836,1.6918591,-0.072151445,0.9063233,1.9238353,-0.105595976,-0.8834221,1.5192912,-1.2911731,-2.3189619,-3.9655886,-0.13673186,-0.74249923,1.0249624,-0.90309274,1.3041731,1.1207443,0.14955524,8.4751005,-3.8928232,2.983223,1.4913797,6.040746,-1.7685771,0.26726142,-0.7309162,1.9633919,0.21020167,-9.591228,-3.162434,0.61312777,-0.69943064,-2.5295498,-0.38297796,1.2157863,0.8053588,-3.4171968,1.4824328,0.2808444,-0.33379602,-5.8409863,0.23993637,1.8141757,-2.7998574
1,/data_nas/huangyj/data/placePulse/rawData/googleviews-110802files/50f60b92beb2fed9100000a7.jpg,-1.158554,-0.985964,2.2817125,-1.8700366,8.449208,-2.994714,-6.516325,1.8345805,-0.2723621,-0.6030504,0.869646,1.1369544,0.31129065,2.1626768,-0.9891094,-1.1164833,-3.4351513,0.37053892,-0.042613707,0.85734296,0.12623177,0.47201335,0.67338693,-2.0310805,7.7810698,-3.0218468,-1.1092763,1.2445343,6.8026032,-2.1381264,1.1992415,-1.3131627,0.82790613,-0.20135947,-10.194123,-2.9282758,0.94068116,-0.16056049,-2.6207037,-0.41469842,-0.20839581,0.015746394,-3.1272569,1.3857793,1.069543,-1.3211454,-7.4066324,1.0408776,1.3146236,0.14787714
0,/data_nas/huangyj/data/placePulse/rawData/googleviews-110802files/513cdd26fdc9f035870020a9.jpg,-5.650596,-1.576829,-0.2406914,-1.8747942,-1.4410673,-4.537245,0.13347727,1.7117846,1.8474194,-0.4574869,-0.25824788,0.48436478,-3.0810716,1.5056993,-0.45706552,-0.3399982,-3.6530309,-1.495714,-1.2946795,-2.9004107,-0.5317152,2.5792637,3.2253406,-4.068525,0.8917985,-5.091652,2.0070705,2.1188502,0.9747915,-1.9095322,-0.23333451,-0.0056346892,2.8127494,-2.4841597,6.595788,-0.49543405,-6.0387316,0.3115666,-0.59908617,-0.48103547,1.221071,1.0419941,-3.7865121,3.3569949,1.1873275,-1.6913732,-0.38007376,3.1607583,2.6847088,-1.6990654
1,/data_nas/huangyj/data/placePulse/rawData/googleviews-110802files/51413fc5fdc9f0492600600c.jpg,-1.1363966,-0.8632016,1.2587894,-2.8569121,2.1103332,-5.1484756,-5.5935693,1.9135581,1.1243768,0.17555831,-0.9709276,2.3737185,-3.4246137,2.2246299,-1.1123674,-1.0554616,-3.6866696,-1.1464552,-1.5440652,-0.79992884,0.20818612,0.5237257,1.4413972,-1.433628,2.348662,-5.338981,-1.5875688,1.4590682,5.135299,-2.8040693,0.9420955,-0.3480735,3.4137409,-0.568772,-2.4710155,-2.1874585,-7.1809387,1.2269182,-2.8906646,1.9831029,-0.4177598,-0.27238253,-3.2163231,1.4846315,0.065323845,-1.5117428,-10.392978,1.815426,2.310363,-0.081302926
0,/data_nas/huangyj/data/placePulse/rawData/googleviews-110802files/513d9d4afdc9f03587008008.jpg,2.443164,-2.9880366,6.168071,0.45746893,-6.148529,-0.37900952,-11.864557,2.5689256,-1.434148,-3.540125,-0.8306765,0.42229834,-4.6014233,3.9851964,0.15123636,-2.3858619,-2.105717,2.3962526,2.7324002,1.9102986,0.07340243,2.2796004,3.0831735,3.0407684,-4.6475816,-2.3776712,-2.4854257,1.2922888,-0.28797695,-2.3476362,2.3411582,-2.445171,-1.90929,1.457773,1.2727178,0.18552195,-4.2127385,1.0168401,0.24848305,-1.417896,-0.3490073,0.78487015,-4.1045613,2.4532096,-0.28443822,-2.328115,-13.026966,-0.5774064,0.5447991,1.4431385
0,/data_nas/huangyj/data/placePulse/rawData/googleviews-110802files/513e6b62fdc9f0358700c00a.jpg,-8.338756,-2.3820624,1.1150745,-0.19046922,-1.6147648,-1.7091577,-4.5336514,1.3780072,0.6256756,-0.6932302,2.7328837,-1.8593638,-2.0008843,1.2361611,-0.5662201,-1.2987584,-2.7400188,0.19309694,0.55702084,-0.7246698,-0.6549799,3.1468706,2.814289,-2.2661881,6.4006557,-3.8789568,3.3063226,1.8251222,2.9300134,-1.7722367,0.23985331,-1.2362715,0.3835137,-3.0831141,3.3788402,-0.24600464,-3.1644247,-1.867045,-0.53229773,-1.836275,1.2943809,0.17460757,-3.1970828,2.8347917,0.9422524,-0.71339315,-8.537415,2.5045304,2.3509748,-1.9967458
0,/data_nas/huangyj/data/placePulse/rawData/googleviews-110802files/50f43b70fdc9f065f00030b9.jpg,3.9872973,1.3762949,-1.695554,-1.2648915,-9.537892,-2.1791205,-0.16105661,2.709755,0.963009,-1.794629,-1.6079195,0.94149417,-4.5430174,3.257738,-0.84746,-0.69948745,-2.9228964,0.075713255,-0.46425158,-0.5834064,-0.062258314,1.016976,4.014126,1.6671883,0.9554448,-1.8857762,1.0594485,2.3830595,1.1002771,-1.4671359,0.38563335,0.4800122,0.43727085,0.70606834,-1.717652,-0.29135457,-2.6151423,0.684477,-0.59645116,-2.3685253,2.4148989,3.325521,-5.5062666,2.414139,1.5404142,-3.1695132,-8.122464,0.64682573,1.4717263,-1.5042354
1,/data_nas/huangyj/data/placePulse/rawData/googleviews-110802files/513d7836fdc9f035870060b5.jpg,-4.9785733,0.0824198,0.25264952,2.0680907,-2.081987,0.5812243,-12.672447,1.2163229,-2.372215,-0.70983505,5.5677752,-3.4052262,-0.12217229,1.6785758,-1.6689534,-3.3140957,-1.8593485,2.9540493,3.3791094,4.431386,-0.69666314,0.28632182,0.50407463,3.4061432,11.9025,-0.9670445,2.9823253,0.80746734,5.4693594,-1.0423487,1.9208474,-2.2336967,-1.262205,-1.3927847,-8.596101,-2.189499,8.4131155,-4.2022066,-1.2179189,-2.057871,1.1308349,-0.50751746,-4.0819135,0.7114346,-0.9430354,-0.0014291788,-9.387102,-0.70737815,0.21403109,-2.0884063
0,/data_nas/huangyj/data/placePulse/rawData/googleviews-110802files/50f5eb3cfdc9f065f00080ba.jpg,-3.9391806,1.346553,-2.5682123,0.2679343,-2.6700125,-0.97289324,-6.1410046,0.60514563,-0.60843533,0.38744542,2.3542254,-3.4019547,-3.0256894,0.39179558,-2.0440807,-3.098277,-3.6480076,0.9086791,-0.03152512,-0.2947937,-2.3313425,0.989321,3.1020348,0.28386536,1.9743752,-3.1310847,5.7614493,3.0536242,0.26184168,-0.7538661,-0.2759527,-1.3031777,-1.1421362,0.4461973,2.8511496,-0.7915702,-4.677606,-0.82979757,-0.23756601,-3.1129007,1.9547232,1.3281835,-5.8377433,1.8320123,0.0373943,0.27239078,-8.911028,-0.4047074,2.806807,-4.4027634
0,/data_nas/huangyj/data/placePulse/rawData/googleviews-110802files/514137c5fdc9f04926005043.jpg,-5.524946,-2.8334744,2.0018318,-1.5992726,-0.73160434,-4.5860467,6.6714892,1.38677,0.45748776,0.9716374,1.8993949,0.8909537,-0.38102758,1.4180591,0.17841023,-2.444863,-3.0439427,-0.7221238,-0.568663,-0.31813058,-1.051864,3.3285067,-0.024661904,-3.249885,5.647182,-5.657302,2.4406915,0.6957819,6.7528687,-2.221019,1.182849,-1.6298974,2.9797268,-0.95101213,-0.97235084,-3.4589727,-2.929582,-0.35889348,-2.5691986,1.7173077,0.83076346,-1.2905422,-1.3698019,2.450004,0.6084418,0.25380534,-3.5445504,1.6857951,1.540143,-1.4086463
0,/data_nas/huangyj/data/placePulse/rawData/googleviews-110802files/513e6b88fdc9f0358700c043.jpg,-5.2180767,0.17877759,0.9562455,2.5293267,-7.281116,0.6088192,-3.463506,1.9878385,-1.5996281,-1.9610159,4.3877954,-2.9487097,-1.6926444,2.4771023,-0.4572227,-2.4627347,-1.4150625,3.3491142,3.7925956,2.8742692,0.105782785,1.0329678,1.7912544,3.5953443,7.869899,-0.30581403,2.4643495,0.7496033,2.4516084,-1.0340824,1.4502575,-1.0709065,-1.3290116,-2.2527828,-1.6206673,-0.41245213,3.258157,-3.9296575,0.14555737,-2.275507,1.6702476,0.3761464,-4.8376813,1.7198195,-0.43687138,-0.9258633,-9.040942,0.045492794,0.3464578,-1.2528672
0,/data_nas/huangyj/data/placePulse/rawData/googleviews-110802files/513d56cbfdc9f03587003049.jpg,-7.7566323,-0.04704319,1.5788361,0.48156813,-1.3518962,-2.07763,4.273393,-0.140509,-2.1647427,0.7559536,3.3233876,-1.8824711,-0.20106281,-0.4274793,-0.97256184,-4.031829,-3.6426075,0.7443237,1.5445473,0.4658073,-1.7585673,-0.100775905,-0.62819797,-1.55106,-0.0005341377,-2.8240337,1.7706839,1.0540819,1.083994,-0.7556525,1.0429729,-1.5095443,0.29100594,-0.3841193,6.315713,-2.3284326,-2.9818869,-1.1217219,-0.8393714,0.21238402,-0.8202309,-1.6114314,-4.541697,1.1824664,-1.6336206,1.4590639,1.0445037,-0.67350984,1.943456,-1.1519425
0,/data_nas/huangyj/data/placePulse/rawData/googleviews-110802files/50f5e75afdc9f065f000704f.jpg,-0.36324808,-3.4107897,4.181596,-1.6927037,-4.929376,-2.6109385,-13.702407,2.3178046,0.5041185,-2.3759415,-0.97933847,1.0870268,-5.571377,3.4796612,-0.9050595,-1.661154,-3.8132396,-0.40283722,0.5796121,0.018845962,0.3516801,1.4110906,3.9963632,1.0900053,-0.16612251,-4.7221394,-3.3167248,2.2346025,1.4489431,-2.990873,1.2862211,-1.4568056,0.70199627,-0.5987889,1.1092844,0.5373105,-4.385592,0.76047915,-1.0906464,-0.8194332,-0.91822183,0.35659474,-4.174768,2.2583904,-0.08684099,-2.6131005,-12.252969,1.3378836,2.3681564,1.0195307
0,/data_nas/huangyj/data/placePulse/rawData/googleviews-110802files/51414b25fdc9f04926007048.jpg,-5.2680798,0.22970876,-2.3543143,0.6364004,-11.769664,-1.1648111,-10.047127,1.0410721,-0.56618255,-0.09092749,4.0765257,-2.2701068,-1.8790039,1.7908989,-1.6316454,-1.4792117,-1.8816541,0.5633355,1.319819,1.9740124,-0.41703677,1.1369827,1.4212787,1.9024501,10.327775,-2.028449,3.563172,0.783595,4.466024,-0.9622212,0.8152072,-0.7951577,0.7153846,-2.6242578,-2.3535838,-1.6813042,8.488074,-3.4125483,-0.9086468,-1.3512195,2.0750039,0.3205155,-3.6271834,1.4478035,-0.18405879,-0.94607455,-4.668272,0.9237375,1.0076629,-2.6805344
1,/data_nas/huangyj/data/placePulse/rawData/googleviews-110802files/51414812fdc9f04926006bdd.jpg,2.561399,-0.15031786,1.6853534,-0.20788306,6.593757,-1.7221977,9.978213,0.7369589,-1.1251485,0.88072187,1.6720029,0.59855974,0.73409325,1.3506,0.031766802,-3.9258134,-2.648567,0.86929476,0.5913929,2.830985,-0.7401865,0.49041745,-1.1370356,3.4240267,5.443086,-2.540494,0.03665655,0.2018713,5.029321,-1.3826895,0.42777961,-1.3974692,0.8311424,2.4916494,-12.994848,-2.608569,-0.09397344,-0.43824995,-1.9986039,1.2944943,-0.39516693,-0.95688033,-0.7650929,0.061568398,-1.1332219,1.217903,-4.545874,-2.413341,0.3395632,-0.7906384
0,/data_nas/huangyj/data/placePulse/rawData/googleviews-110802files/50f5e646fdc9f065f0006bdd.jpg,-2.5975742,-1.365572,-0.76683646,-1.8896716,-0.65686804,-2.7403924,-7.318075,1.5344458,1.9857241,-0.32108033,0.031088037,0.33157256,-3.796115,1.8486617,-1.1871122,-0.3006449,-2.7992232,-1.6463703,-1.5432744,-0.96894944,0.26683247,1.5072528,3.1416135,-0.41532686,5.714937,-4.1100717,0.74871755,1.8190954,3.487114,-2.2272918,-0.24029145,-0.42951268,2.0548568,-2.218654,-1.8496484,0.23807524,-4.695079,-0.2578903,-1.460506,-0.67578864,0.5799168,0.8441828,-2.206939,1.8271934,0.7814678,-1.791898,-11.666074,2.3227146,2.4731374,-1.5460328
1,/data_nas/huangyj/data/placePulse/rawData/googleviews-110802files/50f44800fdc9f065f0003bde.jpg,1.2278782,-1.7053457,1.3421232,-0.9528613,-1.518359,-1.2391984,-7.233773,1.4120712,-0.28053558,-0.62107974,0.9906428,-0.0077171903,-1.677138,1.9666349,-1.023167,-2.1604383,-2.5646183,-0.18520278,0.20973495,1.8333853,-0.5065216,1.1942804,1.5952655,2.1588035,6.328623,-3.0399451,0.30958512,1.311176,4.12273,-1.9634638,0.9819975,-1.9338638,0.26594368,0.70278496,-8.771941,-1.3594828,4.072771,-0.5094821,-1.7419466,-0.9711732,0.38262978,0.3282493,-2.0981848,1.249876,0.189125,-0.9713473,-6.6163406,-0.23044637,0.9376935,-0.91862637
0,/data_nas/huangyj/data/placePulse/rawData/googleviews-110802files/50f5eaaafdc9f065f0007bde.jpg,-0.08125282,-1.5902866,0.32560903,-1.6813209,-9.696302,-2.510652,-2.3567746,1.8167827,1.0633852,-2.0521138,-1.5805966,0.17033702,-5.200199,2.467096,-1.2614218,-1.5987612,-4.456743,-1.336894,-0.37400672,-1.939664,-0.8902511,1.6821226,4.9828954,-0.88481075,-2.491446,-4.0715027,0.41475785,3.436345,-0.9747093,-2.0284069,0.44431713,-0.77976453,0.2993405,-0.08060609,5.9136453,0.7176712,-4.932917,1.09621,-0.19368343,-3.0880268,1.0001726,2.3268416,-5.569552,3.0468853,1.1464441,-2.441965,-4.6945643,1.3025781,2.6100013,-1.3828361
0,/data_nas/huangyj/data/placePulse/rawData/googleviews-110802files/50f5eaaafdc9f065f0007bdf.jpg,-4.334205,-2.3262088,0.64909357,-0.09460886,-2.8170483,-0.3120886,-11.752157,1.7657756,1.4377548,-1.8740438,1.3133174,-1.0698526,-3.0902328,2.179768,-0.46679878,0.48564184,-1.3291497,-0.1896987,0.47367823,0.007825764,0.9612286,1.7824477,3.71036,0.63058627,7.47523,-1.9046096,0.3401581,1.3194263,2.0375397,-1.6819053,-0.12331086,-0.5903588,0.24933144,-3.6880784,-0.86919856,1.8433859,-0.19660345,-2.013434,0.07524753,-2.2809756,0.8139881,1.0780818,-1.9030879,2.1680954,1.0970093,-2.313285,-11.4242325,2.6893706,1.6605889,-0.72081333
1,/data_nas/huangyj/data/placePulse/rawData/googleviews-110802files/50f42c6afdc9f065f0001bd0.jpg,-3.5865934,-0.25568473,1.7190655,-0.52178293,2.8724284,-1.6606079,-5.129605,1.2168583,-1.3348267,-0.6084586,1.5883459,-1.4943268,-2.3283632,1.1137145,-1.7029845,-3.5035331,-4.8215904,1.0960181,0.91531664,0.4314648,-1.3619688,-0.26319724,2.312422,-0.61954486,1.6399534,-3.4683826,0.9668435,2.8455694,2.234239,-1.9492857,1.0120296,-1.8797598,-0.75845295,0.31327644,-0.025591671,-1.242286,-6.0682573,-0.16470122,-1.3193978,-2.0995457,-0.34954116,0.26425686,-5.9326773,1.4435551,-0.34586585,-0.28422433,-10.668693,-0.29513028,2.586735,-1.6199372
0,/data_nas/huangyj/data/placePulse/rawData/googleviews-110802files/513cc8a8fdc9f03587001b67.jpg,-7.682752,-1.4499264,0.99835426,-0.120496616,-5.3423467,-2.8851337,9.707068,0.4472579,-1.033796,0.9421816,3.7835152,-1.5913634,-0.12806478,0.3689611,-0.70072716,-4.253757,-3.9311936,-0.34359363,1.042182,0.47278434,-1.8125634,1.7007437,-0.015740236,-1.7635297,4.890766,-4.3777466,3.2200594,1.2171911,4.13148,-1.4109162,1.2000284,-1.7380399,1.4581398,-0.9459278,2.8276033,-3.03042,-0.024430621,-1.8266315,-1.7075653,-0.046715528,0.35480016,-1.4605284,-3.5747545,1.8234253,-0.8081175,1.3638808,1.19569,0.12806986,1.8025807,-2.2177541
0,/data_nas/huangyj/data/placePulse/rawData/googleviews-110802files/50f5e63cfdc9f065f0006b6e.jpg,-0.6749342,0.99653226,-4.119216,-0.5915527,-0.26493445,0.046836473,-11.361336,1.4779994,1.8737562,-1.0336789,-0.14247708,-1.4739566,-3.4298475,1.3185496,-1.4397265,1.268603,-1.8103695,-1.0374837,-1.4235727,-1.0979443,0.2521403,0.98560977,4.7067657,0.4954505,5.699369,-0.62853396,3.0138297,2.1150532,0.08462636,-0.78482413,-1.5285583,0.20089693,-0.18557379,-2.2250025,-2.247345,2.1637647,-1.551216,-0.7936963,0.5042435,-4.0175815,2.0701551,3.361873,-2.895627,1.9220502,1.7432842,-2.6119523,-10.099573,1.9573659,2.147943,-3.0532176
0,/data_nas/huangyj/data/placePulse/rawData/googleviews-110802files/513f2e1cfdc9f0358700db60.jpg,-4.003942,-2.5831466,1.4470097,-0.012399943,4.499959,0.01614201,-5.460681,0.62569636,-0.65942407,-0.32381305,3.2621448,-1.9653491,0.46767294,0.5984633,-1.0862615,-2.558678,-2.8823867,-0.039685693,0.7495154,1.8422388,-0.8847082,1.362396,1.3038749,0.19770764,9.929941,-2.588791,1.9207035,1.3815929,4.473289,-1.5788027,0.5579577,-2.826534,-0.6365101,-1.0036807,-8.203868,-0.8169336,4.6789675,-2.0100918,-1.2511753,-2.2877448,-0.010857835,-0.3267003,-1.3106133,1.2149645,0.2901512,0.2666319,-5.4924636,0.15421449,1.2067925,-1.8458426
0,/data_nas/huangyj/data/placePulse/rawData/googleviews-110802files/513d5f00fdc9f03587003b36.jpg,4.475192,2.5182903,-6.28406,-1.8288178,-11.8373575,-1.4816211,-3.6194654,1.5509843,2.048207,-0.26336196,-1.9256177,0.48553774,-3.7372968,1.5368817,-1.4097835,1.262826,-1.8053323,-1.965608,-2.9407387,-1.5665629,-0.4013079,1.4515544,4.0054893,0.41753808,3.4282458,-0.7735919,4.3574824,1.9370505,1.4626232,-0.47493324,-1.1992079,1.0361338,0.8129743,0.09607907,-2.392569,0.07139392,0.76312256,0.79802525,-0.21122828,-2.959032,3.557958,4.336609,-3.1216972,1.879921,2.6418924,-2.8907385,-6.469648,1.1746483,1.4717312,-3.9725513
1,/data_nas/huangyj/data/placePulse/rawData/googleviews-110802files/5140b7ecfdc9f04926001b32.jpg,-1.6928824,0.6923007,-2.558668,-2.084323,-3.1634884,-4.0554047,3.1528425,0.36842278,0.49850303,2.0174525,0.012185646,0.31070206,-1.6931323,0.21186005,-1.4190506,-2.2900362,-3.2402296,-1.4107074,-2.3732579,-1.3636111,-2.0639946,1.5596763,0.6396921,-2.7211947,0.2636882,-4.427448,4.413656,1.5145531,3.850511,-1.205806,0.08072206,-0.7524056,2.0866613,1.2089765,1.7668161,-2.925017,-6.229333,1.3716224,-2.186492,0.85344774,1.596076,0.17444265,-2.7062178,1.2498903,0.48495492,0.43689996,-4.7437325,0.29655415,2.0862079,-3.4935327
0,/data_nas/huangyj/data/placePulse/rawData/googleviews-110802files/51413c7ffdc9f04926005b39.jpg,-5.333138,-0.6690065,2.6191015,0.48026258,-1.6178626,-2.541272,1.4779862,1.3035948,-1.3715912,-0.25381777,1.9390901,-0.69748276,-0.7571409,1.3501894,-0.42772108,-3.0725393,-2.299996,2.2550685,1.6621587,0.26635954,-1.4773692,2.5350347,0.21970823,-2.3289254,-1.3380508,-3.226284,2.793101,0.99570835,2.5897374,-1.5644869,1.9953102,-1.7422082,0.15911718,0.20268415,5.288545,-2.9911335,-6.0113244,-0.24382758,-1.0649449,0.18308184,1.1159998,-0.63702446,-4.3637857,2.274354,0.083214045,0.057938628,-5.1580834,0.37509158,0.907974,-0.9862365
0,/data_nas/huangyj/data/placePulse/rawData/googleviews-110802files/513cb78dfdc9f03587000b38.jpg,-6.955421,-3.855341,1.638411,-1.367904,0.36733553,-3.332992,7.426331,0.95723146,2.0603771,0.23302478,0.9618006,0.8612509,-1.7349681,0.7636684,0.86681676,-0.7485651,-2.1580071,-1.9959091,-1.1066588,-1.570633,0.22797933,2.6944215,1.3516277,-2.7425225,4.490061,-4.8177466,0.8586738,0.56862485,3.1456287,-2.1189067,-0.18771166,-0.8014262,3.4765885,-3.5261343,3.2568715,0.22326201,-6.4560843,-0.6780842,-0.87167895,1.2851346,-0.20554784,-0.83253336,0.5956215,2.3978531,0.48939553,-0.33089945,-3.590212,2.866785,1.7953043,-0.96295077
0,/data_nas/huangyj/data/placePulse/rawData/googleviews-110802files/50f5ecf0fdc9f065f0008b38.jpg,-2.8722122,-0.3662595,0.8221032,-1.0006634,6.4748154,-1.7344956,-4.16623,0.6900762,-1.2455617,0.5491512,2.3348331,-0.7763918,0.10504368,0.66773343,-1.8513533,-2.9471087,-3.8716934,0.14051375,0.2114628,1.637996,-0.9243712,-0.008666454,0.2533223,-0.6121753,7.4302425,-3.091818,1.0678703,1.4588755,6.27931,-1.852889,1.0407349,-2.1591299,0.2543945,0.11301552,-8.349873,-2.71219,-0.86596787,-0.7128042,-2.6446998,-0.673318,-0.44148093,-0.7294195,-2.816219,0.35593373,-0.30191764,0.48693395,-9.834843,-0.35406762,1.7376213,-1.6331162
0,/data_nas/huangyj/data/placePulse/rawData/googleviews-110802files/50f5e5e0fdc9f065f0006b38.jpg,1.4640898,0.6824049,-0.100252524,-2.541299,5.568494,-4.571301,-12.07638,2.092342,1.0494661,0.12635337,-1.1163673,2.053573,-3.617239,2.6434853,-1.5963126,-0.37407354,-3.2127535,-0.7116817,-1.6965712,0.0059183557,0.5698903,-0.09788035,1.7487139,0.54207116,3.972936,-4.33841,-1.6566049,1.3834603,4.95199,-2.4938405,0.55037,-0.020469265,2.8678606,-0.03560815,-7.632852,-2.1683729,-4.9279585,1.0012133,-2.9756558,1.3263512,-0.15138999,0.67093223,-3.3986034,1.0154731,0.054604743,-1.9865093,-12.265097,1.418426,2.2334106,-0.19247833
0,/data_nas/huangyj/data/placePulse/rawData/googleviews-110802files/50f5eaa1fdc9f065f0007b3a.jpg,-1.1156522,2.4461327,-0.44403976,3.4984305,-3.920399,0.44683647,-11.858931,2.3088193,-1.1697743,-1.7056042,1.6820945,-0.6091586,-1.2742264,3.4770155,0.3254225,0.657542,3.3524907,5.225604,3.271274,3.219086,1.4432878,3.3235,-0.6537846,3.2758648,-0.2601075,2.3134675,2.671851,-2.0093763,2.4150877,-0.36158645,2.0059574,0.40663514,-0.72648025,-1.1418419,0.76622367,-1.5700685,-4.0121555,-2.003036,0.4780557,1.3801726,3.5535147,0.55092937,-1.6815884,1.4112536,0.040119108,-1.8961667,-16.466244,0.77414674,-2.007894,0.08503971
0,/data_nas/huangyj/data/placePulse/rawData/googleviews-110802files/50f5eaa1fdc9f065f0007b34.jpg,-5.520784,-1.6653148,2.2534251,1.0925045,-4.373519,-0.77225745,-14.484841,1.1330165,-1.3200928,-0.9364258,3.1679242,-2.5744102,-3.1457818,2.016303,-1.2750027,-2.85171,-2.208311,1.946421,2.1370926,1.7810172,-0.8296978,1.726344,1.9516952,1.80441,3.2708378,-3.356582,1.7827915,1.4380811,2.0282097,-1.7427291,1.3060133,-2.342537,-0.8117751,-1.0628734,2.0175853,-0.84781325,-1.5465087,-1.8701108,-0.63635993,-1.1351633,0.47010848,-0.62201947,-3.975688,1.8859785,-0.9853445,-0.27509117,-12.12203,0.2635662,1.8133273,-1.3504349
0,/data_nas/huangyj/data/placePulse/rawData/googleviews-110802files/513d5f39fdc9f03587003b7e.jpg,1.4474407,2.8340302,-3.8841631,-0.43993786,-7.789259,-1.1783453,-7.402651,1.746181,-0.11943308,-0.8632972,0.48999316,-1.26062,-3.2574458,2.180244,-2.0191486,-0.8838999,-3.1980395,0.5657835,-0.09143516,0.0002430696,-0.90395725,0.4766506,3.558289,1.3703176,2.9764445,-1.0289378,3.397741,2.460888,0.73357844,-0.51985854,-0.09509025,0.3685261,-0.7611607,0.6684594,-1.7402056,-0.81848437,1.969663,-0.36755848,-0.2876571,-3.4873428,2.814648,3.1304896,-6.255622,1.7673345,1.014509,-2.250027,-5.5969515,-0.06399326,1.7114154,-3.0858135
0,/data_nas/huangyj/data/placePulse/rawData/googleviews-110802files/51413ca4fdc9f04926005b70.jpg,-4.0747557,-2.0804377,1.6581527,-2.012462,2.034267,-5.291763,-8.406199,2.0228927,1.8430053,0.18712811,-0.2637163,2.044289,-3.3541965,2.2643907,-0.0739475,0.2590679,-1.939481,-1.2699008,-1.2507958,-1.1394086,0.7823281,1.8946896,1.3312846,-1.4422487,3.1440752,-5.454322,-1.1520054,0.28532025,3.6947422,-2.5181665,0.46500897,-0.043742232,4.410949,-2.5508757,0.43750808,-1.2154138,-4.545789,0.08661356,-2.1435823,3.0246794,-0.13675642,-0.8115729,-1.2670958,2.0412848,-0.15140952,-1.5815281,-5.0268044,3.126821,1.9598457,0.3895699
1,/data_nas/huangyj/data/placePulse/rawData/googleviews-110802files/513d7b57fdc9f03587006b26.jpg,-0.6066553,0.896115,1.2356383,-0.5407247,9.524298,-2.1857474,-1.1908903,0.8918962,-1.3427465,0.8631201,1.584977,0.33213803,-0.6764862,1.0616492,-0.9293583,-2.840995,-2.7095068,1.4193871,0.27367175,2.5478623,-0.030754361,-0.5553268,-0.91374636,1.6822767,5.199812,-2.6055684,-0.24849221,0.47087616,6.894994,-2.1517243,1.120385,-1.4518102,1.1312712,0.58707064,-10.204809,-2.978731,-7.368762,-0.19279847,-2.820433,1.621648,-1.083887,-0.8285671,-1.9474381,-0.3816357,-1.0837623,0.5867675,-16.766254,-1.0038302,1.0595756,-0.8688392
0,/data_nas/huangyj/data/placePulse/rawData/googleviews-110802files/5140cb5bfdc9f04926002b23.jpg,-1.9590695,0.73844045,2.066426,3.2136745,-2.5143168,1.5976486,-9.450182,2.0159466,-2.1170971,-2.895857,1.7427965,-1.6006167,-1.0105983,2.8817914,0.19436207,-0.7509595,0.78525144,4.91316,4.099182,2.7759595,0.5322399,2.3731015,0.7580824,1.9465077,-1.8468615,1.945383,1.4679023,-0.4037952,0.37283468,-0.75692225,2.1317294,-1.1051704,-2.76842,-0.5838928,2.5919876,-0.4851399,-3.5869594,-1.4419771,1.2096996,-1.5953678,1.9770361,0.9085472,-3.4871676,1.8565958,0.12290722,-1.6738589,-13.154814,-0.1632314,-1.1200318,0.15696253
0,/data_nas/huangyj/data/placePulse/rawData/googleviews-110802files/513d5ef2fdc9f03587003b25.jpg,-5.044108,-2.0384371,3.0708587,1.3439659,-2.6008136,-0.48197922,-15.3075905,2.243658,-0.5402395,-2.6840193,2.3309627,-2.022989,-4.267011,3.2059007,-0.8135372,-1.8368212,-2.2990932,2.1322644,2.8132184,1.5290422,0.37764734,1.6503929,3.6659672,2.574762,3.4859235,-2.6421893,-0.26381207,1.6678859,0.66623336,-2.1180527,1.2086064,-1.5161891,-0.68120307,-2.415976,1.7544137,1.0161538,-2.5755973,-2.2771504,0.118910395,-2.0823772,0.28982785,0.42032084,-4.627039,2.380428,-0.67856246,-1.88925,-13.355762,1.246426,1.8199147,-0.17806597
1,/data_nas/huangyj/data/placePulse/rawData/googleviews-110802files/513d9bd0fdc9f03587007b20.jpg,-4.499091,0.07194672,0.869868,-0.94884694,9.624044,-2.5470243,-1.4797583,0.7261066,-0.66189665,1.0380937,2.0543547,-0.18643947,-0.578599,0.34473944,-1.1483902,-2.3162093,-3.3397672,0.34906447,-0.30402756,1.1323999,-0.14142178,-0.5551005,-0.3108101,-0.79085064,6.1674986,-3.2855392,0.41431156,0.93035126,6.416818,-2.1423852,0.72663146,-1.4455411,1.5890679,-1.1542974,-5.9603424,-2.3128204,-7.6735883,-0.5847176,-2.7341375,1.0319997,-1.1305739,-1.0560739,-2.0320804,0.07840982,-0.816331,0.600963,-14.053297,0.2985156,1.9514165,-1.3602122
0,/data_nas/huangyj/data/placePulse/rawData/googleviews-110802files/5140cb9bfdc9f04926002be3.jpg,-7.3432355,-2.9104812,0.9579705,-1.5824301,-5.6422014,-3.4563518,1.83938,-0.14476389,0.72831714,1.3929421,1.3633217,-0.62152094,-1.2446023,-0.29251269,-0.6303086,-1.992458,-2.8193963,-2.201096,-1.3831058,-1.6960821,-1.5756038,2.4938538,0.56205434,-4.1298785,2.1446698,-5.2059374,2.9144523,1.092252,3.365013,-1.485825,0.18431106,-1.8756945,2.0888498,-1.5204741,6.788947,-1.7189109,-3.6455235,-0.082639016,-1.6963706,0.8884617,0.19683215,-1.3044823,-0.9812828,1.8646498,0.33134845,0.90488833,-1.4026407,1.7072065,2.4465306,-2.0915537
0,/data_nas/huangyj/data/placePulse/rawData/googleviews-110802files/513d5f8efdc9f03587003be7.jpg,-0.82963514,0.18194865,-1.3453714,-1.0278583,-6.631522,-2.689145,-9.749701,2.4924893,1.3785928,-1.116726,0.34220946,1.0198772,-3.5720782,3.1988888,-0.8106269,0.7362642,-1.6090322,-0.34641075,-0.15208116,0.4424449,1.3661251,1.0612932,2.5286798,1.515996,7.2830124,-2.1565647,-0.29417434,0.64533126,4.0035934,-1.8620816,0.50907475,0.757497,2.3925388,-2.6388125,-4.102078,-0.46538198,2.0838795,-1.326289,-1.2682496,-0.13603027,1.4706192,1.4192374,-3.0023355,1.7642328,0.7872949,-3.190952,-8.524924,2.4120498,1.0963112,-0.49027684
0,/data_nas/huangyj/data/placePulse/rawData/googleviews-110802files/513e5cc0fdc9f0358700abe1.jpg,-2.5966792,0.8998702,2.581719,1.0220053,0.8279892,-2.8284626,-4.811651,1.988591,-2.10786,-0.88056546,1.1975814,0.096565105,-0.5147205,2.8283048,-0.721685,-2.4072254,-1.3976411,3.7412531,2.5082324,1.2028131,-1.0433681,2.576526,-0.41471574,-1.5998193,-3.91459,-2.1720138,2.0177186,0.2646871,2.4761188,-1.3867027,2.8791988,-1.3971161,-0.115573496,1.2479126,3.2693207,-4.142343,-5.133409,0.20681792,-1.1459126,0.8387479,1.8556291,-0.361748,-5.2798176,2.232684,-0.111434564,-0.81386846,-5.0452466,0.036609568,-0.10871721,0.03798571
1,/data_nas/huangyj/data/placePulse/rawData/googleviews-110802files/50f43529fdc9f065f0002bec.jpg,-2.4240475,-0.64021087,1.4492682,1.2207935,0.6851905,0.119767174,1.6205363,0.9075288,-1.8983518,0.18458283,3.925501,-2.1791666,0.52534825,0.72734046,-0.34866142,-3.9824393,-2.1822233,2.3289504,1.8164474,3.2932336,-1.3167214,1.4273685,-0.09314933,2.416554,8.132065,-1.7649294,3.4260306,0.85436183,4.9590664,-1.2231934,1.1645118,-2.4868708,-1.1022023,0.78020054,-8.199912,-2.3059335,2.3961353,-2.1122813,-1.4384673,-1.1947565,0.7739248,-0.40131614,-2.3195443,0.9026598,-0.33011368,1.026535,-8.419743,-1.5433413,0.22801696,-2.2670143
1,/data_nas/huangyj/data/placePulse/rawData/googleviews-110802files/513e1e40fdc9f03587009bef.jpg,-7.7743144,-1.3047967,2.198019,1.9545056,-5.091821,-0.51058275,1.6064717,1.1367408,-2.044293,-0.42812756,5.395254,-2.7364173,0.36849332,1.4931941,-0.30395055,-3.8671792,-1.5011293,3.0483942,3.3381584,2.7025888,-1.0109066,2.2515345,-0.3131607,0.8768579,8.145576,-2.0624468,3.6199834,0.46935594,5.05688,-1.1454428,2.1472497,-2.1304011,-0.69152296,-1.4567137,-0.8110271,-2.7130969,2.3100913,-3.5946832,-1.0126755,-0.6087098,1.4435726,-1.6055186,-3.5724661,1.7258599,-0.49871355,0.7838456,-7.13002,-0.15433022,0.24461229,-1.3594072
0,/data_nas/huangyj/data/placePulse/rawData/googleviews-110802files/513d6afffdc9f03587004bef.jpg,-0.014621603,0.31553003,0.60356325,-2.7961507,6.391142,-4.6886926,5.384272,2.5347624,0.81063783,-0.7577934,-0.72258234,2.5231736,-1.4140692,2.9565825,-1.2118213,-1.536847,-4.977358,-0.37841594,-0.8909445,-0.74363595,-0.073940836,1.0897884,2.015799,-3.1536493,4.355938,-4.2949233,-0.49813932,2.2055674,6.720246,-2.790528,1.0719327,-0.18914069,2.1970956,0.13522623,-6.6799216,-2.999594,-7.7660537,1.1026797,-2.5892506,-0.32956707,0.773665,1.2558663,-4.9808116,2.4582434,1.5361791,-2.1439283,-10.418915,1.4545726,2.1275365,-0.79541826
1,/data_nas/huangyj/data/placePulse/rawData/googleviews-110802files/5140b83efdc9f04926001be0.jpg,-1.3553966,0.3901311,0.7280221,0.026824761,-7.4491405,-1.0149821,-2.3774488,1.5671432,-1.4895947,-0.7846807,2.7044775,0.22967134,0.26483035,1.9849215,-0.5163563,-1.8255388,-1.8897152,1.7239877,2.192459,3.148666,0.78700584,-1.6413465,-0.7953002,2.3477635,9.526977,-0.32126564,-1.2031133,-0.04626636,6.4233146,-1.2287713,1.685451,-0.20205288,0.5271034,-1.1568547,-8.196395,-2.505283,8.116805,-2.5558565,-1.6288496,0.16303143,0.14675713,-0.56559604,-3.4675944,0.13422619,-0.26835287,-1.123573,-5.2810903,-0.36167797,-0.34106445,0.08390949
0,/data_nas/huangyj/data/placePulse/rawData/googleviews-110802files/50f5eaaafdc9f065f0007be0.jpg,-2.3573966,-1.570344,-1.8681194,-2.806545,-2.7947268,-3.87975,-9.554306,1.1500494,2.8663065,0.26047406,-1.2421525,0.9063561,-5.2011166,1.3652472,-1.4842,0.31902233,-3.1821237,-3.4674315,-2.838771,-2.4034452,0.1855256,1.1742636,3.8294854,-0.76090914,3.0770218,-5.1795197,0.2509303,1.9764469,1.4148299,-2.0356836,-1.0518323,0.21241933,3.5229805,-2.3751469,1.9088424,1.08918,-4.87226,0.50189567,-1.2608408,0.18666953,0.19636047,0.80383897,-1.8089018,1.71552,0.32369533,-1.8179764,-6.6866693,2.7914386,3.1220791,-1.6828145
0,/data_nas/huangyj/data/placePulse/rawData/googleviews-110802files/50f5e646fdc9f065f0006beb.jpg,-2.56444,-0.51959866,-1.0494701,-1.2709411,-3.5188332,-2.0392957,-9.749962,0.9964585,0.3370349,-0.31471244,0.71160483,-1.7271628,-5.1482487,1.4726899,-2.2661302,-2.8856194,-4.5345483,-0.63833845,-0.66503817,-0.70887834,-1.4160479,0.47638807,4.1003366,0.7655174,1.5379349,-4.6576724,2.0543566,3.4674244,0.9744512,-1.9007659,-0.042556994,-1.3154001,0.123681694,-0.03852068,2.2417994,0.20596386,-6.9428616,0.029814247,-0.9617524,-2.350493,0.5633136,0.8751499,-5.4568596,1.6890988,-0.27527198,-0.73541445,-13.022049,0.3604574,3.4877326,-2.8359413
1,/data_nas/huangyj/data/placePulse/rawData/googleviews-110802files/513e1df0fdc9f03587009b1d.jpg,-2.0795505,1.2417244,1.2020162,-0.6770293,-10.855851,-1.9944792,6.007074,1.7708596,-2.0023797,-1.0520476,2.1912613,1.1859943,0.73074037,2.0699422,-0.60891426,-2.391921,-3.2539916,1.5672648,2.6213593,2.324993,0.86993235,-3.0387034,-1.3491607,0.42216864,7.4591374,-0.07243268,-2.7991896,0.3421337,6.9553494,-1.2955029,2.3308256,0.59340715,0.8486942,-1.0890722,-4.614428,-3.2729032,6.252694,-2.217337,-2.0414712,0.47884405,-0.28089383,-0.87996924,-5.6307006,0.04786404,-0.29126126,-1.3734623,-2.74772,-0.4538671,0.032216888,1.0429119
1,/data_nas/huangyj/data/placePulse/rawData/googleviews-110802files/50f5e5dffdc9f065f0006b1d.jpg,-7.7985754,-1.3036928,0.663463,0.989535,-2.6596086,-1.345263,-2.3163478,0.55263627,-1.2134498,0.9165187,4.687439,-3.0074754,-0.8216751,0.56772757,-0.9637471,-3.6988168,-2.120702,1.3305037,1.3267922,1.6579283,-1.7047992,2.5589056,0.2972642,0.3694928,6.899786,-3.8000157,5.0569124,0.9083955,4.501814,-1.290389,1.0647669,-2.5282342,0.15850095,-1.1185851,0.19205222,-2.3824866,-1.0252857,-2.5439274,-1.5496962,-0.17656636,1.1967411,-1.480584,-2.5316215,1.5301245,-0.74758685,1.4456769,-8.574567,0.109897636,1.5990553,-2.896706
1,/data_nas/huangyj/data/placePulse/rawData/googleviews-110802files/513f138efdc9f0358700cb12.jpg,-7.7381186,-0.3331025,-0.48814857,1.9227967,-3.1172547,0.03301038,-12.978877,0.44125924,-2.094063,0.36142325,6.188312,-4.357844,-0.49805358,0.8065505,-2.0801861,-3.6014497,-2.2787006,2.182334,2.519541,3.2956226,-1.638913,1.2842107,0.7210008,2.1119883,10.620743,-2.5465837,5.0569377,1.209946,4.5301924,-0.8690966,1.2730684,-2.6105864,-1.0635002,-1.6008399,-3.781225,-2.292035,6.5270925,-4.083267,-1.1299775,-1.8770149,1.4610581,-0.95133436,-3.8413067,1.1890298,-1.2103645,1.0042167,-7.860195,-0.41450602,1.3136466,-3.2197423
0,/data_nas/huangyj/data/placePulse/rawData/googleviews-110802files/51414f90fdc9f04926007b11.jpg,-8.152842,-0.685386,0.8243648,1.3670354,-4.7957296,-1.6504619,-9.700272,1.1461742,-1.7760137,0.08913254,5.4893894,-2.7168324,-1.0415334,1.9165717,-1.4800814,-3.313617,-1.9960436,2.4186943,2.6257145,2.9865005,-0.6722396,1.4887893,-0.021436539,1.7508904,9.754591,-3.308052,3.2279313,0.49155986,6.098001,-1.4874964,1.8544717,-1.9722811,0.43196726,-2.1702886,-2.4315774,-3.062405,3.39103,-3.7635272,-1.8846129,0.22925997,1.190107,-1.7524668,-3.9248426,1.3907651,-1.2097617,0.38840857,-9.910529,0.37797907,1.162899,-1.7935266
0,/data_nas/huangyj/data/placePulse/rawData/googleviews-110802files/513f2debfdc9f0358700db11.jpg,-1.3756644,-1.6418943,2.4753935,-2.7990038,3.8922632,-6.3984675,-9.073753,3.133035,1.8593208,-0.9461241,-1.7347728,3.851966,-3.0433247,3.974338,-0.19226705,0.9237372,-2.335996,-0.6372832,-1.0878755,-1.197267,1.2199099,2.3992696,1.4612411,-2.7597103,2.0441003,-5.392384,-2.6867156,0.29640684,5.330372,-3.1016843,1.4547995,0.13669567,4.451797,-1.6430461,-2.1622286,-2.495529,-5.25282,1.173219,-2.7529142,3.090018,0.48389503,-0.11264293,-2.631467,2.6844199,0.8755361,-3.192155,-6.5337744,3.6549125,1.4959029,1.6018155
1,/data_nas/huangyj/data/placePulse/rawData/googleviews-110802files/513f1394fdc9f0358700cb1b.jpg,-9.864882,-0.73622924,0.71195394,2.415798,-3.0871935,-0.34466648,-7.2447577,0.4523603,-2.1819644,0.7298698,6.7446594,-4.5769663,-0.14035705,0.56619453,-1.2025965,-4.0439186,-1.6700406,3.0718217,2.741889,2.9266915,-1.8514359,2.3259869,-0.004798235,1.437905,9.39771,-3.0485015,6.219374,0.8346949,4.6776657,-0.7726209,1.2722063,-2.8091843,-1.0734557,-1.6406193,-0.4060246,-2.7736018,2.377691,-4.1981077,-1.1110239,-0.8177877,1.6371179,-1.7398958,-3.410494,1.645639,-1.1882153,1.7902983,-9.416558,-0.3384065,1.4183971,-3.216889
1,/data_nas/huangyj/data/placePulse/rawData/googleviews-110802files/513f2e59fdc9f0358700dbc3.jpg,-1.0367264,2.8176057,-4.873834,-0.10852774,-3.1955287,-0.7904312,-4.1695914,1.538111,0.10089202,-0.3466502,1.9478726,-1.8190037,-0.8585343,1.5082995,-1.8276497,-0.61177975,-2.7033384,0.563359,-0.124925755,0.2704047,-0.86354977,1.3345333,2.8491542,-0.28179568,8.347874,-0.5723227,5.52853,1.8739262,3.1617408,-0.3958477,-0.39161876,0.17266205,-0.48187608,-0.74632835,-5.29671,-1.5145491,4.0404377,-1.6490659,-0.39882088,-3.9361713,3.4235027,2.998065,-4.9566746,1.9501417,1.8065842,-1.7500608,-4.9925513,0.6549727,1.3070626,-4.1686525
1,/data_nas/huangyj/data/placePulse/rawData/googleviews-110802files/50f447fefdc9f065f0003bca.jpg,3.0508485,-2.5767872,4.489292,-0.6518535,1.6298432,-0.34619692,-4.101081,1.5112813,-0.9247814,-2.1319766,-0.8450851,0.37394884,-2.0081825,2.166616,-0.46927974,-2.5681984,-3.010767,0.7556949,1.1098913,1.1510907,-0.72470653,1.3422123,2.2669082,1.1213764,-1.4760143,-2.5724018,-1.5565199,1.861518,0.86934274,-2.2250109,1.4042441,-2.5934434,-1.6498661,2.2368927,-4.077768,-0.3791191,-2.5208356,1.4035777,-0.62252784,-2.099138,-0.6151097,0.87685937,-2.8973489,1.8127875,0.38948813,-1.1510355,-7.8111553,-0.9800356,0.9600811,0.4270575
0,/data_nas/huangyj/data/placePulse/rawData/googleviews-110802files/513d5f70fdc9f03587003bc0.jpg,-2.4719675,-4.0307865,3.5187955,-0.5381454,-5.9462523,-0.7753505,-8.747144,2.3503315,1.4275618,-2.8828948,0.12643582,-0.03848861,-5.3271976,3.1887903,-0.0243255,-0.9664759,-2.3833885,-0.12314808,0.9745283,0.10866034,1.0304302,1.9425799,4.746789,2.2069027,4.200564,-3.4679234,-1.8821455,1.9426248,1.1780549,-2.7238464,0.45901513,-1.203609,0.36161667,-2.7366745,0.6490035,2.5286562,-4.4437037,-1.0463626,0.08333043,-1.9752203,-0.24199182,0.85656023,-2.6449113,2.540287,0.59755164,-2.6053746,-14.992644,2.0672033,2.0469687,0.3594668
1,/data_nas/huangyj/data/placePulse/rawData/googleviews-110802files/513e5ca4fdc9f0358700ab97.jpg,-7.4898314,-2.1325312,1.2190152,-0.890896,0.10950223,-3.7936776,-12.431535,2.0730884,0.11255268,-0.46746564,3.419037,-0.4600845,-1.3670454,2.6869078,-1.4304166,-1.3558563,-3.028061,0.026519943,0.8970116,0.7355944,-0.074268915,2.33459,1.5632671,-1.7216381,10.741502,-4.8184705,1.2760949,1.0140817,6.765041,-2.1725903,1.4134057,-1.3064206,2.2298038,-3.139023,-3.9893808,-2.644062,4.0589733,-2.607732,-2.4626822,0.12626521,1.1125207,-0.8004015,-3.6835546,2.332992,0.3575448,-1.3544757,-5.852719,2.846489,1.911165,-0.74272734
0,/data_nas/huangyj/data/placePulse/rawData/googleviews-110802files/50f43524fdc9f065f0002b92.jpg,-9.030191,-1.6837529,0.9945574,-0.6618705,-1.6265283,-3.8405666,-1.467243,0.38980615,-0.062323023,1.2849809,2.627632,-1.286493,-1.2001306,0.096136734,-0.5730941,-2.369647,-3.032692,-0.3257993,-0.3639757,-1.1914685,-1.7858933,2.4835813,0.5918789,-3.625897,2.2155316,-5.131551,3.88143,1.1777854,2.6064353,-1.2157246,0.29255712,-1.4738561,1.7827973,-1.6006998,6.9133863,-2.3188891,-3.8948178,-0.8264193,-1.3050436,0.8762066,0.6610012,-1.1978494,-2.9731069,2.2981434,-0.1640886,0.8251256,-1.1051776,1.5168985,2.5437493,-2.2292016
0,/data_nas/huangyj/data/placePulse/rawData/googleviews-110802files/50f5eaa6fdc9f065f0007b92.jpg,-1.8027059,-3.0038712,0.38482282,-1.5627319,-7.197787,-1.4119552,-5.0251784,1.6043558,2.6950397,-1.601428,-0.93054086,0.4668974,-4.894305,1.9999043,-0.23489338,0.48098913,-1.7900574,-2.0723546,-1.1373981,-1.560808,0.90999717,1.9308435,4.4368324,0.60601324,4.181279,-3.3703074,-0.34329882,1.6438997,0.95150995,-2.0895128,-0.66394305,-0.2014543,1.57245,-2.9860668,1.7614161,2.5957727,-4.082063,-0.3578656,0.0011705509,-1.4379649,0.53180444,1.3294977,-1.0972928,2.2025483,1.3398038,-2.3904753,-10.503379,2.748543,2.1603,-0.7716982
1,/data_nas/huangyj/data/placePulse/rawData/googleviews-110802files/514147f0fdc9f04926006b90.jpg,-0.304578,0.20614247,1.6987649,-0.21797292,4.6059523,-2.339501,-2.8866029,1.6443815,-1.9669839,0.3818873,2.7365737,-0.55542356,-0.16308594,1.8338959,-1.0340824,-3.9704964,-3.3633666,2.0497324,1.1199958,3.1580513,-1.2298806,1.0295899,-0.3267649,1.6824341,7.220448,-3.431314,1.995358,1.1993544,7.0387826,-2.003301,1.8625516,-2.278194,0.2950161,1.9008198,-11.481276,-4.362253,0.5796709,-0.76317924,-2.9560976,0.057745613,0.49404696,-0.3701029,-3.8276677,0.95024604,-0.40725446,0.48051673,-10.229086,-1.3369157,0.8715477,-1.6364982
0,/data_nas/huangyj/data/placePulse/rawData/googleviews-110802files/513d5f4afdc9f03587003b94.jpg,-2.362038,-0.04393086,-3.208461,-1.6060505,0.20805734,-1.5529838,-7.560855,1.1378529,2.3161445,-0.37594742,-0.2794141,-0.5426907,-3.964893,1.1098136,-1.626139,0.5011225,-2.840832,-2.0769353,-2.0862389,-1.5914059,0.24267271,0.7343137,4.0605392,-0.41597307,5.4779277,-2.6230803,1.7883905,2.2511408,1.776622,-1.5806248,-1.2149571,0.088378884,1.3364162,-2.6546285,-0.8961293,1.590453,-5.7946177,-0.32028645,-0.4979429,-2.237027,0.8899796,1.9374145,-2.404224,1.5774481,1.0714909,-1.933572,-12.203533,2.2741308,2.8016782,-2.709477
0,/data_nas/huangyj/data/placePulse/rawData/googleviews-110802files/513cc948fdc9f03587001bfd.jpg,-6.522278,-1.0691276,1.5293622,0.84310335,-8.178074,-2.088278,-0.074052714,0.9513472,-2.0324936,0.5022676,4.7687826,-2.0550942,-0.49544522,1.4052052,-0.813427,-4.356752,-2.5481424,1.6138116,2.3423417,2.4753873,-1.4456289,1.6068249,-0.5622393,1.0492873,6.9719443,-3.5384855,3.295787,0.5826176,5.293808,-1.2934107,2.0204425,-2.057165,0.48963755,-0.56210685,-0.7910291,-3.6050801,4.249634,-2.7516358,-1.8597479,0.4637876,1.0368532,-1.8280647,-3.8862712,1.3530139,-1.2125512,1.0752101,-3.2684453,-0.5813685,0.89011216,-1.7067066
0,/data_nas/huangyj/data/placePulse/rawData/googleviews-110802files/50f42c6bfdc9f065f0001bf2.jpg,1.5643606,1.6534176,1.1052836,0.38688388,7.6770763,-2.8550966,-1.2928653,2.3930576,-0.4642119,-1.1742536,-0.91142243,2.0793998,-0.523997,3.5391095,-0.40318832,-0.36336333,-0.15044434,2.7314546,1.21691,1.2172087,0.58460546,2.8703675,-0.3975937,-0.76716,-2.4472218,-0.91326284,0.2542472,-0.5777145,4.0936465,-1.702374,2.4720435,-0.41862315,1.057424,0.79318315,-3.613752,-3.2757514,-9.226228,0.9362739,-1.4745243,1.721074,2.027396,0.60532415,-2.6971374,1.6487972,0.61100304,-1.8446066,-11.303241,0.8021498,-0.8228905,0.6985795
1,/data_nas/huangyj/data/placePulse/rawData/googleviews-110802files/50f5ed53fdc9f065f0008bf2.jpg,-3.393773,0.71273714,0.18752293,0.6179474,1.166681,-1.1433196,-2.6519985,1.5112734,-1.8967295,-0.23077267,3.9624503,-1.8830405,0.18653926,1.4962083,-1.4038466,-3.4573727,-3.4800563,1.9478685,2.04357,2.8285992,-0.818956,0.2516522,0.56032634,1.4260617,9.480355,-1.9546851,2.5125256,1.3109863,5.56194,-1.351019,1.3434527,-1.5408443,-0.33469963,-0.3242543,-8.379483,-2.8861616,4.1897063,-2.5104477,-1.7577319,-1.572686,0.80774295,-0.03549459,-4.604725,0.964747,-0.41325805,0.027616434,-6.662045,-0.7519148,0.93093693,-2.1117108
1,/data_nas/huangyj/data/placePulse/rawData/googleviews-110802files/50f44800fdc9f065f0003bf8.jpg,-4.7911234,-1.600987,-1.1652917,-0.83194685,3.1555946,0.2067537,-8.545224,1.2266027,1.9418005,-1.314696,0.9919239,-1.4801514,-2.572275,0.9720175,-1.0318286,0.6179453,-2.4234354,-1.1100703,-0.82653594,-0.8046145,0.6680636,1.1190629,4.120079,-0.9569959,8.628864,-1.6208177,1.4670734,2.203576,2.7328796,-1.7721823,-0.97319925,-0.7230257,-0.15359074,-4.002013,-2.3235757,2.3974912,-4.6674333,-1.4949688,-0.06217986,-3.5604923,0.3536613,1.6376101,-1.7104325,1.7019006,1.6155434,-1.891909,-15.382915,2.6904845,2.505804,-2.1734786
1,/data_nas/huangyj/data/placePulse/rawData/googleviews-110802files/50f43529fdc9f065f0002bf8.jpg,-1.4826785,-3.277021,3.7517407,-1.9600409,1.8555074,-4.414591,10.509249,2.940218,0.9449013,-0.9659344,0.6076832,2.322429,-0.26714814,3.4045005,0.56415606,-2.4556324,-3.201838,0.42391753,0.010156006,-0.17672066,-0.7726559,4.996017,1.4763873,-3.3305724,6.3994207,-5.506147,1.7584728,1.4906707,7.999194,-3.0703826,2.0483642,-1.6433245,2.0213366,0.43916136,-6.413886,-3.6966608,-3.955256,0.33099106,-2.61881,0.088292696,2.0588338,0.29423204,-2.799362,3.856805,2.3203793,-1.5021906,-7.5475473,1.8850851,0.8363149,-0.6109013
0,/data_nas/huangyj/data/placePulse/rawData/googleviews-110802files/513e5cc6fdc9f0358700abf4.jpg,-3.908825,-1.4108737,1.7966974,-0.9136221,5.9566364,-2.4252136,-6.2919164,1.9674429,0.9310891,-1.0378257,0.20462324,0.4781602,-2.6437945,2.02055,-0.37736762,-0.37838176,-2.3930225,0.43133718,-0.13848326,-0.33997345,0.68286777,1.4804907,2.1936142,-1.3748506,3.3076077,-3.1725113,-0.27993318,1.2764331,3.6616569,-2.4753377,0.5767265,-0.860719,1.3227838,-2.3090158,-0.88609076,-0.14985332,-9.406429,-0.0972453,-1.1939912,-0.22049636,-0.031685874,0.38453767,-2.5542922,1.935463,0.6190319,-1.654527,-14.962918,2.225039,1.9128419,-0.40996042
0,/data_nas/huangyj/data/placePulse/rawData/googleviews-110802files/513f2e32fdc9f0358700db87.jpg,-5.6035485,-0.9087102,1.6494795,-1.2171388,7.904831,-2.8977666,3.8674932,-0.44011986,-1.7435852,1.9416516,1.8155825,0.18324472,1.5398494,-0.82652044,-1.2222191,-3.2321923,-3.963269,-0.85752165,-0.34492403,0.47349548,-1.3964767,-0.55489963,-1.9514912,-3.7804058,1.1743338,-3.2217174,0.36047354,0.24362716,4.876172,-1.2913504,0.9398574,-2.1903858,1.4932195,0.14074148,-0.35243794,-3.0954444,-4.901379,0.5362501,-2.5190957,1.881547,-1.6854722,-2.4735265,-1.1874776,0.06192841,-1.2736018,1.7399797,-2.246469,-0.49072966,1.7371374,-0.9081474
0,/data_nas/huangyj/data/placePulse/rawData/googleviews-110802files/514135edfdc9f04926004b8f.jpg,-2.0632522,-0.6133842,-1.2823079,-1.457115,-5.4571753,-2.1475203,-16.972069,1.4103338,0.74411887,-0.7871214,0.5702795,-1.2545263,-5.119093,2.1970205,-2.4232695,-1.4342943,-4.0031285,-0.8144415,-0.6462368,-0.6034475,-0.79104775,0.9214953,4.53579,0.63476586,3.5522294,-4.1220803,1.3137406,3.1083508,1.3934121,-1.726716,-0.07008443,-0.7964793,0.26849985,-0.74995923,0.72283906,0.1936279,-1.7840523,-0.33970076,-0.849954,-2.5575004,1.1081047,1.4650847,-5.326518,2.0486403,0.31172192,-2.0055203,-11.476621,1.2173486,3.163006,-2.196552
1,/data_nas/huangyj/data/placePulse/rawData/googleviews-110802files/5140b813fdc9f04926001b88.jpg,-8.285706,-2.3043928,-0.51664406,-0.35943648,-3.6715317,-1.8066249,-12.952329,1.6864753,0.55506456,-1.2633853,3.8748617,-1.5597296,-0.67467606,2.4629943,-1.5993896,-0.29565126,-2.584442,-0.4528408,1.2208853,0.34757078,0.04129682,2.6857355,2.772334,-2.218728,12.771974,-2.975539,2.4512365,1.1772144,5.4125476,-1.4467541,0.6427068,-0.88416815,0.9279049,-4.3797193,-2.7764227,-1.0140343,8.525762,-3.6557896,-0.8491955,-2.3677025,2.073644,0.35951108,-3.4585185,2.7237225,1.4186685,-2.14039,-3.1723456,3.2948282,1.5444291,-1.5915389
0,/data_nas/huangyj/data/placePulse/rawData/googleviews-110802files/5140b811fdc9f04926001b80.jpg,-1.1903411,-1.5583501,4.509318,-0.94162565,-2.714041,-2.8304338,-6.636041,1.539802,-1.8994801,-1.0745665,0.22806166,0.30374667,-2.2825992,2.3503485,-1.1221368,-3.6936507,-3.8779573,1.7023709,1.4945483,0.476992,-1.5872644,1.316568,1.2280029,-1.4085231,-3.7930655,-4.3108025,-0.29653606,1.8896652,2.336685,-2.2752547,2.4131317,-2.4623754,-0.61948,2.213648,2.8760448,-2.9557793,-4.9002557,1.4258997,-1.5343583,-0.34209907,-0.20208746,-0.5441457,-5.6488614,2.0348966,-0.22836824,-0.63445044,-7.2296815,-0.5779341,1.4888453,0.07317161
0,/data_nas/huangyj/data/placePulse/rawData/googleviews-110802files/50f5eaa6fdc9f065f0007b8b.jpg,-2.2242403,-0.17066252,0.7659835,-0.5618217,-8.110252,-2.7251184,-3.2827098,1.2521412,-0.8468703,-0.014781939,1.3289992,-0.5823767,-2.546691,1.6730435,-1.0188727,-2.758355,-2.9576998,0.5601323,0.517781,0.4382684,-1.2311065,1.2165731,1.1566619,0.13704985,1.1096056,-3.4609733,1.7779509,1.4851196,2.5559373,-1.3896502,1.2301027,-1.2148218,0.56425095,0.60884476,1.9794205,-2.3789537,-0.5227218,-0.2497327,-1.5258312,-0.16312233,0.9334174,-0.0122116525,-4.5594735,1.5660548,-0.25701746,-0.42420897,-4.148303,-0.055921163,1.6269335,-1.4080709
0,/data_nas/huangyj/data/placePulse/rawData/googleviews-110802files/50f5eaa3fdc9f065f0007b56.jpg,1.1087531,0.21125941,2.3859024,1.2197723,-6.304309,-0.005267636,-6.672115,1.7560415,-1.5923294,-2.0484447,-0.063838646,0.63280874,-0.99068177,2.971203,0.036075734,-0.51492304,0.68166983,3.0225434,2.4817789,2.1095772,0.72804815,1.903654,-0.26670834,1.1366806,-2.690788,0.9184895,-0.46900573,-0.8335586,2.1590385,-0.94975805,2.3126762,-0.9828599,-1.2389033,0.52809596,0.9526622,-1.6407529,-2.096792,0.048099812,-0.11146907,0.40951657,1.3358424,0.16272289,-2.2060614,1.1277249,0.2758958,-1.7392793,-10.510521,-0.13663064,-1.1589568,1.0966095
1,/data_nas/huangyj/data/placePulse/rawData/googleviews-110802files/50f562e3fdc9f065f0005b56.jpg,-1.5928395,0.4120821,1.416544,0.0069292067,0.16073091,-2.5138333,5.873674,2.1473908,-1.4415095,-0.51111794,1.9934374,-0.6200149,-0.79352194,2.073392,-0.7173249,-4.1158557,-3.7124016,2.7522118,1.3446481,1.0583814,-1.8702704,2.832641,1.2846296,-0.97260267,2.2203345,-3.461734,4.115062,2.1476128,4.6008325,-1.8880023,1.966527,-1.6821916,-0.4120273,2.0075264,-2.6189487,-3.8358839,-5.156522,-0.084985405,-1.7578542,-1.38532,2.2669275,0.8605366,-5.9839287,2.7608287,0.92743415,-0.27093104,-9.155296,-0.52143043,1.0331122,-2.2651067
0,/data_nas/huangyj/data/placePulse/rawData/googleviews-110802files/51414faefdc9f04926007b5e.jpg,-0.8204232,1.7539374,-0.7987827,1.4472444,-5.234283,-0.9757459,-10.371188,2.3638728,-1.101286,-1.0473017,2.6904988,-1.4809961,-2.7118566,2.9319289,-0.91043603,-1.5034336,-1.1542497,2.6676087,2.189261,2.9523876,0.3148979,0.6214798,1.5186743,4.6092296,6.8405304,-0.91948575,1.917914,0.51623124,2.993052,-1.1333855,1.284439,-0.31156275,0.17068852,-0.9240374,-5.913157,-1.4838206,4.148153,-2.5961404,-0.9299442,-0.81975937,1.8515902,1.0806978,-4.533768,1.1896122,-0.59133697,-1.6077205,-8.778505,-0.012946802,0.340061,-1.3644766
0,/data_nas/huangyj/data/placePulse/rawData/googleviews-110802files/50f5eaa2fdc9f065f0007b51.jpg,-5.672148,-3.3346922,1.8603486,0.58104646,-2.2152293,0.5633041,-3.7746024,1.6956196,2.0653505,-2.4140182,0.8527157,-0.6730715,-3.3133423,1.8303783,0.7281048,0.9303118,-0.19617616,0.14317757,0.7832868,-0.38158953,1.7427216,2.6244454,3.5923514,0.59171134,5.746529,-1.2748065,0.034051828,0.6472769,1.1670383,-1.9629581,-0.2828864,-0.512268,0.34936273,-4.9023867,2.7131138,3.4114692,-6.751987,-2.0171907,0.8816263,-1.7275759,0.5407755,0.88305175,-0.13093552,2.3570225,1.3705312,-2.0710747,-15.450272,3.252616,1.1867174,-0.23554349
0,/data_nas/huangyj/data/placePulse/rawData/googleviews-110802files/513e1e05fdc9f03587009b58.jpg,-4.679525,-0.17691302,1.1451951,1.7654796,-4.585257,0.52652246,-12.875985,1.6578654,-1.6026062,-1.9003139,3.552347,-3.4313984,-3.126182,2.3110461,-1.4304537,-2.9012184,-2.6356568,3.15034,2.850959,2.15336,-0.7836082,1.1379747,3.1479025,2.674488,4.810041,-1.7606504,2.6707075,2.220551,1.5192887,-1.3697001,1.1391565,-1.8612565,-2.3211432,-0.99215186,0.33863273,-0.15817627,-1.1653137,-2.6052265,0.098418824,-3.3145826,1.3360085,0.757843,-5.9638786,2.063967,-0.34260142,-0.9638435,-14.593777,-0.17773315,1.7695763,-2.0141308
0,/data_nas/huangyj/data/placePulse/rawData/googleviews-110802files/513d6ac5fdc9f03587004b5b.jpg,-7.07801,-2.022512,1.7859462,0.11954334,1.5762955,-2.4604325,-0.2908731,2.51472,0.34020463,-0.9925016,3.3535419,-1.1436893,-1.5393744,2.4238784,-0.30266142,-2.1154468,-2.9419963,1.0834261,1.3682014,0.51583517,-0.3143388,3.4151163,2.4007168,-0.93404776,9.251628,-4.178214,2.997754,1.5311381,5.071076,-2.321265,1.1966999,-1.4033439,1.2370886,-2.766104,-2.5937731,-1.4867601,-1.8688427,-2.5142002,-1.4185457,-1.257269,1.6147158,0.15445688,-3.7724483,3.0529163,0.7669216,-0.9761877,-8.737932,2.2698822,1.7057039,-1.6134348
1,/data_nas/huangyj/data/placePulse/rawData/googleviews-110802files/513d7b7efdc9f03587006bad.jpg,-3.2974765,-0.14306492,1.0454745,-1.0058802,11.320562,-1.9639872,0.1645334,1.0046456,-0.87015116,0.24719466,2.0213559,-0.5903068,-0.15001379,0.7453697,-1.6001621,-2.9356651,-4.3583775,0.2925775,0.12649614,1.157793,-0.6652593,0.05367461,0.74002415,-1.1002945,6.747227,-3.235272,0.86137927,1.7826219,6.0667334,-2.2561421,0.87287545,-1.9052213,0.4805624,-0.27993488,-8.240751,-2.2070484,-5.879791,-0.47471353,-2.4892864,-0.84549755,-0.6747078,-0.30535665,-3.14512,0.6722372,-0.23418397,0.29143935,-12.413166,-0.10372192,2.08874,-1.6320156
0,/data_nas/huangyj/data/placePulse/rawData/googleviews-110802files/50f5eaa7fdc9f065f0007bad.jpg,-2.8465836,-2.6583037,3.5972679,0.42723578,-6.3587017,-1.1493946,-13.200108,1.6849833,-0.92764294,-1.9050738,1.5482402,-1.3482524,-4.641399,2.72186,-0.8408936,-2.9630916,-2.957894,1.2706797,2.0869715,1.4188787,-0.4567475,1.60763,3.0127003,2.6710546,0.45796108,-3.8768337,-0.47321343,1.7952704,0.5144022,-2.2593856,1.4048355,-2.1406777,-0.5187577,-0.40164018,2.553613,0.12789468,-2.17603,-0.8128995,-0.4086367,-1.2508794,-0.26292166,-0.13310763,-4.306264,2.116944,-1.0079547,-1.1305088,-10.700474,0.12817702,1.8876777,-0.24651983
0,/data_nas/huangyj/data/placePulse/rawData/googleviews-110802files/51414fcafdc9f04926007ba3.jpg,-5.91387,-3.177455,2.102965,-1.339493,-6.5239644,-3.6585944,-7.749851,2.7101061,1.7852558,-1.7190673,1.5593216,1.5931844,-3.022122,3.718193,0.043700077,0.39658624,-1.6523064,-0.6173473,0.7815739,0.111500785,1.9338356,1.8427418,2.1961017,-0.3061179,10.591518,-3.9514132,-2.3106053,0.2477611,6.484723,-2.6110654,1.1943854,0.33609328,3.486248,-4.963203,-2.3579054,-0.5007489,1.7914879,-2.5500445,-1.6632569,1.2387152,0.4963008,-0.5799099,-2.1372988,2.3114867,0.87463427,-3.0486534,-9.275337,4.050345,1.2308803,1.2911874
0,/data_nas/huangyj/data/placePulse/rawData/googleviews-110802files/50f5eaa7fdc9f065f0007ba3.jpg,-3.1399715,0.7702705,-3.1696,-0.94235,-7.140582,-2.8447933,-3.8136668,1.0648606,0.33810616,0.5963665,1.9380637,-1.2847973,-2.4911032,1.4481177,-1.9461489,-1.8623037,-3.4485793,-0.9093498,-0.6541968,-0.22305435,-1.3391392,1.8514498,2.2962239,-0.24120319,5.643783,-3.6929336,4.306836,1.8561394,3.1422622,-1.1459819,0.1288659,-0.4132091,1.3564397,-0.7252164,-0.4031251,-1.9239897,1.7855693,-1.1179096,-1.3852439,-1.4214561,2.2597528,1.0008093,-4.293084,1.808574,0.33217743,-0.76081425,-3.0650477,0.86214316,2.1178596,-3.474909
0,/data_nas/huangyj/data/placePulse/rawData/googleviews-110802files/513e1de6fdc9f03587009b03.jpg,1.0218962,0.1693931,-3.790027,-1.872414,-8.147175,-1.0927179,4.0242133,1.9388562,2.6641438,-1.6524547,-1.4456735,0.06515801,-3.633276,2.165803,-1.2882894,0.19488767,-3.0718815,-1.7529501,-1.8868691,-2.561918,-0.6910353,2.8523014,5.6157007,-1.768074,4.1733685,-2.1785467,4.2347994,3.0561473,1.4882193,-1.3332087,-0.93477,0.35864434,0.03486132,-1.0764457,0.08792233,1.207755,-4.678853,0.3717098,0.2656543,-4.710291,3.5851219,4.204659,-4.0478616,3.1949656,3.5084713,-3.060517,-9.876964,2.198246,2.0932393,-3.7340853
1,/data_nas/huangyj/data/placePulse/rawData/googleviews-110802files/50f55e1efdc9f065f0004b03.jpg,-5.4819636,-0.7261921,0.64520836,0.2916328,1.6611166,-2.173363,1.8596646,1.2142406,-1.4042758,0.31726027,4.15556,-1.9890223,-0.54523104,1.0442451,-1.2880098,-4.327271,-4.534594,0.5751801,1.5649905,1.960619,-1.2489127,0.8102532,0.9975494,1.0272777,8.460755,-3.9440055,2.5086062,1.5471401,4.304213,-1.7474514,0.95965445,-1.797621,0.9415316,-0.8127316,-5.292634,-2.308958,2.9348378,-2.4764283,-1.8374913,-1.0056376,0.15998346,-0.7446776,-4.1445694,1.3419793,-1.2051747,0.7307257,-1.917624,-0.42908582,1.7341455,-2.2258475
0,/data_nas/huangyj/data/placePulse/rawData/googleviews-110802files/513d9bc8fdc9f03587007b07.jpg,-5.1791916,-1.094213,-0.8439209,-0.8357144,-5.288094,-1.7139543,-6.4607043,0.23955373,0.47500908,0.46661022,1.5202426,-1.7833842,-2.556887,0.23260328,-1.2851288,-1.5544393,-2.9055524,-1.0841354,-0.85583997,-1.054212,-1.31882,1.5931866,2.3892238,-1.5405312,3.1078424,-3.628961,3.3309214,1.985402,1.4764773,-1.103743,-0.39012268,-1.2479773,0.34296855,-1.2621876,4.2266583,-0.35999107,-2.1660209,-0.60690707,-0.6206512,-1.5290809,0.91478235,0.3551759,-2.880952,1.7868181,0.37599283,-0.06740156,-5.6169043,1.1212867,2.6044562,-2.8505015
1,/data_nas/huangyj/data/placePulse/rawData/googleviews-110802files/513d7b4dfdc9f03587006b01.jpg,-7.4274263,0.083972394,0.18124942,1.7122761,-5.1308217,-0.40611804,-8.311372,1.2426331,-1.9779394,-0.72229147,5.4751735,-2.9029393,-0.40548262,1.9004349,-1.4916443,-2.8474107,-2.0477633,2.8333514,3.251913,3.2245636,-0.254332,0.39845777,0.36094838,1.9466878,10.747983,-1.4496878,2.6553624,0.67571396,5.6218424,-1.095807,1.7718092,-1.3764913,-0.6219811,-2.5472088,-3.5680192,-2.2668905,5.126631,-4.2249146,-1.1566154,-1.2151542,1.2243738,-1.0222176,-4.6493015,1.1212654,-0.8199102,-0.20076825,-9.738455,0.14319788,0.7201574,-1.6240093
0,/data_nas/huangyj/data/placePulse/rawData/googleviews-110802files/50f5ea5ffdc9f065f0007b09.jpg,-6.6889167,-2.1655898,1.6606511,1.2812579,-3.8507211,-2.0278466,-4.991052,2.7191277,0.47389513,-1.7023625,3.6340466,-1.5633348,-3.5901604,3.306775,-0.028077325,-1.6362668,-1.6241726,1.162354,2.4439037,1.319329,0.68595207,2.9638484,3.0572114,2.9042904,9.358425,-3.6117742,1.3809636,0.82191557,2.7385533,-2.1015382,1.0773761,-0.7746024,1.853288,-4.1791863,-1.6129352,0.16298518,1.4581567,-3.8351362,-0.5112669,-0.61994064,1.3861831,0.07929145,-3.358923,2.756573,-0.36965734,-1.5585032,-6.749484,2.450549,1.3165395,-0.5708301
0,/data_nas/huangyj/data/placePulse/rawData/googleviews-110802files/50f5ea5ffdc9f065f0007b08.jpg,5.4585195,0.65369284,2.216919,-1.4161344,-5.7839317,-2.6310596,-3.8153465,2.6545155,-0.9986031,-1.7930313,-1.8151448,1.7485498,-3.082441,3.524507,-0.6592365,-2.075521,-3.137966,1.899572,0.54875624,0.592711,-0.5981062,0.77236944,1.9877424,0.861064,-3.1019113,-2.225076,-0.74286646,1.9632448,2.1790824,-1.6759045,1.9059397,-0.7965939,-0.7830676,3.4707727,-2.6498783,-2.592829,-3.0711234,2.1024096,-1.5279413,-0.87683225,1.2399316,1.7932535,-6.1369114,2.0010834,1.0322483,-2.2986374,-8.690689,-0.8740303,0.87919134,0.3278054
0,/data_nas/huangyj/data/placePulse/rawData/googleviews-110802files/513f1382fdc9f0358700cb04.jpg,-8.180003,0.3103224,0.09609847,2.5905256,-8.811073,-0.10206325,-9.000346,0.787416,-2.7814531,-0.18645193,6.740186,-3.900664,-0.49969235,1.6666112,-1.7244344,-4.0147123,-1.8209988,3.4481187,3.9628942,4.1956663,-0.99766624,0.39578003,-0.32864562,3.3708994,10.552347,-1.70956,3.8049252,0.4563443,5.2717123,-0.813812,2.1477811,-1.8637366,-0.9391655,-1.9372625,-2.5624926,-2.9007437,7.4360633,-4.8523536,-1.1045481,-0.80572784,1.5050207,-1.6793475,-4.9121933,0.9186747,-1.7926756,0.76616645,-8.076501,-0.86740685,0.49412984,-2.1649287
0,/data_nas/huangyj/data/placePulse/rawData/googleviews-110802files/5140cb8efdc9f04926002bbd.jpg,-5.628815,-3.1130602,0.1729373,-2.5017595,9.09382,-0.80163205,-1.6071192,-0.059809547,2.51419,0.20950465,-0.061354004,0.5334744,-1.2060097,-0.6173004,-0.918693,0.8013295,-3.0055628,-3.7426372,-2.4848125,-1.6691082,1.0211279,-0.38546017,2.0145273,-3.260808,7.644393,-2.6323552,-1.4827278,1.3574941,4.0907264,-2.166107,-1.2862538,-1.0516545,1.7335954,-4.4622946,-2.6304173,2.4472454,-7.8089294,-0.18655536,-1.1643454,-0.8791977,-2.1805058,-0.441636,1.6972106,0.26198193,0.75585556,-0.6877238,-12.492277,2.7309349,2.6280432,-1.0371491
0,/data_nas/huangyj/data/placePulse/rawData/googleviews-110802files/50f5e640fdc9f065f0006bb3.jpg,-5.1289406,-1.487799,2.1458225,1.1682612,-1.0178902,-0.6065627,-5.5484843,2.1343658,-0.6763644,-1.6744293,3.408318,-1.73383,-1.4889112,2.624115,-0.3934912,-2.0612788,-1.744281,2.2581692,2.5195909,2.0279787,0.19158967,2.0110147,1.8252181,1.5769731,8.232458,-2.0839686,1.5191516,1.0086938,4.1219993,-1.8640938,1.4953082,-1.6133671,-0.31053805,-2.2637632,-3.6877513,-0.80962676,0.4311316,-2.9037879,-0.77464575,-1.523425,1.0698088,-0.0380617,-3.5248911,2.1080253,0.10498038,-1.1168259,-11.012763,1.0656338,0.86357224,-0.7553798
1,/data_nas/huangyj/data/placePulse/rawData/googleviews-110802files/514147fefdc9f04926006bb2.jpg,6.941925,2.6742473,-1.7227117,-1.9885144,1.6709498,-2.604223,-3.396312,1.6927974,-0.77865016,-0.15682448,-1.7745581,0.75906277,-1.0102773,2.0209074,-1.7734886,-1.7401966,-3.8013058,0.65966374,-1.3380609,-0.067083344,-1.7485956,0.38855055,1.7899619,-0.32521898,-0.9415714,-1.8512272,2.4015787,2.3833334,2.0049682,-0.61048037,0.30239898,-0.75868416,-1.0054361,4.8169546,-7.6588244,-3.4328542,0.28016606,2.4511285,-1.8124543,-2.010513,2.217949,2.6162834,-5.734803,1.5423928,1.6096884,-1.3529139,-2.6050231,-1.552456,1.52203,-2.0412374
1,/data_nas/huangyj/data/placePulse/rawData/googleviews-110802files/513d36c0fdc9f03587002bbb.jpg,-5.981009,0.5635206,1.3847874,1.0700676,6.268123,-0.13420998,1.3207171,0.7539539,-2.4819174,-0.45012477,3.5583863,-2.8374903,0.3472786,-0.01900991,-1.4843955,-3.955482,-4.2374043,2.2688215,2.197553,1.4495317,-1.5714445,0.15245804,0.8808195,-1.0702592,3.3900394,-1.5103322,2.7684276,1.9511042,2.2827199,-1.2638844,1.2485944,-2.1784294,-1.6898357,-0.09775925,-0.66782176,-1.7225603,-4.017897,-1.4345591,-0.90875524,-2.568123,-0.0722878,-0.12255869,-5.307509,1.1793178,-0.5204857,0.8834503,-7.3787017,-0.9029724,1.7116328,-1.9697108
0,/data_nas/huangyj/data/placePulse/rawData/googleviews-110802files/513e5cb1fdc9f0358700abbb.jpg,-5.344259,-1.9027884,0.5538554,-1.1139686,-6.1894426,-4.036946,-4.520009,0.6747941,-0.8506302,1.8400482,3.2528574,-0.6340177,-0.95567596,1.0871415,-1.333966,-3.5554073,-2.986006,-0.64385945,-0.23173225,1.3239367,-1.8378879,2.6863337,-0.6108765,-0.9749873,6.499703,-5.6953588,3.5993571,0.579768,6.9387245,-1.8169909,1.6021621,-2.4065824,2.278695,-0.057751574,-1.926607,-4.464089,2.9456856,-1.0239085,-3.176115,1.7920296,0.93736756,-1.9458736,-2.101117,1.4184449,-0.67228854,1.1262844,-3.5846283,0.25998306,1.6915445,-2.2716525
0,/data_nas/huangyj/data/placePulse/rawData/googleviews-110802files/50f44567fdc9f065f00034dd.jpg,-4.2405133,0.19599842,-2.3202941,-0.6683398,-0.6980267,-2.6146488,-7.8862443,1.8659838,1.2732326,-0.07991368,1.7955767,-1.4933041,-4.1547203,1.9765309,-1.5655212,-1.3568804,-3.066255,-0.2641352,-0.66649514,-0.22400387,-0.38786426,1.9213098,3.5400267,0.8830504,7.178745,-4.1319876,3.560001,2.2091138,3.3520508,-1.96224,-0.14237317,-0.46203008,1.69759,-2.2529767,-1.8024219,-0.34851018,-4.7188697,-1.4987259,-1.3713948,-1.4099795,1.7178487,1.2281166,-4.0321474,2.1072564,0.22539899,-1.3204409,-12.888403,1.9101985,2.7843616,-3.147688
1,/data_nas/huangyj/data/placePulse/rawData/googleviews-110802files/5140c956fdc9f049260024de.jpg,-4.817704,-0.7530172,1.7657759,-0.3057329,2.8303432,-2.0884514,-4.425281,1.5486515,-2.0468376,-0.89102757,3.5266864,-1.3196445,1.6648636,1.9603426,-1.7154428,-3.2072084,-4.343691,1.5020409,2.200634,1.4168831,-1.3396521,1.113748,0.6506062,-2.5927787,7.849575,-2.6313598,1.7847636,1.4781873,5.2336516,-1.2200541,1.8404725,-1.7902185,-0.6876485,-0.031331252,-5.629487,-3.6362133,7.609467,-1.936767,-1.7730329,-2.0709572,1.2331432,-0.46725932,-5.6948333,1.8240924,0.5665036,-0.4515754,1.6778928,0.10687062,1.152599,-0.8707961
0,/data_nas/huangyj/data/placePulse/rawData/googleviews-110802files/50f44566fdc9f065f00034d1.jpg,-7.1290956,-0.4699052,1.0557243,2.2232034,-3.7145236,-0.39709547,-3.6836376,1.5933372,-1.4886674,-0.80610883,5.078645,-3.1593916,-1.0345086,1.9160764,-0.65961754,-2.9881492,-1.4084074,2.9665287,3.1437883,2.5718772,-0.5875515,2.140505,0.9608659,2.1778877,8.496365,-1.9629707,3.9427373,0.67503,3.7383072,-1.2184461,1.5300949,-1.8015122,-0.5275017,-2.1745749,-1.5686707,-1.6338416,1.8843086,-3.820495,-0.69727767,-1.2173358,1.7455409,-0.59370947,-3.920874,1.9654088,-0.5856136,0.058660872,-8.653259,0.39868513,0.6908356,-1.8250148
0,/data_nas/huangyj/data/placePulse/rawData/googleviews-110802files/513d2d72fdc9f035870024df.jpg,-8.797847,-3.1949384,0.8299855,-1.7189977,3.969209,-4.1469355,7.4245434,0.43586197,1.1834935,1.566789,2.0735073,0.009948434,-0.01163394,-0.24931434,0.16936916,-1.7126523,-3.5286937,-2.038381,-1.6371458,-1.7826775,-1.2171924,3.050546,0.44757816,-5.3793917,4.8813076,-5.5639977,3.300023,0.94792,4.498004,-1.6664251,-0.22362615,-1.3485847,3.013594,-2.3942478,3.1681967,-1.8021073,-5.1722813,-0.31087795,-1.6495878,1.0199997,0.26725096,-1.2266443,-0.27033696,2.4247222,0.5276613,0.8014446,-0.4411448,2.3561254,2.4111664,-2.3294816
0,/data_nas/huangyj/data/placePulse/rawData/googleviews-110802files/513cc1b8fdc9f035870014d5.jpg,-5.3622704,1.8624984,-3.9093485,0.99508756,-6.980756,-1.511166,-4.230674,1.0458909,-0.41008285,0.7629001,4.0261626,-3.1685631,-2.0808525,1.2001597,-1.6322271,-2.1344104,-2.270768,1.1349756,0.5013572,0.99497765,-1.4073905,2.2351308,1.9010301,1.3379531,7.898246,-2.453897,6.845504,1.3773026,3.1790593,-0.6105255,-0.0060010953,-0.5703872,0.40250003,-1.4239753,-0.4845439,-1.9887513,1.6173662,-2.7026243,-0.71836156,-1.7919911,3.0448043,1.0325072,-4.3377466,1.9296145,-0.038877513,-0.07205385,-6.7002726,0.3702004,1.8327041,-4.5313644
1,/data_nas/huangyj/data/placePulse/rawData/googleviews-110802files/513d7eb5fdc9f0358700746d.jpg,-3.6392782,1.140391,-0.41174716,0.678306,-3.9833708,-1.5189304,-9.360123,1.7751659,-1.8329252,-0.6020498,4.166413,-1.3750517,-0.38517687,2.4489563,-1.6517478,-2.3959737,-2.6375313,2.2955542,2.5348496,3.3511462,0.04217309,-0.4175236,0.2595316,2.045016,10.986609,-1.4346484,1.3526782,0.68920857,6.439985,-1.2953863,1.9231918,-0.78691894,0.33687204,-1.4689529,-8.276829,-3.2177987,8.235082,-3.2846103,-1.9048321,-0.89116037,1.135183,-0.11241536,-5.1122923,0.8212373,-0.47069445,-1.0985097,-6.502051,0.0122035155,0.39423418,-1.3101155
0,/data_nas/huangyj/data/placePulse/rawData/googleviews-110802files/513d7eaffdc9f03587007461.jpg,-5.166707,-2.223016,1.856741,-1.4839584,-4.6986423,-5.83763,0.09259514,2.6195762,0.9133756,0.03550836,1.6578916,1.7237458,-2.6424315,3.156974,0.34765774,-1.5948557,-2.519675,-0.3241639,0.20065928,0.05704049,0.248636,2.903847,0.73459214,-0.81932104,6.400001,-5.939933,0.36577702,0.2365877,6.302529,-2.6478984,1.6327534,-0.294239,4.652475,-2.281167,-0.9797375,-3.0843852,-0.65990263,-1.2765191,-2.6099908,3.021583,0.931265,-1.2142944,-2.7006896,2.57036,-0.12518717,-1.303649,-2.931684,2.6124432,1.3886529,0.0017288877
1,/data_nas/huangyj/data/placePulse/rawData/googleviews-110802files/51409132fdc9f04926000469.jpg,-9.665191,-2.2022002,2.0154495,0.8489887,-1.2794219,-1.059651,8.455023,0.73799795,-0.87575334,-0.33665,4.725836,-2.3029819,-0.035369042,0.5502316,-0.3765394,-3.7989786,-3.4697452,0.69285345,2.259296,0.78474456,-0.96244454,1.6984265,0.91242534,-0.9126181,7.825478,-3.3731632,2.4485452,1.2173628,3.5448747,-1.6013895,0.97104883,-1.6016123,0.3784902,-2.570518,1.7588881,-1.0816249,-0.9649008,-3.1864822,-0.6779989,-1.2786989,0.0877148,-1.5323586,-3.2718387,1.9115754,-0.66782725,0.9286388,-3.4794428,0.7177904,1.573009,-1.5745487
0,/data_nas/huangyj/data/placePulse/rawData/googleviews-110802files/51414cf1fdc9f04926007469.jpg,3.9473252,1.9814898,-4.557396,-1.7817124,-11.4349375,-1.7158846,-3.9426155,1.112264,0.693322,-0.02252593,-1.5378075,-0.3713995,-3.3947892,1.0508842,-1.802386,-0.7449694,-3.0982738,-1.4031518,-2.2797902,-1.3926511,-1.7070508,1.0339097,3.499397,-0.3076541,-0.22551204,-1.7843401,4.3245487,2.8087897,0.5932075,-0.4920548,-0.4407643,-0.25514492,-0.25930306,1.9986513,0.2531317,-1.0012848,0.23224524,1.5130934,-0.6438257,-3.1714187,2.7966502,3.529321,-4.677313,1.8231465,1.9160454,-1.7281631,-3.8400967,-0.066805765,1.9717942,-3.77465
1,/data_nas/huangyj/data/placePulse/rawData/googleviews-110802files/513e2198fdc9f0358700a468.jpg,-4.8712907,-2.3817835,3.9055994,1.1212757,-3.785573,0.05085698,-7.135134,1.6036108,-1.5687127,-2.317678,2.5048459,-2.6208649,-3.3926358,2.194505,-0.87395763,-3.8309531,-3.453665,2.5472324,2.9727068,1.3220716,-1.2228822,2.0011759,3.3544106,1.050341,0.70537925,-3.2045007,1.579966,2.6177678,0.7531041,-2.1733513,1.7267568,-2.7166882,-2.1988952,-0.38902494,3.7996342,0.023563815,-5.5077524,-1.2795799,0.20238432,-3.18795,0.34084907,0.22469278,-5.680533,2.6223454,-0.30411336,-0.63341254,-13.456501,-0.13154323,1.8871424,-1.2257015
1,/data_nas/huangyj/data/placePulse/rawData/googleviews-110802files/513e1b4bfdc9f03587009433.jpg,-3.42599,-4.6898317,2.0740764,-0.28096253,-6.760203,0.0006672002,-2.5869462,2.2044585,2.2836752,-2.6150203,1.1508046,0.18836318,-1.8549576,2.5111115,0.89810014,0.95862645,-0.75526905,-1.0600398,0.6681808,-0.13722889,1.3538083,3.0386062,3.8400645,0.46015042,10.530768,-1.9861102,-0.16562992,0.7293497,2.5443888,-2.0151238,-0.08651341,-0.7046323,0.89375734,-4.3994527,-3.2577453,2.3775005,5.549078,-2.6314476,0.53092784,-2.6044843,1.0886234,1.3657261,0.020024134,3.0433936,2.287641,-2.8962557,-4.32992,3.2723992,0.53158957,0.0316461
0,/data_nas/huangyj/data/placePulse/rawData/googleviews-110802files/513cefa7fdc9f03587002437.jpg,-6.581135,-5.3980203,1.7733115,-1.6941667,0.07687033,-2.7464266,11.826867,0.7502548,3.1851838,0.036920328,0.8149451,0.9490674,-1.6731017,0.641065,1.3221656,-0.46132392,-2.2176952,-3.244848,-1.664066,-2.2645826,0.24710664,3.5504763,2.315006,-2.7579153,6.5239334,-5.434657,0.88303536,0.90811276,2.61351,-2.2651153,-0.97700447,-0.7783061,3.4964168,-4.012576,2.0543847,1.4177454,-4.7236223,-0.9843377,-0.42246884,0.20291026,-0.20030761,-0.48657754,2.0353792,2.8396785,1.0559521,-0.28921115,-0.93871003,3.293576,1.9346083,-1.308675
0,/data_nas/huangyj/data/placePulse/rawData/googleviews-110802files/5140c919fdc9f04926002431.jpg,-8.236266,-1.9281573,1.6116073,0.97908705,-2.7089617,-1.6181662,-9.445354,1.2335564,-1.0430315,-0.19768159,4.723341,-2.6238008,-1.1539781,1.744886,-0.99353045,-2.7243855,-1.9785596,1.6189251,2.048968,1.7434273,-0.85921824,2.6130912,0.9485887,0.3387576,8.53018,-3.7300801,3.398075,0.85982597,4.6304812,-1.4606819,1.3617175,-2.131272,0.19819114,-2.2359931,-0.7211576,-2.0981271,2.58462,-3.2166302,-1.3226548,-0.5137786,1.2971638,-1.273232,-3.326276,2.10451,-0.46118066,0.15612905,-7.548018,1.14381,1.4773355,-1.6604356
1,/data_nas/huangyj/data/placePulse/rawData/googleviews-110802files/50f46440fdc9f065f000443a.jpg,-2.0059679,-1.5520687,2.603435,-1.1949097,-0.15705058,-3.813559,-2.2965674,1.4610436,0.6027199,-0.16579883,-0.65234405,2.2742202,-2.9489212,2.4675314,-0.25557885,-1.1931226,-1.1742897,-0.16637853,0.0012837835,0.13916859,0.7571308,1.4273262,-0.007613798,-0.29922357,-0.7643207,-4.00325,-2.1633265,-0.18076631,4.211284,-2.6420498,1.7755169,-0.7924355,3.1918356,-1.081092,1.0611833,-1.5905473,-9.213925,0.68313533,-2.068285,3.3449903,-0.5185358,-1.6054864,-0.94142574,0.95544964,-0.83370566,-0.9880773,-11.052458,1.504194,0.71863925,0.9695139
1,/data_nas/huangyj/data/placePulse/rawData/googleviews-110802files/50f5e8a6fdc9f065f0007430.jpg,-5.7762294,0.2030462,2.4440193,2.3845785,-2.7775207,-0.19069956,-1.3878671,1.7591522,-1.9973607,-1.5854733,3.3021698,-2.0780892,-0.75583225,2.0836735,-0.22945957,-2.5765216,-0.84919393,4.2182317,3.5906503,1.9851148,-0.45363408,2.5178256,0.46179911,0.3936846,1.3687843,-0.7413051,2.8489263,0.45367953,2.2198133,-1.2231835,2.3153305,-1.4453425,-1.3913959,-1.0032912,3.5097983,-1.8728157,-4.211096,-2.1254208,-0.03702546,-0.93794733,1.7174431,-0.25139654,-4.6085787,2.1077485,-0.097104535,-0.38867915,-10.256402,0.15158972,0.054778136,-0.5945045
0,/data_nas/huangyj/data/placePulse/rawData/googleviews-110802files/50f4455efdc9f065f000343b.jpg,-7.6852217,-1.6292384,2.0373797,-0.4389326,1.5412694,-2.5832834,0.16730651,0.33585677,-0.25591648,0.9318137,2.038083,-0.760912,-1.3373609,-0.08799195,-0.40434965,-2.220555,-2.6647794,-0.15386453,-0.000640668,-0.35649246,-0.71400887,0.6985613,0.04662163,-2.0120153,2.0813031,-3.929453,1.1830717,0.7975594,2.8643935,-1.7450424,0.49970853,-1.6345798,1.6658902,-1.9112461,4.538396,-1.1925571,-7.192681,-0.65267193,-1.4451033,1.3430974,-0.9012592,-1.6608639,-1.7978585,1.1646228,-0.86371154,0.7796207,-6.7235117,1.039367,2.1299796,-1.0917176
0,/data_nas/huangyj/data/placePulse/rawData/googleviews-110802files/50f5ebadfdc9f065f0008477.jpg,1.3034391,0.7522872,1.2693695,2.6987977,-7.4321337,1.6430994,-10.03898,1.434633,-2.0946796,-2.204823,0.40809792,-0.91464174,-0.6450574,2.2378316,0.3943125,-0.19661681,1.7064866,3.752308,2.8996499,2.4968657,0.0032397667,2.4476728,-0.004273822,1.794175,-4.6276355,2.3223622,1.8536686,-0.9676148,-0.26380053,-0.123642966,1.8731749,-1.4092579,-2.7103422,0.9625778,2.9894702,-0.91724443,0.022334691,-0.21612227,1.2051353,-0.844341,2.171414,1.1087995,-1.8171751,1.3811939,0.34169412,-1.3684509,-7.981962,-0.72659016,-1.7258172,-0.11249412
1,/data_nas/huangyj/data/placePulse/rawData/googleviews-110802files/50f56125fdc9f065f0005477.jpg,-9.473966,-2.1990669,0.73564774,-0.26991737,5.3097563,-0.7872287,4.115201,-0.017865095,0.31446978,0.9243269,3.485204,-1.9086279,0.07343569,-0.97109556,-0.173018,-1.940996,-2.8139367,-0.43466103,-0.3941708,-0.23661055,-0.6687912,1.395938,0.6368148,-2.7806854,7.885493,-2.9548872,3.1122448,1.29867,4.617509,-1.4751467,-0.22589195,-1.7255054,0.53481364,-3.2115116,0.7669252,-0.23209736,-6.6380677,-1.8488085,-1.1275762,-0.8099688,-0.4656315,-1.0887233,-0.47761735,1.0607375,0.24119334,1.1636215,-10.820541,1.4865652,2.222257,-2.516192
0,/data_nas/huangyj/data/placePulse/rawData/googleviews-110802files/50f5ebadfdc9f065f0008472.jpg,-2.8711665,-1.5892755,-0.036188737,-0.9764893,-9.87522,-3.9197252,-3.4773753,2.9997058,1.927004,-1.3982314,0.70761114,0.7802536,-5.6025095,3.6555388,-0.3081755,-0.8129432,-2.4556828,-0.8161241,0.21556854,-0.32928872,0.85825545,2.5803516,3.8481867,2.1331296,6.2019167,-4.7587504,0.35395867,1.2884012,2.7774327,-2.5527635,0.68554646,0.49612114,3.6721148,-3.1884246,0.12398146,0.097043216,-0.71232504,-1.6487199,-1.1184684,0.29455283,1.5767868,0.9417891,-3.6664824,2.7572672,0.14597172,-2.6745915,-6.2554097,2.8169415,1.8461537,-0.7552957
1,/data_nas/huangyj/data/placePulse/rawData/googleviews-110802files/5140d54ffdc9f04926003472.jpg,-4.1801395,0.49517888,1.0370228,-0.5509462,6.8982186,-2.9185066,5.746799,0.29255557,-1.0819796,0.9583436,0.8262615,1.2089179,1.2541547,0.3446215,-0.77748257,-1.7963862,-2.1596577,0.53435606,0.17365816,0.30688867,-0.39415228,0.3256622,-2.031504,-3.6829965,-0.8773382,-1.8425524,0.15368788,-0.32201833,4.700797,-1.3021104,1.5240713,-1.0756588,1.725408,-0.28716677,0.9289195,-3.1386645,-8.426972,0.62197727,-1.9628356,2.2898066,-0.35377845,-1.5461475,-1.4499544,0.5366859,-0.48946863,0.43741342,-5.426447,0.3311131,0.46906728,-0.21987396
0,/data_nas/huangyj/data/placePulse/rawData/googleviews-110802files/5140d554fdc9f04926003479.jpg,-6.1691885,1.5194347,0.9364154,2.1965096,0.76950634,0.34464958,8.0920925,0.95776933,-2.1128013,-1.467345,2.5855553,-1.8038163,0.96415395,0.69725645,-0.77078843,-2.314942,-1.8655028,3.2827406,3.378362,0.8407692,-0.7740095,1.2988322,0.083998695,-2.1119008,-1.4706315,0.72404706,2.4972303,0.6749245,0.317777,-0.6420908,2.0021675,-0.75717086,-1.6297219,-1.0071117,6.2462726,-1.3881215,-5.9405713,-1.4460014,0.437134,-1.9571486,1.2890356,0.21422824,-5.0892386,1.7283391,0.115114525,-0.209146,-3.8473713,0.027621211,-0.10427445,-0.53453565
1,/data_nas/huangyj/data/placePulse/rawData/googleviews-110802files/513cc15afdc9f0358700147f.jpg,1.9454013,2.665203,-0.37990677,-0.4493675,-2.344676,-2.8762136,3.352884,1.6844757,-2.3592787,0.8216765,1.9659144,0.20300962,0.02194872,1.7774149,-1.1350446,-3.848726,-3.479158,2.161218,0.9895314,2.914757,-1.1958326,-0.39170474,-1.2423109,2.062249,4.6849914,-2.0189147,2.0872233,0.8295152,6.52729,-1.2621683,1.695091,-0.827314,0.59039307,2.9462662,-9.381356,-5.1237626,1.7427635,-0.30265713,-3.073902,0.93047154,1.1212637,-0.107562795,-5.092888,0.34823126,-0.63616014,0.38314462,-6.064938,-2.188793,0.5169991,-1.720681
1,/data_nas/huangyj/data/placePulse/rawData/googleviews-110802files/513cc0fcfdc9f03587001423.jpg,-7.21448,-1.9943099,1.7224243,1.1414309,-2.1412344,-1.3556675,-4.420323,1.2808177,-1.5135869,-0.060851503,5.245233,-2.5069995,-0.31782568,1.6437458,-0.89551073,-3.7475662,-2.3845627,1.7701747,2.379321,2.7092602,-1.0969459,2.4086456,0.4465485,1.1428435,10.206909,-3.5340965,3.4984317,0.8830295,5.8711743,-1.5806257,1.7548944,-2.4610393,0.1868399,-1.5802943,-4.38356,-2.7062943,4.130444,-3.443968,-1.6738557,-0.6021887,1.1660435,-1.4158229,-3.120117,1.7885242,-0.652731,0.58897656,-6.9971232,0.27819106,0.93142676,-1.9056548
1,/data_nas/huangyj/data/placePulse/rawData/googleviews-110802files/50f4450bfdc9f065f0003421.jpg,-6.538509,-0.28544304,2.4262486,3.4946551,-2.3464313,1.059656,-16.766386,1.1217697,-2.7513235,-1.6222023,4.4658422,-3.7001326,-1.2786024,2.0811527,-0.9177541,-2.4767253,-0.17859028,4.4995584,4.2446012,3.2662368,-0.69571775,2.3309894,0.7236953,2.2911892,1.8066933,-0.6556772,3.1417847,0.20468584,1.090033,-0.8224137,1.9685663,-2.3683841,-2.499108,-1.1229129,3.0977416,-1.2141309,-0.25464785,-3.0209937,0.529202,-1.3550965,1.4326196,-0.64894736,-3.8836317,1.8343648,-1.2912297,-0.060655132,-11.735936,-0.27366394,0.24279654,-1.1445035
0,/data_nas/huangyj/data/placePulse/rawData/googleviews-110802files/513cc0fcfdc9f03587001424.jpg,-4.311373,-0.74911946,1.967346,0.34617123,1.0724368,-0.8138504,11.909004,0.30195794,-2.0611482,0.26092327,3.1645865,-1.3673108,1.2296925,0.18601915,-1.0996072,-4.8036046,-3.9297698,0.86252505,1.7761176,1.6019609,-1.7518017,0.90356326,-0.32900897,-1.0481124,3.6166675,-2.3060322,2.0335891,1.247505,4.159658,-1.3588287,1.5990531,-2.3486822,-0.5511944,0.885071,-2.0552042,-2.5663955,-1.7093494,-1.0892482,-1.685759,-0.98167753,-0.016909532,-1.3335464,-3.2507062,0.89883155,-0.698473,1.4412186,-3.291475,-1.3125981,0.87333703,-1.4843619
0,/data_nas/huangyj/data/placePulse/rawData/googleviews-110802files/5141399bfdc9f049260054e7.jpg,-3.713891,-0.77152526,2.3016944,-1.1191642,0.7064152,-4.40861,-8.149917,0.8853465,-0.9944235,1.5247625,1.4314251,0.5768836,-1.8454001,1.2988998,-1.006386,-2.7648423,-2.4488447,0.44783592,-0.15426683,0.97061175,-0.9192454,0.61567885,-1.0163033,-0.40684557,1.3581098,-5.183646,0.2370541,0.25193444,4.9479017,-2.0835512,1.5056738,-1.6371539,2.5986826,0.42786327,-0.49403182,-3.7436304,-3.897367,0.2299709,-3.1633415,3.271845,-0.63596857,-2.138671,-2.4327936,0.7401754,-1.4553201,0.6851661,-6.9607778,0.23379356,1.6636758,-0.45837513
0,/data_nas/huangyj/data/placePulse/rawData/googleviews-110802files/513d7975fdc9f035870064e2.jpg,-4.293299,1.1700407,-3.22961,-0.71710587,-9.792871,-3.1120462,-6.1528997,1.7651494,0.11322089,-0.09745771,2.7229578,-0.78576916,-1.5295628,2.4121795,-1.7970154,-0.8012401,-2.965708,-0.15022346,0.36602485,0.27811164,-0.44232473,1.6689776,1.9248942,-0.93604505,9.284708,-2.6685188,3.693114,1.1570342,5.050316,-1.0318793,0.68346894,0.30895862,1.715733,-2.2404418,-2.1649618,-2.7394207,7.3206983,-2.3890083,-1.3299538,-1.3906285,2.8981264,1.2304227,-5.066397,2.1558342,0.948185,-1.9107552,-0.9150441,1.7777171,1.42134,-2.6903784
1,/data_nas/huangyj/data/placePulse/rawData/googleviews-110802files/513e220bfdc9f0358700a4ee.jpg,5.9913282,3.6503723,-3.8532848,-1.9916596,-3.7375848,-2.4642324,-4.4389524,1.243943,-0.86837065,0.35793868,-1.3659248,-0.17514825,-3.0217078,1.3627057,-2.6363056,-2.7182,-4.716217,0.2695787,-1.6523877,-0.27817702,-2.3426485,-0.7719683,2.58917,0.5865487,-1.8510141,-2.3970385,3.4694307,3.359313,1.341468,-0.61382234,0.1539965,-0.48469776,-0.95489854,4.651166,-4.129324,-2.8756115,-2.545723,2.3650386,-1.6636758,-2.5879726,2.224504,2.9112003,-7.1797724,1.1095647,0.9437346,-0.9788217,-6.804569,-1.9634393,2.1650493,-3.3983397
1,/data_nas/huangyj/data/placePulse/rawData/googleviews-110802files/5141447bfdc9f049260064e9.jpg,-4.056309,-2.8967154,1.1771201,-1.4242225,5.8426247,-0.66753864,8.804503,0.7799342,1.9496615,-0.64112073,0.6647056,0.821026,-0.6518947,0.62367487,0.151582,-0.58684146,-2.6112344,-1.757473,-0.95271766,-0.6103794,0.78503555,1.3131986,1.9849421,-1.8918681,8.023197,-2.5386858,-0.3654259,1.1786152,4.7506666,-2.2981162,-0.5046034,-0.8579379,1.2673328,-3.220497,-4.428612,1.474988,-7.204451,-0.8293847,-0.788816,-1.1561899,-0.68691146,0.21912467,0.7081297,1.3860064,1.3014681,-0.838354,-12.306115,2.0050633,1.506159,-0.9953702
1,/data_nas/huangyj/data/placePulse/rawData/googleviews-110802files/50f5611dfdc9f065f0005413.jpg,-6.5723405,-2.7469022,1.6914889,0.009284622,-2.0326972,-2.3649004,-3.249443,2.0225635,-0.084850766,-0.49518564,4.114824,-1.0163975,-0.8819281,2.3676696,-0.20882602,-2.4961054,-2.4699864,0.97863144,1.3563755,1.7193189,-0.37033358,3.1200457,1.3711299,0.055694122,12.01172,-4.190728,2.6794438,1.1309187,7.2521005,-2.1139715,1.3888611,-1.6361899,1.3044618,-2.5275507,-5.7269244,-2.3158567,2.7156024,-3.0792406,-1.8077338,-0.6009651,1.3475796,-0.56962115,-2.7391362,2.5393014,0.56371474,-0.63135576,-9.304885,1.7671945,1.1350989,-1.6346464
0,/data_nas/huangyj/data/placePulse/rawData/googleviews-110802files/51414cd4fdc9f0492600741f.jpg,-3.0675848,0.35361886,-3.7034338,-0.060686853,-2.748862,0.25866714,-8.543386,1.8192168,1.8634562,-1.7436365,0.8857971,-2.562082,-4.4672594,1.8390137,-1.5062255,0.1427568,-2.599541,-0.15538362,-0.5448927,-1.2210743,-0.2522349,2.0663354,6.033369,0.6301063,6.1274295,-1.5017196,4.4766192,3.071511,-0.043572504,-1.1215953,-1.3210572,-0.006006421,-0.8437878,-2.7243922,0.7049004,2.6085718,-4.932794,-1.5523025,1.0236509,-5.1891975,2.7226748,3.4935427,-4.488842,2.75643,1.9076127,-2.5106628,-14.395834,2.1399956,2.7229722,-3.9125144
1,/data_nas/huangyj/data/placePulse/rawData/googleviews-110802files/51413943fdc9f04926005410.jpg,-0.04774005,-0.082924366,-1.1757177,-0.6078104,0.34921464,0.11695981,-8.368664,1.906955,0.9157565,-1.9930364,0.1216194,-1.3371717,-3.7131581,2.150915,-1.4426682,-0.8747536,-3.04357,0.40500137,-0.22473213,-0.030606953,-0.18476883,1.0695896,4.9007883,1.0878278,5.1958175,-1.6239974,1.9380064,3.0710893,1.7155765,-1.6789273,-0.29564333,-0.84827036,-1.3794336,-0.8851024,-4.055194,1.3800528,-5.110049,-0.48408943,0.03132538,-4.4409475,1.5078887,2.8677974,-4.508116,2.0602603,1.7392449,-2.3201385,-16.947191,0.9365664,2.235548,-2.4308338
1,/data_nas/huangyj/data/placePulse/rawData/googleviews-110802files/51414465fdc9f049260064cf.jpg,-0.68236923,-0.9721668,2.456042,-1.5335042,2.594667,-4.8823466,8.820547,3.3025188,-0.3908034,-0.8803364,1.4800099,1.7449785,0.9236507,3.4857903,0.20829402,-2.860152,-4.371266,1.598588,0.67648107,0.676499,-0.9852921,3.214675,0.939069,-2.935269,7.3147306,-4.480018,1.9564044,1.6826255,7.808187,-2.429862,1.9535769,-1.0657305,1.6345289,1.241359,-9.0306425,-5.1027308,1.9024644,-0.30856803,-2.762324,-0.5582895,2.3009534,1.0015013,-5.400842,3.760832,2.0724247,-1.5414529,-0.9083874,0.8404904,0.89142567,-0.9061689
0,/data_nas/huangyj/data/placePulse/rawData/googleviews-110802files/50f5ebaffdc9f065f0008497.jpg,1.9101118,-2.763217,4.4424524,-1.4888968,-3.41104,-1.9880512,-15.846253,2.326839,-0.4942048,-2.6067436,-1.2234788,0.60671014,-5.2169056,3.3961885,-1.118148,-2.3187037,-4.4729877,0.47092593,0.85636187,0.41234243,-0.46010104,0.9044708,4.240707,1.3639847,-2.1835656,-4.2376337,-2.8750987,2.8505194,0.3543041,-2.6156385,1.350904,-1.9790765,-0.9557284,1.4222997,-0.23181891,0.08766912,-3.2681468,1.5325131,-0.8453982,-2.0845864,-0.804421,1.10299,-5.498327,2.3360631,0.08913642,-2.4945214,-11.342221,0.041952267,2.2874148,0.65284175
1,/data_nas/huangyj/data/placePulse/rawData/googleviews-110802files/513e60eefdc9f0358700b492.jpg,-7.083186,0.10022212,0.52347934,1.4019246,-4.985784,-0.9825027,-6.8152037,1.1170864,-2.3700283,-0.2320288,5.603605,-2.5467165,0.12706901,1.760543,-1.5335201,-3.491432,-2.4378195,2.7640567,3.1834617,3.5325239,-0.5170997,0.08365214,-0.42440706,1.7438451,10.851844,-1.9516863,2.4536552,0.5625416,6.502295,-1.2006781,2.0661283,-1.6194317,-0.24860416,-1.8774658,-4.7639847,-3.2968721,6.2756443,-3.976397,-1.7324994,-0.5991196,0.9462081,-1.4697366,-4.6785007,0.86283344,-1.0799537,0.200404,-7.852667,-0.33167887,0.58703834,-1.5731531
0,/data_nas/huangyj/data/placePulse/rawData/googleviews-110802files/5141442ffdc9f0492600649e.jpg,-9.142671,-2.079218,0.74127424,0.2396588,-2.660021,-0.8698416,8.192278,-0.7022978,-0.4495395,1.018747,3.6069338,-2.6255822,0.023183271,-1.2894585,-0.266639,-3.0266883,-2.9719505,-0.9611932,0.36525702,-0.5633767,-1.6511712,1.3584484,0.4126625,-2.2494795,4.1018825,-3.0996044,3.2431235,1.1718249,1.2672983,-0.64302236,-0.2081672,-1.710971,0.1933677,-1.9023961,5.9803734,-0.49043477,-1.9228768,-1.7694318,-0.32222316,-1.0247219,-0.291735,-1.240159,-1.5841904,1.4105114,-0.45165622,1.9083872,0.4175397,0.48424184,2.1822553,-2.2823193
0,/data_nas/huangyj/data/placePulse/rawData/googleviews-110802files/50f5ebaffdc9f065f0008498.jpg,-1.7441225,-2.2963037,3.702265,-0.56451124,-0.90399706,-1.8285918,-14.796782,1.879037,-0.31248006,-1.809972,0.20583722,-0.23537885,-4.366999,2.748382,-0.94007945,-1.9079812,-3.1218617,0.7866444,1.145396,0.6125787,0.024667013,0.9717571,3.0001101,1.2424699,-0.08436823,-3.813486,-1.8366749,1.8502003,1.0575755,-2.4490535,1.1963514,-1.726789,-0.073437616,-0.4622869,0.9541222,0.04080531,-4.6205354,0.16406852,-0.86086386,-0.9188969,-0.7735775,0.10663493,-4.1054363,1.9052219,-0.5939466,-1.6778429,-12.073188,0.7344521,2.0934823,0.37170187
0,/data_nas/huangyj/data/placePulse/rawData/googleviews-110802files/50f5ebc7fdc9f065f00084fe.jpg,-3.1256142,0.17673038,3.6878948,0.39329112,1.935285,-2.1381285,-0.30094606,1.055341,-2.7967885,-0.31672102,1.3442225,-0.32449517,-0.22711584,1.2296547,-0.98464614,-3.8379402,-3.1778088,2.6307404,2.2293627,1.1247599,-1.5084642,0.20053376,-0.67984706,-1.5935632,-4.0112543,-2.483057,0.48450157,0.8956291,1.9612563,-1.5082535,2.3789258,-2.1080816,-0.53465784,1.6406382,3.3065412,-3.412788,-5.7973247,0.58677506,-1.3774482,0.3855865,-0.4850705,-1.1101251,-5.138071,1.3419929,-0.94847625,0.35181025,-4.061881,-1.0840427,0.75501835,0.011715775
1,/data_nas/huangyj/data/placePulse/rawData/googleviews-110802files/513d9ec6fdc9f035870084fe.jpg,-7.8329396,-2.4452858,0.509324,-0.70268124,-8.19445,-1.9610326,-11.618628,1.3827726,0.0010556392,-1.2042377,3.7861092,-0.7592986,-0.66076964,2.450223,-1.5891696,-0.91658235,-2.7313795,-0.4063936,1.6613812,1.0285555,0.3978161,1.1162637,1.6624942,-1.4716444,12.405269,-2.9534285,0.19626972,0.7885845,6.496489,-1.6579584,1.3192414,-0.7877468,1.2224668,-4.185968,-2.613192,-1.5648772,9.581968,-3.6291695,-1.2964603,-1.201716,1.0748204,-0.74328154,-3.5381525,1.8484855,0.71334386,-1.920099,-3.6027107,2.6346083,1.158138,-0.5430066
1,/data_nas/huangyj/data/placePulse/rawData/googleviews-110802files/51408971fdc9f0358700e4fe.jpg,-8.582695,-1.4720662,0.5715898,-1.5890673,12.382558,-2.746849,0.98076826,0.06725493,1.4877543,1.0612885,0.60284674,0.8933423,-1.010493,-0.8367009,-0.20073235,0.25793332,-2.7791584,-1.9816598,-1.8034453,-1.5308275,1.024754,-0.8166159,0.0957574,-3.862344,3.5985658,-3.0298028,-1.1630988,0.41771856,3.6911712,-2.1700714,-0.68042105,-0.5124172,3.3708994,-4.608247,2.37191,0.877895,-13.234464,-0.1470913,-1.4483649,2.0325782,-2.2130718,-1.5302398,0.8297113,0.27225205,-0.74362284,-0.019838016,-10.850675,2.6285284,2.3108044,-0.8532233
1,/data_nas/huangyj/data/placePulse/rawData/googleviews-110802files/50f42efdfdc9f065f00024fc.jpg,-4.1978593,-2.2690969,1.8198698,-0.168966,2.3408196,-1.0328962,-7.986152,2.6542087,-0.07386644,-2.4838178,2.7737815,-0.94634736,0.42245078,3.1080427,-0.8469355,-0.9599098,-2.9490185,1.0635477,1.9338882,0.9189768,-0.027607147,2.4478893,2.9625669,-1.7169607,11.424364,-1.9712241,1.188888,1.5898585,4.756922,-1.7436929,1.2649946,-1.3879031,-0.5529273,-2.1922479,-7.716278,-1.0554203,8.292425,-2.7336392,-0.8389253,-3.5530598,1.9250044,1.2330699,-4.423283,2.9600835,2.1297884,-2.5208216,-2.252966,2.1084647,0.7604816,-0.52497894
0,/data_nas/huangyj/data/placePulse/rawData/googleviews-110802files/514139a5fdc9f049260054fc.jpg,-8.609102,-2.7099135,0.13824134,-1.8048189,1.0788552,-4.829023,9.57335,0.581006,1.4189818,1.5864303,1.8611876,0.37734225,-0.865241,0.19616786,0.16636887,-1.9687011,-3.517967,-2.2113624,-1.5965967,-1.8310435,-1.0389344,2.9421713,0.46116173,-4.598856,4.2292433,-5.9794946,3.0920484,0.8577034,4.507191,-1.9108921,-0.036969226,-0.9451783,3.9781454,-2.620653,4.3261247,-1.9528408,-6.5256515,-0.36318508,-1.6989232,1.7678967,0.37328228,-1.2758204,-0.63375413,2.474,0.08793561,0.72626334,-0.6283991,2.391092,2.3900218,-2.4694722
1,/data_nas/huangyj/data/placePulse/rawData/googleviews-110802files/513e6eb2fdc9f0358700c483.jpg,-9.16629,-0.8130589,0.4464497,2.4766462,-6.40686,-0.09849897,-8.55992,0.7380631,-2.244033,-0.084688105,6.854751,-4.0883975,-0.18975697,1.4833283,-1.4089758,-3.7866375,-1.6063424,3.0565352,3.47749,3.673613,-1.1711731,1.6173275,0.062277865,2.3729799,11.434213,-2.2987907,4.7366676,0.5764433,5.5094323,-0.88668483,1.7737128,-2.3360243,-0.95269126,-2.301079,-2.5514867,-2.6281295,6.395605,-4.863459,-1.0486406,-1.0907562,1.7418686,-1.6636102,-3.8906224,1.4380492,-1.2111285,0.9081902,-8.708237,-0.21035056,0.71983737,-2.5024686
0,/data_nas/huangyj/data/placePulse/rawData/googleviews-110802files/513d9ea0fdc9f03587008488.jpg,1.5269122,0.25086874,1.4077415,-2.062332,-2.6680834,-4.8054233,3.6784704,2.743766,-0.597385,-0.4008521,-0.23301286,1.9626259,-0.50157696,3.1410677,-0.7173966,-2.4590888,-3.6730351,1.2953447,-0.25162256,0.038053267,-1.4249284,2.9682333,0.7233481,-3.1741037,1.9915314,-4.1545677,2.4971251,1.7648147,6.966207,-2.1756043,2.321521,-1.2274709,1.0950568,2.5773964,-4.653797,-5.4395065,-2.1327777,1.5219171,-3.1337636,0.045388483,2.6020863,1.0853733,-5.5700774,2.9655993,2.1291835,-1.5137532,-5.636593,0.5228004,0.99373585,-1.1815226
0,/data_nas/huangyj/data/placePulse/rawData/googleviews-110802files/514133e8fdc9f04926004484.jpg,-2.9625008,-4.0867276,2.885281,-2.8667445,4.0124855,-2.9227495,10.9801035,2.2820852,2.7867603,-2.1764119,-1.1840328,2.8058236,-0.36188823,2.724761,0.050138228,0.16391222,-3.6362891,-1.962689,-0.9606214,-2.5484467,0.40372354,3.687502,3.3074102,-6.274394,5.743591,-4.170745,-0.5996682,2.00412,5.6376834,-2.9326274,0.6521223,-0.82422006,1.5233544,-2.4438462,-2.1581204,-0.21707383,-6.7766967,0.61502284,-1.058316,-2.0136616,0.88987684,1.2159461,-1.6293931,3.719116,3.4441838,-2.9057307,-7.5813575,3.6831398,1.5188847,-0.058806036
0,/data_nas/huangyj/data/placePulse/rawData/googleviews-110802files/513e60d1fdc9f0358700b45d.jpg,-7.518297,-2.7109377,1.624899,-0.9827748,-4.331925,-4.1109333,-3.6240702,0.47469896,-0.94236225,1.6949748,3.3914692,-1.2287745,-0.5220131,0.70464575,-1.2528088,-3.8714943,-3.4256885,-0.5634806,-0.03008803,0.2783159,-2.621452,3.5861483,-0.15925446,-3.029425,4.3954916,-6.2448325,4.4278173,0.9998305,5.4871383,-1.6463071,1.4641334,-2.8569398,1.6562506,0.022428831,2.2679322,-4.2212367,1.428084,-0.79666454,-2.6332157,1.129714,1.1000565,-2.0565474,-2.6906242,2.1291707,-0.32502154,1.4449973,-0.57890403,0.61067307,2.1285539,-2.3168142
1,/data_nas/huangyj/data/placePulse/rawData/googleviews-110802files/513d7947fdc9f03587006453.jpg,-7.0400143,-1.6821978,0.24316591,0.3095641,-0.49010882,-1.1204656,-15.381303,1.2642179,-0.5300416,-0.71106935,4.4135942,-2.0365942,-0.675713,1.8736262,-1.7222607,-1.5001372,-2.319941,0.66207826,1.697115,2.1603692,0.04851856,0.9455689,1.4592556,0.40848532,12.568908,-2.6623256,1.5229284,0.95535827,5.7584724,-1.5921016,1.1365635,-1.617958,0.604095,-3.3459363,-6.1361017,-1.3945493,7.5809836,-3.676039,-1.484361,-1.4969093,0.73933667,-0.53043103,-3.0270348,1.4861331,-0.009092059,-1.0653238,-6.989424,1.7473861,1.2090907,-1.3821787
0,/data_nas/huangyj/data/placePulse/rawData/googleviews-110802files/51409127fdc9f04926000452.jpg,-4.6605935,0.30492142,-0.93680567,-0.3776232,-4.3461547,-2.5150404,-2.3543966,0.31389686,-1.156517,1.6404055,2.9075818,-1.8548113,-1.1560848,0.22995627,-1.5899336,-3.4930913,-3.2035394,0.23845726,-0.15207785,0.7608448,-2.041499,1.1097754,0.19007225,-0.4552585,4.0486174,-3.8989503,4.3459263,1.3571733,4.0221043,-1.0395103,0.63621664,-1.7558453,0.6876319,0.47509548,0.37537172,-3.1359544,-0.8211587,-0.8741216,-2.0382144,0.075247504,0.972659,-0.7743361,-3.5956933,1.044874,-0.6186886,1.1918988,-5.2480206,-0.53549296,2.1075215,-3.169022
1,/data_nas/huangyj/data/placePulse/rawData/googleviews-110802files/50f56122fdc9f065f0005459.jpg,-4.5330667,-1.3706269,1.8466985,-0.3709599,-0.36185387,-3.614971,-2.3618274,1.7549934,-1.0306867,0.48971683,3.6848242,0.0088410545,-0.9514809,2.198282,-0.5336598,-3.453121,-2.979058,1.1195339,1.2279669,2.7790713,-0.2654949,1.3056638,-0.48781398,1.4202174,9.9647455,-4.614679,0.9199101,0.5141318,8.339693,-2.39455,1.9431963,-1.5172095,2.4070508,-1.0420246,-8.1191025,-3.9447591,1.4114565,-2.1793659,-3.0616596,1.7636145,0.079560526,-1.6042618,-2.8583038,1.2070616,-0.9549939,0.11728478,-9.4706545,0.31870556,0.98215586,-0.9344323
0,/data_nas/huangyj/data/placePulse/rawData/googleviews-110802files/513d2cb7fdc9f03587002455.jpg,-6.558489,-0.6216082,1.1283271,-0.12311958,4.62447,-2.4360383,12.08623,0.2924273,-1.7087245,1.4003636,3.5438223,-1.1207205,1.3236306,-0.3003566,-0.8673072,-4.6342077,-4.3603935,0.4463042,0.80645,0.86198765,-1.9822307,1.289711,-0.8428935,-2.663093,3.5225751,-3.5131514,3.1329334,1.0287178,4.775843,-1.3014959,1.1547891,-2.0154512,0.86099404,0.3634143,-0.4003027,-3.310173,-4.421415,-0.7979895,-2.0147064,0.2831003,0.019056119,-1.6395268,-2.9372635,1.2411908,-0.8229467,1.8829747,-2.4665449,-0.72179973,1.5538728,-2.1522622
0,/data_nas/huangyj/data/placePulse/rawData/googleviews-110802files/513e1b59fdc9f03587009455.jpg,1.2167189,-2.406205,4.734356,-0.84589636,4.109739,-1.2056125,-6.1139627,2.2273505,-1.185379,-2.606667,-0.35749385,-0.399788,-3.4779048,2.7430427,-1.2326895,-3.7353656,-5.241231,0.9868285,1.5928237,0.7461807,-1.2045007,1.0640031,3.9783027,0.6949058,-1.2303978,-4.0764227,-1.4217656,3.3812165,0.6630732,-2.846312,1.6518468,-2.8035994,-1.7009231,1.9212469,-3.0803616,-0.3233662,-5.5037103,1.2297697,-0.8226519,-3.3698394,-0.7515065,1.291511,-5.9854584,2.4472294,0.12959528,-1.4208188,-10.317312,-0.7410529,2.2390172,-0.10616766
0,/data_nas/huangyj/data/placePulse/rawData/googleviews-110802files/513d68a6fdc9f03587004450.jpg,-6.545641,-1.5274962,2.526537,-0.2754726,-1.6559201,-4.910016,5.9218483,2.2562664,-1.3006173,0.16533943,3.5092933,-0.31998307,-0.11640873,2.4085875,-0.10367506,-4.2415695,-4.024102,1.4122622,1.7368143,0.6261783,-1.7444402,3.3899064,0.22160001,-2.4045196,4.640315,-5.449871,3.3463202,1.1581419,5.2444615,-1.8776567,2.3242679,-1.565392,2.1293495,-0.07955536,0.114982374,-4.7855864,1.4571406,-1.5832714,-2.2590153,0.72310287,1.7962443,-1.1405255,-5.460975,3.0731547,-0.14442316,0.14262871,3.4278502,0.7637903,1.2710477,-1.1686844
0,/data_nas/huangyj/data/placePulse/rawData/googleviews-110802files/513e2182fdc9f0358700a450.jpg,-8.972174,-1.8450066,1.3657357,0.36161932,0.5053551,-2.4110737,8.0035305,0.89013445,-0.826668,0.8302978,4.59413,-1.9289255,-0.16473183,0.59750223,-0.42816597,-4.194108,-3.4360054,0.8302539,1.2445637,0.84196544,-1.5714326,3.023113,0.31117418,-1.4758303,7.0317135,-4.548015,4.337439,1.1283056,5.1703906,-1.7779329,1.2381263,-2.0670335,1.2630929,-1.5162439,0.72733134,-2.6598065,-3.5824218,-2.2837281,-1.6494797,0.039425537,0.8750302,-1.6075832,-2.8288934,2.088695,-0.5823789,1.3308074,-5.8474154,0.5898891,1.6958972,-2.5850613
1,/data_nas/huangyj/data/placePulse/rawData/googleviews-110802files/5141443bfdc9f049260064a7.jpg,2.217513,-0.64523304,0.5555314,-2.4330096,6.4433208,-2.9386032,6.553071,0.50951415,0.2471748,1.0551913,-0.30654237,2.2109134,0.21407127,0.95155597,-0.71268845,-2.0765786,-3.2707477,-1.3856416,-1.5964129,0.8522789,-0.27082926,0.16737875,-0.5772021,-0.31991106,4.471612,-3.2649214,-1.0022564,0.688111,6.353185,-1.8401946,0.14830382,-0.98951787,1.9243811,1.5209659,-10.387263,-2.4609652,-3.513176,1.1680126,-2.5346165,1.5851154,-0.8061014,-0.5673915,-0.064100385,0.21494041,0.080131814,0.14739957,-7.3330064,-0.731657,1.2091751,-0.80420196
0,/data_nas/huangyj/data/placePulse/rawData/googleviews-110802files/513f29befdc9f0358700d40d.jpg,-4.214494,-1.3953469,1.5173092,-0.7065809,5.931767,-1.5686707,0.55748564,0.63570076,-1.2408501,0.026167316,2.5359907,-1.371292,0.75445986,0.44526064,-1.5403267,-3.3645172,-4.685855,-0.35301742,0.72009504,0.6264773,-1.3849009,0.45737952,1.0150037,-1.7314149,5.6163387,-3.1973205,1.1811607,1.6881752,3.0843673,-1.369493,0.55389315,-2.127522,-0.2542116,0.08366872,-4.3669014,-1.7446551,2.5313685,-0.94150245,-1.5892547,-1.8030708,-0.3071641,-0.6418946,-3.4364948,1.1853648,-0.29209885,0.5193249,0.85293096,-0.33157912,1.9682022,-1.4178014
1,/data_nas/huangyj/data/placePulse/rawData/googleviews-110802files/50e748e6d7c3df413b001406.jpg,-3.9465463,-5.3017707,2.5716743,-1.9230119,-7.526456,-1.9486198,8.870493,0.8634254,1.7404131,-0.8730242,0.35449606,1.1143304,-1.5948691,1.2209413,-0.20160164,-1.9346862,-2.9109924,-3.1661167,-0.44796163,-1.0297036,-0.38865396,3.1871343,2.1563349,-2.3521974,4.9813256,-4.862462,-0.16059947,1.2864497,4.0945487,-2.7961364,0.9690901,-1.8384337,2.1937895,-2.2134383,1.1784028,0.28026778,-1.2867837,-0.48051977,-1.2554635,-0.5777936,-0.0054338984,-0.7376533,0.17288359,2.2758958,0.90214175,-0.73955446,-2.7648392,2.185465,1.3106303,-0.5379013
0,/data_nas/huangyj/data/placePulse/rawData/googleviews-110802files/513ceeadfdc9f03587002406.jpg,-2.1535754,-2.8932402,2.6687677,-3.033773,4.5664454,-5.1973324,-6.366967,3.0709953,2.8573096,-1.3235258,-1.1197588,3.818426,-2.951354,3.7435029,0.3993972,1.5191668,-2.1883237,-1.5031114,-1.2500618,-0.89996654,2.3552873,1.4594043,2.1152754,-1.691472,8.217414,-4.7000556,-4.124697,0.52844936,7.0633817,-3.2755234,0.742268,0.6415779,4.533259,-3.6776507,-6.73328,-0.81364596,-4.263606,-0.111275904,-2.4130719,2.2603781,-0.6182407,-0.015820643,-1.1867144,2.210812,1.3535985,-3.4568071,-11.485299,4.2773857,1.5415406,1.9095873
1,/data_nas/huangyj/data/placePulse/rawData/googleviews-110802files/51414ccefdc9f0492600740e.jpg,-4.4385304,0.065416574,1.2300613,-1.1568235,-3.5163093,-4.871248,1.9609834,1.7643367,-1.964899,0.8807515,3.5913823,0.9633906,0.321252,2.0807238,-0.78624856,-3.9162145,-4.268155,1.088439,1.509631,2.6019132,-0.41883355,-0.3974595,-1.8860539,-0.17300288,8.574709,-4.190063,-0.11536642,0.2892814,9.119375,-2.0030913,2.3516877,-0.6474738,2.9386616,-0.23474635,-6.695559,-5.641459,4.2411337,-1.7717909,-3.5927422,2.5725436,-0.089486174,-2.1718826,-4.771702,0.72438556,-1.2509241,0.25478888,-2.7955236,-0.35532764,0.9093547,-0.38843971
1,/data_nas/huangyj/data/placePulse/rawData/googleviews-110802files/513cc0e4fdc9f0358700140c.jpg,-1.9203832,0.93405944,0.473199,0.16014159,4.219441,-1.9491541,5.5098615,1.3751093,-1.9806763,0.49392226,3.3827195,-1.1527274,0.69815385,1.1487294,-1.0387558,-4.362791,-3.9581265,2.0733185,1.2457187,2.5712137,-1.520221,1.0977839,-0.1244884,0.5920524,7.289451,-2.6659026,3.3546705,1.3982171,6.4778733,-1.5365102,1.3321557,-1.6906985,-0.08728534,1.4836309,-9.123196,-3.9142437,-0.743514,-1.25893,-2.37252,-0.741604,0.9896182,-0.06090928,-4.350142,1.1597735,-0.15205908,0.81174153,-8.384671,-1.4629743,0.9614012,-2.524666
0,/data_nas/huangyj/data/placePulse/rawData/googleviews-110802files/50f5eba8fdc9f065f000840c.jpg,-3.5578759,-1.3985003,2.0318787,-0.6146011,-0.20674561,-2.6149437,-14.105436,2.4689376,0.31965283,-1.6184399,1.4194292,-0.13565843,-3.6162257,3.2879682,-1.1936431,-1.1450398,-2.853223,0.84800494,1.0502514,0.88026613,0.7113287,1.1013373,2.8267,0.9377784,6.3065457,-3.712038,-1.0430028,1.5675541,4.05522,-2.5225227,1.254462,-0.85697883,1.1860245,-2.243064,-3.1244226,-0.7289777,-1.6431005,-1.452481,-1.6745597,-0.6050987,0.26792207,0.2495728,-4.3944945,2.0168083,-0.002809111,-2.2934268,-12.71404,1.9781961,1.9904736,0.03994709
1,/data_nas/huangyj/data/placePulse/rawData/googleviews-110802files/50f60868beb2fed6f8000405.jpg,3.006593,-1.7135214,5.1646876,-1.3028322,-3.2502077,-3.515613,17.270931,2.4518423,-1.1644589,-1.7054898,-0.90626717,2.3000257,1.6633459,3.6933413,0.0012634154,-3.316699,-2.937329,1.9646742,1.405469,-0.0077783577,-1.6900948,3.6155152,-0.034967486,-4.021138,-2.3766093,-3.2031052,1.106872,1.3723823,5.0647697,-1.9456539,3.51651,-2.3576577,-0.39891583,3.9654167,-2.6256304,-5.4657884,-1.3520068,1.8230726,-2.55287,-0.6547307,2.3952172,0.42083657,-4.811472,3.6510704,2.2664363,-1.3456565,2.65532,-0.36093238,-0.33351898,0.8321922
0,/data_nas/huangyj/data/placePulse/rawData/googleviews-110802files/513d7967fdc9f035870064b3.jpg,-2.5965748,0.19051723,2.4998643,-0.07666017,1.6721233,-3.4824948,1.0637306,1.9785962,-1.2184802,-0.97902495,0.12226902,1.1987822,0.20847756,2.4780102,-0.5013035,-1.6787158,-1.9194127,2.5490415,1.517048,-0.14214426,-0.99523455,2.778014,-0.19272877,-4.0826807,-3.938912,-2.4678228,1.5997207,0.43618736,2.9215746,-1.582894,2.5973935,-1.1394955,0.53281987,0.9151117,3.9787753,-3.9795735,-5.9182205,1.0121646,-1.304705,0.6955616,1.8080852,-0.045771837,-4.6555305,2.591196,0.9387282,-1.2803708,-2.1009536,0.9295802,-0.020623311,0.1834671
0,/data_nas/huangyj/data/placePulse/rawData/googleviews-110802files/50f44565fdc9f065f00034b7.jpg,-2.883403,1.9581069,-4.249787,0.009196199,-6.129865,-1.3912003,-9.495921,0.8291544,0.002987519,0.46239883,2.2150564,-2.8672793,-3.371665,1.0758855,-2.3126903,-1.8723847,-3.0647142,0.23524445,-0.5685943,-0.05081842,-1.6789755,1.4757454,3.1801894,0.923843,4.5662074,-2.7566664,5.828172,2.4890044,1.4200506,-0.65393466,-0.42274252,-0.6466512,-0.2443728,-0.26477188,0.6285889,-1.0746964,-0.8201086,-1.2334867,-0.5023002,-2.8395903,2.706577,1.9025198,-5.2192016,1.9008713,0.34990498,-0.61619526,-8.500672,0.24155623,2.5705073,-4.5431705
0,/data_nas/huangyj/data/placePulse/rawData/googleviews-110802files/50f5ebb0fdc9f065f00084b2.jpg,3.28169,-2.6592298,4.045241,-0.6683942,-3.8127432,0.6215812,-7.993791,1.3001947,-0.83322513,-2.810121,-1.8215556,0.5256679,-1.548443,2.031908,-0.1038207,-0.76889247,-2.0510945,0.67375517,0.88321537,0.27726337,-0.52528095,1.5058771,2.5786383,-0.7953649,-3.8135872,-0.64814687,-1.445025,1.5194191,-0.24443564,-1.3381683,1.1086726,-2.3353486,-2.9346435,1.9367063,0.45886898,0.3292778,-0.7487642,1.989701,0.43898374,-3.028801,0.017559685,1.5667809,-2.5207484,2.0268307,1.6501296,-2.0823357,-6.6194644,-0.36367634,0.43712357,0.6983342
0,/data_nas/huangyj/data/placePulse/rawData/googleviews-110802files/513e6edcfdc9f0358700c4bc.jpg,-6.506967,-0.1381809,-0.33273116,1.906088,-6.7540674,0.7582604,-8.010558,1.3989377,-1.2688414,-1.4771305,4.836335,-3.4432542,-1.068411,1.9432409,-1.1192498,-2.0469565,-1.8273172,2.6451232,2.972888,2.5198417,-0.29175034,1.1666503,1.9794879,2.0268524,10.209853,-0.6695672,3.5216858,1.1935362,3.6887295,-0.9881948,0.9786922,-1.3673551,-1.546098,-2.6993108,-2.2149203,-0.5884014,4.8020716,-4.0730443,0.029359987,-3.039295,1.8571247,0.40368596,-4.4812403,1.7829465,0.12809132,-0.89164025,-10.028964,0.51581573,0.8424225,-2.2814286
0,/data_nas/huangyj/data/placePulse/rawData/googleviews-110802files/513e21defdc9f0358700a4b9.jpg,-2.9635894,2.888355,-0.41909736,3.9002423,0.043861724,0.52178097,-6.7142572,1.8877892,-2.175284,-1.6353657,2.3355238,-1.4899243,0.7845561,2.6295924,-0.09825885,-0.17541043,2.1875691,5.440075,3.9441063,2.7434533,0.247414,3.523246,-1.1257969,0.59150934,-1.9357768,2.584435,4.042609,-1.4298916,1.4316387,-0.008851928,2.473621,-0.155456,-1.5841273,-0.5825028,2.6925685,-2.4771929,-2.855576,-1.8729672,0.6840921,0.0369938,3.7781994,0.59080005,-3.1416652,1.6726714,0.22784044,-1.1281416,-8.519443,0.23476823,-2.0588646,-0.27437434
1,/data_nas/huangyj/data/placePulse/rawData/googleviews-110802files/51414d0ffdc9f049260074b5.jpg,-5.2211943,-0.35756513,1.0184989,1.5113363,-0.82798004,-0.30390328,-10.009123,1.2133921,-2.379121,-0.57541156,5.108769,-3.0365114,0.342792,1.7004577,-1.5851896,-3.5214546,-2.5578203,2.5899677,3.0311422,3.4179122,-1.1093984,0.7075986,0.4722822,1.723683,10.060538,-1.8563925,2.9637387,0.99168086,4.777173,-1.0889958,1.8413484,-2.4001265,-1.1814712,-0.7682901,-6.7956824,-2.6844065,8.368274,-3.4803555,-1.3077384,-1.9875212,1.1508974,-0.59307367,-4.509754,1.2207845,-0.64453655,0.10933276,-4.5812154,-0.61175615,0.5940289,-1.7924724
0,/data_nas/huangyj/data/placePulse/rawData/googleviews-110802files/50f5ebb0fdc9f065f00084b4.jpg,0.6039609,-2.8358827,4.9965677,1.581737,-4.571998,1.2602218,-13.763199,2.2195737,-1.1480616,-3.699759,-0.05367574,-0.84861284,-3.922613,3.2788482,0.3535387,-1.2360561,-0.9643372,2.4130657,3.0514977,1.9455919,0.4332267,2.2085493,3.3487713,3.3266246,-2.957289,-0.69493,-1.6226209,0.848663,-1.7431923,-1.7402079,1.4810196,-2.1739235,-2.507835,-0.097039945,2.0098453,1.7645262,-2.4486036,-0.12874687,1.2827424,-2.4061036,0.014947973,1.1685519,-2.8807018,2.3043451,-0.14143044,-2.2936628,-11.836054,-0.12247965,0.21190564,0.9711817
1,/data_nas/huangyj/data/placePulse/rawData/googleviews-110802files/50e748e9d7c3df413b001446.jpg,-2.5492382,-0.586083,1.1579461,-0.68857276,11.953183,-2.7469761,-9.679059,2.9411857,-0.2916327,-1.6157463,1.7957143,-0.9576505,-0.8107968,2.965251,-1.6861215,-1.7684337,-4.5263176,0.7562918,0.99048305,0.40385872,-0.7110778,2.0783348,3.3765693,-1.2992518,8.001042,-3.5065923,1.3954774,2.318488,3.3936348,-2.1189427,0.9749062,-1.5452859,0.29653114,-0.5374572,-9.206724,-1.6446968,2.8823376,-1.2287226,-1.7474958,-2.8410435,1.4211539,1.4711652,-5.721309,2.6638994,0.94516927,-1.8476008,-2.260585,1.4068501,2.140693,-1.0628778
0,/data_nas/huangyj/data/placePulse/rawData/googleviews-110802files/513d7e9ffdc9f03587007443.jpg,-2.8133726,0.012113623,-1.0413656,-0.54089165,-5.979598,-2.7313359,-2.5888906,0.8519586,-0.58744156,1.1728964,2.2694795,-1.1821886,-2.0766115,0.92314553,-1.2354836,-3.2048614,-2.796754,0.24423966,-0.3998607,0.8999947,-1.8029343,2.05857,0.79445726,0.41583204,4.15003,-4.1591415,4.4506826,1.4034096,4.310309,-1.4362706,0.8381861,-1.5437597,1.0407487,0.6606208,-1.071528,-2.9851735,-0.91441613,-0.6468431,-1.9952401,0.1363457,1.592249,-0.07562038,-3.3290794,1.5636272,-0.22099704,0.47072637,-6.9958634,-0.2224244,1.7302223,-3.1331086
1,/data_nas/huangyj/data/placePulse/rawData/googleviews-110802files/513d68a4fdc9f0358700444a.jpg,-4.0264497,0.5365829,-1.0733225,0.2679908,5.5559554,-0.96436816,-13.212923,1.4001367,-0.38318136,-0.25228405,2.8299289,-2.4493384,-2.2221284,1.3545287,-2.0224037,-1.8512532,-2.9812553,0.8077465,0.54834783,1.4220454,-0.5410265,0.562715,2.525307,1.462946,8.249361,-2.6284447,2.718238,1.9334298,3.4232912,-1.5818919,0.36104175,-1.4760234,0.046119213,-1.5365652,-6.066072,-0.6772779,-0.917136,-2.0502195,-1.4349912,-2.1206284,0.7685536,0.7029505,-3.94112,1.1108333,-0.41412544,-0.59956634,-12.020393,0.7260348,2.274293,-2.5757992
0,/data_nas/huangyj/data/placePulse/rawData/googleviews-110802files/50f5ebaafdc9f065f0008440.jpg,-0.8010271,-2.4139519,3.9067826,-0.648828,-0.58058774,-0.34387553,2.429797,2.082281,-0.06539634,-3.443937,-0.9696841,0.3941156,-2.33539,2.671851,-0.71439886,-1.8233907,-3.9824731,0.6119645,1.7706963,-0.6411502,-0.30155474,1.5530008,4.0546374,-2.0394475,-1.4959936,-2.1024952,-1.3582535,2.7335093,0.34740108,-2.3279912,1.532012,-1.6093279,-1.7458501,-0.2817851,2.2714643,0.7984175,-6.887868,0.75239885,0.27929032,-3.991827,0.1758275,1.7822636,-5.156979,2.9453616,1.5728363,-2.4779541,-9.105937,0.8866064,1.3298243,0.36342853
0,/data_nas/huangyj/data/placePulse/rawData/googleviews-110802files/51409e84fdc9f0492600144b.jpg,-2.8066218,-0.0029093022,0.1795748,-1.3545654,2.4250286,-1.7848165,0.17589144,0.47351763,-1.1574465,0.4197049,1.8124444,-0.46834522,0.7975175,0.40294537,-1.7319616,-2.4425411,-4.263795,-0.4969099,0.12096549,0.734297,-0.84086484,-0.8032828,0.1785794,-1.8376654,5.7692356,-2.2077527,0.40648228,1.3260754,4.579047,-1.2300313,0.62102085,-1.3832543,0.14890185,0.025789747,-4.959249,-2.3518875,2.2667377,-0.48582998,-2.0286267,-1.1024038,-0.38817313,-0.4778383,-3.3165019,0.5102611,-0.020665433,0.107702084,-1.9430771,-0.3301677,1.716044,-1.313812
0,/data_nas/huangyj/data/placePulse/rawData/googleviews-110802files/513d7941fdc9f03587006444.jpg,-7.770366,0.84841865,1.1602329,2.3583753,-2.7770708,-0.22424681,3.4821568,0.61911863,-1.698133,-0.8841627,2.9298515,-2.1237216,0.048324786,0.50665927,-0.25193644,-1.8289973,-0.5986644,3.185139,2.8905673,0.5946576,-0.68847275,1.9125226,-0.24896958,-1.6920958,-1.4569165,-0.15602554,3.0649858,0.28954226,0.18726775,-0.6197878,1.5154756,-0.784507,-0.97073495,-1.6964387,9.111104,-1.3365781,-6.0849895,-1.7688982,0.5312924,-0.6720184,1.3187093,-0.3384725,-4.0022354,1.8848447,-0.1358996,0.14079712,-4.6947246,0.5447328,0.26027107,-0.77989095
