label,path,0,1,2,3,4,5,6,7,8,9,10,11,12,13,14,15,16,17,18,19,20,21,22,23,24,25,26,27,28,29,30,31,32,33,34,35,36,37,38,39,40,41,42,43,44,45,46,47,48,49
0,/data_nas/huangyj/data/placePulse/rawData/googleviews-110802files/513d49cafdc9f03587002dd3.jpg,0.045157544,-5.142536,2.9431689,1.1198393,-1.0586618,0.5753377,-1.5401696,0.5883827,-6.075266,-0.746828,1.321396,1.9620949,-2.3213253,0.14966273,4.6287546,-1.2781897,0.17660971,-0.2308013,-0.26958504,-0.22887059,1.0718421,-0.99638563,-0.87374556,0.15091681,-2.5735447,0.61827946,1.4291131,-0.96306545,-0.75238,0.061218195,2.0206208,-2.0963836,-2.5275958,0.012297204,-1.6937702,-5.2979703,0.5304209,-1.8293998,0.71489865,-3.801783,2.2080977,-1.836273,-2.7173605,0.6852839,1.8865274,-2.2036102,-0.7561332,5.5426803,-1.5374995,-3.9607534
1,/data_nas/huangyj/data/placePulse/rawData/googleviews-110802files/513f2f93fdc9f0358700ddd3.jpg,1.1235491,-3.3595262,1.8518066,0.4760947,-1.9093624,1.5649663,-0.9345974,1.979373,2.1703134,0.3402812,1.4683903,1.3239334,-2.368424,0.8920801,3.3930097,-2.3357682,-0.93112785,-1.6197839,0.40609875,-0.710166,2.82421,-0.79905146,-0.96333057,4.04366,-1.7413278,2.1661346,1.7989349,-2.3406434,1.0816119,1.031187,1.3591188,-4.775852,4.017769,-0.51976746,-1.6288164,2.3428102,0.95678043,0.038380995,1.5191572,-0.5865508,3.3877273,-0.57250047,1.249895,2.282838,1.2709191,1.8933775,-0.5010476,-2.765539,0.93614197,-2.2670338
0,/data_nas/huangyj/data/placePulse/rawData/googleviews-110802files/5141371cfdc9f04926004ddc.jpg,1.1737989,0.20374078,-0.16470522,0.39198673,1.6118184,-1.5647676,-3.7702415,1.559006,-3.6470413,-1.7191852,-0.7772837,3.0759547,-1.1991757,0.18070015,1.661162,0.9381587,1.7204822,3.668101,-3.1629639,0.8313416,1.4078066,2.4019885,1.4303832,-3.7308662,1.9905133,-0.08477458,3.757069,-1.7734352,0.988694,2.252534,-0.8540842,-1.9462435,-4.3210287,-2.73224,-2.0625787,-3.7308695,-0.13506213,-0.054560542,-1.5499054,-2.0303695,2.9208841,1.5351412,0.8796634,0.30258542,1.9580916,-1.9368942,2.0349693,3.3669362,-5.192375,1.5325508
0,/data_nas/huangyj/data/placePulse/rawData/googleviews-110802files/5140b937fdc9f04926001ddc.jpg,1.2829328,-0.2742113,-1.2726303,-2.544054,1.938465,-0.34701586,-2.8817859,1.0072649,-3.541242,-1.1629663,-0.38990107,0.79548556,-0.42657533,-1.9642216,1.6461755,0.23177958,1.4013563,2.0787182,-2.5237036,-0.1640066,3.1481595,2.5204508,2.3547745,-4.540906,1.3572704,-1.8227782,3.3112454,-4.115087,1.6710132,2.8306162,-1.4874532,0.25474396,-4.668025,-4.249578,-1.8392073,-3.4658518,-1.5856538,0.85144,-0.724188,-0.5936708,0.83407646,0.9420575,-0.77716994,-1.5030416,2.691378,-0.38955507,1.7239087,3.5275838,-2.6958466,0.8573012
0,/data_nas/huangyj/data/placePulse/rawData/googleviews-110802files/5140da85fdc9f04926003ddf.jpg,0.8060525,-1.698925,-0.039345145,-1.7651337,1.8432436,-1.4548655,-3.8810377,0.5143361,-4.7221956,-2.3629298,0.08096605,2.9322073,-0.9756682,-1.3593214,2.8429024,0.57786244,1.3796122,2.7551897,-3.3202188,0.47306138,1.1261853,1.615738,2.5978281,-5.1130514,0.47821867,-1.5314132,3.7373517,-3.3996823,0.17416354,1.7093852,-0.90104365,1.5430157,-6.1455026,-3.5165255,-1.965799,-4.3866167,-1.09797,0.5132874,-0.7526932,-1.5601298,-0.13754582,0.37862456,-1.309977,-2.428897,2.454315,-0.9611168,1.2175558,4.7104526,-4.463274,-0.23166482
0,/data_nas/huangyj/data/placePulse/rawData/googleviews-110802files/513d6118fdc9f03587003dd5.jpg,1.8296417,1.065727,-2.2805629,0.32239208,0.67274445,0.812178,-0.59295493,0.87564427,-2.5908494,-0.10725805,-1.2353053,0.63892263,0.17617619,1.0160681,0.09929145,1.2353399,1.1517957,3.491442,-0.5555644,-0.53509027,3.1573796,1.3760173,-1.3018904,-1.8828213,3.4096045,1.8491828,0.6816139,-3.0228395,1.7438492,2.6149597,-4.2711787,-3.2827668,-1.67306,-4.2024384,-2.6479745,-3.0501225,1.4788268,3.0703814,-0.28514794,1.8115466,3.6334548,2.4705262,1.3568466,0.86711645,0.42424354,0.27937132,2.719115,2.75682,-2.509511,2.3684363
1,/data_nas/huangyj/data/placePulse/rawData/googleviews-110802files/513d7c26fdc9f03587006ddb.jpg,3.1367364,-0.8497813,-2.3212662,1.3716437,-3.384935,3.2002168,0.91974026,2.023847,-2.2068086,0.3516427,-2.5408466,-0.0064776875,1.844753,1.3784074,1.207004,-1.1049203,2.5653646,-0.7727022,1.3080155,1.3081726,4.456879,-2.1224735,-2.8590164,3.385618,1.512924,2.1916187,-0.98702145,-1.836536,2.6112099,-0.5144948,-0.82127684,-4.7679834,1.9852232,-2.4114873,-0.88689595,-1.8154817,2.5114152,0.8501744,3.4709375,-0.37637958,3.6268363,2.3240383,0.09618034,2.3626447,-0.54502416,0.3039286,0.2296482,2.1751251,0.9790215,0.8235495
0,/data_nas/huangyj/data/placePulse/rawData/googleviews-110802files/513d60b5fdc9f03587003d61.jpg,-0.094212055,-1.002248,1.2432038,-1.1517321,-0.0311387,-2.524552,-4.5553603,0.1399522,-2.6392663,-2.6203716,-0.040442906,3.7416787,-1.9596272,0.60615355,2.4193745,0.60290474,0.7674778,3.55662,-4.2740383,0.94947225,-0.0010200404,1.2332131,3.4937885,-2.170465,0.5195421,0.16407575,3.8930504,-1.5865787,-0.5896234,0.0013737008,1.2412367,-2.6394818,-2.9447956,-1.6625787,-0.6897781,-2.8907468,-0.23844032,-0.65846354,-0.82768893,-3.2163608,3.460329,0.31170276,1.4295777,1.196084,1.1791352,-1.2126173,0.94859815,2.0339167,-6.5734024,0.36457855
0,/data_nas/huangyj/data/placePulse/rawData/googleviews-110802files/50f5ead0fdc9f065f0007d6c.jpg,0.8836317,-4.67008,1.1849177,0.5338246,-2.977965,2.3013198,-0.069451556,0.69553065,-4.7430124,-0.2412637,0.6777626,0.45582804,-1.1645881,-0.35973185,3.9179795,-1.2315503,0.23891945,-0.9297939,0.98501354,-0.8965932,3.2482111,-1.3419565,-1.9798281,2.9091716,-1.953735,0.8152448,0.26790804,-2.6217563,0.5996062,0.5537537,0.30746055,-3.3285813,0.58688796,-1.7547709,-2.0413573,-3.8139002,0.75480235,-0.099017635,2.9291048,-1.5622367,2.7677884,-1.119226,-2.8645346,1.3708596,1.5570931,-0.17483346,-0.19322687,4.258745,0.64369893,-3.3832355
0,/data_nas/huangyj/data/placePulse/rawData/googleviews-110802files/50f5e690fdc9f065f0006d6a.jpg,-0.11169611,-1.2953858,1.9234722,-1.176576,-1.2225273,-2.6498497,-4.7558975,0.92969686,-2.6902092,-2.1370358,0.25385475,3.571673,-2.8581553,-0.2441767,2.99748,0.14666057,0.42392078,2.81376,-3.9466856,0.38526183,-0.11453153,2.1468658,3.449442,-0.15326066,-0.22981012,-0.5484696,4.6560698,-1.4244889,-0.324506,1.3152758,1.7663585,-4.1544003,-1.1514175,-1.6039133,-1.0095252,-2.7923489,-1.1646624,-1.3297695,-0.19435664,-3.487616,4.6733136,-0.16553803,0.5505668,2.503801,2.1159186,-1.3944645,1.0156522,1.7536017,-5.482988,-0.046163376
1,/data_nas/huangyj/data/placePulse/rawData/googleviews-110802files/513cb9b4fdc9f03587000d39.jpg,1.2055576,0.8717263,-1.6835706,-0.41318104,-0.13612637,-0.9269125,-3.104234,1.2887172,-4.831423,-2.1623707,-2.1991456,1.447798,0.9405008,-2.3349977,0.65080255,1.3600296,3.0791595,2.2042687,-2.9387558,1.5116055,2.1536047,2.4865239,1.9704595,-2.5161178,1.7096882,-3.1088538,2.9428186,-1.6675847,1.8573686,1.6360155,-0.1729399,0.33765253,-4.0725374,-3.063241,-0.9050281,-3.985072,-1.9397966,-1.1502669,0.5841684,-2.5627396,0.64280945,1.3365932,-1.673164,-0.5154891,2.380886,-2.4510906,1.9217094,4.580496,-3.3980763,1.7143186
1,/data_nas/huangyj/data/placePulse/rawData/googleviews-110802files/50f44812fdc9f065f0003d71.jpg,0.91187316,-6.010095,2.777679,1.3918515,2.1517806,1.350045,-1.5119935,1.5185058,-2.017579,-0.8309494,2.4155133,2.3982368,-1.7689166,-0.57290494,5.0354586,-2.1554914,0.09774605,-2.2142572,0.17687468,0.19507422,1.7466255,-1.4671628,-1.1649754,-2.3775535,-3.4622388,0.0065537347,2.0324376,-2.0142705,-0.036317293,0.507183,1.8196226,3.3640985,-3.8443847,0.16676575,-2.290596,-0.7818099,0.34208182,-1.3151422,-0.22194642,-2.2103896,-3.4019034,-1.837001,-2.4651191,-3.925532,2.5910795,-0.4787887,-1.5992621,2.1626663,0.66729045,-4.979462
0,/data_nas/huangyj/data/placePulse/rawData/googleviews-110802files/51413703fdc9f04926004d7c.jpg,0.90669423,-5.0425763,2.0565977,1.0196238,-0.4238874,0.1492523,-2.5824673,1.4435025,-7.0677795,-1.5273814,0.73258835,2.591839,-1.6061814,-1.9855858,5.045407,-0.79224205,1.531583,-0.33704463,-0.96564555,0.34310144,1.2505887,0.40756533,-0.29013658,-1.4420722,-2.4821935,-1.9165113,2.7471175,-1.6019468,0.14866446,1.666736,1.3761255,0.91058904,-4.5783734,-1.4339942,-2.5549197,-5.698681,-1.0464181,-2.0118763,1.1864895,-3.668724,-0.36945558,-1.3808242,-4.784043,-1.6684935,3.4881005,-2.724184,-0.124340676,6.825533,-1.297267,-3.652919
1,/data_nas/huangyj/data/placePulse/rawData/googleviews-110802files/50f563b0fdc9f065f0005d79.jpg,3.8182712,-2.9722152,-0.65472925,2.6736588,-1.8156574,3.3873801,0.88845,3.8295023,-4.770157,1.4168358,-1.6253525,0.5280593,0.517893,0.27599055,3.4910018,-2.8176966,2.6800656,-3.099894,2.622577,1.1577804,3.578382,-1.9621952,-4.220978,1.6392816,-0.42701438,1.0651695,-0.04959517,-1.3312265,2.4185255,1.5224537,0.3243458,-3.0378702,-0.75216234,-1.3194826,-2.101858,-3.8916721,1.7201128,-0.61114365,2.6311307,-1.5649488,2.1053054,1.2127849,-2.893393,0.9316243,1.5333499,-1.2701309,-0.7544135,4.848384,3.3911319,-1.1656668
0,/data_nas/huangyj/data/placePulse/rawData/googleviews-110802files/50f5ead0fdc9f065f0007d74.jpg,1.9236488,-4.0196905,1.6202967,0.826096,-0.34209773,0.55948883,-2.554231,2.1687822,-2.8723311,-0.84999216,0.6726675,3.5785155,-2.255955,1.3156003,4.8714647,-1.8296319,0.6909758,0.36410087,-0.8882152,0.4067487,1.9976168,-0.8431832,-0.61972326,-0.40096202,-0.8719286,2.0818472,2.795039,-2.747848,0.4647347,1.1270896,0.56908506,-3.4026623,-1.6992745,-1.8983194,-2.535733,-2.721332,1.5381932,0.16540779,0.66237885,-1.9763938,3.1778395,0.29509726,-0.037164558,0.6441509,1.7283713,-0.12597886,-0.15367383,2.5935237,-2.0567057,-1.8459395
0,/data_nas/huangyj/data/placePulse/rawData/googleviews-110802files/513d7c09fdc9f03587006d74.jpg,0.86800206,0.20588581,-1.0050384,-2.2694561,1.3706092,-0.34018445,-2.2103817,0.4014225,-2.986728,-0.5700186,-0.21141796,0.8463723,-1.1665632,0.30057365,1.2271883,0.49187082,0.38502458,3.5163705,-2.141277,-0.9235594,2.9463105,1.7914835,1.5709401,-3.414901,2.2599187,0.89201736,2.362318,-3.9438515,0.9961518,2.3485065,-2.3282413,-3.1743598,-2.9952705,-4.084971,-1.8277671,-3.6853497,0.16078375,2.0844808,-1.1070305,0.16751517,4.02012,1.296532,1.333536,0.93857634,1.2547251,0.24905185,2.164824,2.7839751,-3.9401908,1.4953502
1,/data_nas/huangyj/data/placePulse/rawData/googleviews-110802files/513d9c6bfdc9f03587007d26.jpg,2.2224195,-3.3651466,0.7674365,2.1050594,-2.4485772,0.9512337,-1.6560482,2.5714917,-5.6907988,-0.7325105,-1.1815237,2.2884939,-0.47106633,-0.5497114,3.9516954,-1.4848785,2.6078134,-1.1863657,-0.11936086,1.4956452,1.777021,-0.5931398,-1.388789,1.3076446,-1.1157637,-0.5176218,1.7753109,-0.7649379,1.2235786,0.91609293,1.7851883,-2.5121455,-1.7619417,-0.8965099,-1.7684804,-4.6164117,0.25074753,-1.9684435,2.3794465,-3.6525304,2.1765733,0.20480816,-3.0710552,0.99990916,2.2636695,-2.433579,-0.32285452,5.3428087,-0.26568943,-1.6382309
0,/data_nas/huangyj/data/placePulse/rawData/googleviews-110802files/50f5eaccfdc9f065f0007d2c.jpg,1.0767154,-1.2797701,1.1338282,0.08847387,1.0141071,-1.5014889,-3.8476033,1.6315635,-3.9121714,-1.2360741,-0.03295786,3.4452865,-2.5086722,0.7983288,3.10667,-0.1726524,0.9639723,3.006207,-2.8124745,0.32041973,1.0896335,1.7812184,1.3432356,-2.89052,0.9362278,0.8876986,3.8812308,-2.0163565,0.38279766,2.2917411,0.10449661,-3.930261,-3.7001429,-2.190366,-2.2339618,-4.3328824,0.2843092,-0.18126592,-1.392233,-2.5688586,4.5571036,0.80099183,0.815847,1.5177747,2.1160676,-1.706771,1.4838388,3.4753945,-5.023859,0.42501974
0,/data_nas/huangyj/data/placePulse/rawData/googleviews-110802files/50f5eaccfdc9f065f0007d28.jpg,0.8156202,-2.6910381,2.171528,-0.49924502,0.22545838,-1.7976264,-4.3024554,1.8853099,-3.0673933,-1.5655074,0.63307905,3.7914639,-2.9220834,-0.49589765,4.2825336,-1.11784,0.7497878,1.11087,-2.8558211,0.5806644,0.12716146,1.3405975,2.3166633,-1.921782,-1.008682,-0.6363439,4.610594,-1.9723262,-0.07520024,1.9691339,1.8429008,-2.013353,-3.1118941,-1.3483502,-1.7444555,-2.9250052,-0.9557071,-1.2188197,-0.44405842,-3.2367463,2.5411143,-0.34896213,-0.6185661,0.46427035,2.9108958,-1.21055,0.23947431,2.4977763,-3.6120365,-1.058804
0,/data_nas/huangyj/data/placePulse/rawData/googleviews-110802files/5140cc29fdc9f04926002d2a.jpg,1.4947594,-0.55720454,-0.36337572,-0.8609509,0.2503452,-0.63851917,-3.0719419,1.8319585,-3.1118937,-0.8626313,-0.26301944,2.0176244,-1.697762,-0.7615491,2.3622444,0.19686645,0.99759185,2.6467588,-2.181155,-0.5091443,2.533164,2.7678456,1.0387194,-1.6066384,1.4502275,-0.29768208,3.6360822,-3.4017923,1.6275413,3.7517605,-1.6664568,-3.3251448,-1.9569623,-3.9575782,-2.7450705,-3.2004094,-0.69899535,1.0194521,-0.13078368,-0.56710124,3.8546321,1.1653113,-0.02283781,1.04138,2.6928,-0.45278323,2.322839,2.7758746,-3.1469777,0.9539635
1,/data_nas/huangyj/data/placePulse/rawData/googleviews-110802files/513f2f24fdc9f0358700dd24.jpg,2.874632,-2.1005726,-0.49857405,-0.15627444,-0.3513817,2.9202285,-0.10649122,2.928268,-0.6539,1.1911578,-0.5562616,-0.11818363,-0.26100475,0.84978086,2.9308295,-3.170973,1.2502785,-2.2987928,1.0370681,0.52055156,4.802784,-1.5560437,-1.4080278,0.5812885,-0.0050812066,1.7430124,1.0444617,-2.9876251,2.5048988,0.7737386,0.96104485,-3.8608944,0.32300186,-1.6670926,-1.0181947,-0.6464929,1.4505635,0.014214159,1.1476785,-1.1282824,2.9708903,1.1127131,0.640558,1.3092194,1.1694602,0.8245139,-0.85681474,0.51902056,1.8508871,-0.51917017
0,/data_nas/huangyj/data/placePulse/rawData/googleviews-110802files/513d6bcdfdc9f03587004de6.jpg,0.50465673,1.4421875,-0.97113514,-1.1275198,2.5934205,-1.6529852,-3.2016037,0.28868276,-2.242243,-1.6188717,-0.64560485,2.1285107,-0.6514465,0.6889348,0.15613812,1.4832629,0.9370152,4.4953012,-3.383116,0.3914793,1.3901494,2.0891318,2.2897248,-4.9149117,2.827927,0.51175344,2.9328241,-2.3428767,0.52817386,1.352105,-1.8393315,-1.2376953,-4.4480677,-2.9740946,-1.2126923,-2.8089216,0.15554892,1.1975092,-2.4119842,-0.6538405,2.4577277,1.7062314,2.386698,-0.13160223,0.7630972,-0.783016,2.1443856,2.129711,-5.6914053,2.3711174
0,/data_nas/huangyj/data/placePulse/rawData/googleviews-110802files/50f5e6c5fdc9f065f0006de3.jpg,-1.1049492,-4.3591228,3.5905216,-0.23679587,-0.8810734,-0.84781516,-2.3491914,-0.08420755,-5.8994126,-0.7922083,1.938791,1.6086038,-3.5467882,-0.6962798,4.2243233,-0.6725248,-0.78270626,0.8572313,-1.2845501,-1.2410504,0.17944376,0.6773413,0.89504063,-0.2794082,-2.5927045,-0.37083215,2.380168,-1.0698717,-1.3338646,1.1543565,2.053526,-2.8448257,-2.418371,-0.066383354,-1.5733416,-5.4913735,-0.88487506,-1.8422333,-0.16998945,-3.7400854,3.3450785,-2.5159767,-2.5981739,1.6290344,2.5123513,-2.1724632,-0.06356581,5.038496,-2.7120776,-3.5676205
0,/data_nas/huangyj/data/placePulse/rawData/googleviews-110802files/513cba6efdc9f03587000de3.jpg,4.1385703,0.034720704,-3.640633,0.30525672,1.7594311,1.4691828,-1.6265155,3.287326,-4.673291,-0.9801474,-3.076457,0.96692127,2.9646714,-2.4714937,1.490956,-0.47795293,4.8810267,-0.6225673,-0.7988853,2.6832342,3.9835157,0.88552225,-0.30248752,-4.8666077,2.0292745,-2.9921513,2.1074145,-2.8492768,3.6251845,2.248721,-1.3735967,3.7608678,-6.35639,-4.1003213,-1.8491986,-3.5397198,-0.8217367,-0.07617682,1.0581206,-0.9364441,-3.0541499,2.8957086,-2.9723194,-4.1258397,2.691042,-1.6698067,0.8418805,5.3885694,0.44588816,1.6519662
1,/data_nas/huangyj/data/placePulse/rawData/googleviews-110802files/513f2f98fdc9f0358700dde0.jpg,-0.46701524,-4.4525642,1.606303,-0.60384905,-0.6891269,1.8642616,-0.90923595,-0.20593083,-3.261362,-1.0696477,1.3638737,-0.57979417,-0.6043992,-1.7896827,3.131218,-0.95881057,0.21210204,-1.4140321,-0.42188308,-0.41983128,4.025254,-0.62637156,0.31006563,0.5303871,-2.7519176,-1.4092202,0.9182829,-2.04143,0.8372364,-0.8752061,2.5921092,0.5219878,-1.1641243,-0.5222232,-0.5001522,-1.9658964,-0.9513129,-2.4172902,1.4256929,-3.387366,-0.6293398,-2.2012002,-2.6268072,-0.8579987,2.0984719,-1.0433784,-0.6778416,2.7897956,-0.13365254,-4.207597
0,/data_nas/huangyj/data/placePulse/rawData/googleviews-110802files/513d607cfdc9f03587003d15.jpg,-0.4192746,-2.2915993,2.5763247,0.03727565,-1.4831492,-1.40009,-3.121655,0.905106,-3.8072777,-1.0066624,0.9064324,2.2520995,-3.2687764,-0.44836795,3.2081609,-0.19802642,-0.17633882,1.7625439,-2.1266055,-0.71288055,0.4202392,1.862942,1.325903,0.92329144,-1.081293,-0.26173502,3.369719,-1.0265988,-0.2922013,2.007857,1.5371703,-4.6152263,-0.536663,-0.8244104,-1.6372659,-3.6402946,-0.97274446,-1.5322443,-0.0056868047,-3.2546594,4.85689,-1.118905,-0.7631437,2.9454768,2.4762814,-1.775207,0.90570414,2.8371682,-3.4421995,-1.3560634
0,/data_nas/huangyj/data/placePulse/rawData/googleviews-110802files/513cb990fdc9f03587000d1a.jpg,2.6493616,-0.1490989,-2.5059278,1.1761217,2.149015,2.064125,-0.037497953,1.5983063,-4.892319,0.08497221,-1.5871016,0.15436162,1.3592774,0.52741647,0.89025205,0.27180532,2.4761577,1.643554,0.32822913,0.502209,4.3349347,0.1338659,-2.3021626,-4.2160234,2.7560487,1.0118223,0.18347259,-2.7962084,2.3411844,1.807413,-3.177748,-0.36383924,-4.911021,-3.5972502,-2.4670377,-4.7275257,1.6047119,1.6886661,-0.4604613,0.32331684,0.94321,2.3738072,-0.51265955,-1.3897507,0.9370485,-1.097089,1.5606176,5.336779,-1.0505602,1.2249234
0,/data_nas/huangyj/data/placePulse/rawData/googleviews-110802files/513e1eeffdc9f03587009dcd.jpg,-0.43468764,-0.3058995,-0.035180625,-0.79699075,0.1370714,-0.5652134,-2.229781,-0.11345193,-4.5461974,-1.5058619,-0.197264,0.52986294,-0.8535583,-1.423917,0.9118044,1.4927804,0.7018987,2.9418046,-2.252409,-0.6698029,2.400777,2.2887015,1.3813508,-1.7318062,0.8159204,-1.3868581,2.1380277,-2.1118715,0.75102025,1.696892,-0.57583594,-1.5615957,-2.7036197,-2.5515504,-1.3156146,-4.0820436,-1.3171724,-0.42673397,-0.2731236,-1.9249384,2.473205,-0.19942527,-0.9139279,0.85705096,2.0031245,-1.6826314,2.0944955,3.9729862,-3.6305501,0.084879845
0,/data_nas/huangyj/data/placePulse/rawData/googleviews-110802files/5140cc69fdc9f04926002dc3.jpg,0.22104031,-2.661684,1.2518578,-1.8496207,-0.018401995,-1.075767,-3.8348432,0.4545461,-3.1674902,-2.0562394,0.89128155,2.6333299,-2.1026337,-0.9475752,3.4901156,-0.15652624,0.3672348,2.0035174,-3.1037877,-0.2075169,1.733228,1.3910385,2.6555407,-1.7154349,-0.6740043,-0.73142695,3.8834686,-3.2810895,0.16557766,1.3468549,0.5902038,-1.4994587,-2.7089489,-2.7084763,-1.6896986,-2.9383337,-1.0189301,-0.24445222,0.1072841,-2.3217857,2.142131,-0.48840916,-0.51312023,-0.0955697,2.4811335,-0.4374971,0.8177358,2.6651285,-4.0631676,-1.3020595
0,/data_nas/huangyj/data/placePulse/rawData/googleviews-110802files/513d4965fdc9f03587002dc7.jpg,-0.53575534,-4.8763885,3.1448936,-0.4259105,-1.9758375,-0.08151277,-2.0865746,-0.07780939,-6.0662394,-0.8593478,1.5776379,1.6936796,-3.16996,0.12996778,4.6549234,-1.0593363,-0.5389876,0.78215396,-1.0549585,-1.0028155,1.0946932,-0.3671286,0.5108395,0.82041425,-2.4010987,0.7293617,1.9155848,-1.6943728,-1.0692204,0.2990268,1.9388366,-4.3393855,-1.4965286,-0.7171818,-1.5293956,-5.794027,0.13072091,-1.3294631,0.83742326,-3.6652164,4.529777,-2.0088553,-2.1524968,2.3599017,1.8680376,-1.5963262,-0.2960924,5.188372,-2.7630987,-3.5983446
0,/data_nas/huangyj/data/placePulse/rawData/googleviews-110802files/50f5ead6fdc9f065f0007dce.jpg,2.310155,0.107917726,-0.29120576,-0.0043565575,0.09665709,-2.284268,-5.208059,2.8611953,0.6010271,-2.7752554,-1.3853282,5.242905,-0.5905598,0.10098647,2.342849,-0.14172217,2.557324,1.9484761,-4.195086,2.834377,0.16761504,1.436317,2.9741924,-1.4535236,1.237035,-0.6090483,5.257407,-1.6477747,1.2502673,1.0231514,1.0211775,-0.83948153,-1.8734881,-2.267422,-1.0882887,0.8261092,-0.39225036,-0.5977508,0.14074545,-2.2785778,1.0830677,2.2176993,1.9464021,-0.47175854,1.700559,-0.350523,0.78343236,-0.8168557,-4.5941434,1.9306753
0,/data_nas/huangyj/data/placePulse/rawData/googleviews-110802files/513e5d6efdc9f0358700adc1.jpg,-0.72981054,-2.254445,1.8369377,-1.9229463,0.2827664,-1.6063576,-3.800084,-0.105772674,-2.536025,-1.9519486,1.4578085,2.20357,-2.783087,-1.1326071,2.9979038,0.3971865,-0.5076226,2.6890388,-3.2319713,-0.98433185,1.2906287,2.1590276,3.0117643,-1.6759421,-0.6972406,-0.91157246,3.8974607,-3.024848,-0.2524913,1.8580332,0.386512,-1.82376,-2.1693244,-2.328797,-1.7692044,-2.4510205,-1.528464,-0.14950939,-0.6275054,-1.9882746,2.5923228,-1.0690558,-0.11388985,0.44036856,2.6883094,-0.37462232,1.2327983,1.8864743,-4.4452214,-1.3332646
0,/data_nas/huangyj/data/placePulse/rawData/googleviews-110802files/51409941fdc9f04926000dc1.jpg,-0.2110706,-4.307385,2.376219,-0.86378187,-0.5501914,0.1727325,-2.4263911,0.50538164,-4.5608206,-1.0719706,1.7758715,1.4838997,-2.771583,-1.2915537,4.3408427,-0.8420313,-0.40975553,0.49303377,-1.282144,-1.2173892,2.2638452,0.8073794,0.7842409,-0.3201703,-2.1475425,-0.64364904,2.8318722,-2.9210155,-0.014566669,1.7040857,1.1252755,-2.0482209,-1.9402132,-1.8113556,-2.1135056,-3.9381654,-0.9768163,-0.9449311,0.546745,-2.6795382,2.380107,-1.8113601,-2.2810335,0.49824545,2.9527197,-0.87673265,0.28951436,3.8664796,-1.8847296,-3.291273
0,/data_nas/huangyj/data/placePulse/rawData/googleviews-110802files/513d6112fdc9f03587003dcc.jpg,1.7181338,-4.249783,0.65574,1.316022,0.49599957,2.3955388,-0.28404802,1.3251388,-3.598977,-0.13855171,0.667629,1.2041548,-0.6147255,0.7981369,3.7946873,-1.4631169,0.8727095,-0.5242443,0.82100147,-0.07874246,3.6105933,-1.7719467,-2.4966078,-1.0794849,-0.85227555,1.779628,0.48345822,-2.787139,0.91693544,0.5118295,-0.5050398,-0.76012725,-2.5400167,-1.6649063,-2.4261882,-2.9223049,1.8382117,0.5616157,0.8364449,-1.0240815,0.5484568,-0.030553084,-1.2616924,-1.2243727,1.3565454,-0.13694501,-0.33650288,3.72376,-0.051424675,-2.6608121
0,/data_nas/huangyj/data/placePulse/rawData/googleviews-110802files/513f2f89fdc9f0358700ddc4.jpg,0.784079,-0.9493758,-0.21782705,-0.82613367,2.0263827,0.028300235,-2.0426834,0.7189271,-4.001472,-0.7623303,0.30659753,1.3357872,-1.2946857,-0.11799864,1.8389513,0.43802908,0.4288126,2.721969,-1.5564547,-0.7879889,2.6965315,1.4618,0.33852178,-3.6935155,1.2105856,0.49673468,2.2828057,-3.416506,0.76349217,2.4195259,-2.0038848,-1.37434,-4.048162,-3.2993655,-2.3308456,-4.0431614,0.14056423,1.2823957,-1.2478652,-0.4237213,2.22845,0.57983744,-0.015028372,-0.37763557,1.7756832,-0.58189845,1.8214554,3.8792443,-3.1375518,0.12919097
0,/data_nas/huangyj/data/placePulse/rawData/googleviews-110802files/5140cc55fdc9f04926002d92.jpg,0.12270588,-1.6243023,2.1648548,-1.2211299,-1.4248693,-2.7660897,-5.056117,1.1851753,-1.6336935,-2.3768969,0.17260088,4.276785,-2.748544,0.20853822,3.3786929,-0.52591,0.5853016,2.0631716,-4.158081,1.1640127,-0.6120963,1.1736959,3.8684413,0.07122035,-0.6304782,-0.26363313,4.8617544,-1.2214595,-0.5638939,0.29664233,2.8349285,-3.8325555,-0.9348434,-0.9392834,-0.4240124,-1.743007,-0.8500448,-1.6796104,0.014277831,-3.9927416,4.1777506,-0.13021095,1.0974152,2.283438,1.7611274,-1.017362,0.19455546,0.70453876,-5.412374,-0.18532793
0,/data_nas/huangyj/data/placePulse/rawData/googleviews-110802files/513d6136fdc9f03587003dfc.jpg,1.1957803,-3.56037,0.4501722,0.35821357,-1.4233195,1.6688352,-0.83954287,1.0681186,-4.001305,-0.46616668,0.55392337,0.98496264,-1.2167943,-0.779943,3.5109334,-0.44979712,0.5012643,0.48164427,0.18453865,-1.1827046,3.6049056,0.175098,-1.6058767,1.0878286,-0.6960925,0.39283475,1.2926276,-3.5568826,1.2021326,2.370031,-1.327146,-2.49096,-0.5204958,-3.06526,-3.0846467,-3.2433386,0.25667307,1.0025827,2.0110157,-0.43761802,2.3082674,-0.35277507,-2.110437,0.3986999,2.3815954,0.07654522,1.1433675,3.811067,-0.38788128,-2.1378415
0,/data_nas/huangyj/data/placePulse/rawData/googleviews-110802files/50f3981ffdc9f065f0000dff.jpg,1.8011588,-0.9800946,-0.66876316,0.16269551,-2.3354464,-0.93245876,-4.018418,1.1680633,-2.541041,-3.19039,-2.0862043,4.18652,0.37066275,1.0739359,2.3867123,0.32096034,2.878987,2.495085,-3.6769445,2.791257,1.6785972,-0.43908522,2.0631409,0.31864053,1.2633642,0.58428806,2.9721334,-1.7326344,0.95226264,-1.4512211,1.2539546,-3.1674738,-1.3381654,-2.5147204,-0.50890154,-2.243643,1.0287637,-0.5824997,1.9188455,-3.3447351,3.233971,1.9687086,1.3006145,1.2924578,0.38659808,-0.91177684,0.6675566,2.1116092,-5.598341,1.1072723
1,/data_nas/huangyj/data/placePulse/rawData/googleviews-110802files/5141491cfdc9f04926006d8d.jpg,5.0319915,-1.0144092,-1.1948754,0.7357207,-0.6031234,-0.40772942,-4.3624997,5.310637,-1.1072806,-1.3466506,-2.8245726,4.990173,0.29016432,0.3045893,4.166698,-2.7296748,4.526951,-1.0561076,-2.3622983,4.129308,1.6999899,-0.10563082,1.175344,-1.2643896,1.111217,-0.36280838,4.8873963,-1.9234107,2.8325005,1.4692237,1.9275476,-1.9897767,-2.519417,-2.57864,-1.3919781,-0.87334776,0.491624,-1.0852064,1.5964624,-2.9950185,1.6229032,3.416005,0.35237193,-0.29571688,2.3030138,-0.7646868,-0.4218036,1.2283534,-1.6013567,1.938839
1,/data_nas/huangyj/data/placePulse/rawData/googleviews-110802files/50f5ed6cfdc9f065f0008d82.jpg,-0.18347399,-5.1402173,2.8676195,0.21888678,-0.91848266,0.5824258,-1.5445573,0.41268712,-6.2458873,-0.63825434,1.7358378,1.2694265,-2.55404,-0.70723784,4.6374917,-1.1196157,-0.19582827,-0.13193768,-0.33856115,-0.91166925,1.496696,-0.3577324,-0.44145983,-0.06823249,-2.76565,-0.14132121,1.6957128,-1.629498,-0.649743,0.755863,1.5770879,-1.7759076,-2.528948,-0.68675864,-1.8334544,-5.4360733,-0.20271522,-1.5678079,0.7230162,-3.3411963,2.0721672,-2.1299908,-3.3394186,0.4492163,2.3810697,-1.7983106,-0.5194299,5.6259127,-1.2450684,-4.104015
0,/data_nas/huangyj/data/placePulse/rawData/googleviews-110802files/5140cc53fdc9f04926002d8c.jpg,2.2245867,-0.6532253,0.30626273,1.06138,-0.6093808,-1.7858349,-4.608864,2.899351,-2.9736447,-2.0240688,-1.3894758,4.667117,-1.3914031,0.35599473,3.0298135,-0.19281003,2.4935894,2.302234,-3.2853315,2.0148735,0.66574126,1.695507,1.5497377,-1.1150353,1.1837022,-0.085624576,4.629863,-1.3503497,1.1959822,1.9650171,0.75328404,-3.470749,-2.4523993,-2.284936,-1.9756831,-2.8537261,-0.013564221,-0.9066965,0.15354371,-3.0620494,3.75851,1.8442461,0.5900962,1.3717777,2.2044442,-1.8191575,1.212492,2.4869628,-4.648969,1.3559002
0,/data_nas/huangyj/data/placePulse/rawData/googleviews-110802files/50f439f1fdc9f065f0002d88.jpg,0.29884312,-1.6941936,2.3766136,-0.033575118,-0.83001935,-1.8715616,-3.9721386,1.4588828,-1.7757149,-1.2263039,0.5497539,3.696442,-3.3750126,1.3872043,3.3542342,-0.76154727,-0.029481804,2.2845166,-2.8910556,0.24368645,0.17715944,1.127043,1.9751227,0.22125384,-0.15230855,1.4674228,4.03024,-1.220672,-0.30709696,1.2118044,1.8064023,-5.848079,-0.42443112,-0.82353026,-1.3469601,-2.2599258,0.30410376,-0.937952,-0.710445,-3.178136,5.932718,0.033844173,1.8523022,3.3869867,1.604452,-0.99690145,0.6324292,0.88811386,-4.799363,-0.21850576
1,/data_nas/huangyj/data/placePulse/rawData/googleviews-110802files/513ccde2fdc9f03587001d8a.jpg,3.1088812,-2.3902693,-0.30880624,0.9526743,-0.744029,0.09431147,-3.3156662,3.1306226,-4.266641,-1.3882904,-0.95205355,3.7300155,-1.028016,-0.48601043,4.22647,-0.7761035,2.5191977,1.13586,-1.6111104,1.0895123,2.4746218,1.2215796,-0.28427953,-0.95668536,0.6742011,-0.14972931,3.7650898,-3.1777267,2.0155387,3.1160543,-0.8912198,-2.5687916,-2.6378157,-3.8606687,-3.414265,-3.7933753,0.17008464,0.42851132,1.4431136,-1.504626,2.6979916,1.6685447,-1.3937842,-0.03450567,2.9731655,-0.9195563,1.3039739,4.168692,-2.2020974,0.02370604
0,/data_nas/huangyj/data/placePulse/rawData/googleviews-110802files/513d60cffdc9f03587003d80.jpg,0.77529037,-3.0924587,0.3709916,-0.797944,-0.24181253,0.20775521,-2.486029,0.9078335,-5.9231787,-1.653259,0.09609789,1.4063908,-0.6272547,-2.5460842,3.4247603,-0.024150789,1.5792936,0.63004225,-1.5863417,0.014924344,2.5001683,1.1129054,0.87929684,-1.8954749,-0.9895818,-2.4626992,2.700021,-2.95173,0.9081588,1.8280326,0.13908327,1.0272193,-4.092454,-2.8461516,-2.0215392,-4.738396,-1.6441739,-0.85218114,1.2395703,-2.4250202,-0.25065652,-0.6574873,-3.6202526,-1.6413033,3.2232032,-1.6015214,0.75705934,5.7127953,-1.6449986,-1.9666269
0,/data_nas/huangyj/data/placePulse/rawData/googleviews-110802files/514148e7fdc9f04926006d53.jpg,1.0277963,-1.7933857,-0.081215836,-1.4426028,2.225426,-0.21679673,-2.953239,1.4456295,-4.802735,-1.2338381,0.10774569,0.9094986,-0.6816983,-3.1755562,2.7351363,-0.2626985,1.6913208,0.47058555,-2.035181,0.08352364,2.748776,2.5095613,1.8728483,-4.7343946,-0.3420434,-3.369476,3.5375185,-3.1005797,1.5678921,2.9717681,0.18078706,2.395459,-5.856344,-2.926943,-1.9389137,-3.9667144,-2.502995,-1.1004409,-0.6053845,-2.1824994,-1.2976123,-0.26977614,-3.012862,-2.694171,3.8645222,-1.8287334,1.0310404,4.7737727,-1.4971712,-0.963463
0,/data_nas/huangyj/data/placePulse/rawData/googleviews-110802files/50f42c7efdc9f065f0001d5f.jpg,3.786301,-0.6550499,-2.4262037,1.4931748,0.49948686,1.1987625,-1.7898629,2.9850352,-5.1051755,-0.92082787,-2.3605464,2.438453,1.1883191,-0.11524517,2.272915,-0.075784735,3.6636672,1.3667719,-0.7277135,1.701144,3.4994237,0.5093914,-1.5803094,-2.846061,2.3641825,0.09410107,1.9826579,-2.9446285,2.6845775,2.4325738,-2.4600716,-0.79635125,-4.439527,-4.2869997,-2.9808085,-4.554159,1.0557275,1.1755371,1.0616434,-0.54483557,1.1533558,2.935115,-1.2859821,-1.2652787,1.8469167,-1.2970656,1.5759887,5.484621,-1.5376387,1.5220412
1,/data_nas/huangyj/data/placePulse/rawData/googleviews-110802files/513e5d45fdc9f0358700ad50.jpg,2.5886745,-4.2009153,0.80317324,1.5503916,-1.6868056,1.861449,-1.0727707,2.894542,-3.586587,-0.015843844,0.2907629,2.2208104,-1.5145181,-0.25498298,4.688132,-1.7927881,1.1196584,-1.0243689,0.78313845,-0.24615,3.0227382,-0.48832405,-2.5788884,1.7588588,-1.1971375,0.91870266,1.9204884,-3.0060601,1.5112844,2.7431242,-0.50471467,-2.9724867,-0.18356252,-2.5719259,-3.359606,-2.7330496,0.8432497,0.46702263,2.423342,-0.86361134,2.3592386,0.19818726,-2.3940706,0.49029875,2.5745234,0.04528024,0.3225788,3.4030824,0.86444104,-2.2131648
0,/data_nas/huangyj/data/placePulse/rawData/googleviews-110802files/513d60fafdc9f03587003dad.jpg,-0.6102003,-1.7071192,1.807852,-0.4996809,-0.19985053,-1.4414651,-3.0933275,0.34741813,-4.5010953,-1.2812988,0.7927941,1.8068749,-2.6454031,-0.9563779,2.516904,0.59721893,-0.03195764,2.6230903,-2.4485624,-0.8946877,0.9013933,2.3287363,1.6675755,-1.1147734,-0.41010252,-0.84035635,3.228718,-1.631522,-0.20394829,2.2334766,0.40876585,-2.8172357,-2.3938231,-1.6244212,-1.7590305,-4.2568607,-1.29417,-0.9238219,-0.64351285,-2.6521277,3.553487,-0.9244831,-0.95956355,1.5285869,2.5921905,-1.9078441,1.4398283,3.7641022,-3.9870164,-0.98256326
0,/data_nas/huangyj/data/placePulse/rawData/googleviews-110802files/5140b91afdc9f04926001da1.jpg,0.7924477,0.9934844,-1.8319732,-0.18161446,0.7858764,-0.41235137,-1.6970923,0.3112502,-5.1909356,-1.1854788,-1.1767021,0.7033058,0.06982028,-1.3400294,0.1518598,2.3180692,1.553043,4.010757,-1.7572436,-0.6169627,2.3085346,2.9689066,0.09843672,-3.024287,2.6395774,-1.1220735,1.6978704,-2.6218183,1.3259268,3.2669063,-3.5923398,-0.8526665,-3.8284156,-4.2861767,-2.5531673,-4.946269,-0.75199515,1.600446,-0.3196734,0.33106494,1.9824369,1.3862339,-1.1199899,-0.21692953,1.862886,-1.3976417,3.2071328,5.1639566,-3.4396565,1.8092351
0,/data_nas/huangyj/data/placePulse/rawData/googleviews-110802files/5140cc5afdc9f04926002da0.jpg,0.17199586,-0.80122876,0.43551418,-0.23283939,-2.7835326,-0.970752,-3.2532594,0.73929155,-3.6225352,-2.1802108,-1.0380609,1.9448346,-0.85944223,-1.0720686,1.7928472,0.7407861,1.5380527,1.9963723,-2.8942819,0.7316137,1.7478477,1.657998,2.0012448,1.7249695,0.12054278,-1.3525765,2.9314156,-1.1571081,0.9190391,0.5433223,1.5764061,-3.7430792,-0.045415986,-1.8404315,-0.6198998,-2.9857771,-1.1857134,-1.8295004,1.6419613,-3.5893786,3.9203207,0.097606525,-0.64913344,2.642962,1.797727,-1.8753264,1.3262239,2.7023392,-3.937336,0.114617825
1,/data_nas/huangyj/data/placePulse/rawData/googleviews-110802files/50f44810fdc9f065f0003d0d.jpg,2.7510812,-1.0968401,0.081185766,-1.7553326,1.2659093,-1.8679402,-5.3898354,3.1727567,-1.9634498,-1.8632283,-1.1765505,4.4028196,-1.25084,0.089247294,3.9426053,-1.9745893,2.7157156,0.9374599,-4.0715837,2.7053957,1.1416768,0.9213524,3.872365,-4.18372,0.7579796,-0.66539145,5.615955,-2.6411593,1.3181692,1.1094155,2.3131857,-1.5926328,-4.6837916,-2.4678628,-0.8254859,-2.3201277,-0.49979138,-1.1489211,-0.6912232,-3.6502936,2.2127311,1.9093273,1.0892957,-0.37428516,2.4316607,-0.95721674,-0.14478147,1.7666687,-4.402991,1.2647579
1,/data_nas/huangyj/data/placePulse/rawData/googleviews-110802files/513d7be6fdc9f03587006d01.jpg,0.601953,-4.9327984,2.6956968,0.63918936,-2.5891523,0.28155786,-2.237916,1.1487583,-4.8212175,-1.0067537,1.082792,2.699995,-2.790285,0.13973026,5.0687246,-1.3395424,0.1530575,0.13040866,-0.80867743,-0.34075153,1.2916725,-0.5491736,-0.4487804,2.0849214,-2.3014421,0.8263295,2.3220022,-1.8393021,-0.3248897,0.8219925,1.6139984,-4.1722083,-0.37088585,-1.1406478,-2.0903568,-4.193695,0.44260052,-1.0521379,1.8676788,-3.185327,3.9412131,-1.2762008,-2.1176362,1.9550502,2.110171,-0.99692744,-0.22767732,4.1054087,-1.8768133,-3.2443264
0,/data_nas/huangyj/data/placePulse/rawData/googleviews-110802files/513d606cfdc9f03587003d01.jpg,1.4902911,-1.5842861,0.4434793,0.50279045,-1.3356113,1.3751459,-0.97131014,1.7455444,-2.074608,0.3870486,-0.20326407,0.7936723,-1.4978417,1.3084037,2.419407,-1.276668,0.45003125,0.5595509,-0.105772674,-0.2924509,3.395765,-0.054131396,-1.0217984,1.5485406,0.4599039,2.2006555,1.3132074,-2.0345325,1.4213176,1.1681215,0.18119115,-6.1490445,0.9222873,-1.7386123,-1.509498,-2.2835302,1.4160278,0.068940714,0.6907672,-1.4773936,5.5937214,0.7165552,1.0140636,3.2944548,0.89799535,-0.22381966,0.5880781,1.524502,-1.1702868,-0.21981077
1,/data_nas/huangyj/data/placePulse/rawData/googleviews-110802files/513f2f16fdc9f0358700dd0f.jpg,2.1046658,-4.7923775,1.6062615,1.3929402,-3.8975887,1.2096661,-1.8737539,2.2579572,-2.9697108,-1.043037,-0.14316024,3.1897788,-1.3351488,0.75963044,4.9811563,-2.1906197,1.388188,-1.398245,-0.22632903,1.174858,1.9170235,-1.990993,-1.1449034,3.9243197,-2.0139925,1.44178,1.888799,-1.691888,0.6797651,-0.28206956,2.133806,-4.312518,1.3619332,-1.028126,-1.6508436,-2.130635,1.3807945,-1.0505415,3.4641345,-2.948397,3.2996302,-0.0823721,-1.4673141,1.8982263,1.3208307,-0.27726156,-0.9371967,2.4218037,-0.57540554,-2.6624227
0,/data_nas/huangyj/data/placePulse/rawData/googleviews-110802files/513f14f3fdc9f0358700cd08.jpg,-0.89527386,-3.6690984,2.7769167,-1.3459175,3.5483105,-0.6119482,-2.4789395,-0.11143161,-4.6382227,-0.6359,2.3825927,0.8865951,-2.8287554,-0.9890756,3.5609334,-0.9880468,-0.66798556,0.64140207,-1.7127997,-0.9729762,1.1804429,0.9140643,1.8303831,-5.6335835,-2.008086,-0.8909171,2.744808,-1.9931521,-0.8512919,1.1556215,1.6923493,1.5292951,-6.4069676,-0.3000397,-1.2830825,-4.418453,-1.1173707,-1.5993726,-2.7488866,-3.1812022,-0.32333386,-2.1600928,-1.6879723,-2.0022016,2.7423584,-1.9098219,-0.42325202,4.353901,-2.5855799,-3.2058465
1,/data_nas/huangyj/data/placePulse/rawData/googleviews-110802files/5140d9f9fdc9f04926003d05.jpg,-0.391166,-2.0172381,2.9646358,-0.26031625,-2.3182108,-2.6798894,-4.5221214,1.0398548,-2.3749204,-1.9495058,0.5232039,3.8849216,-3.45356,0.16423662,3.4321835,-0.33304074,0.09167429,1.989983,-3.512504,0.4655931,-0.97037476,1.5206804,2.9166045,1.6075361,-1.1609946,-0.108939976,4.390053,-0.41822585,-0.81885475,0.82630026,2.9337573,-5.17259,0.17066528,-0.21266054,-0.78003204,-2.3785558,-0.915096,-2.0999572,0.24671747,-4.21999,5.2950344,-0.81079656,0.4234339,3.527974,1.9530681,-1.5927309,0.44135827,1.2366376,-4.9512343,-0.8159557
1,/data_nas/huangyj/data/placePulse/rawData/googleviews-110802files/513e5d2cfdc9f0358700ad0b.jpg,2.1004395,-4.074978,1.3292192,0.30444232,-0.12821983,1.4770263,-1.2510267,2.8596811,-4.8349185,0.72083795,0.6933625,0.94435614,-2.0517726,-1.235907,4.7377405,-2.5569105,0.9451891,-1.8325794,0.64686584,-0.5143043,2.8729885,0.37716985,-1.2829977,-0.61467695,-1.7077943,-0.45750466,2.3909028,-2.6753116,1.4465977,3.1583407,0.80358136,-2.156383,-2.3540409,-1.8208604,-2.6640244,-4.236387,-0.43325627,-0.87468874,0.89295393,-2.0344343,2.0413997,-0.549431,-3.2394917,0.16317272,3.3937466,-1.0678046,-0.23218489,4.5606856,1.3488013,-2.5154393
0,/data_nas/huangyj/data/placePulse/rawData/googleviews-110802files/50f5ead4fdc9f065f0007db4.jpg,0.87776214,-4.1483526,2.4529264,0.92228144,-1.1358544,0.9864495,-1.1266552,1.4707937,-4.6335196,0.49474066,1.1982684,1.6204818,-3.1269102,1.1866959,4.4688816,-1.8553102,-0.36358136,0.091897845,0.370577,-1.0767176,1.999832,-0.48803025,-1.5327239,0.88776475,-1.3834337,2.2709026,1.5365205,-1.8935347,0.03456131,1.6904695,0.75731313,-5.724546,-0.69254875,-0.9437478,-2.4428506,-4.7095957,1.3049332,-0.3216879,0.42216295,-2.254071,5.401833,-0.82984656,-1.0227385,2.858895,1.7453471,-0.98841625,-0.0045715934,4.0186415,-1.0557928,-2.5677977
1,/data_nas/huangyj/data/placePulse/rawData/googleviews-110802files/513d6b8dfdc9f03587004d4d.jpg,3.871098,-3.7943769,-0.60427684,2.459914,-2.6979933,2.8136132,-0.38111788,3.2946908,-3.9703343,-0.1658158,-1.6944876,2.1626747,0.65745485,0.5670753,4.192441,-2.351988,3.0281324,-2.261051,1.282086,1.8646024,3.3754363,-2.3344462,-3.1662424,2.1049993,-0.54102725,1.2551293,0.58470213,-1.9443402,2.18948,0.4483373,0.45684898,-2.6065736,-0.4906091,-1.9906175,-2.2093616,-2.9601371,2.007672,-0.21209578,3.6164465,-1.7325689,1.6360252,1.4462643,-2.338403,0.28514045,1.2679654,-0.5598019,-0.6735238,4.0922604,1.5516745,-1.4128777
0,/data_nas/huangyj/data/placePulse/rawData/googleviews-110802files/5140cc37fdc9f04926002d47.jpg,-0.7538301,-4.746167,2.7155595,-1.0422248,-1.1854161,0.66404384,-1.3129593,-0.31683892,-5.527277,-0.3810198,2.0316324,0.26740217,-2.8348634,-0.898377,4.1733065,-0.95007604,-0.914704,0.30622947,-0.4810417,-1.8394148,2.1686096,0.16171496,0.20144969,0.3682919,-2.4905596,-0.07155863,1.4903299,-2.4126923,-0.57111675,1.0152091,1.1950626,-2.8629684,-1.5058745,-1.1842387,-1.6601876,-5.0280266,-0.5452841,-0.9495019,0.7498909,-2.71017,3.1479611,-2.3741953,-2.7024,1.2785606,2.3264387,-1.0204314,-0.055110734,4.8100586,-1.4018022,-3.8755722
0,/data_nas/huangyj/data/placePulse/rawData/googleviews-110802files/50f5e68ffdc9f065f0006d47.jpg,1.0264579,-1.0583884,-0.45870036,0.026595017,0.72297996,1.3386546,-0.8979258,1.0210268,-1.1471728,-0.2919712,0.31919035,0.33860227,-0.7167269,-0.16425113,1.5202289,0.057486158,0.27051803,1.3316878,-0.4071226,-0.9102216,3.8911521,0.9949018,-0.8149357,-0.7834367,0.8586671,0.73247427,1.4070977,-3.1380699,1.6761497,2.082017,-1.7381425,-1.874857,-0.7155115,-2.8862083,-2.13629,-0.87853974,0.3895249,1.2096059,0.06841617,0.32678762,1.882176,0.58988327,0.4952781,0.111885846,1.5186782,0.5798357,1.485022,1.0086423,-1.0479606,-0.17932612
0,/data_nas/huangyj/data/placePulse/rawData/googleviews-110802files/50f44811fdc9f065f0003d4e.jpg,3.601799,-3.2456732,-1.245545,0.8525527,-2.2609024,3.6750622,0.5030613,2.9545732,-3.1293647,0.5544403,-1.6415753,0.100219354,1.4489741,-0.03207476,3.3672235,-2.9123578,2.8455467,-3.3316064,1.7301048,1.6094903,4.7770333,-2.7030752,-2.516257,1.8544186,-0.607657,0.6198825,-0.05472175,-2.4447517,2.695547,-0.24785475,1.054134,-2.0179982,-0.15110052,-1.844383,-1.020847,-2.1869228,1.4716359,-0.54362166,3.4879663,-1.6771337,0.9825726,1.2045656,-2.14185,0.10130879,1.0680403,-0.04491608,-1.2600048,3.2501676,2.8814814,-1.3869349
0,/data_nas/huangyj/data/placePulse/rawData/googleviews-110802files/50f5eacefdc9f065f0007d4e.jpg,2.4977252,-3.5482306,1.105807,0.6904555,-1.8347942,0.86854166,-2.3312864,2.9354336,-2.9956772,-0.53688914,-0.37800872,2.8540342,-1.5280763,0.6713355,4.656249,-2.4955497,1.6553311,-1.0055699,-0.67153347,1.1492134,2.4181051,-0.98365897,-0.39998364,1.1671224,-0.997915,1.1122514,2.80758,-2.1824744,1.2611028,0.84787977,1.9374818,-4.297274,-0.5897036,-1.4834547,-1.7111372,-2.632909,0.96169674,-0.9963701,1.781927,-3.0266483,3.7231703,0.5604564,-0.6479233,1.7010292,1.9352618,-0.54441136,-0.64716375,2.5296752,-0.8755239,-1.3672189
0,/data_nas/huangyj/data/placePulse/rawData/googleviews-110802files/51413d78fdc9f04926005d49.jpg,2.023128,-2.473753,-1.1978291,-0.18703298,0.1698153,1.8624592,-1.4554832,1.8168315,-4.328775,-1.3115226,-1.095028,0.25270122,1.4850186,-2.8401556,2.5734475,-0.7882293,2.9652214,-1.462671,-0.68154556,1.3439373,4.354424,0.20266768,0.08356075,-1.9040927,-0.6422883,-2.967413,1.796275,-2.7078896,2.5522954,0.83923966,0.88690525,2.8191032,-3.8758485,-2.5727336,-1.2436607,-2.7533457,-1.354833,-1.5807948,1.8941994,-2.51394,-2.4923322,0.25447088,-3.5013816,-2.9022777,2.8850596,-1.5043919,0.033648785,4.468546,0.5982841,-1.503558
0,/data_nas/huangyj/data/placePulse/rawData/googleviews-110802files/50f5eacefdc9f065f0007d40.jpg,-1.1355449,-0.31328815,1.4483411,-0.7614539,0.2989958,-2.5053902,-3.9101565,-0.31578016,-2.2078283,-2.3017995,0.5847484,2.6523516,-2.2579684,-0.3225891,1.3008184,1.5714726,-0.10981426,3.9719563,-3.8124719,-0.27346063,0.11854951,2.4637728,2.962533,-1.5952523,0.46798316,-0.54074794,3.6091082,-1.3384491,-0.5722631,1.1732543,0.33608755,-2.0889397,-2.0865076,-1.4406391,-1.0480131,-2.1839578,-1.1325959,-0.5890801,-1.2927705,-2.3545675,2.9746778,-0.40840974,1.1056926,1.230329,1.6504121,-1.3162016,1.7688054,1.470468,-5.923217,0.21141796
0,/data_nas/huangyj/data/placePulse/rawData/googleviews-110802files/5141506efdc9f04926007d4b.jpg,-1.0878782,-3.3724952,3.0129993,-0.025773564,-1.0213474,-0.5236797,-2.2277951,-0.24788563,-4.3682747,-0.9040913,1.636883,1.6087888,-3.2778904,0.59791195,3.32809,-0.20673287,-0.9510088,1.9149354,-1.5399812,-1.2262512,1.119629,0.45145702,0.6678488,0.5384269,-1.5259535,1.1273177,2.0545712,-1.2486738,-0.9458159,0.50205284,1.5237486,-4.570748,-0.9357218,-0.42067713,-1.3496062,-4.286909,0.19526179,-1.2464138,-0.29036793,-3.2984443,4.79615,-1.7248694,-0.45736566,2.7535274,1.5131003,-1.5599489,0.4274412,3.4293382,-3.7159202,-2.583155
0,/data_nas/huangyj/data/placePulse/rawData/googleviews-110802files/513d9f51fdc9f035870086dd.jpg,-0.054365754,-1.1208835,1.165936,-1.491928,1.0529764,-2.0339708,-4.3383045,0.49393207,-2.959529,-2.1713612,0.34254977,2.981601,-2.113379,-0.22060384,2.5027592,0.28473604,0.55403006,2.9965808,-3.8793812,0.40373945,0.89840454,1.7732338,3.3033602,-3.1270056,0.30388686,-0.48978308,4.1443305,-2.1927743,-0.109383166,1.0003942,1.0445908,-1.7947776,-3.6826468,-1.9876547,-1.0294828,-3.0650034,-0.8431767,-0.76267743,-1.3391408,-3.0295413,2.7703269,0.005955888,0.7911487,0.50610095,1.9814252,-1.2934045,1.0561674,2.3769152,-5.562717,-0.015011821
1,/data_nas/huangyj/data/placePulse/rawData/googleviews-110802files/513e6280fdc9f0358700b6de.jpg,1.1862112,-4.1931586,1.882168,-0.4586362,1.5280249,0.6373294,-2.045947,1.6075666,-7.2427855,0.08120821,0.842468,1.1528515,-2.2289257,-0.3323852,4.7961216,-2.2016387,0.97236085,-0.38116628,-0.6341815,-0.06239596,2.374395,-0.034272127,0.1564903,-3.9550118,-1.4720069,-0.09367149,2.469694,-2.1309664,0.34859246,1.3659892,1.7973313,-1.6818129,-5.8936787,-1.2476407,-1.748285,-7.1003084,-0.009376918,-1.7606925,-0.9369181,-3.9574409,2.410905,-0.8211029,-2.7434456,-0.13073778,2.7381954,-2.568894,-0.65358883,6.922929,-1.465881,-2.664809
1,/data_nas/huangyj/data/placePulse/rawData/googleviews-110802files/5140929cfdc9f049260006d1.jpg,1.6761315,-3.5210385,2.0766606,2.5134623,-1.3258456,1.8237745,-0.28297943,2.6874735,-2.379612,1.1551193,0.6492598,1.3133851,-2.3295462,1.3652267,3.831868,-2.5314245,0.17540574,-1.6433609,1.4392083,-0.25910372,2.2660906,-1.0500861,-2.8469005,2.321114,-1.4052609,2.3570886,1.0501547,-0.8381174,0.8933949,1.5172837,1.405426,-5.266601,0.91990066,0.20325571,-2.0666711,-2.1070147,1.6306216,-0.96853125,0.77384996,-2.0829544,4.294318,-0.34362075,-0.52729803,2.7181525,1.5119541,-0.794646,-0.6208541,1.8691194,1.0529073,-2.180818
0,/data_nas/huangyj/data/placePulse/rawData/googleviews-110802files/51408a52fdc9f0358700e6d5.jpg,0.93338615,-0.15354115,-1.4827961,-1.7451197,1.2375735,0.61369276,-1.2243737,0.14413458,-3.7093773,-0.4220561,-0.24102567,-0.06347792,-0.448976,-0.2870735,0.9488349,0.7860375,0.5610062,3.0254653,-1.2672828,-1.1633437,3.6506817,1.67317,0.38808993,-3.0467105,2.1017165,0.49169567,1.4035628,-3.9628468,1.3452014,2.3987384,-3.0670247,-2.0662704,-2.9591205,-4.3442016,-2.1761162,-3.9927971,0.15448187,2.22655,-0.5548664,0.69209886,2.8602872,1.1299121,0.19147095,0.097348034,1.3224151,0.13931932,2.2380352,3.6951752,-2.719887,0.9383346
0,/data_nas/huangyj/data/placePulse/rawData/googleviews-110802files/513d7a0cfdc9f035870066d0.jpg,-0.6057053,-1.8993767,2.5762448,-1.439417,-0.3926997,-2.4690254,-4.5978646,0.7506798,-2.3207235,-1.886174,1.0102373,3.0465863,-3.2593458,-0.74674696,3.2596188,-0.30413032,-0.107024476,1.9787074,-3.7015727,-0.0037632063,0.08382064,2.1150682,3.675714,-0.8174965,-1.0708464,-1.0246309,4.6610365,-1.5090111,-0.4693113,1.3351753,2.514546,-3.095856,-1.6226707,-0.92026085,-0.83287966,-2.3256335,-1.6875304,-1.8604116,-0.7227546,-3.7641723,3.6504455,-1.0263892,0.18809354,1.8514526,2.5686474,-1.3732729,0.6151131,1.3620316,-4.7885942,-0.98667765
0,/data_nas/huangyj/data/placePulse/rawData/googleviews-110802files/5140c9d7fdc9f04926002664.jpg,0.008644791,-4.2763247,3.221039,-0.54700524,-2.5954604,-0.8448424,-3.0344617,0.8073402,-4.1121016,-1.0988103,1.2429783,2.9169133,-3.4493003,0.5032103,4.8034515,-1.5314913,-0.32192975,0.56969625,-1.7522843,-0.23245804,0.2664703,-0.27222311,1.377153,1.7604891,-2.234579,0.90862685,2.9895253,-1.512625,-0.9690605,0.31265455,2.6483078,-5.3518286,-0.18552421,-0.57280844,-1.2229902,-4.0491934,0.087318204,-1.4219208,1.0576898,-3.774835,5.2505684,-1.4107417,-0.97611684,3.0846815,1.7435436,-0.97821796,-0.5405605,3.1053817,-3.040817,-2.706764
1,/data_nas/huangyj/data/placePulse/rawData/googleviews-110802files/513cc322fdc9f03587001632.jpg,3.7519639,-3.3711214,-0.41343027,2.4833355,-1.8457748,1.5787199,-1.2111315,3.9409988,-6.9664454,-0.23065722,-2.106989,2.0630069,0.69954383,-1.8722569,4.3279533,-2.126824,4.0727463,-2.7614872,0.8188576,2.2871244,1.9354734,-0.5051693,-2.2501886,-0.010831516,-1.0250732,-2.0255458,1.7747597,-0.88722116,2.1814947,2.0509543,1.2062031,0.028030004,-3.6007507,-1.5642602,-2.2660825,-5.4537325,-0.32692394,-2.0163677,2.906811,-3.1541617,-0.25027287,0.9050054,-5.251998,-1.071158,3.1389437,-2.9020085,-0.61455965,7.088809,1.9804525,-1.3652835
0,/data_nas/huangyj/data/placePulse/rawData/googleviews-110802files/51422741fdc9f0492600863e.jpg,0.061679438,-4.38119,2.877074,0.8547156,-1.2293196,0.32267973,-1.7033364,0.6886516,-5.9963202,-0.32893136,1.2364224,1.7986408,-3.0312626,0.70960236,4.4127336,-1.1427464,-0.16098899,0.7167959,-0.45966053,-0.80906934,1.3870338,-0.26942864,-0.71611536,0.41913223,-1.7927334,1.3661461,1.6858217,-1.2085637,-0.5429893,0.85972226,1.5358772,-4.655746,-1.7699721,-0.5248557,-1.9647099,-5.779159,0.75499785,-1.3595212,0.31976417,-3.5145063,4.70961,-1.4205009,-1.7569616,2.4586658,1.8053303,-2.0829597,-0.028560735,5.266262,-2.3397949,-3.061373
0,/data_nas/huangyj/data/placePulse/rawData/googleviews-110802files/513d79dffdc9f03587006631.jpg,0.78852177,-0.40119424,-0.48521173,-0.14309387,3.3935213,0.10948152,-1.563643,0.6152164,-5.6789393,-0.17497177,-0.015846789,0.47098428,-1.055331,-0.10931898,1.3741207,0.6764937,0.8833295,3.0660424,-1.1988001,-0.80787504,2.7949972,2.0472658,-0.16714424,-5.8535705,1.8550096,0.22966924,1.7449007,-2.58968,0.97355014,2.8477743,-2.293437,-0.8847172,-6.22266,-2.9965978,-2.4889195,-5.9364424,0.1335315,0.84503365,-2.458149,-0.7865225,2.1117003,0.75450975,-0.46706215,-0.71716213,1.9741055,-1.9608203,2.0576117,5.7563605,-3.2295578,0.52149427
1,/data_nas/huangyj/data/placePulse/rawData/googleviews-110802files/50f46482fdc9f065f0004677.jpg,3.9608502,-5.0955896,1.0438068,2.8613505,1.3452317,1.5808811,-1.7339844,4.0069294,-6.1916747,-0.08830966,-0.43270746,3.7924547,-0.74974936,0.62230426,5.921392,-3.1815631,3.014538,-2.2985287,0.75019526,2.2272882,1.5348495,-1.9950421,-2.7102537,-3.391481,-1.424037,0.8739479,2.2595909,-1.5448409,1.0767783,1.368039,1.0721596,0.5956035,-6.217374,-0.9872451,-3.0066645,-5.3685284,1.7879908,-1.1567305,0.48834267,-3.044383,-0.62771183,0.8407068,-3.2515738,-2.5975268,2.4853575,-2.2713892,-1.5592189,6.6366906,0.69691116,-2.5065293
0,/data_nas/huangyj/data/placePulse/rawData/googleviews-110802files/50f5e51efdc9f065f000667c.jpg,-0.595683,-4.2924914,3.048798,0.43070891,-1.854552,-0.015580554,-1.7834145,0.40591913,-5.36101,-0.6124744,1.628575,1.3745981,-3.1504533,-0.78155077,4.095076,-0.63389844,-0.5611655,0.50548553,-0.61422294,-1.399373,1.1251354,0.67997026,-0.23881459,1.514338,-2.372603,-0.13283853,2.0309134,-1.3806387,-0.5377595,1.6249335,1.4173912,-3.6529422,-0.69265205,-0.6059819,-2.0542128,-4.7200274,-0.6330753,-1.4758698,0.8658324,-3.0852923,3.730729,-2.1524093,-2.649507,2.1213286,2.5576148,-1.7206055,0.30873945,4.490863,-1.6929889,-3.4244285
0,/data_nas/huangyj/data/placePulse/rawData/googleviews-110802files/50f42bb4fdc9f065f000162d.jpg,3.2587278,-0.49202207,-1.608658,0.46220657,-1.5185835,0.54084164,-2.2560844,3.4259162,-3.9789627,-0.5231452,-1.9652611,1.8140718,-0.06854545,-1.5874078,2.5321674,-0.5380611,2.91075,0.5223319,-0.9414899,0.83086145,3.1248982,2.0371273,-0.46558136,0.21397097,1.4273536,-1.3236665,3.0569496,-2.887782,2.9316554,3.8650799,-1.2707354,-3.0968227,-1.2411472,-4.102843,-2.7546296,-3.4174895,-0.7480106,0.33744973,2.0106378,-0.86402214,3.0628302,2.0722654,-1.8822589,0.9893222,2.983201,-0.8912781,1.7816429,3.788736,-0.5422384,1.3956208
0,/data_nas/huangyj/data/placePulse/rawData/googleviews-110802files/51413460fdc9f0492600462e.jpg,0.75422615,-0.95380294,-0.29749262,-2.0109656,1.7559198,-0.42707768,-2.5539365,0.69439656,-2.833983,-0.86482066,0.67247033,1.2760202,-1.6435235,-1.0910932,2.1058137,0.36046797,0.10981529,2.6654558,-2.008289,-1.24902,2.5422206,2.3617446,1.4516962,-3.535361,1.0363796,-0.41970462,3.1166382,-4.2837234,0.8914723,3.3987284,-2.33738,-0.98917156,-3.4105854,-4.0807376,-2.641142,-2.9841485,-0.87333524,1.8656735,-0.93820286,0.4221462,1.8989604,0.43249345,-0.13972872,-0.7652774,2.5075445,0.39230394,1.9693148,2.7204628,-2.8203192,0.21689276
1,/data_nas/huangyj/data/placePulse/rawData/googleviews-110802files/50f5e901fdc9f065f0007629.jpg,-0.73223287,-4.474298,2.9747422,-0.52433246,-1.1870556,-0.2090972,-2.1373312,-0.093291774,-5.92742,-0.9817962,1.5862808,1.4250456,-2.850566,-0.5873917,4.2252593,-0.77213264,-0.38787025,0.6387908,-1.2025979,-0.950789,1.1308358,0.07776772,0.7447776,-0.052346345,-2.4255311,-0.17219734,2.0525553,-1.6198584,-0.9281399,0.50690556,1.9984156,-2.7689462,-2.2693756,-0.60715294,-1.367823,-5.4160075,-0.51653993,-1.6794306,0.46624136,-3.7323375,3.1537864,-2.1739533,-2.5300093,1.4302406,2.1689048,-1.8371471,-0.18092376,5.129648,-2.5415864,-3.527099
1,/data_nas/huangyj/data/placePulse/rawData/googleviews-110802files/50f433c2fdc9f065f0002628.jpg,0.18096492,-3.6965675,1.7829751,-0.31090206,-1.8349754,0.118067004,-2.3409092,0.8316945,-5.7916956,-1.2992843,0.40004954,1.4445775,-1.7203363,-1.5840452,3.84129,-0.7543834,0.86932683,-0.035882957,-1.3480484,-0.08430715,1.9152776,0.43002462,0.82924443,0.47784376,-1.9865185,-1.4251459,2.4070854,-1.7750975,0.25735787,0.8562773,2.1582026,-2.0549634,-2.0302024,-1.2809159,-1.2694582,-4.8388906,-1.1666558,-2.099089,1.5473658,-3.9278917,2.3305488,-1.4103601,-3.1411443,1.0620207,2.6507642,-1.9981989,0.0530869,5.0358024,-1.7338743,-2.660142
1,/data_nas/huangyj/data/placePulse/rawData/googleviews-110802files/513d79ddfdc9f0358700662a.jpg,3.5433812,-1.2199932,-1.3040941,1.7979171,-2.8777063,2.097731,-0.70839643,3.1904848,-0.23675898,-0.07523778,-1.7643542,2.0843983,0.30198318,1.5559988,2.3837283,-1.5410359,2.1031885,-0.5637752,0.44577986,1.354069,3.579045,-1.2507447,-2.2649255,3.4439912,1.1620563,2.4113507,1.0898496,-2.3198335,2.57561,0.86024326,-0.61073315,-5.384377,2.5484626,-2.5506558,-1.8810917,-0.0030880757,2.244629,1.0681523,2.9323137,-0.16642155,4.124085,2.426684,1.0858012,2.4049382,0.3928535,1.0584258,0.4061837,0.060901444,0.3250257,0.8642812
1,/data_nas/huangyj/data/placePulse/rawData/googleviews-110802files/513d6928fdc9f03587004624.jpg,2.0149462,-2.7096996,0.32294744,0.8664215,-1.3376269,0.96431494,-1.9414945,2.1474652,-5.5236573,-0.64503,-0.800826,2.028314,-1.0050725,0.1435121,3.688401,-1.0345654,1.8750106,0.5710134,-0.679904,0.52786225,3.0422442,-0.017291604,-0.90986043,0.07123317,0.0067489333,0.6189196,2.0856776,-2.2360888,1.3539736,1.4852409,0.4121601,-3.9519725,-2.0202816,-2.4536455,-2.1322374,-5.056487,0.73220044,-0.6402411,1.4483548,-2.752057,3.9233859,0.66480225,-1.5513065,1.6716065,1.9876214,-1.6943458,0.6755275,5.0934978,-1.8339732,-0.8532402
0,/data_nas/huangyj/data/placePulse/rawData/googleviews-110802files/513f1077fdc9f0358700c6e3.jpg,0.07970192,-3.4278402,1.7029781,-1.0324811,-0.1165049,0.6403716,-1.8510721,0.7408343,-5.7025857,-0.231604,0.98803586,0.2285132,-2.2020068,-1.1414471,3.7740588,-1.1096945,0.24665387,0.3502189,-0.9155525,-1.0558727,3.099221,0.8346604,0.60142505,-1.1398133,-1.396917,-0.6749121,2.237234,-2.4762154,0.57081926,1.5984881,1.3934172,-2.7187786,-2.72452,-1.6431221,-1.544614,-5.296313,-0.87286717,-1.5276155,0.12381017,-3.3074775,3.1803415,-1.3427618,-2.2599494,1.1691315,2.8057175,-1.8077409,0.31565467,5.076057,-1.6379648,-2.4874034
0,/data_nas/huangyj/data/placePulse/rawData/googleviews-110802files/513e6288fdc9f0358700b6e7.jpg,3.1863086,-4.1669397,0.05458977,1.3723098,-2.737123,3.3649075,0.45053637,3.1100652,-2.826667,0.80135024,-0.579836,0.6879655,0.022854319,0.08241358,4.0942626,-3.0757108,1.7484732,-3.4005933,2.0902827,0.7190429,3.8398478,-2.5231795,-3.0610363,3.1389441,-1.5720471,1.1370015,0.32873824,-2.3995519,1.9892331,0.69682795,0.89237857,-2.8966546,1.0505984,-1.4149632,-1.8002344,-1.8169925,1.4572544,-0.25438005,3.4683213,-1.296089,1.6882808,0.3976973,-2.381434,0.70612526,1.475623,0.3614824,-1.2745147,2.6982079,3.2476802,-2.34451
0,/data_nas/huangyj/data/placePulse/rawData/googleviews-110802files/5140b66afdc9f049260016ee.jpg,0.9084821,0.28222382,-1.9040364,-0.82157683,0.9872668,-0.5730474,-2.5147338,0.62001526,-7.359659,-2.0346644,-1.8858346,0.4483252,1.3257805,-3.6042004,0.65528667,1.7993103,3.174544,2.1135867,-2.466404,0.95024496,2.275205,2.9107504,1.6905646,-4.5386543,1.307372,-4.3566265,2.3575966,-1.901859,1.6883476,2.1686883,-0.95368814,2.864203,-6.594319,-3.5293946,-1.3448427,-6.2087674,-2.6265132,-1.1621852,0.20410322,-2.3612258,-1.3224708,0.7021535,-3.890897,-2.3613038,2.9469416,-3.308118,2.0421875,7.375037,-2.7181394,0.8200424
0,/data_nas/huangyj/data/placePulse/rawData/googleviews-110802files/51414de4fdc9f049260076ee.jpg,0.7502543,-4.3118167,1.8180437,1.64575,-1.4443865,1.5729872,-0.81874895,1.2535281,-3.848278,-0.42727497,0.9695832,1.3636594,-1.6778783,-0.009085196,3.903483,-1.0659981,0.31006375,-0.4702704,0.4167206,-0.58499205,2.6975374,-0.6784327,-2.0515375,1.7333801,-1.778715,0.87411046,1.1459008,-1.7949548,0.5678272,1.0353379,0.7556973,-2.5569649,-0.29398036,-0.93692493,-2.242629,-2.894346,0.7198765,-0.80767643,1.5592891,-2.19001,2.1561983,-1.0460336,-1.9936256,0.8680333,1.9898125,-0.9099857,0.04309292,3.3828998,-0.3060761,-3.1566432
1,/data_nas/huangyj/data/placePulse/rawData/googleviews-110802files/51413495fdc9f049260046e9.jpg,0.86297375,-0.7675747,-0.28453428,-1.9245865,0.35548845,-1.2261436,-3.7107077,1.07817,-4.5364566,-1.7612691,-0.5250556,1.663789,-1.0072014,-2.3096433,2.281022,0.35605606,1.6261914,2.044589,-3.0950172,0.21988755,2.0073504,2.7923508,2.8970392,-3.0677412,0.5727817,-2.5453875,3.9231987,-3.0624483,1.1912211,2.6082528,-0.06640653,-0.6986241,-4.115166,-3.459162,-1.6434762,-4.2155833,-2.1579275,-0.47279227,-0.009998098,-2.142643,1.7175189,0.39096797,-1.6063117,-0.3392084,3.0960035,-1.4046477,1.5509164,4.1437945,-3.4155,0.40770406
0,/data_nas/huangyj/data/placePulse/rawData/googleviews-110802files/513d6962fdc9f035870046e8.jpg,0.278363,0.4001611,0.57622576,-0.88473123,-0.2095223,-2.9554677,-4.81715,0.92843205,-1.9479594,-2.515661,-0.6117404,3.894781,-1.8088443,0.07188936,1.6063299,1.0961171,1.0773312,3.936418,-4.4307466,0.96229225,-0.21626295,2.4554036,3.474071,-1.5880344,1.3353164,-0.44530857,4.5402513,-1.4349682,0.049779892,1.3495382,0.45540717,-2.939678,-2.1018152,-2.1668115,-1.0201102,-2.1248472,-0.8478117,-0.44560188,-0.77582645,-2.550324,3.7281597,0.9714595,1.6341052,1.5848489,1.5635487,-1.2345277,1.7551137,1.3031304,-6.282322,1.609487
0,/data_nas/huangyj/data/placePulse/rawData/googleviews-110802files/50f5e527fdc9f065f00066ea.jpg,-0.81041676,-4.6614614,3.278579,0.12974867,-1.5561272,-0.047399096,-1.9888052,0.1399119,-5.30185,-0.9180258,1.7211063,1.5277107,-2.9670389,-0.5504726,4.2706294,-0.81632155,-0.5016058,0.26901028,-0.92867494,-0.97674644,1.1344438,-0.003677301,0.24357145,1.0341319,-2.7305977,-0.07862441,1.9886783,-1.2197939,-0.83091336,0.5072401,2.3239772,-2.924927,-1.238549,-0.15387315,-1.40351,-4.5890136,-0.46947426,-2.0360053,0.752472,-3.85433,3.0724025,-2.3674886,-2.5185251,1.7072058,2.2119799,-1.8665487,-0.19689661,4.443681,-2.1225872,-3.8530693
0,/data_nas/huangyj/data/placePulse/rawData/googleviews-110802files/50f5ebd4fdc9f065f0008616.jpg,-0.14332044,-3.5504627,2.425527,-0.81511104,-1.6440128,0.014772829,-2.2132096,0.9730354,-3.2324224,-0.50711143,1.4261241,1.1611177,-2.9277914,-1.1095245,3.8917103,-1.2077625,-0.47420862,0.020423662,-1.0426223,-1.1928796,1.9314207,0.9444018,0.90107113,1.4824244,-2.02942,-0.49409434,2.766796,-2.293925,0.23253119,1.8869138,1.7044039,-3.7330806,0.14967082,-1.1742378,-1.6413242,-2.7696073,-1.1191397,-1.2294862,0.9369333,-2.64211,3.6572258,-1.6489387,-1.6061275,2.090244,2.770795,-0.6410749,0.23762906,2.3616173,-1.2679069,-2.6159265
1,/data_nas/huangyj/data/placePulse/rawData/googleviews-110802files/50f5e900fdc9f065f0007615.jpg,0.10176666,-2.4810991,1.9184672,-0.2722785,-2.9281256,-0.7228309,-3.0390186,0.99475175,-2.471326,-1.3766774,0.5762581,2.387755,-2.7360282,-0.3232205,3.3226159,-0.30056655,-0.006004298,1.4436978,-2.1201708,-0.51770955,1.5353994,1.3043762,1.2124512,2.9069388,-1.0001589,0.16739944,3.166619,-1.8934617,0.3214986,1.4838037,1.4403112,-5.4897614,1.5323834,-1.6948516,-1.5485921,-2.147636,-0.56412244,-0.97819436,1.5499307,-2.7536173,5.2578616,-0.6777612,-0.337829,3.414105,2.0503798,-0.59784806,1.0364192,1.4329021,-3.1601603,-1.2806973
0,/data_nas/huangyj/data/placePulse/rawData/googleviews-110802files/514089f3fdc9f0358700e61a.jpg,0.46015298,-4.404949,2.8271856,-1.3364109,2.5976794,1.4676995,-1.2001783,1.1558584,-0.41270453,0.8291265,2.5410538,0.53607106,-2.939591,1.4240615,4.176786,-3.5743713,-1.2938262,-1.8807061,-0.096598454,-0.6473512,2.950759,-1.7456733,0.5114773,-2.6496203,-2.4451263,2.3153644,1.9199045,-2.685337,-0.055375658,-0.29808655,2.927248,-1.9889392,-2.392676,0.4683519,-0.6119795,-0.8178119,1.1653842,-1.0697132,-1.8752975,-2.5758905,1.6874094,-1.5191659,1.1742623,-0.102769464,1.2965332,0.54468304,-2.050562,0.13767171,-0.18413544,-3.409746
0,/data_nas/huangyj/data/placePulse/rawData/googleviews-110802files/513d2ffbfdc9f035870026c7.jpg,2.725834,-4.021711,0.7022582,1.2457616,-1.2477821,2.8617127,0.008741835,3.0209086,-1.5699826,1.0655633,0.62980056,1.2102787,-1.5244209,0.73593813,4.3451695,-2.7365043,0.4141053,-1.9604403,1.8155637,-0.59999704,3.79992,-1.3673981,-3.1689782,2.2354407,-1.1015933,2.2625349,1.0824462,-3.1906528,1.7577479,2.240157,-0.4347824,-3.8767052,1.248399,-2.0134249,-2.887944,-1.1126549,1.7020645,0.894892,2.0050242,-0.06799236,2.8279598,0.3002965,-0.94453365,1.0112332,1.8025523,1.0797871,-0.27709427,1.4552848,2.2485354,-2.1865394
0,/data_nas/huangyj/data/placePulse/rawData/googleviews-110802files/513d8042fdc9f035870076c1.jpg,1.2530034,-3.2440004,1.5250828,-1.587176,0.33575165,-0.0020810515,-2.9346142,1.9209656,-4.2736397,-0.3013008,0.8182215,1.768582,-2.6689591,-0.45350718,4.5415163,-2.0427566,0.51535326,0.26255265,-1.5590255,-0.38509095,2.520572,0.69929737,1.3536624,-1.9131986,-0.9443021,0.00087950286,3.6102219,-3.3018055,0.7435801,2.1649964,1.372863,-3.342174,-2.972934,-2.2269013,-1.8167425,-4.3264623,-0.47166905,-0.70778704,-0.16216008,-2.8613658,3.7384648,-0.35630298,-1.066783,1.0472733,2.8949351,-0.7489147,0.05792441,3.6964011,-2.026239,-1.5427382
1,/data_nas/huangyj/data/placePulse/rawData/googleviews-110802files/50f46485fdc9f065f00046c5.jpg,2.8520925,-3.0826902,-0.13417521,0.725233,-1.4610683,0.8848041,-2.507582,3.152002,-6.433338,-1.014052,-1.5319358,1.9235797,0.106391154,-1.9711379,4.234985,-1.6770543,3.496795,-1.3875053,-0.90062475,1.9144952,2.831302,0.34415027,-0.06412622,-0.6194401,-0.87647605,-2.2829792,2.9363263,-1.7364701,2.201228,1.5629708,1.8802029,-0.80167896,-3.583691,-2.2174566,-1.7012846,-5.2145944,-0.95738965,-2.4230723,2.2633214,-4.0420694,0.9194085,0.61725605,-3.9621682,-0.4383648,3.2846837,-2.7190578,-0.22991323,6.1957664,-0.22109166,-1.2580949
1,/data_nas/huangyj/data/placePulse/rawData/googleviews-110802files/513cb2b6fdc9f0358700069d.jpg,4.089434,-0.95429236,-2.9063988,1.7787894,-1.1512172,1.405394,-1.6895113,3.1612747,-5.7417154,-1.497048,-3.3573058,2.2595549,2.50512,-1.2684352,2.2710912,-0.1615346,4.9154644,-0.023230772,-0.6854825,2.8647535,3.3586705,-0.06243559,-1.4638343,-1.3638033,1.6908021,-1.560718,1.6365483,-2.0976071,3.043479,1.3319145,-1.1412814,0.68532765,-4.021938,-3.8064222,-2.1030688,-4.41882,0.34948742,-0.13919044,2.8239493,-1.6388854,-0.51055676,2.8527148,-3.019551,-1.8115371,1.9403543,-1.9071722,0.9794864,6.109114,-0.6281664,1.1738048
1,/data_nas/huangyj/data/placePulse/rawData/googleviews-110802files/5140b64dfdc9f0492600169d.jpg,2.3659012,-4.076224,0.831984,2.833018,-0.8603885,3.0843866,0.6653902,2.314603,-3.6364384,0.8294685,0.1796411,0.98731333,-0.75387216,1.3948654,3.7192986,-2.0705996,1.0012571,-1.615176,2.1213255,0.06884334,3.435396,-2.1668525,-4.187695,1.3030515,-1.0356152,2.5792298,-0.21316111,-1.6145133,1.2417957,0.7080668,-0.053078014,-3.0313888,-0.6078058,-0.83510375,-2.420221,-2.9261456,2.5153337,-0.017113939,1.5457038,-1.2540432,2.1667686,0.17407039,-1.4479026,0.6703244,0.9551155,-0.5248454,-0.59196043,3.6052384,1.5762188,-2.4787436
1,/data_nas/huangyj/data/placePulse/rawData/googleviews-110802files/50f433ccfdc9f065f0002696.jpg,4.019463,-2.470716,-2.0589473,0.75848365,-0.15745261,2.1006272,-1.4816178,3.3369124,-4.773873,-0.76868373,-1.7099928,1.7973714,1.2368644,-1.6363212,3.5805168,-1.1989508,3.599806,-0.86075616,-0.0025390023,1.4833064,4.271904,0.09667154,-1.5788746,-1.7919049,0.6440282,-1.2666245,2.1359086,-3.7600577,3.118236,2.60656,-1.501414,0.81530285,-3.7260401,-4.3712797,-3.0314965,-3.642395,0.08279821,0.62702245,2.4198642,-0.6321397,-0.7349293,2.006076,-3.2283633,-2.4983437,2.8685036,-0.62183553,0.67837423,5.2092896,0.77765405,-0.27534992
0,/data_nas/huangyj/data/placePulse/rawData/googleviews-110802files/5140d69ffdc9f04926003693.jpg,0.97866976,-1.4425827,0.04979632,-2.2067213,2.5125484,-1.2244539,-3.7642448,0.9918469,-3.4942229,-1.6267425,0.43352723,2.5165255,-1.5064161,-1.057251,2.9160037,-0.050619356,0.9051182,2.4962077,-3.0436723,-0.0073948465,1.7553761,1.88344,2.6357346,-5.290445,0.6771608,-0.9918509,4.041562,-3.8795536,0.54544336,2.441882,-0.9323244,0.55848217,-5.5327673,-3.5890193,-2.0864823,-3.5411744,-1.0340557,0.8203036,-1.3698047,-1.1235931,0.69295585,0.5159565,-0.36146465,-1.9070379,2.6665845,-0.40332496,1.2541134,3.4487667,-3.9677808,0.020581674
0,/data_nas/huangyj/data/placePulse/rawData/googleviews-110802files/50f5ec11fdc9f065f0008697.jpg,-0.5148784,-0.38339284,0.9672858,-0.6644044,1.6643702,-1.822676,-3.5993638,0.46619153,-2.6919355,-1.8089535,0.60232,2.037724,-1.9352832,-1.4680837,1.4668642,1.181643,0.28508675,2.9437733,-3.1467884,-0.3884287,0.97888297,3.1018033,2.4012566,-3.0482824,0.36311176,-1.6742252,3.7692611,-1.791047,0.3259477,2.4383664,0.020366106,-0.31906426,-3.4333117,-1.9005868,-1.6339542,-2.3934875,-1.853901,-0.79597485,-1.6527449,-2.0424426,1.3414644,-0.4078545,-0.118180744,-0.20461562,2.648974,-1.63352,1.8994808,2.1918533,-4.2453175,-0.018078502
1,/data_nas/huangyj/data/placePulse/rawData/googleviews-110802files/513e1c33fdc9f0358700969b.jpg,3.074474,-3.075366,-0.9806692,1.618423,-2.3469903,3.231446,0.53376985,2.431678,-3.6718657,0.19605237,-1.4122065,0.40610874,1.1906688,0.08717344,2.896613,-1.9567137,2.4751346,-2.3880734,1.6406548,1.2835587,3.9792175,-2.3147545,-2.8950524,1.9522402,-0.5142007,0.7592137,-0.3033022,-2.003691,2.186289,-0.105075315,0.28364733,-1.9203094,-0.24529633,-1.7327894,-1.4280072,-2.6354117,1.5633708,-0.21638691,3.2728407,-1.2902629,1.0401427,1.0225221,-2.3118854,0.12598792,0.8536752,-0.25118968,-0.7952556,3.7087595,2.2025743,-1.4102247
1,/data_nas/huangyj/data/placePulse/rawData/googleviews-110802files/50f42bbafdc9f065f0001694.jpg,3.3057346,-2.2517405,-1.6151135,0.7964342,-2.393617,2.3874488,-0.5686674,2.755003,-3.317371,-0.2815654,-1.5028031,1.1300889,0.7369768,-0.77406865,2.9961877,-1.150682,2.4959552,-0.8638372,0.6503525,0.6842369,4.124442,-0.47504926,-2.126074,1.8453931,0.45100608,0.070937246,1.145262,-3.339222,2.6820567,1.9953672,-1.3900774,-2.3693316,0.10052702,-3.7093256,-2.5258267,-2.3805025,0.67208093,1.0012201,3.4064827,-0.11594711,1.7661438,1.5917195,-2.1156332,0.19433399,1.8678539,0.34999216,0.6956449,3.3515096,1.176699,-0.29990065
0,/data_nas/huangyj/data/placePulse/rawData/googleviews-110802files/51408a63fdc9f0358700e6fd.jpg,-0.32175392,-3.3105812,1.1029814,-2.558625,0.35535216,-0.13013744,-2.7285008,-0.34065354,-5.5349836,-1.5462949,1.101584,0.88773626,-1.7312146,-1.6484827,3.5203977,-0.18585563,0.1899939,1.5870225,-2.2455409,-0.93700504,2.7726276,0.9299609,2.2098036,-2.6554525,-1.0752456,-1.3181329,2.7096136,-3.6315274,0.05578295,1.0214847,0.50990963,-0.61031556,-4.024713,-2.8751993,-1.3997475,-5.0801773,-1.2918603,-0.45616174,0.14330316,-2.5757115,1.5942477,-1.2588215,-2.1489778,-0.5320109,2.581075,-0.95223147,0.66361564,5.0568786,-3.2606282,-2.28098
1,/data_nas/huangyj/data/placePulse/rawData/googleviews-110802files/513d7a19fdc9f035870066fd.jpg,3.1720583,-0.4850352,-2.0004845,0.8506728,-1.8555813,2.0636895,-0.52751386,2.7414377,-1.7826077,0.11477689,-1.7898806,0.9443513,0.52059793,0.31166938,1.7485524,-0.7418332,2.1262066,0.2587703,0.3241906,0.50164825,4.2220984,0.10010378,-1.9952391,1.7714419,1.788581,1.2123157,1.069808,-3.028192,2.904521,2.1846018,-1.8324142,-4.2933564,1.0155467,-3.6406362,-2.2342024,-1.4889576,1.2316227,1.4641175,2.3609042,0.37734333,3.6117642,2.321767,0.08166449,1.6902331,1.1365622,0.5906774,1.4204714,1.7252508,0.25325033,1.271386
0,/data_nas/huangyj/data/placePulse/rawData/googleviews-110802files/513d9a88fdc9f035870076f7.jpg,-0.75046855,-4.722293,3.4386656,-0.6851315,-1.10827,-0.22075248,-2.1133578,0.028504614,-5.2581334,-0.56633604,2.0180137,1.4441539,-3.4671097,-0.15226604,4.509548,-1.3003567,-0.8976857,0.3735186,-1.0347333,-1.2294906,0.9828637,-0.032717735,0.810193,0.1701702,-2.6589508,0.42800686,2.1737323,-1.6552966,-1.0823706,0.63112783,2.2677312,-3.6635032,-1.7247131,-0.3004538,-1.3926052,-5.041014,-0.29351676,-1.5909642,0.15417325,-3.6266608,3.8898,-2.3302794,-2.0002718,1.9729358,2.1088398,-1.5092404,-0.44265652,4.3845863,-2.320202,-3.717446
0,/data_nas/huangyj/data/placePulse/rawData/googleviews-110802files/5140ca0dfdc9f049260026fe.jpg,0.4151323,0.21183212,-0.50556654,-0.9534571,1.7794721,-0.48150972,-1.9803941,0.15545508,-3.0030184,-0.57009333,0.22449054,1.0516931,-1.566758,0.58138835,0.933268,1.1805996,-0.025506658,4.162601,-1.8883631,-1.3116798,2.422827,2.2174933,0.60990316,-3.3412993,2.2852652,1.263995,2.1016827,-3.2096567,0.68066317,2.7566063,-2.9613166,-2.9981008,-2.9779098,-3.5994854,-2.4132097,-3.6176481,0.4263019,2.1315782,-1.6877694,0.46233338,3.8686762,1.0432874,1.4051838,0.8220102,1.2643805,-0.19893529,2.5805492,2.842276,-4.217697,1.2298343
0,/data_nas/huangyj/data/placePulse/rawData/googleviews-110802files/513d3040fdc9f035870026fc.jpg,-0.56057423,-4.505025,3.233228,-1.2296805,1.9257721,-0.35147384,-2.255946,0.31001043,-5.759706,-0.22400634,2.2089505,0.9381566,-3.156173,-0.80701846,4.4683847,-1.7745223,-0.5172315,-0.209427,-1.1120054,-0.8862715,0.9286968,0.35325614,1.3759326,-3.8648193,-2.6139982,-0.6432703,2.5447803,-1.6538064,-0.9267776,0.9913788,2.5081801,-0.44528002,-5.313205,-0.018602619,-1.1958308,-5.611153,-0.9095985,-2.08982,-1.728241,-3.8619063,1.307269,-2.3361795,-2.5058308,-0.5148384,2.718019,-2.1699903,-0.9035309,5.2886734,-1.874025,-3.693707
1,/data_nas/huangyj/data/placePulse/rawData/googleviews-110802files/50f433c6fdc9f065f0002682.jpg,4.0494123,1.1617345,-3.681694,0.828965,-2.2327862,0.05178266,-3.0893111,3.0657895,-3.6258874,-2.4096856,-4.277882,3.1284318,2.6055388,-0.81641316,1.1179652,0.6824044,5.1460423,1.7266432,-2.5484207,3.4754062,2.9782207,0.96391904,0.5827225,-0.33482808,3.1685119,-1.4308102,2.7692733,-2.1946726,3.3237262,1.1028051,-1.1837623,-1.535441,-2.1900609,-4.574732,-1.4770153,-2.8528163,0.10646226,0.25713658,2.9531474,-1.5235107,1.640355,3.984815,-0.6286649,-0.028152253,1.3562045,-1.2649125,1.832697,3.709723,-2.8923607,3.4104466
0,/data_nas/huangyj/data/placePulse/rawData/googleviews-110802files/513f2b42fdc9f0358700d68e.jpg,2.3744323,-1.437802,-0.7175016,-0.81760186,-0.18936294,2.4144387,-0.804319,2.2181997,0.10709993,0.41864628,-0.9330556,-0.07185365,0.35152027,1.2900115,2.1668062,-2.7267573,1.5328962,-1.570863,-0.2293945,1.3118565,5.0331564,-1.7159915,0.099177785,0.10977852,0.35370824,1.730525,1.162414,-2.4875786,2.4219193,-0.99099237,2.0761714,-3.647735,0.09967893,-1.2678279,0.2164748,-0.021899391,1.5180719,-0.8688262,0.78819036,-2.2701082,2.8337052,1.3056287,1.9294871,1.3953323,0.38274246,0.43721032,-1.0072095,-0.315302,0.026965,-0.08249156
0,/data_nas/huangyj/data/placePulse/rawData/googleviews-110802files/50f5ec11fdc9f065f000868f.jpg,0.26565227,-1.154275,1.0902154,-0.6643592,1.2077836,-0.4977788,-2.1227617,0.8805455,-4.281863,0.08120904,0.7145333,1.1422342,-2.7659683,0.33929062,2.359108,-0.20369166,-0.28050652,2.5380557,-1.3844302,-1.3774997,1.9043714,1.8905718,0.51112974,-2.4919515,0.6995371,0.98379415,2.5278828,-2.43121,0.2899273,2.8947031,-0.7574319,-4.311519,-2.850076,-2.2103295,-2.181723,-4.7900863,0.0018436657,0.38165832,-1.6369485,-1.4213024,4.975312,-0.0476498,0.22820875,2.0723932,2.0036137,-1.2243062,1.6381344,3.7706845,-3.23805,-0.109935805
0,/data_nas/huangyj/data/placePulse/rawData/googleviews-110802files/50f5ec10fdc9f065f000868a.jpg,0.30143344,-3.8010144,2.6765783,0.03627252,-2.1539712,-0.44044176,-2.6072571,1.5065633,-4.1341925,-0.691957,1.0442333,2.2950497,-3.1385403,-0.8404055,4.4850044,-1.2894582,0.0040250886,0.04183438,-1.1119081,-0.6564977,0.8880479,0.77215546,0.49733156,1.7158874,-2.0719435,-0.35851005,3.105856,-1.7903974,-0.098487034,2.072757,1.7931142,-4.0535016,-0.25216642,-1.0110208,-1.9566478,-3.606125,-0.8560556,-1.3705531,1.2380072,-3.0460806,3.9658904,-1.3957869,-2.0897052,2.2609246,2.8720388,-1.1398633,0.14710742,3.2922308,-1.5632231,-2.4959095
1,/data_nas/huangyj/data/placePulse/rawData/googleviews-110802files/514145d0fdc9f04926006680.jpg,2.7424781,-2.662601,0.9258759,-0.8105935,-1.0750399,-0.18882442,-3.5350115,3.5790713,-2.871384,-0.2940225,-0.5586358,2.7831674,-2.0427506,-0.39053676,4.8605146,-2.8534374,1.9676282,-0.83884,-1.7001684,1.1800163,2.1350842,0.62786454,1.4094632,-0.22255628,-0.63134384,-0.33730707,4.3704433,-2.5535948,1.6751622,2.3122497,2.290848,-4.2264566,-1.4750705,-2.1022844,-1.6120572,-2.8805542,-0.4562601,-1.3330938,1.0468771,-3.309205,4.04814,0.8507688,-0.7746649,1.6682951,3.057481,-0.7928842,-0.31434128,2.3955023,-1.324787,-0.37868512
0,/data_nas/huangyj/data/placePulse/rawData/googleviews-110802files/514145d5fdc9f0492600668b.jpg,1.8271848,0.6018448,-0.43679318,-0.2767026,-0.22852027,-1.8275054,-4.4566717,2.4177606,0.23456983,-2.1883543,-1.1959043,4.1651754,-0.96169055,0.24437262,1.7722105,0.21627986,1.8136315,2.5624723,-3.6868315,1.6640245,1.0560216,1.8302726,2.404712,-0.73193514,1.6960195,-0.04478084,4.612904,-2.132198,1.4004059,1.6485476,0.18628654,-2.7012334,-0.84887856,-2.6873324,-1.2800366,0.250944,-0.28125706,0.036512792,0.09795116,-1.6571794,2.8973975,2.0259342,2.2388709,1.0123901,1.5883673,-0.07901354,1.5332335,-0.66181177,-4.4805,2.1856294
0,/data_nas/huangyj/data/placePulse/rawData/googleviews-110802files/51409223fdc9f04926000657.jpg,1.3819114,0.29401273,-1.1562446,-1.0389217,1.1849619,0.06594088,-1.5031499,1.1481184,-1.4786723,-0.08478486,-0.0067583183,1.115771,-1.1629846,0.24053347,1.0765636,0.4680908,0.11825238,2.9009607,-1.0769758,-1.2038772,2.5357323,1.8909625,-0.0010168375,-2.0943766,2.2506897,1.1810588,2.1625822,-3.8414154,1.2447797,3.5063016,-3.5590212,-2.768411,-1.4806966,-4.057962,-2.740732,-1.944158,0.37931392,2.9758668,-0.7471149,1.7784474,3.2411203,1.5214821,1.2684684,0.4864339,1.4345433,1.0507636,2.3222568,1.4543582,-2.1626413,1.5194083
0,/data_nas/huangyj/data/placePulse/rawData/googleviews-110802files/5140c9d2fdc9f04926002651.jpg,1.757997,-2.7730317,0.9073506,0.2992506,-2.1072829,-0.41688183,-3.4598508,2.6511588,-5.02132,-1.5919018,-0.90793425,2.8414319,-1.0951216,-1.9103842,4.1134505,-1.1383438,2.4447496,-0.4440294,-1.9497354,1.4162147,1.6071078,1.015454,1.0753837,0.6488548,-1.2138435,-2.2058842,3.7774532,-1.4945908,1.3102624,1.6815732,2.3762927,-1.974481,-1.9831549,-1.7854927,-1.4634477,-3.9349935,-1.4591426,-2.4567873,2.0466511,-4.181321,2.0737135,-0.01865279,-2.9981725,0.8372745,3.2517931,-2.290924,0.21669978,4.40583,-1.6581402,-1.203506
0,/data_nas/huangyj/data/placePulse/rawData/googleviews-110802files/513d7fe0fdc9f0358700765f.jpg,1.0459477,-1.5788089,0.576357,0.014922844,0.46245837,0.28467646,-1.7563939,1.24446,-4.193957,-0.08091446,0.19265148,1.5002416,-2.0908077,0.91744834,2.6644204,-0.48043838,0.29164523,2.1358595,-0.9103263,-0.78710073,2.4971857,0.85796875,-0.34532413,-1.7072338,0.88891464,1.6508505,2.0511463,-2.6932602,0.7004174,2.288122,-1.0203916,-4.6014743,-2.3420992,-2.5206914,-2.3899841,-4.5375156,0.8653169,0.82586175,-0.6665954,-1.1992903,4.9516253,0.53704673,0.33397597,1.9826021,1.6111696,-0.7948918,1.3332297,3.8016148,-2.7277424,-0.11013426
0,/data_nas/huangyj/data/placePulse/rawData/googleviews-110802files/51413a35fdc9f0492600565f.jpg,0.72022927,-1.136021,0.24735057,-1.8454473,1.6700561,-1.3809785,-3.7703357,0.54916716,-4.0481806,-1.783926,0.2143073,2.7699754,-1.7080127,0.07658841,2.5652504,0.3347731,0.7358005,3.4182882,-3.2894013,0.094191395,1.5192276,1.5375088,2.538932,-4.4031835,1.0810483,0.15720813,3.615372,-3.3005028,0.15366143,1.5890774,-0.8300168,-1.6331344,-4.8234744,-3.3834906,-1.8161497,-4.4065223,-0.17860396,0.80983824,-1.3786377,-1.5927011,2.7899704,0.71755916,0.4892001,-0.2476255,1.7551093,-0.73360634,1.3822249,3.7659779,-5.1702785,0.3824295
1,/data_nas/huangyj/data/placePulse/rawData/googleviews-110802files/51413483fdc9f049260046a6.jpg,3.3447254,-0.92649364,-2.5583916,-0.62467116,-1.5954741,2.3321123,-0.7229068,2.8109057,-4.180087,0.08166908,-2.2611837,-0.3193361,1.3456404,-1.836834,2.211848,-1.2372357,3.1957967,-0.9404846,0.09985262,0.79916507,5.153824,0.56966996,-0.81479025,0.17246148,1.1743265,-1.4432534,1.4460284,-3.5581667,3.5436044,2.446314,-0.8022936,-2.0213895,-1.277592,-4.150619,-1.7634616,-3.4247863,-0.48675662,0.21218659,2.8188257,-0.9248043,1.8504764,1.8907794,-2.446755,0.26394507,2.4747896,-0.4778043,1.0097828,4.2282724,1.145107,0.73360354
1,/data_nas/huangyj/data/placePulse/rawData/googleviews-110802files/5140d6adfdc9f049260036a3.jpg,3.381425,-3.9839745,-1.2393605,0.9130113,-1.0412128,3.1084726,-0.15346263,1.6002526,-1.8871903,-0.8832804,-0.7208899,2.2266214,1.2102759,1.8951308,3.57453,-1.649958,2.0274935,-0.70464283,0.7130175,1.394941,3.995684,-3.638084,-2.5854635,0.11015889,0.084319964,3.0408044,-0.041484974,-3.9119809,1.3919277,-1.0783199,-1.5130893,-0.59000164,-1.3135301,-3.1117063,-2.1935525,-1.2610016,3.404176,2.3025808,2.8477397,0.39088175,-0.11783496,1.7435805,-0.13374606,-1.9655101,-0.16249162,1.8018245,-0.80739,2.402859,0.10081379,-1.4895171
0,/data_nas/huangyj/data/placePulse/rawData/googleviews-110802files/51413a51fdc9f049260056a1.jpg,4.431526,-0.840512,-2.6170585,2.194787,1.1494353,2.2222703,-0.7570293,3.5139086,-2.2822676,-0.10445605,-1.8434296,2.2882776,1.1552774,0.988573,2.2300906,-0.6983242,3.0521464,0.6920574,0.45683298,1.3323709,4.1167192,-0.22190298,-3.1410453,-2.1719193,2.5654693,1.769095,1.3631206,-3.3797257,3.08304,2.7304547,-3.4914105,-0.9202699,-2.8013058,-4.249052,-3.533448,-1.9213331,2.2891424,2.4759212,0.9288425,1.2717242,0.71808183,3.3977048,0.1092006,-1.6942263,1.3145257,0.32113752,1.3871052,2.9353406,-0.052394107,1.4563106
0,/data_nas/huangyj/data/placePulse/rawData/googleviews-110802files/50f5ec12fdc9f065f00086ab.jpg,-1.1247714,-2.078277,2.829123,-0.94487303,-1.6160868,-2.0327396,-3.7358325,-0.14314686,-2.343326,-1.698799,1.1903669,2.6410747,-3.4441392,0.55277956,2.8620083,0.10077107,-0.80475485,2.7224312,-3.2050223,-0.55907553,0.16036204,1.4046394,2.7629066,0.9828948,-0.9155437,0.6585209,3.4455087,-1.1717603,-0.9329631,0.41986802,2.0528834,-5.3165493,0.08765055,-0.6154714,-0.75862473,-2.5903695,-0.47161728,-1.3208268,-0.3301093,-3.4441643,5.560758,-1.1356314,1.0458559,3.467313,1.4404333,-1.0643674,0.7142559,1.231755,-5.2654157,-1.1791818
0,/data_nas/huangyj/data/placePulse/rawData/googleviews-110802files/5140b64ffdc9f049260016a4.jpg,0.63748956,-4.637926,1.3987321,-2.2781475,-0.34674874,0.7972838,-2.0213997,0.7914178,-5.436669,-0.68072975,1.3292038,0.5728158,-1.9023805,-2.3763063,4.777637,-1.5917895,0.33992243,-0.6413017,-0.8313846,-1.0256226,2.8690689,0.5096163,1.1655629,-1.523223,-2.1962633,-1.7885016,2.6513343,-3.9477687,0.5386432,2.0055785,0.8146976,-0.43017247,-3.2351933,-2.7453873,-2.0277677,-4.7235765,-1.5977161,-0.50518477,1.2060379,-2.161327,0.96998954,-1.537651,-3.7090414,-0.9268352,3.442762,-0.4278347,-0.17771056,5.079864,-0.362461,-3.2639704
1,/data_nas/huangyj/data/placePulse/rawData/googleviews-110802files/513d2ef8fdc9f03587002602.jpg,2.5877056,-5.298597,0.56805474,0.07543684,-2.2962759,2.1042435,-1.5906702,2.1323135,-3.8460329,-1.196031,-0.3110369,2.4350142,-0.08129848,-0.10384337,5.208645,-2.6493425,2.1357598,-2.2875478,-0.157624,1.5437701,3.3302524,-2.8013692,-0.7754004,1.2446603,-2.1060855,0.45562798,1.6287783,-3.0341418,1.1602849,-0.95039654,2.0538292,-0.9950066,-1.3444844,-1.8434193,-1.2725729,-2.6827466,1.1028659,-0.8926307,3.4585178,-2.952634,0.42395306,-0.004280746,-2.496968,-0.7944751,1.5449625,0.036145754,-1.4860812,3.726097,0.19439638,-3.0764935
0,/data_nas/huangyj/data/placePulse/rawData/googleviews-110802files/50f5ebd3fdc9f065f0008601.jpg,-0.04398673,-2.3477755,1.3589073,-2.0751188,0.59563404,0.2086904,-1.8134542,0.45626068,-2.0082922,0.04241716,1.7283332,0.50840884,-2.9379072,-0.29242614,2.9812336,-0.8369079,-1.1869036,1.4765059,-1.1186131,-2.1164806,2.8013437,1.3510419,0.98267955,-1.0596423,-0.4304707,0.79971546,2.5119972,-3.8405378,0.34429815,2.6855867,-0.58775175,-3.5375965,-0.90239877,-2.5945728,-2.0790818,-2.3019445,-0.4088918,1.0317719,-0.617589,-0.46925232,3.8417664,-0.82532454,0.24843526,1.333268,2.2628915,0.724575,1.0878692,1.4890219,-1.9597477,-1.3548516
1,/data_nas/huangyj/data/placePulse/rawData/googleviews-110802files/513d9f13fdc9f0358700860f.jpg,0.5270026,-2.4737968,2.3817487,0.18969458,-2.3036246,-1.0910902,-3.305545,1.4404845,-2.4988396,-1.0498617,0.2726064,3.3574355,-3.0618222,1.674294,3.723158,-1.2030401,0.2014353,1.5302883,-2.2147532,0.3872789,0.5916441,0.013756324,1.2492571,1.8715099,-0.62816435,1.9550534,3.215551,-1.0988822,-0.28770906,0.327703,2.3178165,-6.804528,0.6008083,-0.59007084,-1.0274761,-2.7957733,0.878442,-1.1813769,0.52097976,-3.6124613,6.5340548,-0.09243341,1.2608571,4.1485386,1.1273843,-0.9787341,0.11344071,1.4985278,-4.1319604,-0.7988272
1,/data_nas/huangyj/data/placePulse/rawData/googleviews-110802files/51422704fdc9f0492600860b.jpg,2.5660524,0.87944275,-1.6673229,0.96013325,-1.2423497,0.27144107,-2.2886932,2.8496935,-0.4981217,-1.0785644,-1.9673692,2.3416572,0.26333323,0.09998132,0.99760467,0.20569023,2.285527,1.5327429,-1.5701662,1.2755463,2.968901,1.2659122,-0.21881454,1.1486275,2.1759262,0.3087176,2.680868,-2.1638284,2.6224396,2.027778,-0.9891642,-3.620415,0.68356115,-3.115073,-1.674021,-0.1366262,0.36207852,0.5019412,1.3728442,-0.6141772,3.2669113,2.4621246,1.3081863,1.691771,1.3056833,-0.006380027,1.8746064,0.18168323,-1.9392343,2.3025622
0,/data_nas/huangyj/data/placePulse/rawData/googleviews-110802files/5140c9f2fdc9f049260026b3.jpg,1.5628753,-1.7804443,1.7514329,0.75900036,1.5263287,-2.2816143,-4.9089136,2.308408,-2.204677,-1.8972567,0.11958714,5.46086,-2.7388306,1.6451075,3.8768704,-0.7263087,1.2219508,2.647633,-3.5132453,1.5542309,-0.33741024,0.98608726,1.827565,-3.3479645,0.48242977,1.400897,4.8206124,-1.4292994,-0.1298801,1.4247667,1.0847589,-2.6589227,-4.079336,-1.3654591,-2.0506952,-2.5824459,0.84622836,-0.56813556,-1.7115874,-3.0580757,3.212122,1.0878472,1.7476913,0.40722656,1.8092008,-1.4366502,0.59837335,1.883869,-5.675106,0.2969723
1,/data_nas/huangyj/data/placePulse/rawData/googleviews-110802files/513e1c15fdc9f03587009642.jpg,1.9991456,-1.6653984,0.4804159,-1.3191842,-2.4240263,-1.2278899,-4.3860083,2.586885,-2.2881017,-1.7566954,-1.0923978,3.362497,-1.4714187,-0.8198805,3.8233504,-1.376867,2.099808,0.5745627,-3.1490946,1.5836416,1.3892246,1.1809012,2.8743358,0.87843025,-0.1638367,-1.122013,4.638243,-2.319432,1.3209121,1.4001541,2.1723804,-4.008033,-0.45245922,-2.5155697,-0.9911099,-2.0927634,-1.0671633,-1.287475,1.819536,-3.3581326,3.9750834,0.9555977,-0.31603733,1.9754835,2.5580206,-0.645579,0.31926474,1.6244918,-3.1105106,0.39393303
1,/data_nas/huangyj/data/placePulse/rawData/googleviews-110802files/50f433c4fdc9f065f000264e.jpg,5.845571,-0.5470148,-3.56374,3.2796175,-1.31928,2.2463071,-1.1694221,4.848532,-4.611852,-0.6793604,-4.3294888,2.8974662,3.006206,0.12650467,2.4484453,-1.2236471,5.8268843,-1.0228546,0.31720904,3.9199438,3.6066422,-0.9623109,-3.0269616,-0.6130231,2.4306428,-0.023628853,1.3716979,-1.6062582,3.9490068,1.4877481,-1.2200681,-0.76410335,-3.1200874,-3.5981698,-2.4047194,-3.554008,1.834551,0.09736566,3.0981843,-1.287544,0.30895206,4.278896,-1.9928136,-1.1948528,1.386853,-1.7406143,0.5521143,5.191376,0.6640299,2.1454568
0,/data_nas/huangyj/data/placePulse/rawData/googleviews-110802files/51408a0cfdc9f0358700e64c.jpg,1.6050225,1.5802878,-1.6977736,0.021885542,0.3908494,-0.3775514,-2.1950018,1.5401764,-2.0160625,-0.8818988,-1.6260691,1.6929775,-0.13383798,0.6194944,0.28340033,0.974248,1.6417532,3.3543801,-2.0173094,0.48422635,2.5216808,1.8188432,0.48655856,-1.6170886,3.0910418,0.7882834,2.2761471,-2.2563727,1.7732203,2.0829885,-2.0396392,-3.5630648,-1.5571877,-3.3862383,-1.6369469,-2.28886,0.50808656,1.250482,-0.45467854,-0.2768875,3.9835699,2.3404868,1.8940531,1.6275791,0.88086516,-0.55053496,2.4194477,1.7807136,-3.67523,2.7900493
1,/data_nas/huangyj/data/placePulse/rawData/googleviews-110802files/50f433c4fdc9f065f0002649.jpg,3.819327,-2.4032893,-1.5069383,2.0807464,-2.5155704,1.5962057,-1.4259765,3.661985,-6.362345,-1.1148322,-3.0646267,2.0369284,2.191605,-2.0812302,3.2674599,-1.4400216,4.8972983,-2.488598,0.074460536,3.3022797,2.3930295,-0.9274359,-1.473229,0.50483525,-0.48646012,-2.6208138,1.5928981,-0.7304001,2.5411224,0.5746156,1.5088247,1.0177929,-3.2100585,-1.8806114,-1.215011,-4.5204163,-0.40890557,-2.3575642,3.7267215,-3.504804,-1.218426,1.5225437,-4.8497963,-1.4719331,2.4001496,-2.838387,-0.6221209,6.478393,1.3649433,-0.58946264
1,/data_nas/huangyj/data/placePulse/rawData/googleviews-110802files/50f561bcfdc9f065f0005645.jpg,1.9654664,-1.8016125,0.39559248,1.5752115,-4.075548,0.1674341,-2.4465315,2.7951484,-3.0561752,-1.1825306,-1.5792518,2.49975,-0.61442196,-0.92371917,3.007818,-0.8193872,2.4291072,-0.4454908,-1.1499892,1.4220662,1.9018674,0.6218662,-0.2455863,4.0224037,-0.4932461,-0.9205459,2.7081118,-0.80621827,1.8074819,1.3760767,1.9047041,-4.4500237,1.5850289,-1.3598322,-1.3506649,-2.0497053,-0.5295146,-1.9568985,3.2076685,-3.3134856,3.7390501,0.6263775,-1.6449075,2.846749,2.2774887,-1.606812,0.6041532,2.328699,-1.0260895,-0.30692852
1,/data_nas/huangyj/data/placePulse/rawData/googleviews-110802files/50f433c4fdc9f065f000264a.jpg,4.092564,-0.7368593,-2.6811688,0.7549303,-2.274459,1.9552094,-1.1542939,3.9294403,-3.8398116,-0.5498736,-3.3041298,0.9529725,2.3338208,-2.1392996,2.1600971,-1.5287191,4.52274,-2.2464178,0.009889922,2.6533482,3.9324527,-0.19014971,-0.9201631,0.861781,0.7584695,-2.3509061,1.7898872,-2.1350148,3.5991693,1.5312697,0.6001021,-0.4482296,-1.4345306,-3.022383,-1.0945172,-2.4471552,-0.653484,-1.1083121,3.582087,-1.9962775,0.04163475,2.2943316,-3.062989,-0.4739439,2.3503885,-1.1796174,0.14301944,3.8760135,1.7862014,0.9787098
0,/data_nas/huangyj/data/placePulse/rawData/googleviews-110802files/513e212afdc9f0358700a3d7.jpg,-0.52104604,-1.9375864,2.903103,0.030624604,-2.5621183,-1.8075354,-3.6101806,0.9231662,-1.4517385,-1.4037803,0.8254687,3.0655735,-3.4833534,0.7196522,2.9984624,-0.39792755,-0.52603847,1.8267745,-2.6952894,-0.15321392,0.0029470958,1.2139624,1.9819772,2.822421,-1.0734079,0.8598141,3.5804367,-0.6003854,-0.5098404,0.71582603,2.57524,-6.3893356,1.8150479,-0.17219211,-0.8006361,-1.5171624,-0.3047336,-1.728039,0.35669,-3.569421,6.151325,-0.8543201,1.1430573,4.4021363,1.461388,-0.994752,0.57142806,0.19454782,-4.2531796,-0.9519272
1,/data_nas/huangyj/data/placePulse/rawData/googleviews-110802files/50f560fbfdc9f065f00053dc.jpg,2.145605,-3.5872393,1.6805409,1.0851055,-1.796297,1.0917953,-1.7329788,3.0442264,-3.9189336,0.23899907,-0.27309406,1.848008,-1.756314,0.2597708,4.549522,-2.9461691,1.497614,-1.9890072,0.012175455,1.0359821,2.1436527,-0.9016256,-0.78213924,1.3522141,-1.6239988,0.5197472,2.315426,-1.0108981,1.112098,0.8043907,2.9765882,-4.455283,-0.7267205,-0.33422786,-1.1767062,-3.4676518,0.51903063,-2.2436795,1.4042006,-3.9338145,3.8805113,-0.1147522,-1.5801514,2.2624905,2.1174197,-1.5776169,-1.115101,3.3402834,0.18814468,-1.8458418
1,/data_nas/huangyj/data/placePulse/rawData/googleviews-110802files/513d5a2bfdc9f035870033df.jpg,4.1126204,-1.7477593,-1.1679513,0.86666715,0.03611649,1.1410904,-2.1944,3.9216948,-4.71502,-0.03001307,-1.8468043,2.643656,-0.3158036,0.33111954,3.9218333,-1.9588532,3.198483,-0.003495846,-0.51619774,1.4991441,3.3951337,0.21127346,-1.1622632,-2.0124366,1.3877207,0.702846,2.818223,-3.0429738,2.630274,2.8563395,-0.61473167,-3.3084435,-3.4860299,-3.5695693,-2.8155947,-4.640127,1.0631747,0.39662904,1.054211,-1.6230569,3.289888,2.4768498,-1.0396622,0.44874287,2.4120483,-1.1438048,0.7640299,4.846698,-0.9028287,0.8543831
0,/data_nas/huangyj/data/placePulse/rawData/googleviews-110802files/51414cb6fdc9f049260073d8.jpg,-0.7502106,-3.827691,2.649901,-0.42084768,-1.6004477,-0.71032244,-2.8275802,-0.008032557,-4.9206862,-1.6724586,1.3429601,2.132104,-2.7769017,-0.82126355,3.8811293,-0.07309929,-0.26410934,1.4661648,-1.9755528,-0.83724207,1.059351,0.7308502,1.1845332,0.6311502,-1.9628621,-0.44655415,2.7580726,-1.8802185,-0.7035789,0.9048501,1.5012,-2.791697,-1.4156555,-1.2059343,-1.6395161,-4.294741,-0.8064719,-1.3325014,0.81125104,-3.3786204,3.1905942,-1.8075645,-1.9374573,1.4993668,2.3555236,-1.4800473,0.46208385,4.0548267,-3.336016,-2.8613272
1,/data_nas/huangyj/data/placePulse/rawData/googleviews-110802files/51414312fdc9f0492600636d.jpg,5.1878357,0.50052625,-2.344738,0.31944874,0.003438659,-0.80958664,-4.5829077,5.1606765,-2.137388,-1.6593636,-3.951485,4.7086496,1.3559463,0.12352158,2.9682488,-2.1625416,5.4087768,-0.3977546,-3.087795,4.895326,1.763878,0.1918704,2.002393,-2.9397507,2.2477803,-1.0195857,4.8250318,-1.7188014,3.1374767,1.0101135,1.8948252,-1.3446114,-4.2434025,-2.801866,-0.7280977,-1.9567852,0.22234993,-1.3482409,1.0581366,-3.5067768,1.4015219,4.116301,0.57355446,-0.49438316,1.9679312,-1.5619878,-0.10488972,2.2919602,-2.5034726,3.3062975
0,/data_nas/huangyj/data/placePulse/rawData/googleviews-110802files/513d7e3afdc9f0358700736f.jpg,-1.0935892,-2.6796265,1.5488485,-0.7343057,0.86720437,-0.45295605,-2.365571,-1.0682319,-4.8106627,-1.6843747,1.4656155,1.1812723,-2.0800169,-0.496823,2.4181104,1.1071669,-0.44839108,3.1195562,-2.1965413,-1.3578352,2.133537,1.3548775,1.0887349,-2.4298022,-0.4820641,-0.02845905,2.0130625,-2.4683936,-0.43562448,0.9656352,-0.41479403,-1.1152077,-3.557894,-2.0964565,-1.8759265,-4.4817495,-0.38432503,-0.13511617,-0.85168767,-2.0737853,2.046663,-1.2765589,-0.8852528,-0.07235494,1.8503106,-1.3911192,1.4557053,4.329326,-4.492806,-2.0456624
1,/data_nas/huangyj/data/placePulse/rawData/googleviews-110802files/513e2107fdc9f0358700a36f.jpg,1.6797334,-3.5349555,-0.26385847,1.5892404,-3.628321,2.3166795,0.004561357,1.1316483,-6.9619217,-0.7680277,-1.4448998,0.4973138,0.9895357,-0.72952884,2.9900608,-0.658116,2.5498443,-1.0871495,0.8090193,1.02649,3.079538,-1.7034999,-2.2322438,2.4688842,-1.015571,-0.40107414,-0.34690997,-1.1227612,1.23047,-0.6043684,0.8440499,-1.943957,-1.0256157,-1.4999498,-1.1705976,-5.5305834,0.71884924,-1.4044914,3.7340987,-2.9627028,1.5806688,-0.015827198,-4.0357122,0.8169701,1.1228491,-2.104354,-0.2798163,6.6683407,0.38618508,-2.2045836
1,/data_nas/huangyj/data/placePulse/rawData/googleviews-110802files/513e1b04fdc9f03587009364.jpg,-0.111322716,-5.8533654,3.006576,-0.483911,-2.3153286,1.4983109,-0.8446339,0.37626112,-4.305145,-0.14226337,2.1700017,0.66601604,-2.8352845,-0.47982436,4.983405,-1.9697374,-0.9577408,-1.2810361,0.42548695,-1.5474386,2.415147,-1.1548874,-0.65716314,2.389915,-3.421019,0.67348593,1.2083507,-2.5815759,-0.3525642,0.53982437,1.8799406,-3.4094326,0.35020718,-0.76044655,-1.7511224,-3.616661,0.079729095,-0.9762971,1.9645892,-2.5589137,3.0065603,-2.4553835,-2.7861452,1.5598327,2.0726755,-0.13930905,-0.87156725,3.5451798,0.16681078,-4.734503
1,/data_nas/huangyj/data/placePulse/rawData/googleviews-110802files/513d7e35fdc9f03587007364.jpg,1.4027699,-2.4326625,1.5312225,1.098344,-2.8981857,0.32881954,-2.1887784,2.1490014,-1.027913,-0.53497607,-0.059416667,2.7101307,-2.2514122,1.3717017,3.4651525,-1.479931,0.4971707,0.2899014,-0.9144494,0.3464573,1.9053953,-0.22760981,-0.35481942,3.5330088,-0.54347163,2.05375,2.4445362,-1.4606355,0.88381046,0.8881645,1.556078,-6.673059,2.4371645,-1.015264,-1.5505238,-0.99378705,1.1410452,-0.6525551,1.6544622,-2.3487105,5.7777944,0.36014748,1.0342089,3.8704593,1.1789593,-0.11152503,0.24890229,0.21583347,-1.8747089,-0.7715916
0,/data_nas/huangyj/data/placePulse/rawData/googleviews-110802files/513d6857fdc9f03587004333.jpg,1.2056723,-1.1861014,-1.4722232,-1.6645415,0.53934264,1.5476296,-0.49785942,0.12061732,-3.3892057,-0.37206185,-0.14561117,-0.21382709,0.10364854,-0.23982865,1.5255091,0.20134291,0.60402435,1.8768831,-0.4226212,-0.957098,3.9033713,0.22600013,-0.31383774,-2.1315486,1.3822778,0.7246427,0.666587,-4.223164,1.228767,1.4640328,-2.8608077,-1.313895,-2.3976421,-4.1365557,-1.9447539,-3.3506334,0.64402103,2.4475427,0.49367696,0.95877475,1.8157183,0.9172495,-0.3413789,-0.5660289,0.97262233,0.89624226,1.3479198,3.471622,-1.3693912,0.067876965
0,/data_nas/huangyj/data/placePulse/rawData/googleviews-110802files/50f43baffdc9f065f000333e.jpg,-0.14860146,-4.0060983,2.7568226,-0.07211692,-1.7422593,1.3329864,-0.5858297,0.57650584,-3.1910963,0.6767223,1.5535347,0.23320432,-3.0070336,1.0578727,3.7669396,-2.0481622,-1.0997734,-0.52379763,0.40251625,-1.4008225,2.5404823,-0.9386675,-0.74489206,2.228986,-1.9952239,2.1487277,0.87231106,-1.640739,-0.16248074,0.32347837,2.0772774,-6.117836,1.0298059,-0.025243366,-1.074632,-3.2800112,0.9832352,-1.0803694,0.6072598,-2.7609262,5.5437717,-1.6488383,-0.3535258,3.677409,1.1850181,-0.56596285,-0.56007326,2.328721,-0.71400833,-3.0378718
0,/data_nas/huangyj/data/placePulse/rawData/googleviews-110802files/513d58d3fdc9f03587003330.jpg,0.8903398,0.7133929,-1.8404692,-0.9456651,3.3576894,-0.33073327,-2.0909145,0.5168323,-4.047361,-1.3718247,-0.6942284,0.59159404,0.6500165,-1.9281194,0.19460368,1.6147726,1.7466264,2.8496757,-2.1168318,0.10705445,2.5771363,2.6007414,1.1680636,-5.993189,2.061175,-2.088143,2.2865758,-2.889207,1.4822476,2.5762703,-2.6144788,2.924771,-6.2591105,-3.685188,-1.9436669,-3.6071584,-1.2979772,0.863221,-1.6791588,-0.10397689,-1.460102,1.1339339,-1.0287709,-3.0987654,2.1929975,-1.3810717,2.1664464,4.339735,-2.8059413,1.2140309
0,/data_nas/huangyj/data/placePulse/rawData/googleviews-110802files/5141338afdc9f0492600433b.jpg,0.28314534,-1.3983787,2.2728734,0.24714065,-1.6628507,-2.156759,-4.112022,1.5281748,-1.9087332,-1.5210845,0.12745257,3.8677015,-3.1099038,1.0871695,3.0412173,-0.4233759,0.34446052,2.274627,-3.100437,0.5817346,-0.2441086,1.293277,2.0659769,1.1501323,-0.19294623,0.9855584,4.0460296,-0.6332142,-0.23090874,1.0022621,2.1598127,-5.8644753,0.15960678,-0.58355767,-1.0578686,-2.1542659,0.00978944,-1.4510812,-0.13127205,-3.5965579,5.8720784,0.07506187,1.4537609,3.7382317,1.5021765,-1.356463,0.750112,0.9117424,-4.8839645,-0.0036570989
1,/data_nas/huangyj/data/placePulse/rawData/googleviews-110802files/50f42eb2fdc9f065f0002377.jpg,5.19372,-0.5055269,-3.5044124,1.607307,-0.78428787,2.2282043,-1.1227235,4.6157207,-4.3149834,-0.44336277,-3.6847494,1.4889952,2.9450688,-1.910617,2.2291403,-1.4254193,5.3061767,-2.0128436,0.29573107,3.1877952,4.0148926,-0.030329248,-1.8265182,-1.1501122,1.5842879,-2.1858177,1.8140839,-2.2543046,4.1288667,2.2195826,-0.7703557,1.0458647,-3.3480382,-3.762328,-1.97423,-2.9882474,-0.07864555,-0.3964588,2.9501607,-1.1425103,-1.2576795,3.293721,-3.2724502,-2.160601,2.454239,-1.439021,0.38287672,4.826917,2.018061,1.5536354
1,/data_nas/huangyj/data/placePulse/rawData/googleviews-110802files/51421a96fdc9f04926008372.jpg,2.9141219,-2.7199702,-0.9989225,1.3154825,-3.079881,2.6547973,-0.06443044,2.6752543,-4.7243547,0.079983525,-1.4147493,0.5194103,0.5800685,-1.0297456,3.0083225,-1.2941397,2.4115365,-1.527057,1.2095573,0.5323826,4.044067,-0.605304,-2.6229017,2.7876866,-0.32427505,-0.2255542,0.6170281,-2.4418614,2.514421,1.7637395,-0.44585094,-2.8827608,0.33128163,-2.7915826,-2.2428372,-3.5439637,0.47869998,-0.14300515,3.6467633,-1.1481559,2.1653605,0.8953738,-3.2099588,0.9706853,1.9422395,-0.7122793,0.40132797,4.51795,1.7982599,-1.1324792
0,/data_nas/huangyj/data/placePulse/rawData/googleviews-110802files/513d7903fdc9f03587006371.jpg,1.7303019,-4.974623,1.793184,0.3971312,-1.4864614,1.9226583,-0.9003878,2.1954122,-5.708715,0.49217436,0.5215038,0.9709423,-1.8716794,-0.22889702,5.2568336,-2.8520467,0.98410845,-2.0149078,0.83971715,-0.12382236,3.000505,-1.3079689,-1.4580928,0.7262365,-2.2208972,0.5161936,1.4849685,-2.1799686,0.82399297,1.0778689,1.9978781,-3.4861019,-1.6409146,-1.0919313,-1.7967623,-5.0973425,0.5196435,-1.4953132,1.7360134,-3.2541115,3.139853,-0.8811996,-3.064524,1.330934,2.3905911,-1.3134264,-1.006949,5.2546854,0.7604498,-3.2484956
0,/data_nas/huangyj/data/placePulse/rawData/googleviews-110802files/513d9e4bfdc9f03587008375.jpg,1.0852851,-1.5228457,-0.0076954775,1.3275555,-1.3458649,2.23954,0.32708877,1.5193553,-1.5902023,0.56767535,0.10791781,-0.32770133,-0.8728116,-0.17844462,1.6071807,-0.41162243,0.15887074,-0.039293602,1.1065193,-1.2123326,3.9804704,0.5197301,-2.5474257,2.5547843,0.12956859,1.020012,0.4051168,-2.1773074,1.9138814,2.2909706,-1.0919521,-4.0321965,1.8982365,-1.9467875,-2.2271304,-1.0623688,0.58248216,0.49925053,1.3815961,0.017285967,3.3309,0.123023644,-0.49165717,2.1039312,1.485901,0.124633975,1.311953,1.1994032,0.89761776,-0.8443096
0,/data_nas/huangyj/data/placePulse/rawData/googleviews-110802files/5141339afdc9f0492600437a.jpg,3.5332174,-1.5397595,-0.9849633,0.6612656,-2.6717525,0.8501536,-2.6260982,3.9300385,-1.6940244,-1.0983814,-2.068142,2.8337834,0.34459892,-0.9990216,3.3086257,-1.6914831,3.227884,-1.239914,-1.0835204,2.1936703,2.9807649,0.05510758,-0.0677493,2.198939,0.1473138,-0.9133418,3.238278,-2.3559983,2.7534432,1.6248988,1.1619346,-2.6572418,0.44778118,-2.719958,-1.488457,-0.7181613,-0.22632399,-0.8901113,3.2181237,-2.191111,1.9629827,1.8308454,-1.1324812,0.86223066,2.3353953,-0.27343452,0.23424563,1.3936993,-0.007603992,0.5032489
1,/data_nas/huangyj/data/placePulse/rawData/googleviews-110802files/50f463c6fdc9f065f0004322.jpg,2.5261106,-2.518484,-1.3364387,1.1930684,-2.9684486,2.1989808,-0.5957231,1.7992076,-5.681013,-1.014353,-2.1166,0.8258562,1.5316919,-0.89499307,2.6328864,-0.6435318,3.2361345,-0.79078794,0.1403213,1.5131588,3.8513713,-1.138248,-1.7193894,1.6036533,-0.007869158,-0.6831967,0.4265053,-1.9357116,2.1499212,0.037352785,0.31071317,-1.5362345,-1.3501478,-2.497438,-1.3310697,-4.336283,0.56816083,-0.8215416,3.6399665,-2.4331954,1.1967229,1.0136715,-3.1099257,0.25383276,1.4410934,-1.5243547,0.24628997,5.561678,0.021662235,-0.895714
0,/data_nas/huangyj/data/placePulse/rawData/googleviews-110802files/513ce9effdc9f03587002322.jpg,1.2002087,-1.4075109,-1.408229,-0.6053021,2.9292266,-0.025899392,-2.4959626,0.0039097257,-4.8101087,-2.3550737,-0.2662984,1.9815148,0.65997493,-1.1000521,1.7099085,1.459115,1.8767521,3.0550752,-2.3638651,0.49243057,2.6421862,1.1866786,0.8806934,-6.1873217,1.399191,-0.9943339,2.1989348,-3.7092173,0.9170854,1.3862305,-2.7697942,3.487335,-7.095987,-4.1329203,-2.6205618,-4.2282176,-0.13498528,1.5212104,-0.8560486,-0.20840451,-2.072441,1.0496696,-1.2282484,-4.233108,1.866617,-0.905363,1.6128803,5.291326,-3.7409086,-0.13856708
0,/data_nas/huangyj/data/placePulse/rawData/googleviews-110802files/513d5a34fdc9f035870033e3.jpg,-0.041872174,-3.7811909,1.9472293,-0.37205884,-1.290768,0.38090158,-1.5968846,0.2434137,-6.947804,-0.4230195,0.9374276,0.7481738,-2.4876928,-0.64133245,3.8678653,-0.62226415,0.0614639,0.9842584,-0.6744541,-1.2404873,2.0905025,0.6296557,-0.059805755,-0.19679642,-1.3919146,-0.022795439,1.6548672,-2.0780044,-0.09111907,1.5119827,0.70046437,-3.9082108,-2.335905,-1.721148,-1.99035,-6.6451035,-0.3130936,-0.94802225,0.63123155,-2.9608428,4.304406,-1.3792946,-2.7681942,1.9843076,2.301095,-1.9315062,0.53854346,6.249058,-2.1074579,-2.6379764
1,/data_nas/huangyj/data/placePulse/rawData/googleviews-110802files/51421b05fdc9f049260083e7.jpg,-0.71595055,-2.978416,2.5218177,-0.56851196,-1.5923237,-0.86757684,-3.0394087,0.28512138,-2.797404,-1.526986,1.4004303,2.158458,-2.9891644,-0.5903832,3.3334076,-0.15686378,-0.6161022,1.5231743,-2.1827252,-0.90205854,1.3088217,1.2142489,1.6073204,1.2552441,-1.5292903,-0.15046503,3.1455584,-2.000011,-0.2983436,1.170985,1.5226252,-3.771214,-0.014051352,-1.1848105,-1.4936433,-2.4212067,-0.8998791,-1.1160848,0.5259924,-2.8501146,3.8915799,-1.4892386,-0.5016078,2.1995754,2.2373643,-0.7567426,0.7061894,1.8142309,-3.3242934,-2.1346323
1,/data_nas/huangyj/data/placePulse/rawData/googleviews-110802files/513cc0befdc9f035870013e7.jpg,4.6873684,-3.605589,-0.7092331,2.4541543,-1.4493911,1.93906,-1.5213113,4.506222,-6.3254895,-0.4333833,-2.5900629,2.8862627,1.371215,-0.66622746,4.7235465,-2.9822068,4.78088,-3.338839,0.5875922,3.650417,2.1654477,-2.0823755,-2.0691252,-0.71355116,-0.90786755,-1.0077513,1.8470503,-0.8347861,2.2355804,0.3625953,2.07583,0.25768125,-4.2815995,-1.3571506,-1.5467777,-4.944608,0.84848106,-2.2407324,2.9107904,-3.8401768,-0.6244199,1.7130743,-4.196049,-1.6136849,2.203631,-2.6470935,-1.6829298,6.6155014,1.7455033,-1.1271034
0,/data_nas/huangyj/data/placePulse/rawData/googleviews-110802files/514090f9fdc9f049260003ee.jpg,2.0717096,1.3882114,-2.6097414,0.21545164,1.1993214,1.4296515,-0.08674151,1.3986336,-1.648028,0.3872168,-1.3931293,-0.28253353,0.7925555,0.5720892,-0.26338065,0.58487236,1.4279819,2.1493077,-0.046327338,-0.20616782,3.871318,1.161209,-1.3369057,-2.034069,3.2533925,1.230632,0.5120122,-2.8011827,2.442701,2.3929877,-3.4385116,-2.3506732,-1.4981949,-3.622312,-2.0393238,-1.927545,1.0994905,2.326634,-0.40934783,1.524759,2.5801294,2.4768164,1.3257874,0.41848263,0.57833606,0.2712427,2.169464,1.8504938,-0.9881653,2.368165
1,/data_nas/huangyj/data/placePulse/rawData/googleviews-110802files/50f42eedfdc9f065f00023e9.jpg,1.0387167,-0.22717777,-1.7180369,-3.147278,1.0911839,-0.39833403,-2.994396,0.33725035,-3.3398554,-1.8826625,-0.6799027,0.95591545,0.23754856,-1.8788984,1.4044249,0.6776745,1.5618138,2.4956133,-2.9921908,0.14424661,3.3034263,1.8428863,2.9219303,-3.9329772,1.5191112,-1.8495835,3.0040047,-4.459587,1.4736111,1.6934844,-1.5247815,0.5415879,-4.189479,-4.6405096,-1.3083681,-3.1403143,-1.4203682,1.2217063,0.100219004,-0.51269627,0.57354456,1.0648677,-0.546678,-1.5994776,2.094546,0.1541287,1.7197392,3.2899036,-3.462767,0.94476765
1,/data_nas/huangyj/data/placePulse/rawData/googleviews-110802files/513e212ffdc9f0358700a3e5.jpg,0.94500387,-3.293654,2.180424,-0.631654,-0.975187,-1.9681692,-4.7096324,1.7492129,-4.854505,-2.0671015,0.23211949,4.1027803,-2.6456103,-0.77221775,4.840211,-1.0507562,1.384804,1.1508445,-3.276141,1.1052254,-0.09161505,1.1434672,2.6557584,-1.2828225,-1.3624972,-1.1634542,4.7211223,-1.6307921,-0.18594797,1.3176302,2.4452732,-2.3814912,-3.3708107,-1.5586846,-1.5554359,-4.5349073,-1.0734541,-1.9259362,0.4054062,-4.316534,2.9577086,-0.3859775,-1.6771753,0.74456805,2.9304614,-1.9829694,0.015320626,4.21223,-4.17211,-1.4147704
0,/data_nas/huangyj/data/placePulse/rawData/googleviews-110802files/51409e37fdc9f049260013ea.jpg,-0.749421,-4.0667934,3.1408467,-0.47368154,-1.6202079,0.38981333,-1.4130046,-0.0041322894,-3.4419875,-0.1416593,1.8906684,0.9578786,-3.383607,0.8380605,3.7923067,-1.3789272,-1.3678008,0.45315737,-0.5587158,-1.4837171,1.6464223,-0.49113506,0.22695431,1.6515576,-2.1250308,1.7585222,1.5281186,-1.716006,-0.8104913,0.2602105,1.951429,-5.426528,0.37802023,-0.19918652,-1.1611058,-3.4970553,0.5527002,-0.9794909,0.3227315,-2.8726685,5.2111607,-1.9390628,-0.3349384,3.2391994,1.2930892,-0.5916566,-0.34775025,2.4975035,-2.0127234,-3.1378639
0,/data_nas/huangyj/data/placePulse/rawData/googleviews-110802files/51414cc0fdc9f049260073eb.jpg,1.1221389,-0.25821808,0.14268875,1.3890219,-1.4344031,0.15265948,-1.9498305,1.8299974,-0.61349756,-0.7822832,-0.5670379,1.9469407,-1.1792413,0.6179506,1.3895369,0.26964504,0.8217666,1.7927594,-1.2546141,0.11591204,2.4506433,1.2669308,-0.5444786,2.1129076,1.0438846,1.1086954,2.2525833,-1.4368029,1.5378239,1.7800452,-0.3180509,-4.846354,1.5927267,-1.8405316,-1.7474114,-0.38127938,0.5363937,-0.03920479,0.740607,-1.1756725,4.3819447,1.0218648,1.455111,2.7803483,1.2443217,-0.38554153,1.6698556,0.005522337,-2.3695576,0.7604995
0,/data_nas/huangyj/data/placePulse/rawData/googleviews-110802files/5140c8bafdc9f04926002312.jpg,1.234661,-4.4739184,1.8307114,0.47798958,-2.482892,1.2754388,-1.352542,1.711019,-3.7146237,-0.19004852,0.9227062,1.656477,-2.302506,-0.18533106,4.636537,-1.777138,0.18598053,-0.715929,0.16864601,-0.7268535,2.5473065,-0.36693195,-1.1516281,2.5248804,-1.8639609,0.85624135,1.8889564,-2.56453,0.698494,1.7058378,0.82947564,-4.392709,0.66365546,-1.71326,-2.4239883,-3.145244,0.3836935,-0.3687079,2.1463177,-1.922648,3.8366046,-0.8320075,-1.9896772,1.9380932,2.2730238,-0.22214444,-0.036483448,3.1121063,-0.10634596,-2.8524115
0,/data_nas/huangyj/data/placePulse/rawData/googleviews-110802files/513e5ffcfdc9f0358700b311.jpg,0.6192708,-1.5969025,2.304799,-0.5699637,-1.5687339,-2.298972,-4.683029,2.0075274,-1.2116885,-1.6703303,0.10001604,4.0391617,-2.967013,0.5124002,3.5044432,-1.1859522,0.6440406,1.2744578,-3.518155,1.2024914,-0.26706877,1.1231977,3.1166015,0.8325299,-0.72991747,0.15716645,4.7841396,-0.8492645,-0.084933,0.6924346,3.2424943,-4.9493947,-0.10564451,-0.50201976,-0.5056651,-1.3529729,-0.5801091,-2.0591035,0.019220904,-4.15263,4.9408402,0.030973721,1.2649411,3.0560935,1.8446162,-1.1228722,0.007014801,0.1981877,-4.421865,-0.13616307
0,/data_nas/huangyj/data/placePulse/rawData/googleviews-110802files/51409095fdc9f0492600031c.jpg,3.562939,-1.481804,-1.7293731,2.7200956,2.3790734,1.7123499,-1.0198233,2.8810608,-4.079231,-0.5085121,-1.5670373,2.5660357,1.0172637,0.9552112,2.4684923,-0.38053194,3.1531494,0.97915053,0.11857862,1.569233,3.2813423,-0.5528305,-2.9577556,-4.130797,1.9588654,1.3617259,1.2253169,-2.4216003,2.1571925,1.933255,-2.4820926,1.0182265,-5.39177,-3.052824,-3.155648,-3.448165,2.1548376,1.2530121,-0.054469988,-0.26355532,-0.6997625,2.5475874,-0.6521295,-2.7193408,1.4067479,-1.2225946,1.0607253,4.7912364,-1.1252495,0.5368055
1,/data_nas/huangyj/data/placePulse/rawData/googleviews-110802files/50f42eaefdc9f065f000231c.jpg,2.4430985,-0.20191744,-0.879724,0.72143376,-2.719087,-0.5237018,-3.3972044,2.9004998,-1.8486283,-1.7288733,-2.0171452,3.2614844,-0.3091895,-0.5922906,2.2219791,0.034558304,2.6586213,1.4652886,-2.367962,1.5533005,2.2040584,1.6242995,0.7439367,2.1266866,1.2873865,-0.6073506,3.611059,-1.9400722,2.2661972,2.1335697,0.14844179,-4.132425,0.7579746,-3.1168487,-1.7887932,-1.2629833,-0.4053855,-0.4226988,2.3385112,-1.9572756,3.824684,1.9555893,0.070240326,2.1772459,2.0822392,-0.78857213,1.7436154,1.3404984,-2.7592301,1.5715549
0,/data_nas/huangyj/data/placePulse/rawData/googleviews-110802files/513e6002fdc9f0358700b31b.jpg,0.031475678,-4.76018,2.2275012,-0.13654968,1.3909018,0.892,-1.361121,0.30061835,-7.1934347,-0.28921485,1.7016423,0.54116374,-2.1738482,-0.9464273,4.27881,-1.1041514,0.09366593,0.043501962,-0.23962438,-1.0269718,2.3633938,0.1433203,-0.36662665,-3.3031476,-2.0656517,-0.41853684,1.5502177,-2.2028534,-0.17432997,1.2992864,0.93338966,-0.2595497,-5.317414,-1.1547482,-2.1502428,-6.643601,-0.30379295,-1.3423231,-0.7031009,-3.0872316,1.0181422,-1.8401815,-3.4883928,-0.9658526,2.6696427,-2.3433897,-0.24840017,6.8898463,-1.271828,-3.844088
0,/data_nas/huangyj/data/placePulse/rawData/googleviews-110802files/5140c8bafdc9f04926002314.jpg,2.2289257,0.55779994,-2.5984037,-0.344164,1.4727265,0.68549156,-1.3706307,1.3328446,-4.748406,-0.600627,-1.442146,0.67124563,0.6172294,-0.8186022,0.7879986,1.1266651,2.1268058,2.9420092,-1.0746621,-0.13163014,3.5804834,2.1163592,-0.52193046,-3.8077095,2.9576538,-0.3378797,1.6413524,-3.623326,2.2627165,3.3428023,-3.927829,-0.7979531,-4.2836027,-4.963549,-2.8951824,-4.661698,0.09471467,2.2311718,-0.21254097,0.91099614,1.678433,2.2629583,-0.79515386,-0.99400425,1.8044837,-0.7079456,2.6988125,5.0185394,-2.2231915,1.9261161
0,/data_nas/huangyj/data/placePulse/rawData/googleviews-110802files/5140d36bfdc9f049260033c7.jpg,0.9393651,-3.5274615,1.4855213,-0.5076164,2.5625777,-0.53764087,-3.0889192,1.2597444,-7.4046445,-1.0351446,0.7476089,2.0181787,-1.9024174,-1.4186842,4.317426,-0.9255789,1.3797181,0.79472595,-1.8210772,0.27377826,1.3713982,1.2926834,1.1997489,-5.84422,-1.0631922,-1.617224,3.3048983,-2.1058798,0.21014835,2.0212162,0.9882117,1.0551578,-7.71181,-1.8971097,-2.1915996,-7.00101,-1.0312235,-1.5848922,-1.5175848,-3.5772297,0.2608604,-0.68257856,-3.2980227,-2.0567038,3.2816617,-2.992502,0.118130706,7.2804255,-2.6879928,-2.1630769
0,/data_nas/huangyj/data/placePulse/rawData/googleviews-110802files/50f5eba4fdc9f065f00083c5.jpg,0.32053164,-3.366084,1.9515675,0.13357963,-0.8448754,0.32304293,-1.9517684,0.46744657,-5.683503,-0.4964228,0.68801147,1.6964608,-2.6289828,1.3259087,3.7735252,-0.8753703,0.086020224,1.6771767,-1.1013782,-0.59603906,2.2493358,-0.17256993,-0.1023553,-0.4232339,-0.5880115,2.004932,1.7209871,-1.846106,-0.13261324,0.5134833,0.9891502,-5.588737,-2.0545015,-1.3818221,-1.7324221,-5.9068274,1.2135365,-0.68423617,-0.046245128,-3.2449248,5.7524385,-0.5484249,-0.40637198,2.8945506,1.2519398,-1.7409316,0.456981,4.9944444,-3.5438929,-1.875127
0,/data_nas/huangyj/data/placePulse/rawData/googleviews-110802files/50f5e897fdc9f065f00073c5.jpg,0.8875284,-3.163879,1.4355226,-1.0465024,-1.8817307,0.20500126,-2.5828464,1.2171888,-4.6615815,-0.743798,0.0849972,1.5434828,-2.039543,0.11081061,3.9845963,-1.5694731,0.8455458,0.45797747,-1.6229097,0.07012743,2.6883755,0.033098273,1.2183781,0.56190014,-0.88104665,0.45546913,2.5858774,-2.3151932,0.6612539,0.53116137,2.1816523,-5.2334323,-1.0773351,-1.7182907,-1.0356188,-4.6304045,0.05401455,-1.3480253,1.1532735,-3.7499058,5.22795,-0.34376097,-0.85350287,2.8807437,1.8856289,-1.2636799,0.05409692,3.8443713,-2.7194731,-1.5358377
0,/data_nas/huangyj/data/placePulse/rawData/googleviews-110802files/5141435bfdc9f049260063c4.jpg,-1.1768154,-3.3145905,3.1108813,-2.0187829,0.64465564,-1.736069,-3.9065568,-0.24239318,-3.1426103,-1.7106861,1.964861,2.346909,-3.3448684,-0.3396026,3.791913,-0.6444525,-0.79575175,1.7425625,-3.2274537,-0.5311713,0.57462853,0.95058995,3.3880594,-2.1688802,-1.8568202,-0.3366868,3.795817,-1.9531305,-1.1764439,0.27100196,2.5914648,-1.880439,-2.997626,-0.651662,-0.68670636,-3.1671615,-1.0507487,-1.6883249,-1.2660435,-3.8528864,2.6405096,-1.8347012,-0.12481358,0.72645015,2.1605752,-1.2253411,-0.12531345,2.3458438,-4.6819096,-2.485737
0,/data_nas/huangyj/data/placePulse/rawData/googleviews-110802files/50f5eba4fdc9f065f00083c4.jpg,-0.54879266,-2.2026982,2.9836748,0.06920094,-0.06331232,-0.32922485,-2.3524873,1.0094458,-0.15505698,-0.20972563,1.7080796,1.5101246,-3.3990183,1.049622,2.7468238,-1.3822068,-1.2386767,0.5158313,-1.446947,-0.67259586,1.6064122,0.5865703,1.0495257,0.9146073,-1.3364342,1.5107602,2.735884,-0.9084458,-0.05780104,0.5248459,2.7622838,-5.1051316,0.8472856,0.5163904,-0.62123793,-0.39318144,0.1824811,-1.8117481,-1.187528,-3.1375313,4.771928,-1.2352887,1.865861,3.1668289,1.384399,-0.5965507,-0.1278737,-0.8565825,-2.5006778,-1.6863818
1,/data_nas/huangyj/data/placePulse/rawData/googleviews-110802files/513d6873fdc9f03587004393.jpg,0.64112383,-4.9685082,1.8677181,0.5095304,-3.232395,1.7826763,-0.5476447,0.99180615,-5.5578456,-0.18210177,0.91901654,0.5984194,-1.8043666,-1.094829,4.4045987,-1.3110929,0.22800419,-1.1020563,0.7639437,-1.068191,2.7126117,-0.62137926,-1.6539639,3.1616507,-2.5474532,-0.05495844,0.9430064,-2.217509,0.4410392,1.2544289,0.91417503,-3.4249706,0.43449828,-1.4796714,-2.1317732,-4.483784,-0.08090284,-0.92682064,2.9376972,-2.3250923,2.974971,-1.6201959,-3.8061874,1.6548666,2.314327,-0.8814867,-0.16608132,4.903038,0.6537976,-3.759174
1,/data_nas/huangyj/data/placePulse/rawData/googleviews-110802files/51414c9efdc9f04926007397.jpg,2.8032246,-1.2793878,-1.9642432,0.7918724,3.0614402,1.6060568,-0.99133205,1.9713496,-3.7974205,-0.5567651,-0.673381,1.2872963,0.94662756,-0.6317735,1.9497967,0.05521968,2.2563488,1.107976,-0.14311273,0.51334864,3.7693305,0.5933884,-1.6289223,-5.076537,1.6631063,-0.12313869,1.4978272,-3.6339784,2.148898,2.7108839,-3.298879,2.4186847,-5.6957226,-4.0280266,-3.250274,-3.226811,0.70108163,1.8855706,-0.5339649,0.84385556,-1.7243131,1.8550478,-1.3400193,-3.77966,2.0671844,-0.4693967,1.3140318,4.4765515,-0.5834452,0.19084193
0,/data_nas/huangyj/data/placePulse/rawData/googleviews-110802files/513cec17fdc9f03587002390.jpg,3.5550847,-1.060901,-2.5923333,0.06528651,3.594336,0.525252,-2.690216,1.7477527,-2.874134,-2.151246,-1.596041,3.4631848,1.7987416,0.94972545,2.147617,-0.059933074,3.3585837,2.0752676,-2.2119477,2.6217027,2.8604896,-0.7227485,0.3303001,-7.2022758,2.475307,0.8660199,2.3322666,-3.804799,1.7026612,0.25018528,-2.5194352,3.4433346,-7.6800823,-4.2160606,-2.3187387,-2.6905177,1.9092821,2.1502001,-0.7855208,0.029272625,-2.4948766,3.1813889,0.738391,-5.0216694,0.7600096,-0.030106807,0.52134347,3.8194356,-3.4356916,1.2725449
1,/data_nas/huangyj/data/placePulse/rawData/googleviews-110802files/50f560f9fdc9f065f0005390.jpg,2.010923,-4.2543836,1.559667,1.3225567,-3.4118905,1.224586,-1.5682211,2.5527606,-4.395047,-0.33285257,-0.095486574,2.4327717,-1.7274162,0.0936272,4.785386,-2.031214,1.2151523,-1.193734,0.19583204,0.42898303,2.0565135,-0.92198837,-1.5056891,3.3714793,-1.7487172,0.8291618,2.0136054,-1.6854364,0.8646145,1.1849656,1.5248541,-4.8595686,0.76761365,-1.3638198,-2.085479,-3.6230624,0.74767226,-1.1172062,2.8598962,-2.8383925,4.120577,-0.21967809,-2.2970402,2.4209063,2.0155554,-0.98954624,-0.41513115,3.773051,0.005244402,-2.3670738
0,/data_nas/huangyj/data/placePulse/rawData/googleviews-110802files/513d5a50fdc9f035870033f1.jpg,-0.5483952,-5.1547384,3.891638,0.094642326,-1.7506809,0.008638628,-1.6927493,0.4079013,-5.73577,-0.10674595,1.8329192,1.4914705,-3.6234155,0.40744036,4.8980064,-1.9209756,-0.76895535,-0.40285984,-0.4030412,-0.9236152,0.5418915,-0.775005,0.07832438,1.0398359,-3.0796106,0.95845467,1.7323215,-0.7869746,-1.2890698,0.20406452,3.0751672,-4.5892386,-1.2900025,0.6304524,-1.1568499,-5.5138855,0.22284038,-2.1833189,0.4246948,-4.27266,4.563682,-2.420861,-2.2475264,2.772026,1.8425801,-1.9485905,-1.0237426,4.7941976,-1.736713,-4.0491514
0,/data_nas/huangyj/data/placePulse/rawData/googleviews-110802files/50f5eba7fdc9f065f00083fb.jpg,0.71411663,-3.2155876,1.4296978,-1.1460406,3.1123629,0.5917174,-1.8765289,1.7003627,-3.9397478,0.1179498,1.3967311,0.25797707,-1.7346097,-2.1343436,3.6110492,-1.9241668,0.48509178,-1.2871003,-0.60580546,-0.48360676,2.5753965,1.0228595,0.83106565,-4.6256666,-1.7455877,-1.9699583,2.8794248,-2.619817,0.86584485,2.405105,1.4065621,2.0306227,-5.4201717,-1.1078616,-1.5744325,-3.2981217,-1.6726182,-1.5587804,-1.497982,-2.4660788,-1.2681776,-1.292954,-2.64308,-2.5011964,3.5985384,-1.4233075,-0.47162834,3.872994,0.21996287,-2.5443852
1,/data_nas/huangyj/data/placePulse/rawData/googleviews-110802files/513e2137fdc9f0358700a3fb.jpg,1.6083157,-4.144772,0.6530987,-1.1783493,-1.5151703,1.3072575,-1.8841338,1.4381796,-5.1613383,-0.70060885,-0.14686893,0.8224348,-0.72090006,-1.2378455,4.4609756,-2.0870352,1.7209471,-1.2783645,-0.741879,0.5389553,3.4528286,-0.5763568,0.68488735,-0.27076924,-1.524877,-0.9550472,2.062829,-2.90521,1.2808986,0.46202675,1.940052,-1.8663304,-2.388788,-2.1042917,-1.1719728,-4.5175405,-0.4753191,-1.3721632,2.0449781,-3.277144,1.8677633,-0.43195382,-2.806749,0.14718752,2.526762,-1.0891635,-0.66784143,4.8568363,-0.53832805,-2.4411402
1,/data_nas/huangyj/data/placePulse/rawData/googleviews-110802files/513e210ffdc9f0358700a386.jpg,3.2279546,-3.789321,-0.33271173,1.5127805,-1.5052378,2.5041955,-0.64628357,2.581567,-5.3746905,-0.09173036,-0.92868924,2.0058436,-0.21829048,0.92806363,4.303063,-1.8978227,2.2278988,-0.6805205,0.8220923,0.7481704,3.7858977,-1.7564056,-2.7511485,0.38233638,-0.10025984,1.8808347,0.876692,-2.9918234,1.736537,1.1024448,-0.5133063,-3.464709,-1.8679363,-2.8143783,-2.7661955,-4.8186145,2.1383514,0.5694246,2.3703415,-1.5242323,2.9769309,1.1824602,-1.8673071,0.63850385,1.4237816,-0.6333839,-0.008741914,5.393882,0.08508138,-1.4254576
1,/data_nas/huangyj/data/placePulse/rawData/googleviews-110802files/513e1b12fdc9f03587009387.jpg,3.6338766,-1.9991815,-0.63011205,1.4621929,-3.0311496,2.5973027,-0.06538374,3.8759644,-1.2338829,1.0488013,-1.3623567,1.2929996,-0.34959722,0.9481826,3.1596727,-2.7588124,1.7597723,-2.1874313,1.5073793,0.79799145,3.535303,-1.5236113,-2.786832,3.8460824,0.1280369,2.001455,1.0526583,-2.323126,2.4842174,1.6998812,0.1716525,-5.7829223,2.6137447,-1.9583948,-1.8916972,-0.87566435,1.7239212,0.5169961,3.034569,-0.58496916,4.447454,1.6623508,-0.23376113,2.863188,1.116205,0.83785665,-0.2564168,0.935555,2.3189359,-0.0037865117
0,/data_nas/huangyj/data/placePulse/rawData/googleviews-110802files/5141390ffdc9f0492600538a.jpg,0.29898158,-2.2464547,2.1978776,-0.6381192,1.7896539,-0.8529735,-3.2393737,1.168144,-2.2691624,-0.5299036,1.4888307,2.360949,-3.411983,1.103243,3.417236,-1.0970448,-0.521048,2.0167744,-2.2439525,-0.64102226,1.762186,1.214821,1.4630822,-2.7328722,-0.18273784,1.5661204,3.61954,-2.360431,0.06942439,1.8043444,0.9341803,-4.064856,-2.7489383,-1.3200022,-1.8636787,-2.8820662,0.37881017,-0.36947012,-2.1593354,-2.4828448,4.501076,-0.28410956,1.5458901,1.55062,2.019786,-0.8047129,0.59900624,1.6705563,-4.0390687,-0.95938784
1,/data_nas/huangyj/data/placePulse/rawData/googleviews-110802files/51413392fdc9f0492600435d.jpg,0.69963574,-2.937046,1.1644183,-0.86560714,-0.9987564,-0.22360516,-3.050291,0.78097564,-5.868249,-1.4187195,-0.1451958,2.0143523,-1.7144858,0.050315812,3.7466831,-0.7619851,1.272002,1.5197428,-2.2842662,0.37826812,2.4182749,0.25094408,1.515193,-1.2234874,-0.45916244,0.15428953,2.73595,-2.3084548,0.42480892,0.29438692,1.6928749,-3.7579858,-3.119883,-2.028225,-1.1725713,-5.7148805,0.04910212,-1.3350053,0.6119172,-4.023571,4.2408156,-0.17669964,-1.0864075,1.7560852,1.8661326,-1.9107062,0.3947885,5.203599,-3.998175,-1.2967582
0,/data_nas/huangyj/data/placePulse/rawData/googleviews-110802files/50f43bb0fdc9f065f0003356.jpg,-0.58569443,-2.3378215,2.710895,0.17686903,-1.542078,-0.78803205,-2.6928117,0.51175255,-0.55663663,-0.98892736,1.5188044,2.374192,-3.3761053,1.0891713,2.8098645,-0.32827702,-1.1878986,1.8537806,-1.8973413,-0.91111594,1.1094714,0.85964924,0.9940546,2.3133748,-0.9750098,1.7327385,2.7754245,-1.3493382,-0.30969188,0.81478685,1.3890237,-5.7363987,1.8582213,-0.53109944,-1.3666147,-0.69639957,0.35015836,-0.6883618,-0.046265937,-2.256192,5.388953,-0.9519997,1.6698735,3.499226,1.231042,-0.14658067,0.6926298,-0.4558502,-3.528948,-1.4912142
1,/data_nas/huangyj/data/placePulse/rawData/googleviews-110802files/50f560f4fdc9f065f0005358.jpg,2.8930495,-4.2448597,0.006959278,0.8934059,-3.319379,1.6915106,-1.6816169,2.7743652,-6.0976095,-1.0913563,-1.4223216,2.0638196,0.33029774,-1.5329239,4.6946692,-1.9495542,3.1830451,-2.1641538,-0.09004471,1.7739037,2.9014294,-1.2050989,-1.0093769,1.8447713,-1.653132,-1.4022844,1.8733346,-2.015234,1.7837832,0.5089607,1.8362508,-1.3890395,-1.5897936,-2.1610525,-1.6147624,-4.5935903,-0.15646577,-1.7944089,3.9900904,-3.5055895,0.9867767,0.29943064,-4.373329,-0.011089709,2.5173283,-1.6607442,-0.7071318,5.835728,0.67621565,-2.2003257
0,/data_nas/huangyj/data/placePulse/rawData/googleviews-110802files/513d7912fdc9f035870063a7.jpg,2.1653385,0.21253218,-1.3208175,0.04705426,1.9153616,-0.5168517,-3.3021963,1.9838705,-5.2220354,-1.3809696,-1.8042812,2.1943538,0.051206492,0.0318358,1.7914724,0.28631967,2.9797568,2.8370621,-2.7571867,1.5573894,2.935611,1.7304952,1.2138654,-4.9538236,2.4433608,-0.43519628,3.163683,-2.1418965,1.9536881,1.6907123,-0.46429533,-1.5020423,-5.8946996,-3.2643642,-1.6572895,-5.249216,0.11037144,-0.50259715,-1.1505073,-2.7202587,2.5098946,2.1975555,0.1400796,-0.19194263,1.9414916,-2.5518885,1.6924726,5.1421742,-4.561073,1.832933
0,/data_nas/huangyj/data/placePulse/rawData/googleviews-110802files/50f42b7bfdc9f065f00013ab.jpg,0.4060006,-3.406361,2.733771,0.52203673,-2.1599512,0.25839713,-1.8885227,1.5915153,-1.6901008,-0.10629039,1.183259,2.1436136,-3.2321305,0.99521065,3.9002943,-1.8111625,-0.6736524,-0.16679431,-0.5425478,-0.650512,1.4765843,-0.35897607,-0.23004568,2.8838506,-1.712859,1.8743018,2.3345773,-1.5565794,-0.026906963,1.0076191,2.0230396,-6.0484495,1.7553214,-0.25628746,-1.4625108,-1.6006565,0.66985077,-0.9444475,0.9269499,-2.573876,5.3716235,-0.99218494,0.31156337,3.6056378,1.5326165,-0.16462132,-0.20775412,0.75209945,-1.362723,-2.1520166
0,/data_nas/huangyj/data/placePulse/rawData/googleviews-110802files/5140c8edfdc9f049260023ab.jpg,2.4914112,-5.594446,1.4224051,0.32185745,0.46777886,1.4735352,-1.7857206,2.1431952,-4.3132057,-0.6670064,0.894984,3.1374342,-1.4618853,0.79488915,5.7150497,-2.724461,1.1396974,-1.2828058,-0.06782919,0.7346837,2.2296789,-2.303908,-1.1514251,-2.1026208,-1.8869922,1.5757327,2.0647414,-3.3289354,0.275851,0.4353317,0.7346212,-0.40172315,-4.0129232,-1.857912,-2.464209,-3.7705371,1.6814216,0.296458,1.0249639,-1.95282,0.3604608,-0.09371321,-1.9705235,-1.8425591,1.8074161,0.07520041,-1.3259765,4.4185247,-0.44325808,-3.2156239
1,/data_nas/huangyj/data/placePulse/rawData/googleviews-110802files/513d78e0fdc9f03587006301.jpg,3.8637834,-1.8679129,-1.3870226,2.459454,-1.6979318,3.3588598,0.6121364,3.5679593,-0.7696707,0.838437,-1.5015515,0.98261994,0.82430613,1.2259322,2.4686043,-2.169175,2.2030582,-2.0440743,1.9412612,1.172383,4.3118834,-1.8873503,-3.7833226,2.530431,0.6428358,2.2600992,0.10872238,-2.1222482,2.8959303,1.0672858,-0.69856554,-3.517852,1.5146662,-2.0402377,-2.0458422,-0.1799278,2.445318,0.8055346,2.6173718,0.07324756,2.2377384,2.1166506,-0.055408634,0.99802715,0.61260825,0.72358555,-0.14902943,0.8729533,2.4771926,-0.051556725
0,/data_nas/huangyj/data/placePulse/rawData/googleviews-110802files/50f5eb6dfdc9f065f000830f.jpg,1.7890171,0.024924047,0.41764873,0.80667734,-0.35313404,-2.4702854,-4.8887687,2.3143408,-1.4929252,-2.302751,-1.1816617,5.2731028,-1.6827691,1.5196562,2.4625525,0.33580044,1.9123348,3.5235069,-3.937319,1.9569128,-0.09734492,1.5730878,1.9956355,-1.1022984,1.7663339,1.1134505,4.6320705,-1.1006083,0.6006935,1.3406732,0.3971441,-4.1080446,-1.8021908,-2.1236894,-1.651774,-1.7843223,0.6880243,-0.2386036,-0.43832806,-2.586636,4.4356627,2.1216233,2.344632,1.8606527,1.2276199,-1.2417719,1.5028121,1.0192139,-6.072383,1.9926158
0,/data_nas/huangyj/data/placePulse/rawData/googleviews-110802files/513f292bfdc9f0358700d304.jpg,2.2309892,-0.37362474,-1.6133887,-3.1553984,-0.87915283,-1.0492721,-4.7950454,1.9558893,-1.5072367,-3.0043728,-2.25343,2.8176172,1.132955,-1.7799739,2.3346827,-0.964621,3.48534,0.3061486,-4.444324,3.2469792,2.5653927,0.45720744,4.9882693,-2.103986,0.65286624,-2.788338,4.5455575,-3.1334121,2.0152702,-0.80862814,2.7188044,0.3871972,-3.044468,-3.1838658,0.7021021,-0.96023023,-1.7094699,-1.5813825,1.7057036,-3.6968563,0.12008052,1.7170075,0.08555726,-1.0511779,1.8874098,-0.33803257,-0.14478576,1.2255511,-3.6617017,1.357829
0,/data_nas/huangyj/data/placePulse/rawData/googleviews-110802files/51409e13fdc9f049260013bd.jpg,-1.2809674,-4.090008,3.9622474,-0.54175806,0.96128094,0.08248509,-1.7726372,-0.095789984,-1.4134465,0.0018730306,3.170416,0.94791967,-4.046979,1.0815082,3.651587,-1.5800698,-2.2409842,0.35433564,-0.8978304,-1.7059995,1.6036112,-0.08701169,0.73606575,-0.4908087,-2.5630631,1.9143581,2.0952218,-1.5240877,-1.0252838,0.22604658,2.4394958,-3.6073344,-0.72113186,0.6841614,-0.9911279,-1.6218702,0.45423815,-1.4255369,-1.7154208,-2.8560104,3.52249,-2.4149296,0.78097296,1.7416247,1.4243513,-0.39924255,-0.6974841,0.57963955,-2.240873,-3.648931
0,/data_nas/huangyj/data/placePulse/rawData/googleviews-110802files/51414ca8fdc9f049260073b2.jpg,-0.8545349,-3.5992908,2.8730152,-0.30497622,1.0863339,-0.7246402,-2.4998815,0.122301914,-5.556202,-0.8169179,1.8335799,1.3618805,-3.0368679,-0.9646982,3.6887558,-0.36972305,-0.40020046,1.2409714,-1.538395,-1.1119753,0.9699268,1.3032387,1.0089228,-2.5857458,-1.8217708,-0.74424773,2.66082,-1.4854584,-0.7071118,1.6618484,1.4021102,-1.0753593,-4.1537175,-0.6099199,-1.776531,-5.182243,-1.0390768,-1.6894578,-1.2554672,-3.3736453,1.932638,-2.001712,-2.1941962,0.13765739,2.7983003,-2.3596387,0.34930974,4.9759426,-2.9013886,-2.9500546
1,/data_nas/huangyj/data/placePulse/rawData/googleviews-110802files/50f42b7bfdc9f065f00013b2.jpg,2.853829,1.1241328,-2.9708934,-0.17684409,-1.0476975,1.4764937,-0.7454785,2.2287762,-1.223027,-0.01473513,-2.1136854,0.2833955,1.0283538,-0.0509031,0.38996604,0.13709879,2.1655536,1.4609535,-0.4670877,0.29941636,4.3992324,1.1869128,-0.9314218,0.57923263,2.982237,0.6335737,1.2905271,-3.3133903,3.1751635,2.5818646,-2.7458081,-3.6766784,0.5628724,-4.3090925,-1.9753249,-1.1776931,0.6853133,2.0155573,1.5707463,1.0320591,3.4130855,2.8373864,0.8727545,1.3991679,1.0563968,0.68621004,2.2124074,1.2366378,-0.6917574,2.5502956
0,/data_nas/huangyj/data/placePulse/rawData/googleviews-110802files/513d9e62fdc9f035870083be.jpg,0.3288723,-1.7800263,0.23458585,-1.9937893,0.5758221,-0.15085983,-2.5074477,0.48051065,-4.000822,-1.1207082,0.715141,1.0247937,-1.6074979,-1.6464708,2.590903,0.23241079,0.18766911,2.029835,-1.8922781,-1.1956753,2.823889,1.9976609,1.5251406,-2.2366197,0.1008202,-1.0551181,2.958151,-3.9614904,0.76582,2.7326684,-1.155177,-1.3477232,-2.886238,-3.671864,-2.2452934,-3.754322,-1.3049353,0.74082625,-0.058109183,-0.8286738,2.1497674,-0.3019133,-1.2383491,-0.14054155,2.71981,-0.29282248,1.5878015,3.6083052,-2.5318716,-0.7807579
0,/data_nas/huangyj/data/placePulse/rawData/googleviews-110802files/513f2991fdc9f0358700d3bc.jpg,1.9662318,-2.377583,-0.91042244,-1.0182705,-0.45765853,1.9264877,-0.74534976,1.1862226,-4.180016,-0.18316971,-0.19844052,0.46920705,-0.35200122,-0.23039994,2.9176548,-0.77791876,0.9854519,0.7662743,-0.0034794463,-0.61495423,4.120251,-0.16027467,-0.94394565,-0.85269564,0.5756718,0.8277632,1.1171829,-4.127973,1.5552081,1.7454576,-1.9617202,-2.4788027,-1.8084453,-4.0337505,-2.324498,-3.9280167,0.7950604,1.7212707,1.3998199,0.06826849,2.6105616,0.8450702,-1.2476937,0.09868802,1.492021,0.5328787,0.8900468,4.1313753,-0.56434876,-0.6810391
0,/data_nas/huangyj/data/placePulse/rawData/googleviews-110802files/513d7e5efdc9f035870073bc.jpg,3.5680156,-1.5448416,-1.9892033,2.2237332,0.11793726,2.3715713,-0.20260587,2.8670335,-4.6054907,-0.04402501,-1.658521,1.3456609,0.9941466,-0.29987392,2.3469944,-0.46971172,2.8491087,0.019044515,1.0007272,0.7384948,3.8583705,-0.10145667,-3.3498325,-1.3533545,1.4223201,0.4562148,0.7140841,-2.94045,2.6446853,2.7725892,-2.759492,-0.72431034,-2.9994144,-3.6471703,-3.3505719,-3.79742,1.2627366,1.48711,1.6573508,0.39575574,0.5953354,2.117715,-2.1491647,-1.234566,1.8497959,-0.6245588,1.2609664,5.0258503,0.79340804,0.30778486
0,/data_nas/huangyj/data/placePulse/rawData/googleviews-110802files/51409e12fdc9f049260013bc.jpg,1.281901,-3.3541489,-0.5110768,-1.8060788,-1.3979355,2.2258234,-0.65723574,0.2445335,-5.620079,-0.6639969,-0.35914943,-0.35263816,0.29911008,-0.48699504,3.1288588,-1.2884625,1.3847388,-0.33093497,-0.3545529,0.16897736,4.436761,-1.4484382,0.19545057,-0.59727734,-0.6075827,0.0434957,0.42438072,-3.411353,1.187381,-0.86191183,0.63963145,-1.9301729,-2.3903573,-2.917016,-0.64930165,-5.1050744,0.5013685,-0.23277181,2.0895174,-2.3046365,2.107956,-0.059967637,-2.1785672,0.16781035,0.976945,-0.40451574,-0.39388192,5.3708024,-0.80381835,-1.9105018
1,/data_nas/huangyj/data/placePulse/rawData/googleviews-110802files/50f42eb3fdc9f065f00023b4.jpg,1.1642305,-3.3911705,1.1482742,1.70134,-0.79852843,2.443983,0.32245934,1.2084382,-4.3076353,0.79337776,0.7032148,0.47434783,-1.7391253,1.6980271,3.1846325,-1.2506366,-0.07462689,0.20694055,1.4081136,-1.1117281,3.5694273,-1.1351849,-3.1628788,1.1235783,-0.47735706,3.0625236,-0.036751665,-2.0232756,0.795254,1.0230738,-0.53759694,-5.168285,-0.23077884,-1.364506,-2.3858857,-4.1973577,2.3252711,0.33592972,0.654627,-1.2080195,4.63418,-0.17562218,-0.5632346,2.3735962,0.7533375,-0.7006877,0.33257046,3.9100866,-0.2418777,-2.113203
1,/data_nas/huangyj/data/placePulse/rawData/googleviews-110802files/513e20f6fdc9f0358700a342.jpg,1.5534886,-2.630999,-0.71372485,-0.69244784,-0.8196848,0.77470106,-2.2646565,1.3946985,-6.4721828,-1.8356085,-1.1310753,1.0731868,0.7388163,-3.098399,2.9966145,-0.27174312,2.8212225,-0.38103178,-1.4448987,1.0853721,3.214976,0.6465265,0.88929874,-1.7417939,-0.77976936,-3.2802622,2.3330634,-2.789074,1.6909219,1.1258099,0.8072124,1.6644925,-4.371139,-3.0069628,-1.396508,-4.954557,-1.8244853,-1.5038062,2.176854,-3.028303,-1.021629,-0.08339824,-4.365373,-1.8901093,3.0515099,-2.0250676,0.45347726,6.297731,-0.87021655,-1.4702094
0,/data_nas/huangyj/data/placePulse/rawData/googleviews-110802files/50f560f1fdc9f065f0005340.jpg,2.5960953,-3.4707642,0.5295984,1.5926473,-2.7192307,0.9835244,-1.9756323,2.9034877,-5.698908,-0.7771012,-1.1595072,2.5869532,-0.6436162,-0.64960337,4.325429,-1.6025122,2.619165,-1.0073036,-0.29676053,1.3508524,2.172323,-0.42146283,-1.2286959,1.6101822,-1.005519,-0.40159026,2.2418659,-1.5034889,1.4723915,1.3448212,1.332587,-3.0469937,-1.3813683,-1.7855978,-2.0661025,-4.6497245,0.2525978,-1.5286541,2.7595136,-3.29734,2.6859045,0.4725368,-3.088665,1.1615018,2.3907938,-1.9761524,-0.084725745,5.310773,-0.3611608,-1.4796485
0,/data_nas/huangyj/data/placePulse/rawData/googleviews-110802files/50f433dbfdc9f065f00027d6.jpg,1.316128,-0.34464836,-1.192627,-1.3410707,3.4988163,-0.53040624,-2.8055816,1.0868894,-4.089389,-1.3745223,-0.27718982,1.4032007,-0.19015294,-1.9337146,1.5782095,0.6509028,1.6379375,2.248284,-2.3210704,0.13414553,2.4433086,2.488183,1.6321913,-6.46436,1.4260068,-1.9983766,3.188765,-3.5719295,1.3775773,3.0719678,-1.9874668,2.54702,-6.7350416,-3.8422577,-2.3588376,-3.7850986,-1.3875346,0.8783425,-1.6591313,-0.4270756,-1.124241,0.96086425,-1.2449843,-3.1911347,2.8489516,-1.060076,1.7430347,4.3361044,-2.7132893,0.655287
0,/data_nas/huangyj/data/placePulse/rawData/googleviews-110802files/50f42c0efdc9f065f00017d3.jpg,4.7028155,-1.9224573,-1.7817323,3.184399,-2.1663682,2.3631816,-0.73485214,4.4081063,-5.7191944,-0.046925925,-3.1277544,2.1662924,1.5197667,0.094069235,3.2519195,-1.8415984,4.5165434,-1.7241179,0.9643211,2.7581246,3.3553371,-1.186005,-3.2621434,0.86426026,0.84840566,0.20674038,1.13532,-1.1542536,3.0910666,1.4133638,0.16146266,-2.5551226,-2.0845668,-2.3760812,-2.2116804,-4.643856,1.5346221,-0.95073867,3.086864,-2.4229305,1.9543198,2.6489587,-2.804117,0.5163942,1.6809343,-2.199678,-0.02640469,5.8168287,1.2401974,0.4145544
0,/data_nas/huangyj/data/placePulse/rawData/googleviews-110802files/513f112afdc9f0358700c7d3.jpg,-0.36479798,-3.2720866,2.401719,-0.40779367,-1.3456401,-0.7553466,-2.7339683,0.4608571,-4.7486935,-1.0656475,1.331716,2.051937,-3.198271,-0.69843197,3.759812,-0.14931566,-0.4236562,1.7646236,-1.7213851,-1.3104845,1.1929594,1.4808761,0.8378183,0.50707394,-1.3407075,-0.07513398,2.9562757,-2.2041314,-0.32472444,2.2056675,0.6163924,-3.9788823,-1.1527646,-1.7353356,-2.2589777,-4.451191,-0.77435577,-0.6412686,0.43105808,-2.541331,4.318441,-1.3835721,-1.5834616,2.1196125,2.6029074,-1.2683618,1.0788178,3.9250693,-3.1047955,-2.1730714
1,/data_nas/huangyj/data/placePulse/rawData/googleviews-110802files/51414665fdc9f049260067d5.jpg,2.2822688,-0.6531777,-0.19393998,1.2074395,-2.9781199,-1.1741766,-3.9272764,3.0474093,-3.8466742,-2.118996,-2.412086,3.6949193,-0.23583649,-1.1336377,2.7018418,-0.2522084,3.4315825,0.6837045,-2.7453365,2.5688298,0.9096101,1.3794976,1.2799351,1.5096791,0.39454025,-1.8412381,3.8916676,-0.51586264,1.7140452,1.3049386,2.0731807,-3.0749824,-0.9532326,-1.8404226,-1.0281849,-2.9423873,-0.9896724,-2.350364,2.3361926,-4.1006308,3.037139,1.4399403,-1.4634639,1.8950789,2.382941,-2.4600904,0.89901215,3.200898,-2.958311,1.0555781
1,/data_nas/huangyj/data/placePulse/rawData/googleviews-110802files/513d7a5afdc9f035870067d5.jpg,1.8221946,-1.9577956,-0.94537866,1.5087892,-2.840688,2.5627396,0.5992908,1.4433364,-3.75077,0.18937019,-0.8892719,-0.07044363,0.15241641,-0.35871762,1.9603449,-0.09081202,1.2702142,0.1575812,1.3431686,-0.7301335,4.015634,-0.14947835,-3.1418667,3.126443,0.46906108,0.82221514,-0.16363387,-2.5502014,1.9785957,2.0770018,-2.027883,-3.8109708,1.4140325,-2.9557197,-2.6274807,-2.9092367,0.9262109,1.1709628,2.9959,0.23679851,3.1656966,0.69750607,-1.8770922,1.7498972,1.381507,-0.058877647,1.3894709,3.5306823,0.90143776,-0.71405864
1,/data_nas/huangyj/data/placePulse/rawData/googleviews-110802files/50f433dbfdc9f065f00027da.jpg,3.9654968,0.52524036,-2.885767,0.6757886,-3.1368222,1.0235577,-1.8563111,3.419139,-1.2994806,-0.9196834,-3.1856449,2.2551458,1.4132736,-0.12923221,1.5357294,-0.45321327,3.5365145,0.5368428,-0.96093714,2.0333755,3.4370563,0.4513537,-0.6313726,2.448678,2.4686716,0.13235898,2.1925516,-2.7345717,3.3111129,1.9188718,-1.4333018,-4.1614385,1.3550366,-4.150432,-1.8058565,-0.8612315,0.6726281,1.1668802,3.3818262,-0.10916442,3.4763963,3.417473,0.25497222,1.7382259,1.2023216,0.44134796,1.5027121,1.2291979,-0.71149546,2.692562
1,/data_nas/huangyj/data/placePulse/rawData/googleviews-110802files/50f433dbfdc9f065f00027d4.jpg,4.2973914,-3.0467439,-1.0305068,3.0793793,-3.305198,2.7501042,-0.43415064,3.7855039,-4.442543,-0.14667271,-2.3783894,2.4825845,0.9800081,1.0131836,3.8390765,-2.0927348,3.5841312,-1.8131192,1.2787645,2.3015053,3.3857064,-2.2747886,-3.5776434,2.8357363,0.14350717,1.6153041,0.62486744,-1.4830538,2.497538,0.46746093,0.24651957,-3.8730628,-0.003697835,-2.1205182,-2.1895485,-3.4794436,2.4113402,-0.33609873,3.835142,-1.9627185,2.787866,2.1559322,-2.0004075,1.2833501,0.9589394,-1.0550559,-0.39302477,4.4305854,1.212733,-0.5685616
1,/data_nas/huangyj/data/placePulse/rawData/googleviews-110802files/50f4648efdc9f065f0004761.jpg,2.183063,-3.8779354,1.2047025,-1.3239578,1.449562,-0.18881977,-3.621095,2.8646,-3.2933555,-1.09931,0.5317773,2.7753203,-1.5275348,-2.1454754,5.084036,-2.6231887,1.7700877,-1.7918756,-1.7989959,1.237603,1.636067,0.5673175,1.9881818,-3.605683,-1.9759959,-2.3107767,4.476254,-3.0353076,1.1305506,2.011232,2.3012388,1.786419,-4.9848213,-1.8515491,-1.7190105,-2.557853,-1.6690515,-1.6330115,0.16254973,-3.059263,-1.3105557,-0.35958874,-2.746447,-2.7259464,3.7757986,-0.8559667,-0.9714235,3.2534773,-0.3518317,-2.1472242
0,/data_nas/huangyj/data/placePulse/rawData/googleviews-110802files/513e1c82fdc9f0358700976a.jpg,-0.3903896,-4.394061,2.4891558,-0.25697416,0.6735084,-0.018466152,-1.5831839,-0.26933604,-6.2468266,-0.60701686,2.02585,1.2767782,-2.6929548,-0.40344524,4.0708523,-0.39270604,-0.5829342,1.3352178,-0.6832772,-1.3777009,0.80797917,0.27606618,-0.121710025,-2.4043102,-1.8296062,0.13529496,1.6825279,-2.0802915,-1.1492001,1.3751848,-0.13749896,-0.8257984,-4.2210484,-1.3437073,-2.3390453,-5.9177628,-0.033673555,-0.15706159,-0.59810567,-1.9878743,1.6387866,-1.7448514,-2.705757,-0.5943074,2.1631265,-1.3601012,-0.013856339,5.9345093,-2.2055833,-3.2913325
0,/data_nas/huangyj/data/placePulse/rawData/googleviews-110802files/5140b680fdc9f04926001737.jpg,1.7559042,0.38342702,-0.87182194,-1.3162242,-0.7953568,-1.1860282,-3.9571235,2.2552373,-2.1695926,-1.6887611,-1.6731372,2.275293,-0.49787867,-1.37999,1.8852533,-0.23771828,2.3746629,1.4863454,-3.224086,1.3842533,2.2426858,2.2867692,2.92432,-1.0635188,1.3271534,-1.8333833,4.2103267,-2.522833,2.0165777,2.0435643,0.8877275,-2.6699948,-1.7064089,-3.0406096,-0.9525481,-2.010755,-1.5827037,-0.8158696,0.7320055,-2.4651523,3.0594544,1.5433178,0.17366087,1.2571497,2.5191815,-0.9211522,1.368728,1.6775624,-3.27602,1.8164959
1,/data_nas/huangyj/data/placePulse/rawData/googleviews-110802files/513cc432fdc9f0358700173c.jpg,-0.8610102,-4.311535,2.867156,-1.2317207,-0.973289,0.42380795,-1.8760976,-0.16067053,-4.395593,-0.5838638,1.9794548,0.47652566,-2.9627247,-0.4856684,3.9987748,-1.1471685,-0.9468679,0.3602552,-1.1121199,-1.4054793,2.404877,0.15317719,0.99387085,0.4249622,-2.421035,0.15878163,2.0200078,-2.1700954,-0.4156883,0.39713678,2.217865,-3.5029209,-1.050532,-0.767933,-1.0654917,-4.0536156,-0.48845196,-1.6577756,0.30015355,-3.5071099,3.6756814,-2.2370138,-1.5243251,1.8568004,2.1007593,-1.0806241,-0.2780453,3.4940152,-2.0650828,-3.556137
1,/data_nas/huangyj/data/placePulse/rawData/googleviews-110802files/513d3086fdc9f03587002734.jpg,1.9905393,-3.7343435,-0.82304686,-1.991783,-3.4324412,1.6317803,-1.8915505,0.64189494,-3.8351705,-1.8079998,-0.6733275,1.6755298,0.16710117,-0.31532264,3.9216914,-0.9677662,1.673832,0.43174583,-1.3753164,0.4740975,4.2483573,-1.4065017,0.60150635,1.88759,-0.37536827,0.5045543,1.5764214,-4.619905,1.3834996,-0.42956498,-0.10822271,-3.135248,0.00023474358,-4.306125,-1.4730633,-3.220966,0.7681402,1.0816774,3.9533205,-1.3872977,2.8527288,0.64771694,-1.3971953,0.66401106,1.116905,1.1240258,0.2806877,3.5386043,-1.9167105,-1.4851347
0,/data_nas/huangyj/data/placePulse/rawData/googleviews-110802files/50f4648efdc9f065f0004776.jpg,-0.148841,-0.10617901,1.7589148,-0.34592912,-0.39136928,-3.3123665,-5.106267,1.1953356,-0.545885,-2.4925096,-0.07155223,4.262287,-2.4307873,0.09394916,2.0033283,0.5396096,0.70016235,2.958614,-4.46309,1.224606,-1.0143751,2.275073,3.7310727,-0.58638865,0.2699904,-0.6061787,4.925403,-0.41630328,-0.30487248,0.89109796,2.1046984,-2.8223288,-1.0794603,-0.63950557,-0.5248364,-0.59207463,-1.1529242,-1.6856191,-0.91584766,-3.4730177,3.3200667,0.25721243,1.842685,1.8408593,1.717861,-1.4382328,1.0365347,-0.25701344,-5.8783493,0.84123737
0,/data_nas/huangyj/data/placePulse/rawData/googleviews-110802files/513d30d6fdc9f03587002772.jpg,2.5661163,-1.9490749,-0.08177425,-0.45298135,0.25683108,0.4964905,-2.7574046,2.5297432,-5.1540747,-0.56170166,-1.2759551,2.1069312,-0.7550022,0.9454228,3.6931896,-2.0629244,2.4690092,0.40302157,-1.6438652,1.674194,3.110191,-0.48048276,0.8017279,-2.7018485,0.6610866,0.81637716,2.7964618,-2.273879,1.5349405,0.3117789,1.7249068,-3.7872753,-4.1330223,-2.167742,-0.9029492,-5.2972465,0.98338574,-1.2225126,0.030971512,-3.84891,4.103444,1.4492682,-0.08717515,1.3397514,1.5329148,-1.7798498,-0.24664882,4.7579465,-2.7953374,0.19709766
0,/data_nas/huangyj/data/placePulse/rawData/googleviews-110802files/513d7a41fdc9f0358700677e.jpg,2.3489146,-1.6837157,-1.5646023,-0.8249155,-1.1459655,2.331325,-0.48872423,1.5689608,-0.9997592,-0.16242771,-0.4281411,0.3715351,0.17929487,-0.15035586,2.295806,-0.7427594,0.9985987,0.3969829,0.15122737,-0.47733402,4.757887,-0.14955626,-1.1725831,1.0320978,0.9691721,1.0657471,1.1068352,-4.42178,2.3356614,1.8515607,-2.3014903,-2.7244492,0.7992,-4.2513123,-2.3221545,-0.7190468,0.93040526,2.2941647,2.179839,1.2029,2.279859,1.4007152,0.050591856,0.22592747,1.2885687,1.8504579,1.1089678,1.048522,0.21264994,-0.049009312
0,/data_nas/huangyj/data/placePulse/rawData/googleviews-110802files/50f5ec1dfdc9f065f000877e.jpg,1.4673511,-2.9790454,2.042853,0.5870715,-0.6690184,-0.8883387,-3.604305,2.3135784,-4.331608,-0.9664315,0.2477271,3.761763,-2.9009826,0.76507336,4.5524664,-1.4288815,0.9521283,1.1630114,-1.9604485,0.6034822,0.82597214,0.6425303,0.72822016,-0.65454614,-0.5916836,0.9489731,3.7968974,-1.6666005,0.23861694,1.7611716,1.4929767,-4.7174273,-2.2640073,-1.4517536,-2.1605995,-4.391838,0.44899926,-1.0477113,-0.040574253,-3.3958883,4.8670387,0.20496258,-0.36178985,2.1176078,2.2837331,-1.6652344,0.29337525,3.6869254,-3.4056685,-1.0139003
0,/data_nas/huangyj/data/placePulse/rawData/googleviews-110802files/50e5faeed7c3df413b00077c.jpg,0.08207755,-4.7093053,1.0066202,-2.0087771,-3.6769636,1.1576229,-1.7250196,-0.4731074,-5.7157474,-1.8081013,0.35237488,0.5894274,-0.72424436,-1.553598,4.0935016,-0.7000711,0.76382464,-0.05288408,-1.2711048,-0.27856535,3.2667644,-0.9927282,1.2398148,2.1380289,-2.208444,-1.0408927,1.3035203,-3.2138565,0.23754917,-0.89910436,1.6902517,-2.366399,-0.4882161,-2.5149093,-0.7612874,-4.700722,-0.66127247,-1.011297,3.4996603,-3.2146106,2.391643,-1.4858221,-3.2834737,1.0032573,1.7442071,-0.48366165,-0.30532718,5.015662,-1.710798,-3.3642015
0,/data_nas/huangyj/data/placePulse/rawData/googleviews-110802files/50f5ec1dfdc9f065f0008775.jpg,-0.11146906,-3.7262049,3.4565403,-0.7398248,-1.8150303,-0.98534834,-3.2833743,0.7305991,-1.0778826,-1.0458416,1.4929332,3.3594387,-3.710525,2.2521908,4.3604445,-2.01095,-0.9282366,0.76608413,-2.2225285,0.18184651,0.28385386,-1.0802631,1.9815904,1.6536705,-1.8507891,2.6840525,3.0439575,-1.314284,-1.1749139,-0.9920056,3.402481,-6.326412,0.8610111,0.27122894,-0.40882376,-1.5865189,1.2272606,-1.2672901,0.075076185,-3.7433891,5.905792,-1.0197273,1.9152943,3.645129,0.57907593,-0.058695048,-1.0130358,0.05316965,-3.9823105,-2.171497
1,/data_nas/huangyj/data/placePulse/rawData/googleviews-110802files/5141463bfdc9f0492600677b.jpg,4.264448,-2.9399023,-1.574119,2.0294762,-2.8925653,3.5153658,0.5620878,3.853837,-4.5104637,0.6540593,-2.3755543,0.35216984,1.7382716,-0.95181113,3.3362093,-2.7181697,3.6863656,-3.8125854,2.1500585,2.0127084,4.0778484,-1.9459168,-3.2615583,2.2546358,-0.56276554,-0.5037624,0.12433586,-1.7081734,3.0981894,0.9828144,0.7311477,-1.6092224,-0.46605864,-1.9225688,-1.6545342,-3.1737416,0.87402755,-0.92379236,4.026814,-1.7115256,0.59905696,1.5217801,-3.8106875,-0.029539939,1.7908686,-0.98538655,-0.98658776,4.6260796,3.8611915,-1.0400953
1,/data_nas/huangyj/data/placePulse/rawData/googleviews-110802files/5141461afdc9f0492600672d.jpg,4.73266,-1.43523,-3.039785,1.5705202,-2.3726308,3.5347893,0.5248219,3.7223783,-3.4596825,0.3705142,-3.051411,0.48135614,2.5752158,-0.36478177,2.2907927,-1.9074649,4.0242877,-2.4171252,1.6953449,2.184064,4.7149763,-1.7341489,-3.167256,1.5548127,1.1263387,0.17619278,0.015763633,-2.4742138,3.6013453,0.98499846,-0.97765654,-1.6838735,-0.41314003,-3.329009,-1.7259855,-2.4433897,1.4809747,0.5442051,3.8616636,-0.31602892,0.7963135,2.8062747,-2.3130577,-0.26751903,1.0349452,-0.103487045,-0.12024691,3.8000445,2.9154375,0.6324533
0,/data_nas/huangyj/data/placePulse/rawData/googleviews-110802files/5140ca1bfdc9f0492600272e.jpg,1.854111,-4.3722963,1.9514818,0.27112642,-1.6496981,0.82895476,-2.0256252,2.9244635,-4.6141453,0.08536093,0.5832834,1.8715432,-2.3491905,-1.3567986,5.234674,-2.5599883,0.98335075,-1.8881265,0.0065687615,-0.046536878,1.9638436,0.30872595,-0.6074009,1.2397133,-2.311658,-0.7772656,3.0366504,-2.0727448,1.0338981,2.528323,1.9411192,-3.0388124,-0.98684156,-1.4152306,-2.2036011,-3.8255196,-0.72779226,-1.6974717,1.750547,-3.0262144,2.7414913,-0.85047245,-3.2927148,1.1263366,3.3326414,-1.2640625,-0.49749556,4.0774045,0.7830614,-2.7355278
0,/data_nas/huangyj/data/placePulse/rawData/googleviews-110802files/514134a8fdc9f0492600472e.jpg,1.327811,-0.24345198,-1.4928762,-2.7179463,2.2370667,-0.79263383,-3.5193882,0.98255926,-3.7231808,-1.9754003,-1.056004,1.2732419,0.5976923,-2.3303285,1.6260207,0.13604528,2.449038,1.5035859,-3.338614,1.2954566,2.6121416,1.8564945,3.4824865,-5.687571,1.0701046,-2.9553175,3.5410278,-3.323491,1.5536605,1.264085,0.070568785,2.6426792,-6.260228,-3.519905,-0.68692243,-3.2706738,-1.9519743,-0.46769112,-0.6457599,-2.041492,-1.3064038,1.001933,-1.1762573,-2.8934681,2.534765,-1.1597542,0.9265709,3.8252864,-3.2339222,0.83430684
0,/data_nas/huangyj/data/placePulse/rawData/googleviews-110802files/50f6145abeb2fed910000725.jpg,2.7890713,-2.0124373,-0.46296653,1.3928574,-2.7096374,2.7404912,0.25067604,3.200259,-1.0860386,1.0267113,-0.81901747,0.36651874,-0.38983938,0.047866978,2.6768486,-2.0462275,1.2517539,-1.9312849,1.642237,-0.011050537,3.919979,-0.6000195,-2.8713408,4.01127,-0.16024008,1.2148145,0.7669446,-2.235315,2.5454335,2.1710048,-0.20442471,-4.7491183,2.9318,-1.972985,-2.0186617,-0.46749565,1.0100206,0.27801177,2.8565629,-0.25779802,3.501799,0.97032315,-0.8207814,2.3561966,1.512375,0.58708805,0.26876822,0.79226536,2.5216818,-0.5814636
0,/data_nas/huangyj/data/placePulse/rawData/googleviews-110802files/513d9a97fdc9f03587007725.jpg,0.07405898,0.17653167,0.11196833,-0.51297134,1.4778961,-1.8926867,-3.6249661,0.23017497,-3.7831712,-1.9759277,-0.22024807,2.5750108,-1.4585248,-0.0056858417,1.2269241,1.6408328,0.8550781,4.45192,-3.4482713,0.06352762,1.0187114,2.5210683,2.0855038,-3.7023797,1.7513592,-0.15988769,3.3064167,-1.9576328,0.17708114,1.8154702,-1.2043759,-1.6868826,-4.1444044,-2.7966022,-1.7643691,-3.9565732,-0.40815082,0.3204614,-1.6837388,-1.6528515,2.8820636,0.8319423,0.8501847,0.361697,1.577631,-1.6462489,2.2570848,3.408916,-5.9097657,1.1594197
0,/data_nas/huangyj/data/placePulse/rawData/googleviews-110802files/513e1c6bfdc9f0358700972a.jpg,2.3909478,-0.96891004,-0.8381744,0.6855805,-1.4597526,0.8841169,-1.7597717,2.312123,-2.2517374,-0.6427232,-1.1047473,2.0209725,-0.61957127,0.39605215,2.3237631,-0.40788937,1.5674084,1.2455026,-0.8140773,0.34156,3.2467878,0.57124966,-0.8703676,0.94635606,1.288061,1.0877934,2.118178,-2.939144,2.0013545,2.1332312,-1.2347038,-4.3812327,0.07138689,-3.324693,-2.3486392,-2.03639,0.8721507,1.0543536,1.5844885,-0.52125573,4.065051,1.684979,0.30570373,1.8276105,1.4764276,0.21124701,1.4702123,1.9470868,-1.5559264,0.81999856
0,/data_nas/huangyj/data/placePulse/rawData/googleviews-110802files/513d5cf5fdc9f035870037ed.jpg,-1.7588059,-3.8145142,3.8489535,-0.5153223,2.5982647,-0.114361085,-1.6857274,-0.7949902,-1.7031026,-0.1707208,3.318605,0.58375084,-3.7103794,1.1583893,3.043246,-1.0677356,-2.2657251,0.98029065,-1.2165465,-1.6515582,1.4316244,-0.0134416055,0.98719215,-2.7360263,-2.246694,1.7779486,1.8155694,-1.2930394,-1.3759652,-0.16623396,2.1038895,-1.6690911,-2.726512,1.0089102,-0.8978496,-1.9433912,0.48923692,-1.3940668,-2.9405541,-2.8645763,2.0279696,-2.527401,1.0680399,0.3056645,1.2978052,-0.8614814,-0.7464987,1.1216238,-2.947535,-3.632455
1,/data_nas/huangyj/data/placePulse/rawData/googleviews-110802files/513cc4e0fdc9f035870017e6.jpg,0.8349825,-4.8399615,2.4101367,0.5093312,-2.7049289,1.5881015,-0.7315757,1.4751439,-4.4909616,0.2977537,0.92915744,0.9122275,-2.2802672,0.2743128,4.623291,-2.452151,0.059959136,-1.6734928,0.6899736,-0.47280294,2.3067708,-1.5082875,-1.2250445,2.712989,-2.5616543,1.1017731,1.096432,-1.5894151,0.17963175,0.31726158,2.3636904,-4.725338,0.5071791,-0.29182166,-1.325845,-3.921472,0.68136483,-1.4858172,2.0028858,-3.1762493,4.1028037,-1.4053019,-2.23737,2.6036682,1.6931009,-0.8272702,-1.0724145,3.7224553,0.3745784,-3.4733675
1,/data_nas/huangyj/data/placePulse/rawData/googleviews-110802files/50f42c0efdc9f065f00017e2.jpg,3.0164468,-4.098749,-0.27943185,1.0182139,-1.370613,2.9450538,0.054029882,2.2851312,-4.273101,0.31798366,-0.3718097,1.1942892,-0.09728942,0.7550508,4.1854796,-2.1816049,1.650343,-1.3746153,1.4438677,0.38867658,3.7625906,-2.1941793,-2.8973184,0.63054,-0.5608739,1.8533546,0.32672966,-3.137402,1.5269146,0.79795337,-0.7540945,-2.4184237,-1.2588552,-2.621895,-2.446952,-3.6795788,2.1099973,0.961576,2.4589956,-0.6420306,1.8740689,0.8461901,-1.9930425,-0.15347917,1.187052,0.25461146,-0.56912327,4.39849,1.2606213,-1.9421043
0,/data_nas/huangyj/data/placePulse/rawData/googleviews-110802files/513e644cfdc9f0358700b7ee.jpg,-0.20165223,-5.401757,2.305083,-0.8872429,-1.0402921,1.0315577,-1.339359,-0.061085843,-6.246973,-0.7357131,1.7318331,0.5221385,-2.1934845,-1.6440166,4.6729045,-1.1174257,-0.16511294,-0.42135388,-0.29010603,-1.3508767,2.4633539,-0.1667952,0.07490379,-0.37233,-2.8035946,-0.9072437,1.5346586,-2.8778274,-0.23969638,1.106203,1.1194752,-1.0451463,-2.6676745,-1.6113812,-2.0567856,-5.386126,-0.85576123,-0.9377253,1.3113098,-2.691427,1.3849239,-2.3085039,-3.9371717,-0.21515387,2.84478,-1.1296135,-0.30296698,5.7515745,-0.7003755,-4.324933
1,/data_nas/huangyj/data/placePulse/rawData/googleviews-110802files/513f2c0cfdc9f0358700d7e1.jpg,3.1966143,-1.4991902,-1.9235752,-0.09134025,-1.7691793,2.74218,-0.089687295,2.8339076,-1.2580177,0.39228165,-1.1517289,0.014263887,0.7046801,-1.0454457,2.3129992,-1.465798,1.9079188,-1.2968757,0.94756544,0.10508754,4.7730517,-0.07341801,-1.8164333,1.8572904,0.65253484,-0.0082150055,1.1213608,-3.8307111,3.101191,2.530649,-1.6220353,-2.2847366,1.1326737,-3.819338,-2.2522695,-0.54818356,0.3024047,1.4268936,2.9371817,0.8681909,1.5789504,1.591274,-1.2043475,0.18065028,1.9280834,1.3586051,0.71275115,1.2772607,2.2147553,0.113828
0,/data_nas/huangyj/data/placePulse/rawData/googleviews-110802files/50f42c0ffdc9f065f00017e9.jpg,1.8847835,-0.23057115,-1.6865802,-1.7232002,0.6549026,-1.1879667,-4.0493507,1.3921167,-3.7921317,-2.5237284,-1.348776,2.6873798,0.23785722,-2.1861713,2.0120533,0.9243511,2.6361294,2.6948328,-3.5436568,1.1221644,2.2066488,2.5419307,2.6984956,-3.7103007,1.6241442,-2.4963417,4.1055613,-3.7555578,1.6830399,2.5614626,-1.5395393,0.93275964,-4.6792936,-4.744857,-2.1097894,-3.317913,-1.6271138,0.77078885,0.4899865,-0.9986316,0.14791243,1.6669096,-1.1914436,-2.0089207,2.8259878,-0.71637136,1.967388,3.8327532,-3.9226835,1.3925887
1,/data_nas/huangyj/data/placePulse/rawData/googleviews-110802files/513f1135fdc9f0358700c7e0.jpg,-0.68462485,-4.133757,2.510718,-2.0496976,-1.4473227,0.33705756,-2.1103144,-0.10978621,-3.7160735,-0.6990646,1.8413141,0.673578,-2.9814067,-0.5006129,4.077324,-1.2756822,-1.0226084,0.4837687,-1.3502022,-1.5497303,2.6898978,0.13616866,1.5089673,0.8687916,-2.1206436,0.29774275,2.298746,-3.0498765,-0.22884826,0.5981653,1.9060324,-4.1793365,-0.3018112,-1.4661136,-1.1182705,-3.5439854,-0.5887683,-0.9220856,0.77692425,-2.928148,4.2740717,-1.9872187,-1.0459688,2.2756908,2.1054993,-0.23798679,-0.01433955,2.7774773,-2.2153516,-3.1558487
0,/data_nas/huangyj/data/placePulse/rawData/googleviews-110802files/513e6446fdc9f0358700b7e4.jpg,0.4072883,-4.0453324,1.7319547,0.16635217,-2.95201,1.566398,-0.8733994,0.8984609,-3.9215038,-0.34054345,0.76817596,0.4926306,-1.7363325,-0.5413647,3.6794152,-1.2850747,0.10445909,-0.74807596,0.11265476,-0.83478194,3.1853182,-0.5580572,-0.83061755,3.2011108,-2.0438478,0.34940732,1.1719612,-2.1316764,0.69929785,0.6226092,1.5984955,-4.276315,1.1638961,-1.147809,-1.4480292,-3.1001127,0.041901037,-1.2097095,2.395521,-2.7065554,3.7074893,-1.3547044,-2.074083,2.4456382,1.8881228,-0.62220323,-0.08750882,3.0853453,-0.1885621,-3.0191643
0,/data_nas/huangyj/data/placePulse/rawData/googleviews-110802files/513d9f60fdc9f03587008715.jpg,1.9350212,-2.3792796,-0.87037003,0.547338,2.696659,2.2965975,-0.53870755,1.7447966,-2.6254869,-0.49318182,0.149782,0.2566101,0.8233888,-1.6160941,2.201436,-0.7674694,1.6678259,-1.0825031,0.32934633,0.38348866,4.2623763,-0.09180644,-1.3600616,-3.687977,-0.34021178,-1.196583,1.2232304,-3.1075191,2.094114,1.5484552,-0.8621802,3.6581001,-4.5148373,-2.3882248,-2.1153522,-1.4282414,-0.2018058,0.025636092,0.004414309,-0.48286325,-3.333765,0.3049931,-2.1631234,-4.0358205,2.370851,-0.40131444,0.11688458,3.0360188,1.2004317,-1.6387286
1,/data_nas/huangyj/data/placePulse/rawData/googleviews-110802files/513d9a94fdc9f0358700771b.jpg,4.2904525,0.051257014,-3.5251868,1.3822867,-1.7812632,1.9040568,-1.4783773,3.4859684,-3.0861804,-1.294041,-3.7759547,1.5923222,3.035063,-1.0859578,1.4193127,-0.44791335,4.946623,-0.5378841,-0.6730916,3.1066387,4.4484878,-0.08759391,-1.1176293,0.32639292,2.1180139,-1.3255854,1.6209515,-2.1905522,3.9359744,0.8842162,-0.59943414,-0.42223817,-1.5976595,-3.7367234,-1.3460451,-1.9050355,0.37226412,-0.3415578,3.2972176,-1.4514651,0.060593683,3.334049,-1.4402559,-0.84224665,1.512179,-1.0929029,0.92326456,3.3427079,-0.019219942,1.9518245
0,/data_nas/huangyj/data/placePulse/rawData/googleviews-110802files/51408acafdc9f0358700e7cd.jpg,-0.02434568,-2.0391636,2.3517482,0.10023029,-2.6291087,-1.3341775,-3.391933,1.1024187,-1.8035377,-1.3286773,0.6034331,2.92875,-3.1546137,0.5610091,3.1416948,-0.36368757,-0.20027368,1.8582289,-2.4248195,-0.22019748,0.71077895,1.2472984,1.493901,2.7306798,-0.73455346,0.8634464,3.4393473,-1.1911939,-0.031130647,1.1413871,1.8011147,-6.3638487,1.6588112,-0.9538071,-1.3016615,-1.8451977,-0.17122872,-1.1589328,0.7595335,-3.0241537,6.0969663,-0.4745638,0.8250164,4.0799327,1.6457757,-0.7485432,0.8390165,0.69895923,-3.9187386,-0.8205811
0,/data_nas/huangyj/data/placePulse/rawData/googleviews-110802files/51408ac5fdc9f0358700e7c1.jpg,3.4520423,1.0452296,-3.4149642,0.59183985,-1.2509,1.4188523,-1.0799413,2.243632,-2.7391028,-0.64276546,-2.9516912,1.2655451,1.607791,0.6941815,0.6315066,0.44058505,3.1356928,2.1649387,-0.7941562,1.2465715,4.2366133,0.5303668,-1.2396545,-0.17270441,3.5996063,1.179308,1.0665647,-3.1095426,3.0904784,1.7822891,-3.0026624,-3.8476765,-0.8156517,-4.683249,-2.1108708,-2.7248056,1.5451783,2.1788244,1.8574617,0.58029765,3.7049696,3.5913863,0.84704137,1.2637898,0.52431536,0.08509209,2.2478223,2.862128,-1.9228313,3.022817
0,/data_nas/huangyj/data/placePulse/rawData/googleviews-110802files/51414e41fdc9f049260077cc.jpg,-0.0464508,-3.1610546,3.0898726,-0.838462,-1.367209,-1.2624787,-3.3608963,0.9641255,-3.4212723,-0.7636108,1.0469801,2.7608232,-3.6834154,1.1241574,4.209785,-1.637706,-0.39492705,1.1469101,-2.2313042,-0.13242616,0.33837536,0.16517971,2.0039563,0.40484256,-1.4226245,1.3553977,3.3553221,-1.2954876,-0.8419178,0.43950346,2.868628,-6.0517054,-0.8204696,-0.30695957,-0.8516594,-3.8712478,0.24738652,-1.5461384,-0.28521034,-4.021897,6.118692,-0.96243006,0.48807123,3.6199749,1.5785495,-1.228327,-0.36900553,2.4113383,-3.902688,-1.6859983
0,/data_nas/huangyj/data/placePulse/rawData/googleviews-110802files/50f5ec34fdc9f065f00087cc.jpg,-0.9855721,-3.0342493,2.876109,1.2430631,1.3866514,1.054603,-0.34203386,-0.22631176,1.0859612,0.16669832,2.836357,0.77902454,-3.0273962,2.084089,2.0946264,-0.66866153,-2.365721,0.8290614,0.16916272,-1.8274018,2.0462022,-0.5493864,-1.378049,0.22340402,-1.3329129,3.3876178,0.7075413,-1.5267795,-0.5482761,0.3192477,0.2736787,-2.9379797,0.69452035,0.61223435,-1.738316,0.9158033,1.7855515,0.32463008,-1.7161549,-0.5179772,2.4305184,-1.5563413,2.3728716,1.0135629,0.45195276,0.75590074,-0.050309647,-1.4922433,-1.3779942,-2.7926214
0,/data_nas/huangyj/data/placePulse/rawData/googleviews-110802files/50f5ec34fdc9f065f00087c8.jpg,0.64145243,-0.12131693,0.13063255,-0.5693977,1.2711082,-1.3381248,-3.5392458,1.5706706,-3.1079302,-1.4859064,-0.3676991,1.8945391,-1.2399564,-1.9515792,1.6597596,0.49029875,1.3994659,1.9220594,-2.7970414,0.26545346,1.6907547,3.0309417,2.1714015,-3.0075464,0.6827877,-2.2537065,3.9464753,-2.1280315,1.2787689,2.94806,0.18732959,-0.41827905,-3.6559377,-2.3431365,-1.6876317,-2.696961,-2.0648162,-0.9407359,-0.89811444,-2.1740167,1.2583793,0.32507718,-0.7477979,-0.27391395,3.1236255,-1.718663,1.722136,2.7190478,-3.1335096,0.61309737
1,/data_nas/huangyj/data/placePulse/rawData/googleviews-110802files/50f5e561fdc9f065f00067c5.jpg,3.6222882,-0.0323395,-1.6845078,0.5804524,-3.1718602,0.59721816,-2.6174796,3.5818555,0.3857973,-1.2431096,-2.784248,3.1058347,0.9012451,0.7818324,2.0355053,-1.4200501,3.2299087,-0.34849447,-1.6154743,2.9171815,2.804087,-0.66291904,0.42671564,2.9919255,1.4433992,0.72947866,2.760013,-1.8370131,2.7476096,0.023650112,1.1354023,-4.5035458,2.0114067,-2.42456,-0.4878155,0.7574731,1.0188472,-0.35681474,3.0362372,-1.8651779,3.529529,2.9116142,1.5482217,2.2571409,0.59266,0.42435005,0.2392665,-0.7338483,-1.2846742,2.0550222
0,/data_nas/huangyj/data/placePulse/rawData/googleviews-110802files/513e6432fdc9f0358700b7ca.jpg,1.0589972,-4.6683884,2.886053,0.6045313,-2.2500246,-0.067886524,-2.5567088,1.8918252,-5.140791,-0.5166015,0.84099317,2.9136207,-3.1264884,0.32236606,5.370865,-2.0637712,0.42225826,-0.3333153,-0.7817505,0.060227614,0.77052426,-0.31352413,-0.09758847,1.4429816,-2.203143,0.8192852,2.8141117,-1.3539732,-0.23108025,1.1963114,2.3037944,-4.9855766,-0.9238435,-0.76234525,-1.9497734,-4.856624,0.36199576,-1.6084197,1.251262,-3.729411,4.7597256,-0.97325575,-2.057687,2.5317655,2.2795558,-1.5979314,-0.57262707,4.3702645,-1.6954867,-2.8282163
0,/data_nas/huangyj/data/placePulse/rawData/googleviews-110802files/5140b6a2fdc9f0492600179f.jpg,3.4964926,-3.9866333,0.1838978,2.1950643,-1.3286335,1.4011993,-1.9248608,3.9163325,-5.459198,-0.8986594,-1.4528567,2.9241636,0.39350718,-1.5853409,4.7365565,-2.3153412,3.6430895,-2.8627822,0.14916348,2.516067,2.0734665,-1.0953689,-1.5979846,-0.11384699,-1.670942,-1.7378688,2.466112,-1.3322002,1.8884498,1.2419279,1.9932343,0.82895184,-3.4520411,-1.2979761,-1.9783005,-3.7756054,-0.1763935,-2.2372217,2.7465165,-3.5668862,-1.1145132,0.5727415,-4.403987,-1.7245064,3.0185862,-2.206615,-1.0322158,5.487059,1.3678159,-2.0265257
0,/data_nas/huangyj/data/placePulse/rawData/googleviews-110802files/50f561f1fdc9f065f0005794.jpg,1.3004673,-2.7074366,1.3594079,0.64734656,-2.599313,0.27638954,-2.5549853,2.0446503,-3.4626546,-1.113504,-0.61717945,2.5491378,-1.2690387,0.5723344,3.5538063,-1.5301293,1.5176128,-0.21650103,-1.429055,1.386545,1.8913658,-0.7805484,0.41789368,2.1477158,-1.0074056,0.63559216,2.5349202,-0.91494584,0.7231002,-0.48509228,2.9410622,-4.616226,0.045055214,-0.61921513,-0.50902355,-2.9174514,0.5797487,-2.278377,1.7269487,-4.340184,4.213684,0.0794611,-0.4076662,2.7412024,1.258565,-1.6220568,-0.5233023,2.6446404,-2.1486254,-1.2317122
1,/data_nas/huangyj/data/placePulse/rawData/googleviews-110802files/513d7a65fdc9f035870067fd.jpg,2.6282551,-0.36721277,0.047119558,1.1409097,-3.1981304,-1.4256973,-4.327072,3.5299332,-0.23799236,-2.1645372,-2.188666,4.809243,-0.57002795,0.37259415,2.7195125,-0.9234789,2.9069443,0.4707201,-3.0353732,3.075633,0.505945,0.48084494,1.6849385,2.789551,0.5602113,-0.19193432,4.3612514,-0.60239273,1.6060107,0.46451813,2.5033586,-4.332661,1.2900329,-1.3268757,-0.59327376,0.2831661,-0.024040543,-1.7375189,2.2805252,-3.4756231,3.743225,2.0094655,1.1313938,2.588992,1.4310017,-0.852583,0.36623842,-0.44823968,-3.1573644,1.5645665
1,/data_nas/huangyj/data/placePulse/rawData/googleviews-110802files/50f46497fdc9f065f00047f2.jpg,1.8778292,-0.789049,0.543211,0.35972407,-2.2151272,-1.6477023,-4.531586,2.6918826,0.029628638,-2.3083518,-1.238515,4.665815,-1.2251819,0.3850907,2.8655064,-0.6386645,2.024688,1.1993765,-3.408334,2.2550194,0.59998214,0.80712,2.236484,1.6904683,0.34231487,0.0049166847,4.513226,-1.2877697,1.1325358,0.6225106,2.0914252,-3.7857347,0.6705456,-1.558302,-0.8498466,0.34891847,-0.14236404,-1.2297714,1.4801903,-3.0750976,3.439262,1.4217826,1.4780787,2.0061378,1.5763661,-0.4446924,0.59289855,-0.67231697,-3.9060636,1.0006576
1,/data_nas/huangyj/data/placePulse/rawData/googleviews-110802files/513e1cbcfdc9f035870097f9.jpg,0.61998856,-2.5078678,2.3187308,-0.17380635,-0.46452954,-2.5663023,-5.030405,1.6034625,-3.6195416,-2.2587075,0.2735621,4.5878587,-2.8670988,-0.26386902,4.1947727,-0.5551514,1.0982227,1.9123075,-3.7012527,1.141332,-0.66672003,1.5652505,2.8623054,-1.519729,-0.8432341,-0.7417261,4.935487,-1.2116117,-0.39482033,1.4048815,2.1891856,-2.527768,-3.1214786,-1.1337799,-1.5834119,-3.5155544,-0.91362137,-1.6869045,-0.3409366,-4.0248365,3.108834,-0.2032264,-0.45551234,0.9357773,2.692061,-1.9404339,0.38537407,2.9930558,-5.0112543,-0.81431264
0,/data_nas/huangyj/data/placePulse/rawData/googleviews-110802files/51408adefdc9f0358700e7f8.jpg,-1.3045397,-4.192155,3.6165824,-1.3684511,-0.5527878,0.20585555,-1.4819508,-0.16780764,-4.5130806,0.17167804,2.0874352,-0.21891141,-3.310343,-0.23976596,3.8149881,-2.0004544,-1.1794531,-0.7668451,-0.7378992,-1.1905824,1.5700581,-0.31449947,1.3938,-0.052324865,-3.0447624,0.08066694,1.628352,-0.88787013,-0.93224853,-0.39752012,3.9993176,-3.7243912,-1.5032476,0.94781584,0.07891551,-4.4391084,-0.64521146,-2.9678438,-0.54775506,-4.663744,3.8811946,-2.8141708,-1.5611014,2.547979,1.7655329,-1.8453653,-1.2309742,3.4930289,-1.5277171,-3.807829
0,/data_nas/huangyj/data/placePulse/rawData/googleviews-110802files/513d7a62fdc9f035870067f4.jpg,2.4659443,-1.8234345,-0.31636226,-0.6099608,-0.047719117,0.5409485,-2.7831452,2.951582,-3.464445,-0.69674975,-0.8257932,1.879815,-0.812099,-1.1171414,3.5213335,-1.6102709,2.0949223,-0.1916877,-1.3994998,0.8502218,3.4467642,0.9451268,0.78617793,-1.4519454,0.22756936,-0.97285503,3.5202374,-3.2355864,2.2305825,2.3687499,0.7309571,-2.2473588,-2.5370731,-2.9967017,-1.863406,-3.0445309,-0.7211376,-0.64320135,0.86252004,-2.3293042,2.400504,0.989412,-1.1201146,0.36003387,2.9716134,-0.8012407,0.56420535,3.1361446,-1.0514032,-0.07794875
1,/data_nas/huangyj/data/placePulse/rawData/googleviews-110802files/51408adcfdc9f0358700e7f4.jpg,0.7755133,-2.0046854,0.5249484,-1.3016412,0.92001116,1.2649704,-1.2813987,0.85413134,1.4851661,-0.027652692,1.4857074,0.47767496,-1.7336036,0.7703788,2.2572048,-1.1564442,-0.84376276,0.6752728,-0.78205115,-1.2205992,4.036765,0.22892503,0.27031592,-0.24639875,0.0056937523,1.9342039,1.943008,-3.805976,1.3242972,1.3369235,-0.4934394,-2.8644457,0.71400774,-2.2924013,-1.6591694,1.2133063,0.8123736,1.3130603,-0.35119212,0.26132408,2.5156517,0.11555134,2.1943898,0.51719373,1.2145709,1.9581648,0.622579,-1.7401023,-1.2029268,-1.0262592
0,/data_nas/huangyj/data/placePulse/rawData/googleviews-110802files/50f61461beb2fed910000787.jpg,-0.7385276,-4.0909514,2.503711,-0.6416438,-1.8296859,0.04306995,-2.0239334,-0.044445433,-5.686547,-1.0120568,1.397624,0.8482096,-2.6110783,-1.5054191,3.8299668,-0.40011168,-0.29730973,0.62190086,-1.1320413,-1.3057163,1.8538634,0.89853454,0.741097,0.9026146,-2.253309,-0.9731855,2.1207037,-2.0003607,-0.27436516,1.2810117,1.5168359,-2.935511,-1.2549903,-1.2607319,-1.6643014,-4.984005,-1.2351764,-1.5529147,1.1107206,-3.2655036,3.2344418,-2.154602,-2.949421,1.6582668,2.6820173,-1.6708971,0.38078654,4.8091207,-1.9725024,-3.305278
0,/data_nas/huangyj/data/placePulse/rawData/googleviews-110802files/513f10e9fdc9f0358700c782.jpg,-0.20560963,-2.1117191,1.2610357,-1.9857308,2.9241302,-1.1488135,-3.174401,0.15934087,-5.2097635,-1.1136047,1.2518626,1.2992713,-2.2121139,-1.41708,2.9080534,-0.054509163,0.15955935,2.139184,-2.5271778,-0.7648145,1.5265939,2.0986817,2.486977,-5.7100015,-0.35031897,-1.4245243,3.3842537,-2.8857725,-0.106756866,2.2259824,0.071687266,0.5037229,-6.353356,-2.2877154,-1.7903624,-5.232631,-1.5030751,-0.46560055,-2.232919,-2.2618928,0.933358,-0.8470079,-1.4457512,-1.4286813,2.9067092,-1.7048186,0.88365036,4.956766,-3.6716301,-1.284
1,/data_nas/huangyj/data/placePulse/rawData/googleviews-110802files/514134c2fdc9f0492600478e.jpg,2.9570377,-0.25655818,-3.4903605,-0.24714915,-1.2542267,2.2237282,-0.58702296,1.595936,-2.9718542,-1.2256889,-2.4896824,0.41645196,2.628785,-1.1108189,0.9294943,0.34412128,3.2357373,0.6227937,-0.42893133,1.2781198,4.9204288,-0.3166781,-0.87067914,-0.40392113,2.1157196,-0.6994176,0.6453216,-3.849079,2.9980226,0.858,-2.4140801,0.03690157,-1.5953207,-4.6744113,-1.6256669,-2.0343494,0.438948,1.6611696,2.9073899,0.4458653,-0.01839623,2.4690263,-1.1803762,-1.3127124,1.0506428,0.51640314,1.3490853,3.2304435,-0.30223748,1.2939956
0,/data_nas/huangyj/data/placePulse/rawData/googleviews-110802files/513d5cbdfdc9f03587003789.jpg,1.4148929,-1.3609502,-0.45650813,-0.1229111,-3.0693421,0.17791665,-2.350168,1.2817981,-3.8119264,-1.3631014,-0.94838876,1.8709368,-1.0047115,-0.7507945,2.556347,0.48350915,1.4154915,2.1399772,-1.6520265,-0.24014153,2.8604095,1.5954227,0.12922762,2.2374446,0.8165471,-0.14119758,2.4331493,-2.9721434,1.584937,2.3841856,-1.061213,-4.916197,0.67448753,-3.861294,-2.4022887,-3.4053044,-0.23058656,0.62805486,2.5257676,-1.15916,4.8172574,0.8929288,-0.98607266,2.5548718,2.0253696,-0.3861349,2.1263115,3.2508361,-2.7108567,0.29301518
1,/data_nas/huangyj/data/placePulse/rawData/googleviews-110802files/513cc486fdc9f0358700178f.jpg,3.7168815,-0.86098737,-2.5663257,0.74532026,-1.6259425,1.7883312,-1.3745776,3.6309514,-4.862429,-0.64126223,-2.9478621,0.56202525,2.0273354,-3.0730164,2.2246938,-0.90640867,4.4284825,-1.6671168,-0.16544308,1.9984689,4.187135,1.0748271,-0.8433477,-0.010269109,0.7173733,-3.282724,2.0819178,-2.308522,3.78725,2.6018088,0.0038261004,0.35023707,-2.362863,-3.5216053,-1.7797683,-3.3695996,-1.4595985,-1.2379875,3.1973424,-1.9199799,-0.44424236,1.8979187,-3.9777322,-1.0746979,3.2044466,-1.8235688,0.8390332,4.955395,1.5488197,0.6522874
0,/data_nas/huangyj/data/placePulse/rawData/googleviews-110802files/513cc47efdc9f03587001788.jpg,0.30964303,-1.6410663,0.67587405,-2.2510586,1.6433226,-1.1081718,-3.4832053,0.37068248,-1.733316,-1.4810008,1.3010695,2.3547554,-2.379548,-0.37601393,2.7768648,0.20088202,-0.4041983,3.0656638,-2.9032989,-1.0291044,1.9240065,1.997229,2.3698127,-3.2006218,0.48380452,0.21292421,3.8226624,-4.162801,0.24079433,2.528781,-1.4360522,-1.4103239,-2.9339359,-3.5769541,-2.364627,-2.0445292,-0.56889164,1.583329,-1.1908777,-0.23143174,2.2622654,0.10000503,0.896804,-0.57687485,2.265917,0.6655703,1.5825565,1.4912795,-4.186691,-0.33580297
0,/data_nas/huangyj/data/placePulse/rawData/googleviews-110802files/51414e25fdc9f04926007785.jpg,1.0931181,-2.8114872,1.1014614,1.604769,-0.3552636,0.21529672,-2.2334528,1.4753052,-6.6099634,-0.93184394,-0.21428832,2.0817103,-1.5615159,-0.21516503,3.5075672,-0.09806789,1.6231765,1.5347973,-1.0851284,0.14153105,2.2111335,1.0259951,-0.92171836,-1.1791182,-0.16616043,0.033558562,2.2174015,-1.2939069,0.8414107,1.8918593,0.31463155,-2.8369782,-3.4698908,-1.8408955,-2.4899497,-6.038114,0.2304535,-1.2741791,0.32195973,-3.2777026,3.2482376,0.015586812,-2.1891415,1.0305794,2.4287808,-2.9173782,1.1718649,6.197891,-2.8925729,-1.3835344
1,/data_nas/huangyj/data/placePulse/rawData/googleviews-110802files/51409357fdc9f04926000780.jpg,-0.36185774,-5.545292,3.81463,-0.17488682,-2.3513598,0.10705619,-2.0508366,0.2524847,-4.2624035,-0.7423049,1.9142615,2.2534838,-3.408184,1.0648389,5.139901,-2.0497193,-0.8322313,-0.33431095,-0.833239,-0.47586143,0.74443245,-1.6292889,0.48091936,1.8646405,-3.1668766,1.7100068,1.8464692,-1.3013102,-1.3606932,-0.8757969,3.2450645,-4.7710743,-0.27011132,0.3822409,-0.9295941,-4.054062,0.85561645,-1.7318648,1.0378441,-4.06184,4.4814887,-2.1686635,-1.2119027,2.6403768,1.2249643,-0.93410987,-1.3558999,3.3095608,-2.27682,-4.1603484
1,/data_nas/huangyj/data/placePulse/rawData/googleviews-110802files/513cc450fdc9f0358700175d.jpg,3.90094,-2.1869688,-0.6591218,1.8448637,-0.20968997,0.4020848,-3.171065,4.294046,-4.9950724,-1.1724746,-1.9774356,3.7665663,0.059492595,-0.7745793,4.219842,-1.5261629,3.9722385,-0.4038243,-1.2395313,2.5454903,2.3987691,0.45047334,-0.73077416,-1.7276257,0.44222587,-1.0338193,3.7143888,-1.9084046,2.4603915,2.3825955,0.64159995,-0.7784584,-4.0865097,-2.7826524,-2.5194092,-4.008882,0.06457292,-1.2666256,1.4833459,-3.035979,0.9117754,2.0328286,-2.3072104,-0.94311434,3.0588186,-2.2310245,0.41252846,5.0174446,-1.197056,0.17857133
0,/data_nas/huangyj/data/placePulse/rawData/googleviews-110802files/51414e12fdc9f04926007757.jpg,0.16551478,-3.4953628,2.4725804,0.83531415,-1.9471239,-0.37683007,-2.5938554,1.1977756,-4.230617,-1.1008489,0.7261044,2.5400932,-2.7354317,-0.10670889,3.959621,-0.6338895,0.30883515,0.9006532,-1.3890487,-0.3562442,1.1592753,0.54139817,0.06797766,1.6093357,-1.5578216,0.3239293,2.7401469,-1.2899753,-0.05889302,1.3654662,1.6797208,-4.0520782,-0.4795853,-0.8317004,-1.8664182,-3.646687,-0.12496983,-1.5211194,1.0635228,-3.4169655,3.9845111,-1.0707687,-1.4072384,2.312534,2.2917595,-1.6453031,0.49862808,3.4166117,-2.690892,-2.244158
0,/data_nas/huangyj/data/placePulse/rawData/googleviews-110802files/513d7a35fdc9f03587006757.jpg,-1.0107989,-1.4048384,1.8849604,-1.4815425,2.219763,0.064390205,-1.6690105,-0.18056186,-1.9359245,0.14028883,1.7861108,-0.25297487,-2.6778197,0.7038747,1.698773,-0.6579978,-1.3301938,1.6921161,-1.4939796,-1.4766284,2.726074,1.0697701,1.4181619,-2.6204946,-0.30312046,1.2174765,1.9635688,-1.8978795,-0.03369689,0.6733367,1.1434512,-3.25903,-2.1958227,-0.5719056,-0.512343,-2.4387364,0.048811622,-0.8981138,-2.6228004,-2.3708754,3.7395868,-1.1112673,1.678406,1.6281621,1.2200141,-0.8734502,0.40672505,1.285116,-3.0229867,-1.1977086
1,/data_nas/huangyj/data/placePulse/rawData/googleviews-110802files/50f433d4fdc9f065f0002751.jpg,3.0994806,-2.3768067,-2.1582346,1.1125873,-2.104622,2.8952823,0.062103182,2.3075285,-6.2367396,-0.5400908,-2.3861086,-0.23574312,2.5054793,-2.4454548,2.3701358,-0.91283804,3.9025905,-2.2084935,0.99301535,1.7105138,4.3312764,-0.75095195,-1.9991835,0.35728619,-0.19183598,-2.3760738,0.1279547,-2.0624828,2.9057052,0.79650223,-0.0112763345,1.0591389,-2.6468675,-2.787971,-1.4803784,-4.5445886,-0.41036582,-1.0667392,3.6860418,-1.8834757,-1.2419538,1.05955,-4.882391,-1.6311426,2.1650112,-1.8315161,-0.04094818,6.4219217,2.2153628,-1.0427622
0,/data_nas/huangyj/data/placePulse/rawData/googleviews-110802files/5140ca28fdc9f0492600275c.jpg,0.2928996,-3.4980755,2.2611668,0.06226176,-2.1251292,-0.18413004,-2.8596952,1.3958436,-3.2803295,-1.3102798,0.5106615,2.0836418,-2.1267154,-1.0143994,3.925592,-1.2080462,0.6970455,-0.40403616,-1.6856993,0.29275882,1.7202356,0.37607622,1.1159623,1.8016522,-2.138115,-0.9036938,3.0263994,-1.3156085,0.4385274,0.6227425,3.111347,-3.0110106,-0.19936822,-0.5094861,-0.97378254,-2.456429,-0.97079456,-2.5422409,1.5082856,-4.1843834,2.8151753,-1.2827063,-1.6893597,1.8200774,2.5403054,-1.5211874,-0.16633156,2.4054193,-1.8754114,-2.452217
0,/data_nas/huangyj/data/placePulse/rawData/googleviews-110802files/50f5e55dfdc9f065f0006759.jpg,0.7756898,0.72523826,-1.7460725,-1.5960737,-1.5014528,-0.15100285,-2.4965067,0.098604135,-4.4711795,-1.888085,-2.219167,0.47971898,0.9642995,-0.55094236,0.31428325,1.0198855,2.361384,2.6879997,-2.9012623,1.2191627,3.3980632,1.1724494,2.424149,-0.92915016,2.0455322,-0.9450626,1.7270838,-2.006562,1.683653,-0.50447434,0.3435276,-3.3306077,-2.0916197,-3.0698028,0.13184519,-4.361125,-0.4655073,-0.759332,1.0062065,-2.8319783,3.8786657,1.4684135,0.26489553,1.9791516,0.6577812,-1.7309761,1.5525552,3.9525757,-4.3557854,1.7131164
0,/data_nas/huangyj/data/placePulse/rawData/googleviews-110802files/5140b689fdc9f04926001759.jpg,0.10948881,-5.305456,3.1226015,-0.18092358,0.19101402,1.8965704,-0.5398332,1.0826392,-0.4432906,0.62947774,3.0576754,0.5075154,-3.1758742,0.12958167,4.5596347,-2.6386392,-1.8041013,-1.926421,0.9266437,-1.8179235,2.912225,-0.989878,-1.1194172,1.1777141,-3.1714077,1.5375971,1.526727,-2.8344488,0.13477808,1.2101177,1.5170803,-2.277813,0.7817381,-0.18355177,-1.9860048,-0.02998257,0.47603115,-0.39021152,0.21776159,-1.1782353,1.6117443,-2.2301822,-0.66862863,0.3540131,2.1259263,1.1018331,-1.0645065,-0.03535821,1.321778,-4.4878154
1,/data_nas/huangyj/data/placePulse/rawData/googleviews-110802files/50f4648efdc9f065f000475f.jpg,0.5525591,-5.245645,2.6508303,-1.1220324,-0.054455243,0.26062012,-2.4702132,1.3038441,-2.9784849,-0.7062421,2.2250867,2.2179928,-3.0155528,-1.1225588,5.3754554,-2.0325136,-0.50008196,-0.7746079,-0.84377015,-0.99022484,1.7534451,-0.08626522,0.67281276,-0.6622615,-2.8007395,-0.29856107,3.198373,-3.5446246,-0.14539096,1.9501638,1.1551349,-0.80173063,-1.9831387,-1.6322805,-2.3577862,-2.354598,-0.73740786,-0.28051284,0.7193109,-1.8323339,0.9167634,-1.7584127,-2.2129593,-0.82015,3.1800191,0.35488036,-0.5350593,2.6012697,-0.65603036,-3.7601073
0,/data_nas/huangyj/data/placePulse/rawData/googleviews-110802files/50f5e55dfdc9f065f0006750.jpg,0.22909066,-4.2777905,3.2247767,0.51052475,-1.5405949,-0.60449564,-2.7503688,1.431476,-5.2650714,-0.5744774,1.3267651,2.5090601,-3.6134324,-0.3968892,4.937311,-1.3336508,-0.04054591,0.3725821,-1.1473982,-0.6582521,0.57145524,0.8403385,0.26018178,0.7819509,-2.2136443,0.013494021,3.1281688,-1.2411151,-0.4117457,2.022423,2.0162435,-4.3178816,-1.3758726,-0.6626383,-2.1825988,-4.9108315,-0.5183089,-1.8076382,0.5087548,-3.6924713,4.4077864,-1.5427351,-2.2860565,2.3151493,2.8835561,-1.9880414,0.05991247,4.4380713,-2.1585517,-2.8868184
1,/data_nas/huangyj/data/placePulse/rawData/googleviews-110802files/513d30b8fdc9f0358700275b.jpg,3.8534641,-4.490897,0.50820833,3.7200038,-1.8726404,2.755261,-0.24603154,4.0990133,-4.3532515,0.44853392,-0.80708325,2.5295584,-0.3142721,0.34371367,4.861821,-2.6881459,2.5655077,-2.8877122,2.069537,1.3856372,2.656496,-1.9289187,-4.3184433,1.9633347,-1.4087738,1.1649164,1.0255581,-1.3207939,1.9261001,1.7571776,0.46439278,-2.0810947,-0.88349104,-1.182257,-3.045711,-3.117401,1.8190194,-0.7348585,2.8603473,-1.7928513,1.0623057,0.83083665,-3.1929848,-0.12440278,2.0959036,-1.1891193,-0.8582697,4.4366856,2.6234882,-2.3271081
0,/data_nas/huangyj/data/placePulse/rawData/googleviews-110802files/5140ca25fdc9f04926002754.jpg,2.0083768,1.8602616,-2.1297266,-0.38556156,-1.5989056,-1.540503,-3.8782163,2.039703,-3.5334618,-2.3116028,-2.9611385,2.7451196,0.6867018,-1.1240066,0.5871686,1.3810886,3.3437235,3.1469815,-3.595402,2.0132828,1.7376561,2.6656518,2.265213,-0.58302957,2.785299,-1.8107772,3.6664572,-1.654458,2.1645591,1.784555,-0.52335376,-2.8576822,-1.8134775,-3.7743194,-0.9806946,-3.1737258,-1.126375,-0.4512468,1.2231487,-2.1983404,3.4452474,2.622238,0.08539021,1.6175711,1.680177,-1.7975775,2.4231408,3.0760877,-4.5021834,3.275218
1,/data_nas/huangyj/data/placePulse/rawData/googleviews-110802files/50f433d8fdc9f065f00027a6.jpg,4.653359,-1.6209038,-2.5735695,2.0117402,-3.3529704,2.6634176,-0.43893063,4.098134,-4.5166464,-0.368026,-3.62735,1.3764197,2.6919954,-1.130334,2.653532,-1.8635837,4.8749695,-2.8306975,0.92247564,3.1631386,3.6387734,-1.57527,-2.385804,2.1402097,0.45274493,-1.1871387,0.77394384,-1.4359637,3.396641,0.57005775,0.62082267,-1.0585296,-0.83609796,-2.522805,-1.2116319,-3.009073,0.61559314,-1.0951486,4.514258,-2.091375,0.2426964,2.503072,-3.4243906,-0.21320793,1.5470777,-1.3586918,-0.4304323,4.677485,2.4181416,0.45287022
0,/data_nas/huangyj/data/placePulse/rawData/googleviews-110802files/5140b6a2fdc9f049260017a1.jpg,0.7884254,-2.7774892,1.3969392,-1.8666309,-1.6386247,-0.14556074,-3.1970782,1.4835913,-1.8777606,-1.1041344,0.31971654,1.7750635,-1.9816101,-0.5507924,3.754982,-1.7763238,0.61174494,-0.119049,-2.2411685,0.3303535,2.625574,0.29805747,2.398198,0.91717076,-1.285318,-0.3441621,3.4725618,-2.6976342,0.8852942,0.46421483,2.76962,-3.8255537,-0.07073738,-1.608556,-0.4834688,-1.6396807,-0.7545937,-1.5309228,1.2244257,-3.43989,3.6521056,-0.4591658,-0.12552771,1.9567909,2.1697907,-0.18282819,-0.19673204,1.0825143,-2.310508,-1.3854221
0,/data_nas/huangyj/data/placePulse/rawData/googleviews-110802files/50f5e560fdc9f065f00067ac.jpg,0.0047455467,-2.8445516,2.5069091,0.07634047,-1.9129962,-1.1084651,-3.4605813,0.8137806,-3.3212242,-1.549719,0.6566966,3.235039,-3.0380297,1.1306633,3.67672,-0.5973235,0.019203806,1.9409125,-2.5552044,0.11039313,0.8851352,0.3135588,1.4028194,1.2796619,-0.94478106,1.4005392,3.1902037,-1.2638266,-0.41705072,0.2059825,2.1711895,-5.671997,-0.19799435,-0.8340492,-1.1586589,-3.3225317,0.5149796,-1.3939505,0.4117933,-3.8589458,5.668332,-0.5837362,0.5672554,3.3736925,1.3331447,-1.3086106,0.4243315,2.316922,-4.619338,-1.442101
0,/data_nas/huangyj/data/placePulse/rawData/googleviews-110802files/50f5ec17fdc9f065f0008706.jpg,0.59988904,-4.3567634,1.2014109,0.05377333,-1.0442531,0.49366,-1.9624788,0.59534246,-7.148543,-1.496301,0.36950308,1.5221134,-0.9607483,-2.0188913,4.1289473,-0.35917017,1.4001667,0.09268746,-0.9017824,-0.012533382,1.9330351,0.3050679,-0.02776372,-1.0409225,-1.8149908,-1.8341732,1.9135801,-2.1977162,0.29875124,1.1665033,0.7197181,0.33549136,-3.9403365,-1.984087,-2.1025305,-5.9029245,-1.0334728,-1.2904294,1.6353009,-3.030895,0.22733304,-1.2404854,-4.4370866,-1.1402482,2.9259999,-2.1621025,0.21560371,6.8892107,-1.3433626,-3.100952
1,/data_nas/huangyj/data/placePulse/rawData/googleviews-110802files/513cb326fdc9f03587000707.jpg,3.6337752,-1.832086,-2.6648767,0.4763755,-1.8007123,3.4901762,0.4212904,2.5581133,-1.7382079,-0.07984815,-1.7531849,0.13792248,2.0311704,-0.7213309,2.119776,-1.2599545,2.6632822,-1.5941391,1.2623514,0.922623,5.2890058,-1.3082746,-2.499293,1.5469366,0.8031192,0.23211929,0.17106873,-3.7872717,3.2474866,1.1764013,-1.8019897,-0.90219533,0.40173635,-3.8894553,-2.0478067,-0.7285785,1.0846598,1.5667626,3.5710518,0.8426853,0.10648545,1.9981973,-1.5446731,-0.95032454,1.2100704,1.2787685,0.37790024,2.042851,2.398328,-0.10441096
1,/data_nas/huangyj/data/placePulse/rawData/googleviews-110802files/513d6968fdc9f03587004702.jpg,4.3020606,-2.0083427,-2.1246943,2.0868244,-1.6095731,3.606068,0.82343364,3.6082034,-2.761071,0.72844356,-2.1164536,0.5993853,1.7866999,0.24688175,2.5009508,-2.1728723,3.1005878,-2.600781,2.1459603,1.6237186,4.38967,-2.0719514,-3.7171397,1.3680589,0.5780488,1.0519072,-0.16046901,-2.390113,3.0755882,1.0548648,-0.8841652,-1.7476476,-0.34402177,-2.5078957,-1.9874367,-1.8605705,1.9318767,0.6787294,3.0950372,-0.08950277,0.76399857,2.2276497,-1.7960422,-0.29840767,0.94138217,0.1804012,-0.4011035,3.069293,3.1606696,-0.121447355
0,/data_nas/huangyj/data/placePulse/rawData/googleviews-110802files/513e1c5efdc9f0358700970e.jpg,2.1762815,-0.44631454,-1.447895,-1.6281283,0.70212585,0.36148533,-2.2296884,1.8354584,-0.60257477,-0.5872197,-0.2114585,1.5832121,-0.73574054,-0.48053482,1.9868392,-0.25139698,0.8540495,1.9153929,-1.5006526,-0.5147704,3.433454,1.6968814,0.71460384,-1.6886083,1.7866688,0.37504816,3.029308,-4.7350564,2.0353975,3.41518,-2.8135934,-1.9617717,-1.2037565,-4.685299,-2.7420142,-0.77156013,-0.062850825,2.688509,0.2985749,1.4391673,2.206175,1.7646018,0.9441438,-0.40295595,2.0806086,1.6264302,1.9159434,0.6366374,-1.7216465,1.205332
1,/data_nas/huangyj/data/placePulse/rawData/googleviews-110802files/513d3044fdc9f03587002700.jpg,2.3424675,-4.365308,1.4379588,1.5519518,2.9484255,1.8874793,-0.6518029,2.4981403,-6.0375075,1.0560715,1.0210612,1.5283489,-1.9720949,1.1111262,4.8093452,-2.568334,0.85874814,-0.78019106,1.1633269,-0.2023118,2.6814911,-0.98968214,-2.6638863,-4.5768476,-0.8173446,1.9305555,1.3950816,-2.368975,0.6814179,2.2298193,-0.2157108,-1.1738918,-5.9921474,-1.3030705,-3.1283,-6.0121236,1.8189298,-0.030132558,-1.5014266,-1.8477767,1.5078199,0.030610126,-1.9487584,-1.2525432,2.2690265,-1.7081815,-0.6281649,6.2655473,0.20189893,-2.5495179
1,/data_nas/huangyj/data/placePulse/rawData/googleviews-110802files/513d5cd6fdc9f035870037b3.jpg,-0.23391622,-0.15408328,1.6720203,-0.44471166,0.72375226,-1.9315438,-3.7355998,1.0808073,-1.2041128,-1.1313068,0.47199374,2.4732528,-2.8368623,0.75718164,1.7663825,0.05603788,-0.09101963,2.8613539,-3.2079172,-0.08269813,0.9287198,2.1821725,2.4017308,-1.2864289,0.6277106,0.64359164,3.891654,-1.1068132,0.22265694,1.4886152,1.4569433,-4.5083513,-1.2074561,-0.8700388,-0.8621479,-1.6450161,-0.4011437,-1.1873128,-1.8634605,-3.0025353,4.94401,0.10629864,2.3009396,2.8269868,1.6290575,-1.3213416,1.3317535,0.3405982,-5.0272045,0.603134
1,/data_nas/huangyj/data/placePulse/rawData/googleviews-110802files/50f4648ffdc9f065f00047b1.jpg,4.5682135,-0.10849522,-2.6393237,0.24811384,-1.9456775,1.321927,-2.2054648,4.337294,0.24794285,-0.85305023,-3.1885037,2.3405643,1.9528208,-0.58217347,2.1655848,-2.1249015,4.187229,-1.9177972,-0.9989357,3.3544488,3.5634072,-0.61766005,0.26962554,1.1283827,1.3773867,-0.78970736,2.7838733,-2.5129833,3.6307318,0.8039018,0.9340511,-1.6513882,0.19811344,-2.8884766,-0.71651477,0.9196652,0.22220097,-0.32512623,3.0633514,-1.3675276,0.81754094,3.1989055,0.18878525,-0.06562804,1.5345968,0.52375305,-0.20389616,-0.15218434,0.72401196,2.0449226
0,/data_nas/huangyj/data/placePulse/rawData/googleviews-110802files/50f5ec33fdc9f065f00087bc.jpg,0.13545574,-3.4294305,2.2793021,0.41243783,-2.0337949,0.08087102,-2.30272,0.70276856,-2.701925,-0.9881026,1.0288708,2.21562,-2.706168,0.85055923,3.760961,-0.73587626,-0.27216184,1.2638474,-1.3551972,-0.5680381,1.9456232,0.06859162,0.09758128,2.103518,-1.1801047,1.5369536,2.2866805,-1.8072623,-0.0009256359,0.62529033,1.2723737,-5.2829194,0.73093367,-1.1417183,-1.7131284,-2.5457397,0.69974047,-0.67377186,0.9889511,-2.670436,4.9556394,-0.7916714,0.1559192,2.8326266,1.509224,-0.5413393,0.41753212,1.9238281,-2.9926298,-2.0603614
0,/data_nas/huangyj/data/placePulse/rawData/googleviews-110802files/50f5e561fdc9f065f00067b9.jpg,1.7865926,-3.1278586,0.57298756,1.2798451,-2.8115175,0.5744442,-2.2323606,1.9378998,-3.972454,-1.382151,-0.61098665,2.9090247,-1.0445749,-0.19569166,3.866735,-0.5616536,1.6994115,0.63807404,-0.9324178,0.57227755,2.2048023,-0.04974907,-0.87138146,2.1766517,-0.46279243,0.3476456,2.3080297,-2.2647533,1.0719845,1.4658785,0.12717785,-3.5004606,-0.072557315,-2.4531264,-2.4627762,-3.1388137,0.4733016,-0.15851144,2.6645076,-2.0458891,3.1787252,0.44592285,-1.5964472,1.3778983,2.0951865,-0.7469681,0.7506306,3.5562625,-1.7712029,-1.2108831
0,/data_nas/huangyj/data/placePulse/rawData/googleviews-110802files/513e62c5fdc9f0358700b744.jpg,2.4498398,-0.06549059,-2.0200164,0.29308102,-1.3491069,1.3995371,-1.0214849,2.0109081,-1.872872,-0.5003764,-1.4594582,1.0361848,0.35598454,-0.22822855,1.2825614,0.26724216,1.7474264,1.5217016,-0.45274693,0.020025253,3.9664667,0.950395,-1.2136967,0.9745713,2.022441,0.61472446,1.4774771,-3.425138,2.529801,2.533261,-2.6049984,-3.4053075,0.4149072,-4.2318296,-2.432814,-1.5523324,0.6232661,1.8897284,1.8985994,0.7828961,3.141431,2.081501,0.1459879,1.1468289,1.3565623,0.67882067,2.0559497,1.7751691,-0.90063846,1.4515706
0,/data_nas/huangyj/data/placePulse/rawData/googleviews-110802files/51413372fdc9f049260042dd.jpg,-0.9512363,-3.050393,2.6169643,-1.2080547,-0.4780156,-1.6762519,-3.4772089,-0.28903824,-5.346242,-1.7245564,1.1347947,2.267175,-2.890818,-0.5806602,3.5328546,-0.008677937,-0.10822882,2.1536012,-2.834561,-0.4472878,0.26001075,1.0877365,2.5037162,-1.5402782,-1.420019,-0.6448693,3.154716,-1.5176113,-1.1316881,0.59867096,1.8651268,-2.4815922,-3.2702975,-0.9786943,-1.032804,-5.1756682,-1.0114163,-1.5673662,-0.4527512,-3.8784401,3.3139737,-1.5628984,-1.3736757,1.30743,2.150734,-2.0143003,0.39304203,4.5471673,-4.6577144,-2.0760217
1,/data_nas/huangyj/data/placePulse/rawData/googleviews-110802files/513e20d0fdc9f0358700a2d6.jpg,2.671617,-0.87218475,-1.6360123,-0.619796,3.4252958,-0.25105116,-3.4152153,2.0870898,-4.09113,-1.8495969,-1.0537454,2.6774383,0.5907672,-1.1346691,2.4677262,-0.007456541,2.984875,1.7623175,-2.5990167,1.7243319,2.796258,1.4113582,1.3299178,-6.721209,1.6368084,-1.5053699,3.5710754,-3.4357784,1.9300472,2.0149941,-1.3682673,2.8807867,-7.4512506,-4.0341215,-2.2251964,-3.6735952,-0.40712488,0.4615858,-1.0922227,-1.2352409,-1.6646335,2.0160978,-1.0026524,-3.9407856,2.5227048,-1.2346787,1.1228889,4.5799923,-3.1390028,0.84290105
1,/data_nas/huangyj/data/placePulse/rawData/googleviews-110802files/50f42eabfdc9f065f00022d6.jpg,4.3584747,-2.8828363,-1.2749181,3.0484803,-1.9394088,3.4078615,0.5347348,3.9804208,-4.031633,0.7930593,-1.9772269,1.2656869,1.1023877,0.53845805,3.44659,-2.442907,3.2596936,-2.6549423,2.268778,1.6602777,3.9594605,-2.0888264,-4.3038106,1.7224149,0.11249396,1.3111745,0.12527205,-1.7920891,2.837662,1.3637353,-0.34101284,-2.5504982,-0.62465703,-1.9718598,-2.4405828,-3.043902,2.158343,0.009577372,3.1108093,-1.0434557,1.5049098,1.9463915,-2.3904557,0.25973585,1.3512264,-0.7722651,-0.4571541,4.238824,2.8102915,-0.74854887
0,/data_nas/huangyj/data/placePulse/rawData/googleviews-110802files/5140d270fdc9f049260032de.jpg,-0.004876105,-3.183402,0.629392,-1.8936976,0.85646796,1.2328966,-1.1770924,-0.6353071,-3.307453,-0.68694156,1.572394,0.46823913,-1.6510652,0.42754087,2.891459,-0.23235852,-0.82929355,2.023577,-0.90329224,-1.7552495,3.831663,-0.24111256,0.2331253,-1.9284956,-0.1955887,1.6903127,1.1974984,-4.4197245,0.13318443,0.7832397,-1.4433458,-2.1361127,-2.2383626,-3.226094,-2.0474777,-3.37844,0.8701283,1.7297729,-0.14521182,-0.26875874,2.5698392,-0.62975454,0.12637839,-0.044310417,1.1314832,0.8114096,0.8893729,3.0725737,-2.6451893,-2.0187323
1,/data_nas/huangyj/data/placePulse/rawData/googleviews-110802files/5140c8abfdc9f049260022de.jpg,2.1515305,-2.0869412,1.1460092,0.8800957,-2.1196136,-0.5781337,-3.654103,3.244756,-2.520777,-1.2198157,-1.0005733,3.4628406,-1.5017567,-0.12343722,3.8607585,-1.7593423,2.2318392,-0.39390025,-2.0919487,1.9440421,1.4417477,0.46187422,1.041747,1.4713731,-0.67153925,-0.40775278,3.9537463,-0.92665833,1.4002116,0.9941504,3.0212297,-4.185291,-0.3589127,-0.97767776,-1.0152475,-2.0360043,-0.2799172,-2.4360063,1.4765537,-4.234544,3.8006325,0.73607445,-0.46208945,2.260931,2.3315187,-1.6369379,-0.14100453,1.8071638,-2.1938326,-0.31404474
1,/data_nas/huangyj/data/placePulse/rawData/googleviews-110802files/5140c8aafdc9f049260022da.jpg,3.7202673,-4.6540627,-0.043474,0.6765611,0.45797187,2.5130672,-1.1494777,3.4916196,-4.8147874,0.02330843,-0.5812931,1.6700826,0.22123396,-0.7455847,5.186847,-3.3381684,2.881973,-3.1901634,0.76691556,1.7846364,3.5572186,-1.8208175,-1.5858384,-2.1901712,-1.5172633,-0.44954208,1.8483996,-2.7603874,2.051444,0.9525747,1.3720348,0.91109264,-4.3830385,-1.9950936,-1.9999361,-3.8198237,0.6784616,-1.0733043,1.688998,-2.5204735,-1.0910958,0.66820985,-3.466208,-2.5548987,2.6206517,-0.9879071,-1.5915898,5.1512833,1.9710368,-2.4673436
1,/data_nas/huangyj/data/placePulse/rawData/googleviews-110802files/51409073fdc9f049260002d0.jpg,1.263834,-4.960213,1.8023447,1.8995461,-1.2996771,2.5909593,0.46279573,1.3873672,-5.331247,0.82001156,0.9554557,0.4806183,-1.6490384,0.6550046,4.3512745,-1.9574564,0.2913467,-1.3338022,1.880962,-0.8092188,2.8741193,-1.6474531,-3.3893936,1.2993119,-1.8820951,1.825036,-0.03530305,-1.612026,0.44068417,0.9879099,0.35288078,-3.2385654,-0.96224594,-0.71049124,-2.4427238,-4.6778417,1.6283221,-0.45686036,1.4278363,-1.8702656,2.7487655,-0.98542124,-2.6522162,1.0003247,1.6027473,-1.145146,-0.6294125,5.110255,1.1315488,-3.5666056
0,/data_nas/huangyj/data/placePulse/rawData/googleviews-110802files/50f5eb6afdc9f065f00082db.jpg,0.034408588,-3.0982342,2.4978144,0.106910504,-2.358488,-1.255121,-3.6866083,0.7541684,-3.13878,-1.9549084,0.5718576,3.5991702,-2.8396363,0.8253453,3.8938468,-0.4688983,0.23303941,1.9035112,-2.7274923,0.35502428,0.6120654,0.24900813,1.6174666,1.6355926,-1.1501254,0.98517364,3.3329387,-1.2848074,-0.4957703,0.04946471,2.204816,-5.0725813,-0.061516102,-0.951876,-1.20542,-2.9715693,0.29402104,-1.3711777,0.9076654,-3.8024085,5.0438733,-0.6287771,0.28212246,2.943941,1.4695529,-1.1654811,0.3361319,2.1770122,-4.6632285,-1.577593
0,/data_nas/huangyj/data/placePulse/rawData/googleviews-110802files/50f5eb64fdc9f065f000826d.jpg,1.0323765,-2.6397014,1.3447096,0.50459325,-1.2086997,0.96831495,-1.658684,1.8279866,0.35335368,-0.34691903,0.9781296,1.7448744,-2.1809638,0.34910485,3.131147,-1.2141874,-0.29170445,0.027221654,-0.52547,-0.72582436,3.0256124,0.30830118,-0.60985917,2.4082148,-0.8616926,1.3914202,2.347325,-2.670023,1.2373222,1.7745297,0.5226505,-4.2015176,2.0837102,-1.6120659,-2.0679379,0.662627,0.48479396,0.09041573,1.1256133,-0.965818,3.4426067,-0.22513317,0.8226209,1.9219203,1.8112429,0.9475265,0.61248565,-0.93470126,-0.73343855,-1.4483361
0,/data_nas/huangyj/data/placePulse/rawData/googleviews-110802files/50f607d1beb2fed6f8000267.jpg,3.0286572,0.51373273,-2.746363,1.7159716,0.31480774,1.760395,-0.49952793,2.2148058,-3.1178918,-0.35349217,-2.198354,1.2144617,1.4028009,0.7988128,0.6750437,0.5368351,2.7100983,1.9012252,-0.01942949,0.94102186,3.9505157,0.25970924,-2.349172,-1.4261676,3.0668983,1.3471104,0.67522496,-2.5960546,2.6353912,1.9037565,-3.2055461,-2.0406942,-2.1368794,-3.858056,-2.4909215,-2.8516645,1.7653594,1.8783084,0.8089922,0.6188136,2.0766172,2.9807966,0.4196318,-0.031770583,0.65002775,-0.45245317,1.9535195,3.3943663,-1.2467114,2.0985653
0,/data_nas/huangyj/data/placePulse/rawData/googleviews-110802files/51392d90818ede1296001265.jpg,-1.2982982,-4.41767,3.0586655,0.07433131,-0.15354916,0.06606639,-1.7155833,-0.84347457,-5.1872845,-1.1184232,2.0329716,0.9685103,-2.6271656,-0.3033033,3.5502896,-0.22491613,-0.79914224,0.98668647,-1.0753285,-1.1317102,1.4185399,0.031239083,0.4132512,-0.8874,-2.3724122,0.11288464,1.3900307,-1.2952696,-1.0359005,-0.0557727,1.6851014,-1.5426805,-2.7221084,-0.14538069,-1.3536851,-4.6419926,-0.20578167,-1.6158464,-0.29295704,-3.3873055,2.0057273,-2.4009285,-1.9909396,0.49458155,1.7886145,-1.8042362,-0.13299106,4.5393343,-2.7479017,-3.8584402
1,/data_nas/huangyj/data/placePulse/rawData/googleviews-110802files/50f56092fdc9f065f000523c.jpg,3.3000538,-3.0007071,-0.7393852,1.744615,-4.171341,2.0467205,-1.1650804,2.861015,-4.0243692,-1.0203711,-2.2366588,2.2121391,1.1000254,0.13166939,3.5413728,-1.7196313,3.354981,-1.6646259,0.12425399,2.444129,3.1332603,-2.0422525,-1.6741554,3.4819453,-0.46020016,0.34826693,1.0513692,-1.4305843,2.0929708,-0.61776036,1.4634185,-3.3484993,0.53801966,-1.8662671,-1.077398,-2.856795,1.3181589,-1.1897436,4.2700686,-2.89321,2.3998392,1.4282472,-2.0791693,1.3601825,1.009782,-1.0082663,-0.6538668,3.7412767,0.2865127,-0.85853523
0,/data_nas/huangyj/data/placePulse/rawData/googleviews-110802files/513e2093fdc9f0358700a23f.jpg,0.32180765,-5.7570434,3.3029513,-0.48388773,0.5677133,0.16337872,-2.244625,1.0764188,-5.823583,-0.39966685,2.250317,1.9427463,-3.2151558,-0.916143,5.710025,-2.1158557,-0.27235028,-0.78380305,-0.53305167,-0.78181905,0.9194782,-0.21002983,0.28799003,-2.097651,-3.1846642,-0.4044544,2.7767224,-2.2771413,-0.76247346,1.5506446,1.8018532,-0.60468256,-4.181233,-0.7551984,-2.2231798,-5.279492,-0.5352,-1.3958254,-0.1740309,-3.1703181,1.0837257,-2.161879,-3.4262657,-0.86571664,3.1206007,-1.4639621,-1.0690316,5.428121,-0.8500249,-4.3665752
1,/data_nas/huangyj/data/placePulse/rawData/googleviews-110802files/513cbf14fdc9f03587001235.jpg,2.4356947,1.2871922,-2.1862383,-0.74355876,0.82912344,-1.1818244,-3.4906323,1.8168745,-2.5904596,-1.7666101,-1.8791316,3.1146824,0.048807688,0.26458195,1.0451783,1.0113872,2.3698108,3.8496964,-3.117188,1.1828611,1.9292619,2.045811,1.5630271,-3.371468,3.331265,0.21965374,3.4167955,-3.2868538,1.7036449,2.4490323,-2.7078133,-2.0507393,-3.4817698,-4.637748,-2.1712484,-2.9068055,0.2988535,2.053257,-0.3101643,0.09629322,2.8682632,3.0316193,1.4178419,-0.057940986,1.297371,-0.13726898,2.4635634,2.6255634,-4.6940126,3.1767
0,/data_nas/huangyj/data/placePulse/rawData/googleviews-110802files/51409d0cfdc9f0492600127d.jpg,0.05250916,-2.168284,2.735602,0.7678824,-2.57456,-1.8752111,-3.8766975,1.3630705,-2.1560364,-1.6771923,0.31291097,3.8168275,-3.1060994,0.83011365,3.411958,-0.4745833,0.29246724,1.7382525,-2.8120272,0.5896919,-0.29321074,0.9295012,1.6557254,2.3879068,-0.96526945,0.7476085,3.751482,-0.31661505,-0.41995814,0.6269483,2.7113755,-5.820065,0.85636175,-0.14253943,-1.0529798,-2.0855198,-0.043468118,-1.9589552,0.5854305,-4.0354586,5.6121073,-0.459412,0.74896073,3.8177912,1.6306815,-1.5283322,0.42456898,1.0816672,-4.4452133,-0.8495522
0,/data_nas/huangyj/data/placePulse/rawData/googleviews-110802files/513d78bafdc9f03587006273.jpg,0.29426995,-0.66782093,0.7501365,-0.29650456,1.8269213,-1.4624072,-3.596654,1.0984666,-2.3398886,-1.5627193,0.57162064,2.5786972,-2.1579547,-0.69942504,2.0456007,0.83339137,0.4171829,3.1466708,-2.924765,-0.43700266,1.4996415,2.9129908,1.5775139,-3.043307,0.78408206,-0.5552177,3.9534068,-2.3724132,0.69356996,2.947626,-0.7327065,-1.1768574,-3.2383306,-2.5978587,-2.2995353,-2.2307508,-0.98675203,-0.006158768,-1.5407861,-1.4512688,2.0376089,0.26833466,0.44704822,-0.12907445,2.6027951,-1.0978874,2.1065276,1.9866195,-4.3286567,0.24899034
1,/data_nas/huangyj/data/placePulse/rawData/googleviews-110802files/513d78b9fdc9f03587006272.jpg,0.36791262,-3.006206,2.067304,0.18020694,-2.380269,0.7677461,-1.5358839,1.1932459,-2.8679996,-0.15005001,0.5398086,0.96986526,-2.300938,0.7204545,3.330138,-1.6976995,-0.019631205,-0.3211257,-0.5797328,-0.23222928,2.4598815,-0.43501452,0.07006005,2.6029456,-1.4166241,1.2870407,1.735384,-1.2212983,0.5163638,0.0291827,2.6571243,-6.0418463,1.2287574,-0.26744127,-0.679169,-2.7474082,0.5356564,-1.8086058,1.1043496,-3.5280309,5.4854608,-0.8417436,-0.07963961,3.8132017,1.2269548,-0.9560364,-0.3755798,1.8643787,-1.4039161,-1.9457452
1,/data_nas/huangyj/data/placePulse/rawData/googleviews-110802files/513e1aa5fdc9f0358700927c.jpg,0.70343834,-5.6803846,2.090043,-0.25048372,-0.62524337,1.5305274,-1.1984096,0.93990964,-5.943092,-0.49843147,1.4352045,0.7868321,-1.6055819,-1.6816698,5.0029693,-1.9358735,0.5147699,-1.826784,0.24694951,-0.45071852,2.5599904,-0.7978761,-0.4502512,-0.67711705,-3.12418,-1.1026853,1.5964804,-2.5381398,0.25150907,0.8318844,1.7545551,0.089046896,-3.159867,-1.1676602,-1.919316,-4.849066,-0.65228283,-1.5504011,1.4458983,-3.0001707,0.05332428,-1.9549255,-4.351017,-1.1705271,2.883845,-1.3011007,-1.0614283,5.62179,0.6210823,-4.506963
0,/data_nas/huangyj/data/placePulse/rawData/googleviews-110802files/5140904afdc9f04926000279.jpg,-0.8593464,-6.284237,3.897187,-0.0503911,0.6346109,1.0067455,-0.9863969,-0.5505073,-4.3015156,-0.2535859,3.1774504,1.1438044,-3.3319674,0.763537,4.9120474,-1.7305167,-1.6535908,-0.29763073,0.10072581,-1.5918384,1.4938027,-1.5430799,-0.62214214,-1.1435689,-3.394935,1.8407519,1.0235449,-2.0819008,-1.5356402,-0.24477571,1.6374022,-1.3899502,-2.7167072,0.2933713,-1.847227,-3.9975111,1.0099833,-0.80145067,-0.56325644,-2.6260266,1.4866227,-2.8488302,-1.6143582,-0.30557364,1.5605456,-0.6896587,-1.315248,3.9045844,-1.3273859,-5.32181
0,/data_nas/huangyj/data/placePulse/rawData/googleviews-110802files/51392de2818ede1296001279.jpg,2.8090782,-3.0695915,-1.5492694,0.49507478,-3.4459555,2.718686,-0.16641366,2.0039022,-5.0687613,-0.75532204,-1.8032569,0.6615692,1.5272235,-1.5143636,3.092862,-1.1061919,2.9205055,-1.6442355,0.7982876,1.0333879,4.0240345,-1.4549581,-1.9272503,2.346112,-0.43255305,-0.8898291,0.4054208,-3.0490255,2.2367902,0.6409759,-0.3656034,-1.073392,-0.4403937,-3.190269,-1.7851676,-3.597315,0.26129383,0.12372132,4.490829,-1.2124276,0.5818212,0.8208088,-3.6850507,-0.27807957,1.754601,-0.2896895,0.013475423,5.048443,1.6082684,-1.3191978
1,/data_nas/huangyj/data/placePulse/rawData/googleviews-110802files/51409046fdc9f04926000270.jpg,3.5969915,-3.838718,-1.1213213,2.422403,-1.6604923,3.7061152,0.82188106,2.7185218,-3.8846488,-0.020112533,-1.503709,1.0113128,1.8310858,0.25666234,3.3976164,-2.2130113,3.0153627,-3.0301907,2.1073143,1.8945144,3.8622537,-3.29569,-3.7928724,1.1005555,-0.80121547,0.89396566,-0.59646636,-1.9532583,2.1016333,-0.50145525,0.17168286,0.20667188,-1.4584755,-1.5583788,-1.6898243,-2.4755204,2.1388571,-0.12911777,3.3718941,-1.2461536,-1.0480213,1.1459395,-2.878455,-1.6212783,0.81377774,-0.35251543,-1.3141762,4.2358575,2.841239,-2.0006616
0,/data_nas/huangyj/data/placePulse/rawData/googleviews-110802files/50f42ddffdc9f065f0002274.jpg,3.744718,-1.0409572,-2.270521,1.2837502,-2.1060581,3.2051966,0.6432287,3.3219638,-4.8256454,0.97284484,-2.9542558,-0.75379276,1.9881088,-0.6021176,1.8765982,-2.060604,3.6996794,-2.4914467,1.5620824,1.7901903,4.5949554,-1.1613622,-2.5565767,1.091633,0.798715,-0.37164715,-0.10441544,-1.4311068,3.3041935,0.8730099,0.54341435,-2.6940055,-1.0374248,-2.0409653,-0.8805771,-3.962935,0.8089019,-1.0853646,2.8825517,-2.051043,2.0356688,1.971137,-2.5715892,1.0995271,1.332488,-1.6259433,-0.28018278,4.870466,2.5997155,0.4745893
0,/data_nas/huangyj/data/placePulse/rawData/googleviews-110802files/513d78a5fdc9f0358700622d.jpg,3.5233493,-0.7797619,-2.1065805,0.20409293,0.7981097,0.3467194,-3.114777,3.072942,-4.025243,-1.6132592,-1.9041146,2.9703383,0.64359957,-1.0796226,2.7125938,-0.15947667,3.428718,1.4528786,-1.9618065,1.6600385,3.4545007,1.4206235,0.19126846,-3.189727,1.9233587,-1.0521212,3.4992537,-3.700689,2.7775636,2.886977,-1.7645135,-0.098300494,-4.403452,-4.727025,-2.8746412,-3.4067202,-0.13481767,0.8525696,0.94865346,-0.89029986,0.6444081,2.5878532,-1.1654977,-1.7255213,2.6999876,-0.85574394,1.6987884,4.2305975,-2.2217736,1.3592321
0,/data_nas/huangyj/data/placePulse/rawData/googleviews-110802files/50f43b91fdc9f065f0003227.jpg,2.679737,-3.3544993,0.25822064,1.0227052,-4.2001534,1.7739441,-1.3903006,2.949709,-3.3917675,-0.46866602,-1.2760673,1.8113111,-0.34948683,-0.35504353,4.0961804,-2.1905286,2.2777317,-1.919601,0.113895066,1.2800364,3.179572,-1.1382071,-1.2515407,4.2282853,-1.1810958,0.13999279,1.7778271,-1.7916766,1.9726689,0.5809096,1.9766895,-4.5649924,1.6883836,-1.716793,-1.3009359,-2.3915079,0.5258294,-1.4202099,3.946913,-2.9572923,3.553253,0.5481177,-2.088658,2.3982618,1.8338462,-0.6812852,-0.43792674,2.8154492,0.6199022,-1.4450016
0,/data_nas/huangyj/data/placePulse/rawData/googleviews-110802files/513d7d9dfdc9f0358700722a.jpg,1.9221901,-1.5186234,-0.2187182,0.06862285,0.94913757,1.7021592,-0.730135,2.177685,-3.6328535,0.92327356,-0.08793216,-0.04094283,-1.2422163,0.27321482,2.5730326,-1.3941716,0.87142617,0.4104557,0.2816205,-0.69436634,4.242018,0.71748537,-1.2805145,-1.6829724,0.87854886,1.0841552,1.5895199,-2.9528341,2.0282886,2.7163095,-0.87839675,-3.858226,-2.0615652,-2.6373541,-2.2919242,-3.789736,0.681766,0.47388303,-0.39094743,-0.9050453,3.9344592,0.8719062,-0.24956146,1.3270173,2.05061,-0.6195874,0.9292619,3.418757,-0.34796187,-0.17185125
1,/data_nas/huangyj/data/placePulse/rawData/googleviews-110802files/5140d283fdc9f049260032ed.jpg,2.1839352,-1.5586721,0.91659874,1.1357251,-3.2659495,0.46681628,-2.0930827,3.1510954,-1.8983284,-0.11923766,-1.5559907,2.1960142,-1.0647573,1.2351434,3.0134263,-2.5004315,1.9604284,-1.3722051,-0.81723225,2.010991,1.7706199,-0.9937424,0.10289829,3.3380272,-0.44570506,1.1885141,2.297384,-0.037181016,1.4029162,-0.34745124,3.7052305,-6.579671,1.6915703,0.19255777,0.060268335,-1.7281804,0.9374002,-2.5956237,1.8572742,-4.312881,5.5975113,0.90139806,0.5938957,4.370394,0.8588562,-1.4853079,-0.87155646,1.0247862,-0.9457831,0.016434716
1,/data_nas/huangyj/data/placePulse/rawData/googleviews-110802files/513e20d5fdc9f0358700a2e6.jpg,2.8092856,-2.6860218,0.14153472,0.44141763,-2.877721,2.0486581,-0.8455175,2.9541688,-2.309463,0.49540612,-0.93570906,1.2416447,-0.797779,0.9191296,3.6159906,-2.7972274,1.4832875,-1.7432413,0.5508284,0.8486168,3.3720453,-1.5615644,-1.302258,2.9054558,-0.4479119,1.7176876,1.4064614,-2.2438505,1.8257205,0.5593354,1.3841074,-5.801473,1.4807663,-1.6273315,-1.1624478,-2.0981565,1.4312685,-0.39245233,2.5465095,-2.005069,4.800052,0.96295905,-0.302562,2.9676218,1.0597078,0.21005723,-0.70257217,1.8100712,0.79008996,-0.7226778
0,/data_nas/huangyj/data/placePulse/rawData/googleviews-110802files/513d78dafdc9f035870062e2.jpg,4.683611,-1.4113777,-2.6013396,1.9645838,-2.793293,3.1545994,0.24565068,4.1001678,-3.5471952,0.55478907,-2.9213734,0.9084934,1.7549422,-0.36912063,2.661265,-1.8923051,3.784676,-2.101217,1.6567348,1.7242788,4.391012,-1.1352301,-3.412919,2.3048162,1.1451381,0.31968984,0.47734648,-2.498374,3.575551,2.0615284,-1.0960824,-2.9938369,0.2758206,-3.37009,-2.2787316,-2.5943472,1.3153571,0.6418322,3.940736,-0.30038404,2.0441825,2.7053337,-2.3106015,0.76495975,1.5536252,-0.17759626,0.39618528,3.7358596,2.7029731,0.78879434
0,/data_nas/huangyj/data/placePulse/rawData/googleviews-110802files/513d7dfafdc9f035870072ec.jpg,5.037421,-0.7081945,-3.2960265,1.285396,1.644657,1.5970345,-1.7291493,3.8710613,-4.524687,-0.7834638,-2.9138036,2.6742544,2.128822,-0.16235788,2.6531746,-0.9456779,4.628975,0.2144725,-0.46427807,2.764364,3.6243825,-0.2474519,-1.6248239,-4.5795913,2.5728693,-0.16992776,2.0650043,-3.2492955,3.2245724,2.2070763,-2.3972857,1.3465965,-5.9415603,-4.593716,-2.8083763,-3.9457777,1.3139904,1.373218,1.0298945,-0.167485,-0.91038,3.7587178,-1.5098602,-3.1730251,1.81158,-0.86457,0.8850869,5.318514,-0.514595,1.8818545
1,/data_nas/huangyj/data/placePulse/rawData/googleviews-110802files/51414295fdc9f049260062ef.jpg,2.4285474,-0.84313726,-2.3540375,-0.81256104,1.1472663,2.3649654,-0.16166364,1.4238865,-4.660895,0.23114568,-1.246359,-0.6666169,0.9364284,-0.3926645,1.5345025,-0.5431486,2.0186822,0.74747014,0.1501817,-0.14726329,5.2431335,0.15440005,-1.140022,-3.1309276,1.8896259,0.3489707,0.5349571,-4.0141187,2.5740294,1.8861977,-2.1685822,-1.2783647,-3.7419794,-4.1436324,-1.9985734,-4.4932833,0.7400071,1.475426,0.5238642,-0.04426945,1.7195064,1.6729739,-1.0161167,-0.59404886,1.4306703,-0.2849822,1.3135633,4.857103,-0.38466287,0.5799572
0,/data_nas/huangyj/data/placePulse/rawData/googleviews-110802files/513d585dfdc9f035870032eb.jpg,1.7043511,1.0018399,-2.5725625,1.0843414,1.1281049,1.3230975,0.075486116,1.0404565,-4.129456,-0.13328537,-1.5212134,-0.1389488,1.1651167,-0.49555993,-0.3153191,1.5410466,1.8356137,2.4317281,0.10928771,-0.28325564,3.350102,1.4346485,-2.066915,-2.4616683,2.8570147,0.038697094,0.17369176,-2.3683598,2.055251,2.7235055,-3.966589,-0.4329212,-3.0368674,-3.6867423,-2.492464,-3.7117484,0.51888555,1.9700278,-0.053381935,1.2053819,1.0339457,1.9247134,-0.803047,-0.6746162,1.0785497,-0.8903606,2.5728698,4.387079,-1.0137008,1.7411602
1,/data_nas/huangyj/data/placePulse/rawData/googleviews-110802files/513d7df6fdc9f035870072e4.jpg,-0.23395714,-1.9099289,1.0526896,-0.8039245,0.27046564,-0.46018377,-2.6048791,0.22813915,-5.0321736,-1.258585,0.4435438,1.0380671,-1.762876,-0.95981663,2.4592044,0.35110125,0.5066881,2.1733136,-2.1274974,-0.6861613,2.3815587,1.6786461,1.3426138,-1.9075438,-0.13866895,-0.78491855,2.5856326,-2.2853742,0.41570953,1.5776935,0.4450756,-2.2029533,-3.1606348,-2.0516431,-1.5436143,-4.7111344,-0.9431771,-0.90499824,-0.40234655,-2.8039334,2.9423678,-0.6724798,-1.1322248,0.953321,2.3790653,-1.8382641,1.3210582,4.4264517,-3.6192703,-1.0871819
1,/data_nas/huangyj/data/placePulse/rawData/googleviews-110802files/50f43b90fdc9f065f0003216.jpg,0.38363656,-2.0654335,2.1489835,0.17628433,-1.8200074,-0.6747178,-3.1130521,1.547398,-0.16641098,-1.0803869,0.61639905,2.799146,-2.7067156,0.9424676,3.1161191,-1.1086448,-0.11289124,0.8440861,-2.0861595,0.27191693,1.3702306,0.43608612,1.358203,2.320854,-0.81569093,1.2286878,3.2711387,-1.2504851,0.40379292,0.47893986,2.370378,-5.517237,1.7545749,-0.5034957,-0.8846189,-0.18324235,0.21790925,-1.3065983,0.505514,-2.9665227,5.0309653,-0.27799213,1.6624397,3.344764,1.3822427,-0.23183592,0.22210678,-0.78757495,-3.0215113,-0.8944099
1,/data_nas/huangyj/data/placePulse/rawData/googleviews-110802files/5141387bfdc9f0492600521e.jpg,3.4633856,-2.2275257,-0.7907578,1.3562165,2.781031,0.3064488,-2.9146214,3.3282075,-7.200924,-1.2426996,-1.8641553,2.948773,0.88411826,-1.155443,3.6927717,-1.4287349,4.353367,-0.6538743,-1.371097,3.1131625,1.8932576,0.10686381,-0.04950162,-6.513489,0.29157707,-1.9984207,3.0341172,-1.3118273,1.865808,1.2267374,1.1218774,3.114678,-9.010371,-1.9314219,-1.8262523,-6.2771955,-0.15983932,-2.1027095,-0.5696579,-3.9053087,-2.1208363,1.595753,-3.358057,-3.723191,2.815087,-3.7162235,-0.40243578,7.662002,-1.3828609,-0.3300083
0,/data_nas/huangyj/data/placePulse/rawData/googleviews-110802files/513d7d96fdc9f0358700721c.jpg,2.1850386,0.4529922,-0.99251294,0.08342008,0.5282696,-1.4133284,-4.078894,2.6178043,-3.1933556,-1.7560395,-1.6165438,3.2743547,-0.6368553,-0.9541044,2.0324035,0.47743508,2.6342814,2.649789,-3.1254153,1.3460735,1.724649,2.782811,1.6525935,-2.5960748,2.0391185,-1.331553,4.3631506,-2.2989302,1.9544228,3.127188,-0.73366123,-1.8087453,-3.3776035,-3.5248952,-2.216807,-2.9903092,-0.9723806,-0.11809228,-0.15629159,-1.8123497,2.5132964,2.060248,0.0073018,0.22785002,2.733456,-1.5620872,2.152051,2.9785311,-3.956911,2.0909584
1,/data_nas/huangyj/data/placePulse/rawData/googleviews-110802files/50f42dddfdc9f065f000221f.jpg,2.9399624,-1.3863796,-2.2103925,1.2622378,-1.6069106,1.4681168,-1.1937166,2.521487,-7.1769147,-1.1822188,-2.6685526,0.8536608,2.0162637,-2.9965928,2.165986,0.15216395,4.2032948,-0.5171042,-0.22830836,1.7007048,3.340044,0.9423854,-1.299289,-0.7009098,0.5817143,-3.2309363,1.4380784,-1.8886828,2.7959871,2.2084534,-0.7412519,1.1526723,-3.7983057,-3.4721406,-2.128181,-5.496971,-1.2199773,-1.0533618,2.9841328,-2.0573444,-0.81774247,1.372179,-5.01995,-1.5686786,2.9253016,-2.6893795,1.1351367,7.3007274,0.47117114,-0.019606449
0,/data_nas/huangyj/data/placePulse/rawData/googleviews-110802files/50f5eb60fdc9f065f0008218.jpg,-1.0055157,-3.1380987,2.9109068,-0.49002868,2.9204032,-0.7872604,-2.4393265,0.36919278,-3.549354,-0.5326471,2.4558043,1.045528,-3.1672494,-1.6152263,3.195096,-0.5033729,-0.90705675,0.6208989,-1.4313172,-1.4263022,0.9603362,1.9542137,1.2300801,-3.9677098,-2.0021691,-1.39174,3.0632362,-1.711447,-0.49179915,2.4533165,1.229598,1.0926564,-4.637084,-0.28325123,-1.8669881,-3.0932026,-1.761539,-1.5917486,-2.3668509,-2.5506244,-0.17096052,-2.2787824,-1.8204002,-1.4111108,3.293035,-1.7824037,0.32832715,3.165617,-1.8846742,-2.9662914
0,/data_nas/huangyj/data/placePulse/rawData/googleviews-110802files/513f289bfdc9f0358700d215.jpg,1.2641066,-1.792772,0.95663154,0.31663182,0.85730726,-0.024385992,-2.6398857,1.7090063,0.21679209,-0.8734195,0.9901564,3.0356462,-2.317097,1.4321442,2.7222607,-0.5759331,-0.2699324,1.9101129,-1.6300304,-0.35424882,2.1956532,0.6450718,-0.010391164,-0.60415894,0.3713901,2.3560994,3.1511023,-3.0301223,0.7421801,1.9211427,-0.87253,-3.3599591,-0.3948693,-2.2986343,-2.5276613,0.04898716,1.2733564,1.2064877,-0.6751028,-0.3296676,3.1639953,0.71598834,2.2823954,0.7144723,1.3357521,0.91779,1.0051998,-0.5238299,-2.888508,-0.331015
0,/data_nas/huangyj/data/placePulse/rawData/googleviews-110802files/513d789efdc9f03587006210.jpg,2.8563766,-2.65317,-0.7936566,1.2615639,-1.5455477,3.7171116,1.2185997,2.3250477,-1.0436763,1.0692251,-0.43588018,0.002613224,0.27041423,1.2930753,2.5471013,-2.178862,0.9460636,-1.9124438,2.2493713,0.025844423,4.5605493,-2.3403912,-3.5766144,2.4459028,-0.058938477,2.7167408,-0.5931471,-2.794867,2.1112046,0.5269446,-0.8740096,-3.5795424,1.6672162,-2.0247853,-1.7954495,-0.6098549,2.519818,1.307427,2.3973854,0.47813615,2.4032207,1.0998397,-0.16300732,1.0351448,0.23124802,1.4207613,-0.39949098,1.058568,2.5602822,-1.1205492
0,/data_nas/huangyj/data/placePulse/rawData/googleviews-110802files/513d57cbfdc9f03587003214.jpg,-1.0240657,-1.6456363,2.1547413,-0.35968286,-0.70303774,-1.936398,-3.4622092,-0.010428306,-4.3545165,-1.8488157,0.5736945,2.1462321,-2.478209,-0.9034186,2.324247,0.70753294,0.18005362,2.468141,-2.9698322,-0.21839835,0.11117701,1.9904987,2.3665118,-0.78255695,-0.7745419,-1.1646498,3.2176425,-0.7533337,-0.6308212,1.0469716,1.6802493,-2.5222907,-2.3254764,-0.7241069,-0.95215505,-4.027273,-1.4324745,-1.8808854,-0.5081959,-3.7009437,3.2400904,-1.185081,-0.9132086,1.7308764,2.1763659,-2.3434882,0.98764265,3.461432,-4.6049814,-1.068199
0,/data_nas/huangyj/data/placePulse/rawData/googleviews-110802files/514138c3fdc9f049260052ce.jpg,0.15558995,0.16656247,-0.08365823,-1.5737643,1.5395586,-2.1175268,-3.924884,0.15114523,-4.4206786,-2.0372026,-0.32892558,2.4130113,-1.3697656,-0.4345683,1.437587,1.3592502,1.0264297,4.261354,-3.809819,0.178758,1.0049136,2.566029,2.9419723,-4.4384613,1.6767339,-0.75233555,3.6062188,-2.3438735,0.1637666,1.6978984,-0.86135536,-1.4151316,-4.95579,-3.1243024,-1.3997141,-4.6901712,-0.86837053,0.20980752,-1.6550194,-1.9568655,2.813123,0.79653394,0.41414592,0.1716168,1.7499651,-1.6369171,2.0530767,4.049381,-6.0009236,1.2466642
0,/data_nas/huangyj/data/placePulse/rawData/googleviews-110802files/513ce809fdc9f035870022c1.jpg,-0.43993035,-2.2813344,1.6763271,-1.0297267,2.5654442,-1.5905565,-3.3526762,-0.1429903,-4.6838546,-1.5449287,1.5456959,2.367749,-2.6364915,-0.581523,2.927985,0.6192097,-0.2391584,3.1722238,-2.726705,-0.90549403,0.6993341,2.0167801,1.8732328,-4.953844,-0.18318123,-0.39972404,3.33472,-2.5628114,-0.6770948,2.1509042,-0.7031943,-0.00791288,-5.6573873,-2.1953084,-2.3183072,-4.729149,-0.7776476,0.19745374,-2.2026248,-1.727698,1.3433181,-0.78792745,-0.7610409,-1.1984613,2.4498975,-1.4471844,1.3064008,4.441232,-4.696995,-1.3171022
1,/data_nas/huangyj/data/placePulse/rawData/googleviews-110802files/513e5fccfdc9f0358700b2c9.jpg,1.0640062,-5.492663,2.1272311,1.1233454,-1.7468694,1.8640553,-0.7006641,1.4263245,-5.9045215,-0.2369229,0.7881784,1.2506666,-1.4380974,-0.45116708,4.9022512,-2.0971494,0.79865175,-1.949967,0.802625,0.03333653,2.3325481,-1.8327576,-1.7653483,1.072309,-2.8802238,0.19784862,0.97159636,-1.6098102,0.14551337,0.13835168,2.0127025,-1.6077136,-1.8525665,-0.4471941,-1.6783165,-4.742514,0.5158249,-1.7224357,2.0564895,-3.3918347,1.3250169,-1.5213289,-3.7193868,0.21038735,2.0932484,-1.5412967,-1.2490203,5.510386,0.68377095,-4.137053
0,/data_nas/huangyj/data/placePulse/rawData/googleviews-110802files/513d78cffdc9f035870062c0.jpg,2.7898462,-2.7238717,-0.8986423,1.5697234,-2.8944943,3.3135607,0.6900413,2.5056193,-3.2169013,0.5392027,-1.1708697,-0.0151895825,0.56389695,-0.19542773,2.767333,-1.6390358,1.9031898,-1.8811419,1.7856389,0.3026818,4.533109,-1.3821259,-3.2450452,3.258789,-0.3005365,0.8413967,-0.088790186,-2.3679554,2.5038297,1.1598427,-0.3331828,-3.4471064,1.353437,-2.2542539,-1.9491862,-2.2177086,1.2269825,0.13198362,3.4600728,-0.78484005,2.4363115,0.8488707,-2.0882792,1.3680896,1.3339839,0.017946208,0.07488314,3.0450144,2.3481493,-1.214215
1,/data_nas/huangyj/data/placePulse/rawData/googleviews-110802files/5140d255fdc9f049260032c4.jpg,1.5922003,-3.4687567,1.2970155,2.2737148,-0.5996658,3.0179658,0.97485906,2.122155,-2.5664544,1.4971321,0.70740277,-0.07032974,-1.4503924,1.3410197,3.1041682,-2.246211,0.066846214,-1.7966591,2.250104,-0.74159706,3.6439488,-1.5487221,-3.7578766,1.773295,-1.1852722,2.617261,-0.23618722,-1.3072454,1.2724051,1.078738,0.5742658,-4.1376405,0.6136695,-0.17893375,-1.9427284,-2.1141143,2.0482395,-0.4951673,0.78927624,-1.3602738,3.191189,-0.3619706,-0.7624379,1.8664497,1.0114523,-0.47899368,-0.48598623,2.2745886,1.926629,-2.457583
0,/data_nas/huangyj/data/placePulse/rawData/googleviews-110802files/50f60c4dbeb2fed910000291.jpg,3.4067023,0.8677546,-3.0920942,-1.2820585,0.20262411,0.4195354,-2.923054,2.6591928,-1.0356885,-1.5506856,-2.4967303,2.0146906,1.5260541,-0.6346259,1.1955389,-0.29537928,3.2970679,1.2886753,-2.3945842,2.1191144,3.959561,1.0426687,1.6125828,-2.143351,2.737117,-0.7569161,3.145328,-3.8067029,3.1759772,1.4766266,-1.3328861,-1.056329,-2.2296803,-4.594007,-1.3219055,-0.8689302,-0.10146878,1.1505941,1.1312404,-0.32843474,1.242274,3.241271,1.0443182,-0.8180216,1.4927218,0.4759569,1.3701499,1.1863189,-2.1827679,2.7457266
1,/data_nas/huangyj/data/placePulse/rawData/googleviews-110802files/50f5609afdc9f065f0005299.jpg,3.4129815,-4.6338806,-0.22373319,0.69702774,-3.9767585,2.784249,-0.5552298,3.0232122,-4.211972,-0.2327037,-1.3004138,1.4411473,0.5742562,-0.8069059,4.8516297,-2.9534304,2.7748091,-3.3976521,1.1111797,1.6061882,3.4118013,-2.4800293,-1.9279467,3.3500853,-1.8194813,-0.18757112,0.9553332,-2.4330914,1.9698431,0.06718808,1.6605465,-2.2000408,0.42495644,-2.0121448,-1.4102849,-2.9074757,0.75250924,-0.93661296,4.735396,-2.3557458,1.2148198,0.48300466,-3.6590452,0.3251932,1.8095524,-0.15734185,-1.4096559,4.0758824,2.4294605,-2.3857515
1,/data_nas/huangyj/data/placePulse/rawData/googleviews-110802files/50f42de0fdc9f065f0002295.jpg,3.5343258,-0.7048433,-2.253187,1.679584,-2.6973543,2.7713282,0.24205467,2.837605,-1.9819462,0.21589795,-2.3894691,0.62429357,1.4061792,0.738561,1.5660833,-1.1431214,2.7150261,-0.81182986,1.0447828,1.3245004,4.2893944,-1.2051836,-2.7605066,2.6815922,1.5389794,1.4722683,0.091069825,-2.2218974,2.9865096,0.7971909,-1.0803834,-4.2266603,1.401297,-2.806241,-1.6027536,-1.4579623,1.8741567,0.89838314,3.118917,-0.14470425,3.2243428,2.483202,-0.20170468,1.8223568,0.40161517,0.37669984,0.5509204,1.9291884,1.1581794,1.0836796
1,/data_nas/huangyj/data/placePulse/rawData/googleviews-110802files/513e5fa8fdc9f0358700b290.jpg,0.7597011,-3.1831622,2.4766095,-0.8931077,-2.1679077,-0.60834247,-3.111291,1.5859724,-2.6066082,-0.5430895,0.81514364,2.7882593,-3.436904,1.2463418,4.413893,-1.9975877,-0.2359112,0.719322,-1.791365,-0.158062,1.2058342,-0.07019073,1.4457175,1.6921617,-1.1771407,1.7960795,3.3249,-2.1120129,-0.1322587,0.8016777,2.2887747,-6.9147944,0.61137724,-1.1137693,-1.1856201,-3.0067637,0.5922668,-0.8424871,0.69164956,-3.1997793,6.5975475,-0.40271714,0.68728006,3.9650507,1.504596,-0.29490045,-0.20147091,1.6066557,-3.0690546,-1.3987979
1,/data_nas/huangyj/data/placePulse/rawData/googleviews-110802files/50f463bcfdc9f065f00042f2.jpg,3.0833976,-2.1794705,-0.42753428,2.7437828,-1.9452523,3.0353131,0.55177003,3.2575784,-3.201795,1.1305181,-1.2855042,0.4051575,0.024819808,0.7407568,2.721323,-2.0228226,2.0243633,-1.8543464,1.9574388,0.6758614,3.9930673,-1.0991771,-3.7487514,2.487558,0.101395965,1.6049343,0.13798243,-1.1998402,2.5274289,1.4853534,0.17200336,-4.574025,0.784315,-1.347157,-2.0078886,-2.6076193,1.7708341,-0.543307,2.1631248,-1.4317887,3.5125601,1.2357371,-1.2588309,2.1515908,1.2230912,-1.0035464,-0.019903641,3.0298526,2.078304,-0.6562434
1,/data_nas/huangyj/data/placePulse/rawData/googleviews-110802files/50f463bcfdc9f065f00042fe.jpg,4.883256,-0.13939261,-3.8848355,1.8139288,1.6182394,1.9375961,-1.1185176,3.5106714,-4.500654,-0.87299836,-3.2857792,2.047835,3.0376441,-0.4402546,1.6314721,-0.30061415,4.9208746,0.24899095,-0.17722547,2.8962145,3.9326575,-0.22667938,-2.0882952,-4.4148417,2.8872113,-0.54385924,1.3313062,-2.819451,3.446054,1.8754505,-2.8230996,2.320334,-5.885632,-4.403138,-2.6437755,-3.6524684,1.2702755,1.325044,1.1563414,0.08116754,-1.9200083,3.8768094,-1.7274647,-3.6605089,1.5318664,-1.1538913,1.0464399,5.4022865,-0.1203052,2.0463767
1,/data_nas/huangyj/data/placePulse/rawData/googleviews-110802files/50f42b50fdc9f065f00012f1.jpg,3.804748,-0.7913808,-1.7685711,1.6135087,1.2731049,2.2522733,-0.7202696,3.5879002,-1.5765489,0.30876932,-1.6061003,1.5216197,0.7853805,0.92146575,2.1173735,-1.707703,2.6367316,-0.7440134,0.46343768,1.5510074,4.1406937,-0.7066133,-2.2528667,-1.8933568,1.6083205,1.421228,1.3797929,-2.5767174,2.9171875,1.607827,-0.9329032,-1.4830129,-2.364157,-2.5798407,-2.0074108,-1.2854507,1.7991018,0.65624636,0.4459087,-0.41880044,1.089325,2.585252,0.4487023,-0.65018016,1.1493,-0.08338055,0.3494153,1.902366,0.5722789,1.0090667
0,/data_nas/huangyj/data/placePulse/rawData/googleviews-110802files/50f43babfdc9f065f00032f1.jpg,-1.2988372,-1.8698906,2.5823543,-0.7140674,-0.34562495,-1.3964713,-3.2476983,-0.033704467,-1.1804458,-1.5335009,1.7123255,2.0402343,-3.2351193,-0.050917853,2.3281796,0.38100886,-1.202701,2.476471,-2.762101,-1.1213105,1.1300488,1.8111908,2.121559,0.47703132,-0.93131393,0.29919901,3.350586,-1.6192003,-0.42664635,1.1262728,1.3804178,-3.7203686,0.15522496,-0.85688174,-1.1768323,-1.1125898,-0.81243193,-1.0418451,-0.8256301,-2.5838208,3.982402,-1.3773626,1.1137611,2.3208523,1.8264954,-0.644411,1.1147224,0.16537881,-4.2877316,-1.4625111
0,/data_nas/huangyj/data/placePulse/rawData/googleviews-110802files/5140d291fdc9f049260032fb.jpg,-0.17478277,-3.6512003,2.2738721,0.35389495,-1.5943339,1.3548898,-0.43456012,0.13183734,-3.8651023,0.30689052,1.3647687,0.460619,-2.6601324,1.475609,3.2906594,-1.2411793,-1.0245528,0.48723578,0.32121077,-1.4177068,2.5186589,-0.9606632,-1.1830852,1.7186584,-1.3294958,2.5998447,0.4705614,-1.7134387,-0.26935118,0.12236246,0.94569093,-5.8625636,0.4532605,-0.56717086,-1.3867847,-3.93508,1.4945064,-0.35983258,0.5127166,-2.2007732,5.492739,-1.2520543,-0.19704163,3.3509574,0.6712985,-0.5541185,-0.09302882,3.0871363,-1.3975645,-2.65375
1,/data_nas/huangyj/data/placePulse/rawData/googleviews-110802files/514219bafdc9f04926008286.jpg,2.787223,-0.47867385,-2.4675753,0.9666321,-2.0170763,1.1634822,-1.6154383,2.0649443,-4.3352532,-1.6025567,-2.390947,1.8532916,1.525018,-0.92579013,1.5539134,0.8734533,3.2333286,1.6604986,-1.0164157,1.2833568,3.6829495,0.74081165,-1.1245371,0.672407,1.9190747,-0.64734066,1.6053683,-2.7731361,2.6452563,1.7104994,-2.1715584,-1.6653186,-1.2457129,-4.4027514,-2.3231068,-3.3191934,0.326436,0.84277856,2.8073685,-0.5666082,1.6902723,2.304436,-1.5504138,0.024969552,1.5407923,-0.8462009,2.013537,4.3110285,-1.660379,1.2082977
0,/data_nas/huangyj/data/placePulse/rawData/googleviews-110802files/50f43ba5fdc9f065f0003283.jpg,0.4672097,-2.070356,1.5136211,-1.7235109,-0.96751446,-1.6250904,-4.061453,0.9895368,-2.0758042,-1.6071223,0.8185335,3.2598505,-3.0089107,-0.04892671,3.5374813,-0.3254046,-0.110147,2.5485096,-3.1079895,-0.52136326,1.045847,1.7293631,2.547479,-0.1589815,-0.17787094,0.3948299,4.259497,-3.2326224,0.033569805,2.167045,0.22139551,-4.3652635,-0.7118847,-2.8130054,-1.9986799,-2.355906,-0.56246245,0.46878415,0.22512466,-1.6780804,4.667695,-0.020720921,0.6506605,1.9393146,2.2184095,0.2147732,1.2427388,1.3841438,-4.402708,-0.42433792
0,/data_nas/huangyj/data/placePulse/rawData/googleviews-110802files/50f42b49fdc9f065f0001282.jpg,1.431732,-0.35963467,-1.1779039,0.55934423,-0.7987426,1.2743958,-0.56071997,1.4136732,-3.934773,-0.07302157,-0.9508928,0.051537473,-0.16425051,-0.74153155,1.1877903,0.43599913,1.2939588,1.4426484,-0.04547756,-0.64346,3.6282892,1.3493664,-1.3866864,0.07960493,1.4584631,-0.06999306,1.031753,-2.6359615,1.9948094,2.7316883,-2.0802886,-3.0861447,-0.8857824,-3.2554967,-2.2992272,-3.4860876,-0.017557666,0.9231156,1.0248467,-0.1249633,3.19113,1.0131549,-1.0536517,1.3462497,1.8109937,-0.652204,1.9791325,3.6726139,-0.7490305,0.6191063
0,/data_nas/huangyj/data/placePulse/rawData/googleviews-110802files/50f42b49fdc9f065f000128c.jpg,3.4758563,0.52132684,-1.3903167,0.43861315,-1.4571711,-1.4124517,-4.5681825,3.8565385,-3.5317292,-1.9361444,-3.166831,4.122259,0.18046501,-0.4942294,2.5489345,-0.6539826,4.1988635,1.2460593,-3.3287044,3.3001323,1.3411565,1.6380999,1.9655412,-0.91156095,1.9252429,-1.4006163,4.600169,-1.2702901,2.4257927,1.6904474,1.3216711,-3.1968274,-2.6035068,-2.9182458,-1.061982,-3.199431,-0.5530855,-1.5263572,1.3350725,-3.5782661,3.4340365,2.9491007,-0.1729917,1.417801,2.2118185,-2.1782963,1.1103253,3.167384,-3.6783326,2.7593122
0,/data_nas/huangyj/data/placePulse/rawData/googleviews-110802files/513e6d46fdc9f0358700c28f.jpg,2.3237846,-2.6899571,0.9422831,0.10474131,-1.6683279,0.47030988,-2.5408695,3.283277,-5.237243,0.024984416,-0.88986236,1.782733,-1.6215265,-0.7120874,4.4298396,-2.4231102,2.1575327,-1.0565689,-0.834002,0.9648937,2.4482932,0.48914886,0.22667728,0.46317592,-0.8235466,-0.67207396,3.2286832,-1.6053919,1.6470201,1.9804164,2.4786992,-4.4973483,-1.6586761,-1.5635362,-1.39452,-4.8382354,-0.47727868,-2.291221,1.3750454,-4.1298485,4.3662677,0.36680326,-2.1708577,2.3650784,2.918406,-2.1990876,-0.20875865,4.617688,-0.69513667,-0.8651882
1,/data_nas/huangyj/data/placePulse/rawData/googleviews-110802files/513d6e2efdc9f03587005285.jpg,4.116458,-4.0497985,-0.97866076,2.089803,-2.1623042,2.6572928,-0.5948865,3.6130316,-6.31018,-0.4539119,-2.2864678,1.8855115,1.7955482,-1.1647913,4.415699,-2.499603,4.326484,-3.3749917,1.1523576,2.8331752,2.9207141,-2.3766022,-2.5688024,0.38674054,-1.2128962,-1.1777148,0.8738721,-1.4500874,2.202682,0.2236486,1.3763002,0.82980216,-3.2406132,-1.7227112,-1.6577022,-4.629515,0.72636473,-1.6410482,3.7888014,-3.026755,-1.311497,1.1711133,-4.857845,-1.8787339,2.126757,-2.0397391,-1.4254318,6.626157,2.3888485,-1.8755203
1,/data_nas/huangyj/data/placePulse/rawData/googleviews-110802files/51414232fdc9f04926006285.jpg,3.160407,0.37024772,-1.1947006,-0.04226701,-1.1800625,-1.3936706,-4.753713,3.4162169,-1.7378196,-2.3377495,-2.9768384,4.2871594,0.41912293,0.126658,2.4258158,-0.92533463,4.0036287,0.9953686,-3.7926867,3.763699,1.4525778,0.7294888,2.7835715,-0.96084756,1.6581277,-0.89009446,4.529546,-1.2402041,2.179688,0.15828599,2.3771253,-2.6769416,-2.17704,-2.2947807,-0.20474964,-1.5169451,-0.16508253,-1.8208566,1.1809769,-4.0120077,2.7744362,2.8143113,1.0997764,1.1185645,1.5018047,-1.5968127,0.45174485,1.3783221,-4.1661983,2.5081816
1,/data_nas/huangyj/data/placePulse/rawData/googleviews-110802files/50f42ddffdc9f065f000225c.jpg,4.3705487,-0.027413704,-1.6538286,1.3493322,-2.258414,-0.52934235,-4.059323,4.286267,-0.13836552,-2.2242162,-3.2928238,5.368611,1.0325487,1.3001862,2.678478,-1.3378466,4.239213,0.26252317,-2.717506,4.3895617,1.3634341,-0.86194444,0.9593647,1.0490978,1.7714442,0.7044232,3.892367,-1.3952395,2.346976,-0.27760664,1.3499942,-3.113916,-0.28544202,-2.4380367,-0.7429341,0.25554383,1.3978057,-0.54209423,2.4486222,-2.5306773,2.5007598,3.7122974,1.7351428,0.92914724,0.6033021,-0.19766746,0.006309335,-0.017443467,-2.863156,2.6227994
0,/data_nas/huangyj/data/placePulse/rawData/googleviews-110802files/513d7db5fdc9f03587007255.jpg,0.82282704,-0.1886329,-1.1229185,-1.8702304,2.7492576,-0.45283675,-2.457795,0.46999824,-3.9526834,-1.1603822,-0.11545249,0.9570088,-0.48207372,-1.3036754,1.3294895,0.847953,1.0332744,2.9201198,-2.2558255,-0.4761725,2.6697288,2.2107675,1.6398457,-5.4188128,1.705501,-1.0993286,2.6772792,-3.8243215,1.0779221,2.6949763,-2.3227296,0.82336724,-5.4599867,-4.0047426,-2.1073368,-3.9430063,-0.9591311,1.4399107,-1.4363952,-0.09281094,0.5125956,0.8552009,-0.49292502,-1.8836641,2.2386386,-0.53502727,1.9984426,4.0373874,-3.3041332,0.7939145
0,/data_nas/huangyj/data/placePulse/rawData/googleviews-110802files/51409ceefdc9f0492600125a.jpg,0.7431334,-2.8539052,0.37127137,-2.5831168,1.7093315,-0.27583247,-2.9145665,0.49371612,-4.3503804,-1.3512387,0.9994788,1.5820763,-1.5051775,-1.667926,3.4963925,-0.43700707,0.5030535,1.484426,-2.210698,-0.6626416,2.3789532,1.2660332,2.0380793,-4.293332,-0.44011754,-1.2457604,3.241633,-4.385008,0.40232867,2.244473,-0.8602248,0.95740473,-5.086011,-3.6381328,-2.2158828,-4.044643,-1.1650017,0.87588364,-0.39823014,-0.99080384,0.111375235,-0.37157702,-1.8056718,-2.271083,2.8793273,-0.040027127,0.80056876,4.332727,-2.6089299,-1.4586644
1,/data_nas/huangyj/data/placePulse/rawData/googleviews-110802files/5141420bfdc9f0492600625b.jpg,-0.5803528,-4.1324964,3.455853,0.7744516,-2.2349615,0.8894964,-0.7083892,0.5958224,-2.829649,0.51447153,1.870681,0.51277196,-3.4735951,0.8607131,3.738587,-1.763347,-1.3921467,-0.58730763,0.3891561,-1.5210904,1.7299083,-0.5380556,-0.96567196,3.2330706,-2.4929426,1.8372669,1.0547732,-0.8023307,-0.4316253,0.5680784,2.4581525,-6.1057425,1.8649718,0.72973543,-1.2010448,-2.6722784,0.63308865,-1.5975491,0.6621798,-3.0018775,5.438248,-2.1178546,-0.62176377,3.9801786,1.4194864,-0.8382996,-0.49899814,1.7786118,-0.64202553,-3.422742
0,/data_nas/huangyj/data/placePulse/rawData/googleviews-110802files/50f43ba7fdc9f065f00032ae.jpg,-0.8017943,-4.571662,3.2805336,-1.0456814,1.2422199,-0.6213931,-2.6874378,0.15847468,-4.492053,-0.90405226,2.5439708,1.5678316,-3.2726626,-1.3190296,4.4394894,-1.023341,-0.82164925,0.3793055,-1.5193326,-1.197335,0.9457469,0.8695373,1.4899879,-2.618195,-2.7186732,-1.0130792,3.050549,-2.2089317,-0.87741005,1.546576,1.6553864,-0.010493381,-4.010423,-0.64071673,-1.8137467,-4.0143533,-1.3299214,-1.4289744,-1.0298265,-2.9843342,0.7405259,-2.4451394,-2.357149,-0.92762136,3.1361759,-1.38736,-0.32065108,4.026231,-2.1308367,-3.8314366
1,/data_nas/huangyj/data/placePulse/rawData/googleviews-110802files/51413362fdc9f049260042a9.jpg,2.6265936,-1.736166,-0.93821377,1.3600007,-1.3571593,0.94571775,-1.6697978,3.0848448,-6.8940835,-0.69529194,-1.9993744,1.142993,0.5633006,-2.9931812,2.8861463,-0.5556647,3.5704386,-0.971542,-0.2945945,1.2608218,2.6864626,1.4865434,-1.0850939,-0.43450293,-0.17648852,-3.1936429,2.2779481,-1.4219506,2.5000823,2.9955988,0.38462612,0.03166552,-3.4100897,-2.6044219,-2.153125,-5.3557134,-1.6347789,-1.9001275,2.3165724,-2.8719566,0.2617978,0.71492594,-4.920719,-0.56158674,3.5578215,-3.0218694,0.96631306,6.7552066,0.59320605,-0.42235675
0,/data_nas/huangyj/data/placePulse/rawData/googleviews-110802files/514138b0fdc9f049260052a5.jpg,0.37966716,-3.2876077,0.06394244,-1.2398661,-1.6416389,-0.48295757,-3.2634401,-0.7728131,-6.1471863,-3.4517813,-0.7465259,2.6634355,0.48061186,-0.950978,3.0844715,0.75120735,2.2091465,2.0505958,-3.206947,1.5318259,1.6485329,-0.6870092,2.3179705,-1.6993711,-0.60689795,-1.2842741,2.0580873,-2.5084949,-0.2167983,-1.7214572,0.9031502,0.88405544,-4.445687,-2.6139872,-0.72107095,-5.143529,-0.25589192,-0.76280516,2.0244994,-3.4934611,-0.076459475,-0.17238283,-2.2440097,-1.5726521,1.2273744,-1.5496067,0.11791132,5.9420447,-4.804543,-1.6879886
0,/data_nas/huangyj/data/placePulse/rawData/googleviews-110802files/50f5eb67fdc9f065f00082a0.jpg,0.70008284,-2.3386674,2.2027633,-0.52031523,-1.9778237,-1.981257,-4.757142,1.7950875,-0.90904534,-2.2105772,0.17716746,4.3942127,-2.5776224,0.3460463,3.9060068,-1.059637,0.80295295,1.1460055,-3.5302553,1.3611574,0.11422473,0.7019471,3.006533,1.3740205,-1.0284755,0.07907163,4.6915393,-1.2706711,0.018507961,0.23774652,3.0983648,-4.181166,0.26011857,-0.860553,-0.71074444,-0.8008014,-0.45793864,-1.8561982,0.77450216,-3.953962,4.0406094,-0.043706104,1.0024731,2.3413806,1.8383927,-0.7622747,-0.0291938,0.017441224,-4.4112473,-0.72201717
1,/data_nas/huangyj/data/placePulse/rawData/googleviews-110802files/51413361fdc9f049260042a4.jpg,1.9248222,-2.3439126,-1.3972099,-0.7287047,-1.8491478,1.9257998,-0.93620217,1.344814,-4.0154986,-0.9179948,-0.7331351,0.44788098,0.43944615,-2.0030088,2.686229,-0.08108755,1.722254,0.27050942,-0.21174826,-0.4383778,4.534031,0.45073742,-0.8704874,0.90787184,0.14208038,-1.1122706,1.3642471,-4.29253,2.20646,2.2363875,-1.7445168,-1.0352299,-0.730433,-4.434096,-2.4461079,-2.9252408,-0.5293877,1.1449488,3.1188855,-0.076113544,0.9997387,0.5617992,-2.767238,-0.46144283,2.3918,0.41041127,1.4526372,3.931407,0.03316047,-0.89367104
1,/data_nas/huangyj/data/placePulse/rawData/googleviews-110802files/514141b9fdc9f04926006201.jpg,3.3583493,0.6905902,-2.3706877,-0.11910141,-1.5932224,-0.7275925,-4.027981,3.2198389,-2.459928,-2.3796139,-3.1612387,3.499759,1.2037238,-1.2531565,1.8029811,0.0693451,4.140035,1.356313,-3.2046924,2.9404871,2.413029,1.5349183,1.8898028,-0.58083767,2.122137,-1.8713351,4.059055,-2.4321296,2.823373,1.6131078,0.09473008,-1.4991099,-1.9951807,-3.928636,-1.2382852,-1.7724401,-0.8016233,-0.45112187,2.1705647,-2.1880095,1.6917467,2.9969656,-0.29320997,0.11056374,2.1153033,-1.0082209,1.4917531,2.2837393,-3.0711572,2.6997895
0,/data_nas/huangyj/data/placePulse/rawData/googleviews-110802files/513d6802fdc9f0358700420b.jpg,1.5364797,-0.949042,-1.6680323,-0.63156354,1.5762477,1.075204,-0.7474566,0.37405872,-3.320613,-0.6541863,-0.2723835,0.8886958,0.25000057,0.09690929,1.3450453,0.6940912,0.90686834,2.4345536,-0.5509803,-0.5984145,3.153037,0.33285922,-0.8296601,-3.460434,1.850195,0.9886152,0.8214091,-4.0608,1.053307,1.9513108,-3.790586,0.083994254,-3.7145321,-4.1571584,-2.6638255,-3.2384472,0.99222195,3.0369651,-0.09961572,1.6007472,0.5628692,1.3413596,-0.21047002,-1.8061446,0.9893202,0.71021384,1.7404128,3.710816,-1.8860375,0.39717075
0,/data_nas/huangyj/data/placePulse/rawData/googleviews-110802files/51409013fdc9f04926000204.jpg,1.9058673,0.42177412,-1.896096,1.0296935,-1.0359291,1.1716018,-0.5674379,1.605686,-2.2085645,-0.35427466,-1.3643376,0.83091956,0.31187016,-0.09147971,0.5861862,0.96392405,1.4509623,2.105262,-0.1714957,-0.33515579,3.3697062,1.2074628,-1.8202205,0.8377585,2.3069441,0.7471349,0.96023685,-2.758209,2.1490133,2.7624817,-3.2060254,-3.217853,0.26566714,-3.7251537,-2.5922081,-1.8574761,0.6811299,2.0339046,1.3613935,1.1158204,3.0729501,1.883671,0.13147023,1.2651641,1.1550547,0.23525314,2.4618957,2.1161819,-1.067965,1.58003
0,/data_nas/huangyj/data/placePulse/rawData/googleviews-110802files/513d6833fdc9f035870042b2.jpg,0.5400279,-0.17396608,0.43570006,-0.99101067,0.87966824,-2.1585102,-4.3201833,0.97758067,-2.2296584,-2.1549847,-0.30861658,3.5012677,-1.6806324,0.3294141,1.9513242,0.5971804,0.9970883,3.525035,-3.8759158,0.75536984,0.73115516,1.806051,2.8811307,-2.806813,1.2743028,0.07492589,4.1658397,-2.1679487,0.2115918,1.2886487,0.13270651,-2.2683926,-3.1573179,-2.3943963,-1.2585666,-2.4362082,-0.36008906,-0.026604965,-1.1769357,-2.2540865,3.1262052,0.94572645,1.6506269,0.751199,1.597165,-0.9448093,1.4901729,1.7433523,-5.722456,1.1573572
1,/data_nas/huangyj/data/placePulse/rawData/googleviews-110802files/513e5fc6fdc9f0358700b2be.jpg,1.2181168,-3.2779236,2.1625345,0.11792844,-1.9879664,-0.75704724,-3.7809885,2.2948072,-2.121444,-1.5877271,0.16253892,3.6607804,-2.2129717,-0.004442619,4.4440026,-1.7944018,1.1394665,-0.29782087,-2.309472,1.3491454,0.95883673,-0.11696978,1.6119493,1.4671206,-1.7273508,-0.08849965,3.9625783,-1.3450263,0.3756761,0.28359574,3.3223555,-3.4808733,-0.29585776,-0.64724267,-0.88412297,-1.589695,-0.2559466,-2.2418568,1.3358518,-4.203943,3.1739972,-0.32475346,-0.4076842,1.726903,2.157327,-1.0035985,-0.63049823,1.3291608,-2.5707886,-1.6280173
0,/data_nas/huangyj/data/placePulse/rawData/googleviews-110802files/50f5eb68fdc9f065f00082b1.jpg,-1.3500837,-2.3491316,2.6882038,-1.2197472,-0.014271036,-0.84979373,-2.5854075,-0.34633255,-1.7476256,-0.85968596,2.0470178,1.0734497,-3.445827,-0.012649456,2.6374485,-0.08791389,-1.5299816,2.1515625,-2.122874,-1.7170906,1.606981,1.603073,1.8327038,-0.12413871,-1.079508,0.54357976,2.7707214,-2.0855541,-0.50427663,1.3168426,1.1075412,-4.0106134,-0.32731748,-0.9356045,-1.2686536,-1.9290912,-0.65967333,-0.6639485,-1.0518532,-2.2637982,4.2938347,-1.6476204,0.8124559,2.2834275,1.9358144,-0.41348696,0.8524891,0.86384135,-3.6640594,-1.8392885
1,/data_nas/huangyj/data/placePulse/rawData/googleviews-110802files/50f60c4fbeb2fed9100002bb.jpg,4.75464,-1.4775674,-1.9854428,2.4209225,3.8711443,1.4901816,-1.7535934,3.889751,-3.9638147,-0.4104812,-1.8944218,3.2976964,1.3503221,1.3861763,3.037234,-1.5155032,3.9946864,0.12672433,-0.27167848,2.898373,2.9537563,-1.0157393,-2.2264545,-6.5628753,2.0924613,1.3517802,2.0306826,-2.3143272,2.4143765,1.4839443,-1.6860559,2.1079946,-7.611081,-2.9092379,-2.8244994,-3.6672142,2.471894,0.8075689,-1.0355738,-0.8574306,-1.6328517,3.3759723,-0.31875536,-4.030021,1.3669226,-1.475825,0.017948348,4.9139113,-1.0382282,0.9949979
1,/data_nas/huangyj/data/placePulse/rawData/googleviews-110802files/50f56099fdc9f065f000524e.jpg,3.1360874,-4.1603417,0.79152626,1.3654652,-0.7052894,1.0823075,-2.3913798,3.567895,-5.2571793,-0.6572622,-0.48467728,3.1233287,-1.0508851,-0.5237481,5.2700334,-2.2972012,2.4992878,-1.3776255,-0.3301076,1.4064701,2.4312384,-0.58206886,-1.2396495,-0.5967358,-1.2485609,-0.24277471,2.9729753,-2.2529807,1.5659288,1.8920723,1.266549,-1.4951887,-3.117808,-2.1101663,-2.5576873,-4.281494,0.38993153,-1.2387508,1.7688724,-3.0774357,1.3682394,0.55114716,-3.01996,-0.48510987,2.9346936,-1.5829662,-0.40763295,5.084304,-0.14494786,-1.9395465
0,/data_nas/huangyj/data/placePulse/rawData/googleviews-110802files/513d9df2fdc9f0358700824a.jpg,2.5237188,-1.0243522,-1.8067194,-1.8092763,-0.31915253,0.85061455,-2.6007326,2.1435795,-1.0140249,-1.5156423,-1.1703408,1.6504225,0.6364903,-1.4189576,2.3481984,-0.8013984,2.202797,0.2806664,-1.9344827,1.027284,4.2335258,0.5407636,1.4502367,-0.9803387,0.9050246,-1.0989646,3.0883262,-4.5081673,2.560244,1.5406623,-0.51014894,-0.49193275,-1.4252839,-4.2044597,-1.4694817,-0.43498752,-0.62513417,0.8678735,1.811009,-0.6002672,0.5472413,1.5838014,-0.12472973,-1.0437807,2.183109,1.0632586,0.89392537,0.96464807,-1.2296721,0.6270006
1,/data_nas/huangyj/data/placePulse/rawData/googleviews-110802files/50f5e6fffdc9f065f0006ed3.jpg,0.6508218,-4.5010114,1.4027851,0.11025954,-0.022307202,2.4340222,-0.11672571,0.34317684,0.21997005,-0.2756391,1.9044203,0.87461233,-1.2830275,1.4941434,3.3708744,-1.7233102,-0.9200291,-0.78544706,0.59419084,-0.77205986,3.55973,-2.4835591,-1.5554312,0.8687811,-1.6586739,2.9016912,0.36673358,-3.2749243,0.26097447,-0.75827587,0.17324325,-1.5423976,0.5529591,-1.0154911,-1.6210968,0.60265267,2.1174288,1.0564198,0.8757005,-0.23955458,0.82693183,-0.8386806,0.85807264,-0.531503,0.38880172,1.9463589,-0.9285948,-0.32767797,0.027785733,-3.3315737
0,/data_nas/huangyj/data/placePulse/rawData/googleviews-110802files/514150e2fdc9f04926007e66.jpg,-0.6371326,-4.2007155,1.9491718,-0.63975,1.8396862,1.3787708,-0.30106556,-0.97189564,-6.394351,0.0016828424,1.7532047,-0.3672061,-1.7286092,0.77911025,3.1643882,-0.9535232,-0.58897513,0.6754207,0.046423133,-1.1825057,2.5911975,-1.327931,-0.47723526,-3.7084,-1.4764994,1.4350479,-0.03143294,-2.0102556,-0.8725439,-0.70687795,0.70378804,-0.880823,-5.1013374,-0.5407892,-1.0497843,-6.31966,1.162276,-0.60540974,-1.380699,-2.6505675,1.5990714,-1.7154508,-1.6053482,-0.46879482,0.84289753,-1.6714574,-0.69335324,6.1802955,-1.9523636,-3.486528
0,/data_nas/huangyj/data/placePulse/rawData/googleviews-110802files/50f43aa5fdc9f065f0002e63.jpg,1.7466747,-0.95568556,-0.7851601,1.6574186,1.4724137,2.1812584,0.25510895,1.1791117,0.43800652,0.19206017,0.13741983,1.0058552,-0.039032876,2.4883742,0.95642257,-0.29982036,0.21367669,1.1940243,0.65415895,-0.123439655,3.5729096,-1.1960145,-2.6506839,-0.9506861,1.5386142,3.6514592,-0.019850863,-2.5063927,1.3177475,0.48399872,-2.4477875,-2.0754395,-0.46059993,-1.9537915,-2.1174576,0.3218504,3.0058563,2.2668898,-0.5454202,1.3378491,1.6257929,1.5625446,2.5763354,-0.23447806,-0.42598784,1.2398827,0.70909363,-0.21344875,-0.7479115,0.123976216
1,/data_nas/huangyj/data/placePulse/rawData/googleviews-110802files/513d9ccbfdc9f03587007e6f.jpg,3.4551456,-2.5145922,-0.6975705,0.56160027,-3.3379128,0.53548074,-3.1355033,3.0934076,-4.251928,-1.7352442,-2.3436923,3.6124244,0.24047002,0.15999667,4.1668878,-1.5780423,3.6086447,-0.121919096,-1.7584321,2.6381724,2.7065296,-0.8303349,0.33153602,1.5401958,0.34078366,0.079593785,2.9851098,-2.323959,2.0697575,0.27280825,1.4622661,-4.022752,-0.9712862,-2.8942688,-1.4839256,-3.617765,0.75596994,-0.8887572,3.367188,-3.3785126,3.5925472,1.940575,-1.1370875,1.5466326,1.7472575,-1.1107649,0.06357665,3.9241743,-2.1486163,0.1497557
0,/data_nas/huangyj/data/placePulse/rawData/googleviews-110802files/513d6190fdc9f03587003e6a.jpg,-0.068250045,-4.8001556,2.7104564,-2.3195994,-0.42463183,-0.7791195,-3.7327356,0.09417774,-2.4687715,-1.9932613,1.8603925,3.1956382,-2.8023055,0.3426513,5.0752954,-1.5970669,-0.43935698,0.804042,-2.8101573,0.030604094,1.2809961,-0.887125,2.8062694,-1.0600897,-2.262382,0.7001873,3.4809322,-3.2613735,-0.98233515,-0.7012849,2.4132113,-1.9768288,-2.176711,-1.4591888,-0.8929391,-2.380508,0.061046332,-0.62031615,0.3739734,-3.2184458,2.2578228,-1.4143236,-0.063587144,0.07390964,1.6866072,0.3284553,-0.8295747,1.8900025,-4.00217,-3.134983
0,/data_nas/huangyj/data/placePulse/rawData/googleviews-110802files/513e5d9bfdc9f0358700ae3d.jpg,3.550302,-1.587324,-2.2302692,2.1165168,-1.0881187,2.88299,0.09251995,2.7567024,-2.7001166,-0.32398945,-2.2378106,0.7934933,2.2267575,-0.39193088,1.9097816,-1.0164824,3.4075515,-1.5224547,1.0095696,1.91679,4.242766,-1.2536234,-2.7810059,0.41695878,0.8589297,-0.029582232,0.17759058,-2.0272303,3.0202239,0.64600676,-0.8808343,0.037064873,-1.3488685,-2.446803,-1.7881173,-1.5253931,1.1882356,0.19914465,2.7208443,-0.58688635,-0.6572877,2.0253541,-1.71372,-1.3646301,1.1744355,-0.4939933,0.1857672,3.1413598,1.6538601,0.0072493516
0,/data_nas/huangyj/data/placePulse/rawData/googleviews-110802files/514099a3fdc9f04926000e3d.jpg,1.9899596,1.0097742,-1.1075773,-0.72719127,1.0866499,-0.56256586,-2.9629233,2.3419359,-1.5916611,-0.5774804,-1.2339027,1.8137228,-0.9043211,0.25550625,1.2949002,-0.2444866,1.6483243,2.369823,-2.3731415,0.5608347,2.7779763,2.1531491,1.4140677,-2.5520422,2.4619796,0.3259901,3.4732246,-2.7723322,2.1037478,2.7323608,-0.7998912,-3.6335979,-2.2681134,-3.1660058,-1.6141983,-2.0285425,-0.086664155,0.54824775,-0.9264621,-1.094816,4.0450053,2.1424131,1.8570564,1.4303547,1.8592768,-0.47191665,1.8538305,1.3022207,-3.2709005,2.469198
1,/data_nas/huangyj/data/placePulse/rawData/googleviews-110802files/513d7c42fdc9f03587006e33.jpg,-1.6606979,-4.389317,4.0033894,-1.4636455,4.021247,0.6471417,-1.0430393,-0.17615543,-0.8872263,0.7188082,3.9258106,-0.8248234,-3.605883,-0.47734287,3.4259932,-2.4747105,-2.4421484,-1.764386,-0.23753898,-1.8876151,2.0256283,-0.002131408,1.2027224,-3.81791,-3.5629754,0.043527223,1.8637354,-1.5107431,-0.74771875,0.31057197,3.522092,0.88608253,-3.3790424,1.77176,-0.35659704,-0.841061,-0.87342936,-2.46331,-3.3070297,-3.072833,-0.5375174,-3.4623952,-0.40866175,-1.2403176,2.2986312,-0.6770026,-1.659192,0.43269747,0.038182825,-4.747713
0,/data_nas/huangyj/data/placePulse/rawData/googleviews-110802files/513cd160fdc9f03587001e32.jpg,2.1178498,-3.4983497,0.21879122,2.2208095,-1.3740426,0.7075989,-1.9762487,2.019532,-7.379204,-1.7107687,-1.3263644,2.7681744,0.38292593,-1.1392231,3.7507927,-0.4464912,3.217414,-0.3031016,-0.6715008,1.8905671,1.546341,-0.48343542,-1.2927892,-0.7677322,-0.883089,-1.3391387,1.772126,-0.9299589,0.99067724,0.5932128,0.9219491,0.47241503,-4.3448954,-1.5726246,-2.0774496,-5.8752923,0.058929008,-1.8517115,2.102124,-3.661804,-0.17871928,0.27108675,-4.1057982,-1.244494,2.3350763,-3.1457558,-0.03457391,7.291361,-1.1782235,-1.8559409
1,/data_nas/huangyj/data/placePulse/rawData/googleviews-110802files/513d4c74fdc9f03587002e30.jpg,3.131821,-1.7950191,-0.961582,0.89849335,-4.0707355,2.1137722,-0.63285303,3.0899673,-2.5564637,0.1990126,-1.8763653,1.0083201,0.17582986,-0.045084625,2.8777928,-1.7984954,2.3187602,-1.3652481,0.6103287,0.9358959,3.7174656,-0.66052574,-1.7512527,4.2566886,0.23336914,0.6816673,1.1727228,-2.1875803,2.6106339,1.396129,0.4044551,-5.6140547,2.4694703,-2.5141735,-1.5499872,-1.9655353,0.85233593,-0.14647326,3.7978885,-1.36448,4.4780374,1.5155694,-1.1632184,3.055598,1.3779724,-0.0029982384,0.30857065,2.12926,1.1110747,0.08018133
0,/data_nas/huangyj/data/placePulse/rawData/googleviews-110802files/50f5e6fcfdc9f065f0006e7e.jpg,0.56487185,-4.3938484,1.2749194,-0.7166462,0.953357,1.2081224,-1.7929902,0.52326185,-5.3690734,-1.1284248,1.0906403,0.87734705,-1.0369701,-1.1884601,4.0308933,-1.1480353,0.8039003,-0.34974036,-0.9526199,-0.05569143,3.3547413,-0.5007459,0.3368933,-2.7403998,-1.8454442,-0.8657205,1.8935204,-2.9011853,0.5538036,0.19492258,1.3320614,0.78866935,-4.569631,-1.7216197,-1.4979634,-4.487598,-0.3940418,-1.2694386,0.32510614,-3.1123412,-0.23567964,-1.2534344,-2.7235723,-1.7958238,2.4471922,-1.31688,-0.43296504,5.1791124,-1.282717,-3.3259046
0,/data_nas/huangyj/data/placePulse/rawData/googleviews-110802files/5140ccbbfdc9f04926002e7e.jpg,0.85236585,-0.17514567,-0.76583,-1.9914752,-0.27609438,-0.4102378,-2.5976946,0.5088632,-1.2315048,-1.2172348,-0.110954195,1.59861,-1.1919403,0.1286021,1.4483485,0.5822972,0.26514927,3.1727104,-2.415773,-0.72358453,2.8209207,1.6729542,1.659714,-0.78141075,1.7029642,0.8124075,2.754524,-3.9832127,1.1061044,2.0041456,-1.9630845,-3.623062,-0.52516794,-4.0303617,-1.8252797,-1.5855156,0.036414493,2.0237694,0.25243056,0.29901025,3.9761941,1.1741322,1.6421838,1.3335319,1.2231688,1.0835495,2.1017601,0.88596386,-3.738934,1.167257
0,/data_nas/huangyj/data/placePulse/rawData/googleviews-110802files/513d7c5afdc9f03587006e7c.jpg,-0.9316433,-3.060122,1.9952053,0.23191378,-1.7435662,-0.023040414,-1.5506439,-0.82390624,-5.0295777,-1.1882329,0.9406188,1.1846571,-2.1473687,0.50595313,2.6394598,0.5139703,-0.40060893,2.2992442,-1.2529658,-1.0519212,1.5127139,0.12513548,0.07451551,0.8686222,-0.87675685,1.0941263,1.011717,-1.3652495,-0.7148393,0.04194454,0.495966,-4.0628214,-0.9272318,-1.0069113,-1.4275934,-4.761785,0.5109634,-0.5357107,0.56309,-2.6239777,4.321464,-1.3010596,-0.85844904,2.3775613,1.0065484,-1.4675065,0.8076258,4.2731557,-3.6531572,-2.2126884
1,/data_nas/huangyj/data/placePulse/rawData/googleviews-110802files/50f55eb1fdc9f065f0004e2d.jpg,-0.18274765,-3.8734245,3.0952985,1.6634233,-2.4905798,-0.18146792,-1.9872884,0.8744125,-4.216305,-0.83241254,1.0549158,2.3144655,-2.935659,0.4507619,3.8897946,-0.7369771,-0.13158436,0.5153367,-0.79564005,-0.38507605,0.6178449,-0.010473426,-0.58227426,2.5395343,-2.0594366,0.88389903,1.9861121,-0.3545484,-0.5335326,0.6643897,2.1178195,-4.666861,0.27707192,0.19194299,-1.6499445,-3.6590147,0.34135047,-1.8823147,1.036404,-3.6357195,4.379439,-1.4795974,-1.416588,2.889065,1.7726552,-1.8330736,-0.02304864,3.2982354,-2.2306845,-2.8211133
0,/data_nas/huangyj/data/placePulse/rawData/googleviews-110802files/513f2fc0fdc9f0358700de23.jpg,0.22867128,0.06021101,-0.58247024,-0.58548355,0.5762336,-0.31112424,-1.8036097,0.11389728,-4.6443067,-1.0049055,-0.47732657,0.87135464,-0.76502234,-0.2173735,0.78026307,1.3062013,0.7032195,3.3588507,-1.7957222,-0.6498424,2.302764,1.6333672,0.57538843,-2.4076178,1.6797745,0.12998001,1.6727091,-2.453904,0.63262343,1.7852232,-1.7716304,-2.3528817,-3.1144154,-2.9949284,-1.6749754,-4.614867,-0.102558635,0.8295492,-0.614807,-0.91291,3.2366586,0.62355506,-0.07926135,1.0182282,1.2432522,-1.1967443,2.191687,4.291877,-3.745814,0.84290856
0,/data_nas/huangyj/data/placePulse/rawData/googleviews-110802files/514150c5fdc9f04926007e22.jpg,-1.0678751,-4.5781837,2.6027844,0.02495945,-0.36758548,1.2592376,-0.37686414,-0.44707394,-6.4594254,-0.010287912,2.0025234,-0.6062532,-2.3649082,-1.2564695,3.4920564,-0.5460056,-0.80957705,-0.051531434,0.39465547,-2.0423193,2.5375767,0.19776557,-0.93173796,-0.21883383,-2.547953,-0.419238,0.610166,-1.7322419,-0.3769111,1.16144,1.0508577,-1.6189189,-2.3044708,-0.5324666,-1.7851139,-5.6329947,-0.63069874,-1.5169582,0.27092847,-2.8460765,1.9801686,-2.719094,-3.5808792,0.7162697,2.3908525,-2.0166628,0.10407486,5.808021,-0.5352933,-4.2931066
1,/data_nas/huangyj/data/placePulse/rawData/googleviews-110802files/513e5d94fdc9f0358700ae2b.jpg,-0.6515159,-2.8676271,1.7447349,-0.6490837,-1.799939,0.26316607,-2.190542,-0.17232268,-1.1677862,-1.5785517,1.1584157,1.2442847,-1.920112,-0.108530335,2.6539454,-0.16955546,-0.53436226,1.113095,-1.7926123,-0.705184,2.8361273,0.23461092,1.194578,2.0883734,-1.2914325,0.49693382,2.0362601,-2.33861,0.30298296,-0.18073393,1.5749847,-3.5254734,1.2698312,-1.2486902,-0.86760944,-0.69016343,-0.18345858,-0.85518706,1.1652064,-2.4115589,3.2646794,-1.1994331,0.4390167,1.9863062,1.3514978,0.13568975,0.5227975,0.28862265,-2.8903284,-2.1485817
1,/data_nas/huangyj/data/placePulse/rawData/googleviews-110802files/513d9cecfdc9f03587007ee1.jpg,2.5414083,-0.7508021,-1.9885124,0.72887826,-2.611598,2.2261848,-0.47829103,1.7706612,-3.2414925,-0.4587394,-2.2774005,0.40455678,1.2825407,0.6585351,1.4607567,-0.41509023,2.6078238,0.6091198,-0.11397988,1.1143377,4.693246,-0.70198226,-1.4399714,1.9882709,1.7099799,1.1584051,0.34890103,-2.239736,2.6426167,0.09518368,-0.6100975,-4.5323663,0.6230891,-3.045027,-1.1399069,-2.8345604,1.507274,0.26218593,2.6764128,-1.3279998,3.9597235,2.0733187,0.02657625,2.2076359,0.39878342,-0.55354387,0.9833526,3.020985,-1.0129821,0.8656303
1,/data_nas/huangyj/data/placePulse/rawData/googleviews-110802files/513e1f5cfdc9f03587009ee9.jpg,0.57648814,-4.3088217,1.7655791,0.40897006,-3.1288486,0.6492192,-1.7352133,0.8510131,-5.9548497,-1.0073885,0.40074503,1.5234417,-1.8049034,-0.86149085,4.2701187,-0.77255934,0.76509327,0.12200913,-0.6002942,-0.38129818,2.0636442,-0.048425645,-0.43994492,2.2088506,-1.876425,-0.31386507,1.7602979,-1.8449906,0.30469102,0.96994144,1.2166034,-3.6753116,-0.54713064,-1.6138877,-1.9238975,-5.076461,-0.24735849,-1.2433263,2.4647293,-3.114811,3.5624325,-1.1383972,-3.1496634,1.8805907,2.303946,-1.5302474,0.19006388,5.2288394,-1.3991811,-2.8807411
1,/data_nas/huangyj/data/placePulse/rawData/googleviews-110802files/513cbb7cfdc9f03587000ee4.jpg,4.252244,-2.6241417,-1.3890744,2.321022,-0.4610628,3.7490175,0.84629357,3.762394,-3.5839496,1.0069087,-2.2672787,0.3445106,2.1176462,0.78368604,2.8593426,-3.437611,3.6533253,-4.152775,2.248938,2.942979,3.898577,-3.426172,-3.2570322,-0.38353232,-0.2832941,0.96914476,-0.44102895,-0.85416466,2.6736488,-0.96630454,1.7496408,-0.49565566,-2.4635649,-0.39586067,-0.5464822,-2.7086315,2.2346125,-1.4969891,2.036503,-2.4635792,-0.3777448,1.7996128,-1.9257098,-0.95286584,0.47596002,-1.3167962,-2.1794012,3.9529233,3.4546216,-0.9028184
0,/data_nas/huangyj/data/placePulse/rawData/googleviews-110802files/51409989fdc9f04926000e1d.jpg,4.117896,-3.2978487,-0.47098577,1.72618,-1.7113788,2.4545004,-0.9697569,4.22394,-1.2146643,0.16730174,-0.840645,2.5615716,-0.3137418,0.09018195,4.4031563,-2.6649985,2.1913714,-2.2761908,1.0551305,1.0924125,3.5277724,-1.1464473,-2.7681034,2.158767,-0.4754195,1.103413,2.0297332,-3.0712574,2.6231542,2.40779,-0.30528212,-2.62384,0.7502745,-2.7625983,-2.9353204,-0.38521355,1.3480928,0.68574035,2.996938,-0.31470457,1.5436789,1.5657063,-1.3166242,0.023917446,2.1560786,0.89358276,-0.17770085,1.2987401,2.1875575,-0.95993024
0,/data_nas/huangyj/data/placePulse/rawData/googleviews-110802files/5140dac0fdc9f04926003e1f.jpg,0.61628795,-1.1734029,0.23970172,-2.3400564,2.5490534,-1.348325,-3.725228,0.5303666,-4.080152,-1.3943045,0.4794945,2.0118918,-1.9066726,-0.5121376,2.6375504,0.13823271,0.640438,3.2338653,-3.239502,-0.3545422,1.9876394,2.1892734,2.808029,-5.5154757,1.0444709,-0.4211003,3.7885606,-3.6713479,0.4350409,2.34846,-0.87383515,-0.94102234,-5.624484,-3.4851594,-1.9745984,-4.512295,-0.74135053,0.7310462,-1.9035655,-1.4968323,2.2634861,0.5003634,0.18327451,-0.80896926,2.4084554,-0.8196984,1.5321275,3.9043274,-4.895522,0.25802273
0,/data_nas/huangyj/data/placePulse/rawData/googleviews-110802files/50f563b6fdc9f065f0005e10.jpg,2.2224076,-3.7640305,-0.062244978,0.4559945,-2.6968863,2.9235766,0.10460266,2.0831363,-4.3047633,0.3818811,-0.5054587,-0.1274664,-0.013587913,-0.8492376,3.6365745,-2.076617,1.641306,-2.227438,1.2980969,0.09814215,4.32041,-1.3147633,-2.0598469,2.4486196,-1.2894558,0.05080363,0.44394994,-2.6035986,1.9680285,0.89967287,0.7343399,-2.7864234,0.2525018,-2.0214605,-1.6142993,-3.2840357,0.46328098,-0.6435785,3.266639,-1.8123215,2.0723045,-0.05044287,-2.995506,0.9262367,1.9064294,-0.41103548,-0.46094283,4.040709,1.9976883,-2.287084
0,/data_nas/huangyj/data/placePulse/rawData/googleviews-110802files/50f5e6c9fdc9f065f0006e14.jpg,-0.02122602,-3.067103,2.644392,-0.17646864,-2.825312,-1.5291492,-3.7416816,0.7718755,-3.4418142,-1.8493713,0.43054515,3.4039347,-2.8857207,0.47492588,3.9150324,-0.69850117,0.32447332,1.4736726,-2.7540615,0.46632266,0.10127607,0.3847108,2.0571203,1.8723153,-1.400264,0.4811335,3.3911042,-0.97667557,-0.620634,0.0668545,2.7423043,-5.2810726,0.021008996,-0.6234239,-0.9212882,-3.3350973,-0.12731485,-1.7439412,1.0611663,-4.126778,5.2603564,-0.79023767,-0.18593287,3.2874074,1.6057792,-1.3921088,0.049045313,2.398222,-4.35797,-1.5687932
1,/data_nas/huangyj/data/placePulse/rawData/googleviews-110802files/513e5dcffdc9f0358700aecd.jpg,1.102719,-6.337854,3.0621126,0.85624075,-1.6829709,1.6324592,-0.96808976,1.6671965,-5.027966,0.13921985,1.7330685,1.7320827,-2.605962,0.028142896,5.816214,-2.7968128,-0.011786474,-2.1661186,0.91775924,-0.45798016,1.7756637,-1.7352555,-1.6937304,1.4990258,-3.4494352,0.9796672,1.4851133,-1.8417604,-0.19751707,0.6916463,2.1053367,-2.7161236,-1.0537047,-0.2943005,-2.1265776,-4.2473884,0.75209904,-1.3771844,1.687924,-3.0031326,2.2475703,-1.8211272,-3.2667096,0.6572035,2.2466967,-0.92709386,-1.545967,4.5405974,0.8510744,-4.7495637
0,/data_nas/huangyj/data/placePulse/rawData/googleviews-110802files/5141510cfdc9f04926007ec7.jpg,1.9948854,-0.30436867,-0.9748852,0.2671113,-1.7160398,0.35422045,-1.9431753,1.9517242,-3.3996441,-0.66829383,-1.3635129,1.751252,-0.69966024,0.23541588,1.8796413,0.1061933,1.6487813,2.121088,-1.2367728,0.12101558,2.9837584,1.2012835,-0.33559045,0.7671094,1.8001798,0.7751452,2.190566,-2.782324,1.8741252,2.4235604,-1.4286778,-5.1493397,-0.20497526,-3.5112104,-2.2428274,-3.348703,0.49994287,1.0027232,1.365282,-0.7813914,5.112053,1.7220639,0.18640572,2.6156056,1.5501875,-0.39269212,1.9886346,2.9518278,-2.425538,1.3585885
0,/data_nas/huangyj/data/placePulse/rawData/googleviews-110802files/50f5eaf4fdc9f065f0007ec5.jpg,2.2255986,1.4557588,-1.758063,0.08405283,1.1162016,-0.46431404,-2.5469298,2.0867267,-1.467974,-0.8221137,-1.5471991,2.3535686,-0.33941925,1.0568813,0.7192614,0.52763236,1.731416,3.280273,-2.111763,0.74398875,2.416973,1.6904784,0.47232208,-2.5495577,3.297849,1.2736138,2.7647302,-2.7087803,1.8715609,2.4316719,-2.3467467,-3.368517,-2.188867,-3.6358957,-2.029256,-1.9370009,0.8967215,1.7769531,-0.85382295,0.13152371,3.8009396,2.8125927,2.3763645,1.0563214,0.9700808,-0.07908799,2.2559755,1.3617122,-3.7153692,3.0311892
1,/data_nas/huangyj/data/placePulse/rawData/googleviews-110802files/5141375efdc9f04926004ec0.jpg,3.2349656,-3.5010338,-0.7741843,2.2246022,0.04271231,2.62761,-0.087560326,2.5788195,-5.284489,0.028330455,-0.5029786,1.634931,0.17197938,-0.04539434,3.6969526,-1.0487843,2.150239,-0.4514864,1.4039439,0.24994193,3.53635,-0.90085584,-3.709681,-1.146077,0.11162248,0.9901686,0.63496864,-3.128005,1.8596851,2.4590962,-2.4012902,-0.38446754,-3.188768,-3.2859719,-3.7221696,-4.3443384,1.6375617,1.4413573,1.742221,0.13133088,0.27512038,1.1902357,-2.8893487,-1.7633737,2.0269046,-0.4896007,0.5235997,5.668397,1.0704123,-1.4789257
0,/data_nas/huangyj/data/placePulse/rawData/googleviews-110802files/513d7c65fdc9f03587006e9d.jpg,0.87865406,-2.80189,0.55488765,0.5125371,2.1047835,1.2087066,-1.2060376,0.8472328,-5.430355,-0.42198274,0.693662,0.730408,-1.0648867,-0.41428217,2.869731,-0.36630768,0.7974766,0.94232816,-0.382163,-0.53655994,3.242181,0.54007965,-0.9760285,-3.7097,-0.17554355,0.10970288,1.4447742,-2.5372796,0.91217685,1.7258515,-0.70941573,0.031931773,-4.964529,-2.1132653,-2.4173036,-4.9185023,0.32050297,-0.19487105,-0.93143076,-1.7173121,0.6789477,-0.2686311,-1.7784743,-1.3997185,2.188531,-1.7090265,0.7401148,5.452117,-1.4793776,-1.831057
0,/data_nas/huangyj/data/placePulse/rawData/googleviews-110802files/50f5e700fdc9f065f0006ef6.jpg,-0.049377106,-4.517771,1.4929451,-0.027738975,0.18633413,3.0241652,0.6948744,-0.110476166,-3.950391,0.38478193,1.5522491,-1.2565004,-0.8284999,-0.019759718,3.0842175,-1.635376,-0.3550934,-1.4947424,1.2272325,-1.0447598,4.3150263,-1.8406065,-1.6734602,-0.20077291,-2.2086089,0.9623689,-0.55024016,-2.1317887,0.48225367,-0.8462008,1.3954489,-0.9167504,-1.5963205,-0.4046124,-0.8557455,-3.194531,0.9026333,-1.1542839,0.6001086,-2.3174703,0.7073538,-1.80989,-1.8563274,-0.27950817,1.0658412,-0.70092624,-1.0276968,3.714805,0.85608375,-4.0698934
1,/data_nas/huangyj/data/placePulse/rawData/googleviews-110802files/5140b9c0fdc9f04926001ef7.jpg,4.1866775,-2.5460882,-1.3139478,3.0616126,-2.5408647,2.9071825,0.05200267,3.948229,-4.47439,0.4243803,-2.07437,1.6205469,0.841786,-0.03660189,3.395579,-1.7487111,3.2564468,-1.8654984,1.7879946,1.4022689,3.6812096,-1.122096,-4.0888157,2.3444526,0.304261,0.7430561,0.61617893,-1.8384098,2.882182,2.1373737,-0.8383084,-3.0138168,-0.19545384,-2.6070447,-2.848027,-3.3901088,1.5748001,0.09521515,3.4607613,-0.93529266,2.0891364,1.9383633,-2.7776556,0.7023879,1.7724406,-0.978132,0.28793165,4.5827456,2.2555668,-0.4308913
0,/data_nas/huangyj/data/placePulse/rawData/googleviews-110802files/513d7c7bfdc9f03587006ef0.jpg,-0.57478094,-0.9068901,1.4050813,-1.0741084,3.0574372,-0.91644996,-2.502815,0.09026826,0.39680523,-0.79165626,1.9448146,1.5483184,-2.5980136,0.5165708,1.4557824,0.2037383,-1.3609785,2.5685375,-2.2038465,-1.2644335,1.5707953,1.6719375,1.6352041,-3.3938038,0.26507795,1.0489776,2.9169886,-2.6466286,-0.10191336,1.7524804,-0.58549505,-1.0593112,-2.3141608,-1.4279449,-1.6189431,-0.03619482,-0.105088085,0.8024454,-2.7954865,-0.34569368,1.6790197,-0.45366892,2.370253,-0.2909568,1.4416351,0.5127978,1.1480197,-0.7403697,-3.5324423,-0.5066007
1,/data_nas/huangyj/data/placePulse/rawData/googleviews-110802files/513f301bfdc9f0358700de8d.jpg,3.3957603,-4.48072,-0.76349604,1.2972895,-0.74710035,3.0547116,-0.38985026,2.2909107,-4.2642155,-0.89280427,-1.2633094,1.7674029,1.7764059,0.18023409,4.069212,-2.4357975,3.181913,-2.800464,0.86133623,2.520394,3.6245358,-3.590219,-2.0761359,-0.8856775,-1.1995645,0.5198538,0.2684589,-2.3900106,1.6148095,-1.5460196,1.1683804,1.5090808,-3.4852588,-1.5725642,-1.2127092,-2.950729,1.8712066,-0.653251,2.8116636,-2.2945242,-1.9958228,0.8899485,-2.6861522,-2.7519262,0.8627625,-0.5623316,-1.8599912,4.6590548,1.3730145,-2.4360552
0,/data_nas/huangyj/data/placePulse/rawData/googleviews-110802files/513d61a1fdc9f03587003e83.jpg,0.867699,-1.3914752,1.6046171,0.27500966,-0.72158897,-1.2478433,-3.3402662,1.7027658,-3.0341964,-0.7473631,0.06728718,3.040403,-2.9467087,1.2547011,3.117476,-0.62065434,0.41465154,2.398108,-2.2723708,0.04730428,0.94400454,1.382982,1.0691338,-0.20454875,0.4958502,1.5070703,3.4756591,-1.4739575,0.3055315,1.9421811,0.7966007,-6.2275224,-0.95394045,-1.5665164,-1.8739207,-3.5694969,0.51334834,-0.44936198,-0.5830862,-2.6685052,6.3611674,0.5485115,1.2126435,3.4741516,1.6989248,-1.2991645,1.1059414,2.2847655,-4.244748,0.22294356
0,/data_nas/huangyj/data/placePulse/rawData/googleviews-110802files/50f5e6fcfdc9f065f0006e8e.jpg,-0.9443044,-3.019104,2.9077373,0.30344787,-1.1335683,-0.69620323,-2.4912746,0.31594676,-2.5066261,-1.0193177,1.8901342,1.8148679,-3.4989471,-0.53857607,3.1849058,0.09587697,-1.1134918,1.655149,-1.5550026,-1.6510442,1.2541026,1.7320657,0.5778857,1.4442815,-1.5984136,0.13970782,2.817336,-1.7226472,-0.28670052,2.1350563,0.8884596,-3.8766057,0.37690014,-0.9095123,-2.1614456,-2.1331704,-0.8221426,-0.8865861,0.08895948,-2.2433968,3.895484,-1.7803936,-0.6081156,2.26783,2.5079002,-0.81758434,1.1220088,1.5833639,-2.807837,-2.390639
0,/data_nas/huangyj/data/placePulse/rawData/googleviews-110802files/513d61a6fdc9f03587003e89.jpg,0.7486625,-1.6895308,1.502802,-0.680822,-2.056863,-2.069117,-4.408307,1.1984802,-1.2926031,-2.315645,-0.18558079,4.5924892,-2.2785766,1.3379027,3.3270059,-0.40880588,0.7273184,2.5127182,-3.6180415,1.2101202,-0.16667993,0.19098547,2.6740427,0.9014652,0.046732772,1.2565746,4.036488,-1.7702519,-0.453244,-0.03721913,1.5445353,-4.75833,-0.08058353,-1.601431,-0.85543585,-1.4863657,0.5253272,-0.27093905,0.73844033,-2.8547504,4.8124228,0.63773376,1.841671,2.5243518,0.9368735,-0.08469524,0.38519374,0.5411893,-5.398863,0.21707533
0,/data_nas/huangyj/data/placePulse/rawData/googleviews-110802files/513f2fdffdc9f0358700de56.jpg,3.0345347,-4.2838244,-0.72093236,-0.37578145,-1.0638618,2.9713001,-0.38250607,2.101637,-3.0385768,-0.17519028,-0.11554994,0.99151427,0.3057383,-0.55108064,4.3142505,-2.1567423,1.643312,-1.7225935,0.91879714,0.24931578,4.362023,-1.7313584,-1.8783224,0.31301314,-0.90159297,0.6303582,0.97413737,-4.310714,1.8876796,1.1124064,-0.89670604,-0.44550037,-1.2591838,-3.5001214,-2.447632,-2.1417377,1.1346915,1.278887,2.925744,-0.07273449,-0.030743467,0.63436323,-2.3396254,-1.6974506,1.8002162,1.1869513,-0.4769923,3.309644,1.6114889,-2.1844873
0,/data_nas/huangyj/data/placePulse/rawData/googleviews-110802files/513d4d8bfdc9f03587002e57.jpg,1.9191551,-0.99779516,-1.4636565,-0.83267087,2.8862505,1.2435901,-0.9956584,1.27346,-1.85591,-0.27886117,0.06684003,0.6273354,0.12995662,-0.57184285,1.6110783,-0.2931468,0.98186666,0.9996538,-0.47912636,-0.33651918,3.534196,0.68179286,-0.3800856,-4.439394,1.2906797,0.12084296,1.574719,-4.088712,1.6615424,2.4324417,-2.7176378,1.434735,-4.158509,-3.6525316,-2.459795,-1.6679404,0.28913945,2.2099178,-0.801167,1.2527405,-0.8403467,1.1809814,-0.15889162,-2.8077087,1.740448,0.83400875,1.1449288,2.2783144,-0.63480765,0.19017562
0,/data_nas/huangyj/data/placePulse/rawData/googleviews-110802files/513d4d6cfdc9f03587002e51.jpg,1.3735843,-2.2807598,0.06598558,1.1873916,-1.7869986,1.2781677,-1.0024387,1.3645058,-5.1150117,-0.48365474,-0.5572112,1.1596875,-0.80607104,0.053980652,2.7123747,-0.101880245,1.2946497,1.1734463,-0.13258027,-0.339997,3.2440233,0.25420666,-1.6782405,1.1151158,0.30104536,0.8091399,1.1289021,-2.2200484,1.3210548,1.712936,-0.7942907,-4.025153,-0.76416975,-2.5635743,-2.3989384,-4.547575,0.7716092,0.13174303,1.685799,-1.5782603,3.9214513,0.4371805,-1.5067239,1.9124229,1.6559337,-1.2504346,1.3188847,4.6970096,-1.5035537,-0.86037326
0,/data_nas/huangyj/data/placePulse/rawData/googleviews-110802files/50f44854fdc9f065f0003e58.jpg,4.0855126,-1.0865645,-1.4510792,0.6440759,-1.5252259,-0.09936467,-3.7400315,4.0048704,-3.443088,-2.0349934,-3.6218586,3.9047704,1.9632612,-0.4606779,3.1675782,-2.1497288,5.2815757,-1.7108394,-2.4446363,5.1060934,1.477057,-1.3148154,1.6635016,-1.163709,0.3987995,-1.7512888,3.4826894,-0.51206756,2.257828,-1.3112066,3.5657954,0.073919855,-3.741085,-1.2668117,0.4279529,-2.4766252,0.0329642,-3.0064301,2.3446867,-4.9797325,-0.19864433,2.602568,-1.2279898,-0.8976906,1.437851,-2.365488,-1.3646872,3.4643455,-1.5618768,1.1927655
0,/data_nas/huangyj/data/placePulse/rawData/googleviews-110802files/50f5e6cafdc9f065f0006e55.jpg,-0.5765576,-4.091621,2.882491,0.2850341,-1.1019325,-0.29507062,-2.2794409,0.23195656,-4.791435,-1.0100954,1.7275525,2.0100613,-3.2008817,-0.45440176,4.0668893,-0.24418497,-0.6552898,1.3511848,-1.1519817,-1.3803176,1.2730284,0.8291861,0.08145203,0.56234396,-1.9071192,0.2596077,2.3862736,-1.9137503,-0.59204733,1.6759287,0.7919703,-3.3238866,-1.2942259,-1.1481996,-2.3323226,-4.306253,-0.38124788,-0.85804915,0.42589372,-2.651391,3.519738,-1.8291206,-1.8646994,1.5987082,2.4636827,-1.377736,0.70777094,4.064146,-2.6820245,-3.0990262
0,/data_nas/huangyj/data/placePulse/rawData/googleviews-110802files/50f5eaeefdc9f065f0007e50.jpg,-0.310982,-1.6714996,1.5449427,-1.55854,3.415033,-1.6526145,-3.179616,0.4708718,-4.033881,-0.903649,1.4674536,1.6850953,-2.5617592,-1.3999372,2.5981348,0.015219066,-0.18638442,2.0472252,-2.4310665,-0.87456816,0.46627015,2.4420247,2.3096704,-5.7618775,-0.39575404,-1.4270194,3.5913515,-2.4078789,-0.3807584,2.801566,-0.1315823,1.1616952,-6.0793037,-1.7166241,-1.8629373,-4.0291715,-1.6673956,-0.33262336,-2.712409,-1.6990687,0.2489702,-0.92428935,-1.1354402,-1.74459,2.9553277,-1.4774243,0.97369295,3.846114,-3.30954,-1.01909
0,/data_nas/huangyj/data/placePulse/rawData/googleviews-110802files/513cd20efdc9f03587001e54.jpg,0.83243316,0.22023794,-1.2742699,0.60210776,2.185349,1.0570627,-0.13805635,0.006217923,-1.4269311,-0.10643824,0.06782092,0.35119572,-0.22210597,1.463458,0.0041407864,1.2628053,0.043294046,3.2950187,-0.28549504,-1.0358175,3.0235264,0.7605702,-1.5847119,-2.8282266,2.5225625,2.4542084,0.16261986,-2.7310362,0.9892035,1.7175214,-3.9181376,-1.50583,-2.2017465,-3.0289328,-2.4580421,-1.8041065,1.8664422,2.8717742,-1.4344714,1.8731804,1.9032015,1.4443648,1.9048839,-0.40975857,0.056701265,0.5048749,2.1611757,1.7069944,-2.4523704,1.0174028
0,/data_nas/huangyj/data/placePulse/rawData/googleviews-110802files/5140cccdfdc9f04926002ea6.jpg,2.9217765,-1.7581234,0.0037171096,0.9635899,-2.7117858,0.3012472,-2.8137574,3.5447917,-1.1120502,-0.952157,-1.1570692,3.386864,-1.0760292,-0.068713926,3.5505378,-1.4972135,2.0253816,-0.21848488,-1.192269,1.2671843,2.227119,0.439824,-0.23956607,2.7481718,0.12492511,0.35753602,3.4499748,-2.3751123,2.0409591,2.2215889,0.60826707,-4.580223,1.4112492,-2.5516179,-2.1623778,-0.6103768,0.2769073,-0.13964467,2.5110042,-1.611143,3.8195531,1.4926445,-0.06751691,2.0671272,2.2089267,0.1569642,0.61504805,0.62636197,-0.9536598,0.3418788
0,/data_nas/huangyj/data/placePulse/rawData/googleviews-110802files/513cd3b8fdc9f03587001ea3.jpg,4.0712357,-0.33912423,-2.841304,-0.847422,2.5872514,0.45113763,-3.1656556,2.7489944,-2.7972832,-1.6461811,-2.444736,2.7448928,1.7837265,0.21981543,2.2527277,-1.0509386,4.0862303,0.9803201,-2.5235262,3.0917912,3.5035346,-0.0853805,1.4341831,-6.2236285,2.511729,-0.20396261,3.148966,-3.6223614,2.6663587,0.6134045,-0.79141307,1.5248038,-6.6917458,-4.09514,-1.4899647,-2.8003523,0.89185536,0.77861243,-0.2645035,-1.3472363,-0.8178054,3.4493318,0.63311625,-3.2855837,1.4375522,-0.51808125,0.27300507,3.4653668,-2.8097484,2.094475
0,/data_nas/huangyj/data/placePulse/rawData/googleviews-110802files/5140ccd0fdc9f04926002eac.jpg,1.5529903,0.98955786,-1.4475265,-0.22166933,2.7191057,-1.1254003,-3.0925498,1.1509787,-2.9945688,-1.5775967,-1.071371,2.6709228,-0.22611612,0.55495363,0.77702105,1.2649187,1.768892,4.1097565,-2.8624554,0.80698013,1.7700185,1.9403433,1.2434996,-5.2943277,3.0048082,0.46726468,2.968247,-2.641979,1.0919124,2.0978484,-2.5263944,-0.53443086,-5.2182426,-3.6205454,-2.120878,-3.3063886,0.47379628,1.5531343,-1.9368032,-0.29574862,1.6932758,2.2875438,1.5496931,-1.0370613,1.2026525,-0.965996,2.2348468,3.1088939,-4.96489,2.3650498
0,/data_nas/huangyj/data/placePulse/rawData/googleviews-110802files/51415100fdc9f04926007eaf.jpg,3.5227468,0.47522885,-2.10397,-0.37905943,0.5550477,-0.7726132,-4.026561,3.3217926,-1.2034557,-1.920032,-2.048435,3.8724005,0.34236088,-0.5634398,2.1224208,-0.21689084,3.1938822,1.7696297,-2.9886956,2.207565,2.2725663,1.6887404,1.5825707,-2.6093764,2.3736963,-0.7921082,4.4434757,-3.4459786,2.5592146,2.6312387,-1.3460507,-0.80540514,-2.9722016,-4.382909,-2.2057698,-0.99759436,-0.25681728,1.0912225,0.61892486,-0.54083246,1.1756715,3.1220517,0.75964373,-1.1317838,2.2159004,0.15164284,1.5903846,1.3166345,-2.99219,2.629834
1,/data_nas/huangyj/data/placePulse/rawData/googleviews-110802files/50f44857fdc9f065f0003eaf.jpg,2.6561306,-0.33663535,-0.53224343,-1.0708444,-0.33208376,-1.7938426,-5.2624846,3.1452522,0.09412856,-2.6030493,-1.5519598,4.796602,-0.5179068,-0.26912817,2.9602761,-0.97803086,2.7624693,1.1570779,-4.138177,2.8572273,1.2035698,1.0277472,3.4835482,-1.4013339,0.99273175,-0.9362403,5.427378,-2.6186326,1.685847,0.9078574,1.6341746,-1.4426944,-1.8875374,-2.7592587,-0.80705535,0.3003278,-0.6649413,-0.6817349,0.7635317,-2.6658063,1.6291022,2.1832013,1.5470016,-0.14298783,2.0475261,0.020872401,0.46437982,-0.4020921,-4.0851445,1.748847
0,/data_nas/huangyj/data/placePulse/rawData/googleviews-110802files/5140997bfdc9f04926000e0d.jpg,1.1802028,-3.502911,-0.46359113,1.0982624,0.8476317,0.9596013,-1.5880954,-0.0178952,-6.885615,-2.58287,-0.68420917,2.1905713,1.4534625,-0.5396416,2.6876178,0.654597,2.6690245,1.0715991,-1.2664431,1.7733018,2.1577168,-1.5586467,-0.58021665,-3.9243221,-0.41780102,-0.7523772,0.6923305,-1.8316784,0.18780068,-1.4294846,-0.28369197,3.993475,-6.7593894,-2.0199382,-1.4949744,-5.4266615,0.8228635,-0.5749587,0.91817975,-2.671692,-3.0258791,0.19578157,-3.1482565,-4.066193,1.0239557,-2.23435,-0.20061311,7.195988,-2.6972866,-2.2055664
0,/data_nas/huangyj/data/placePulse/rawData/googleviews-110802files/513d7c32fdc9f03587006e02.jpg,-0.9233334,-3.3315,3.1508207,-1.7744709,0.3616467,-1.5406613,-3.7104862,0.16715424,-2.8374152,-1.3440347,2.0980868,2.3317082,-3.7059748,-0.3665063,3.925426,-0.81752956,-1.0180689,1.5756364,-2.811503,-0.9236346,0.70704716,1.2314235,2.8382995,-1.4122682,-1.8313088,-0.11349215,3.8924031,-2.2394629,-0.926002,1.1242343,2.142005,-2.7344055,-2.1480196,-0.88215005,-1.2085105,-2.9094615,-1.034901,-1.283854,-1.0856007,-3.298802,3.3207793,-1.777398,-0.13021907,1.2289703,2.4390001,-0.8740716,0.11299571,1.9843743,-4.045065,-2.4221284
0,/data_nas/huangyj/data/placePulse/rawData/googleviews-110802files/514150b6fdc9f04926007e01.jpg,-0.31208676,-3.5351686,3.5481777,0.21290705,-2.371633,-0.85583943,-2.8584185,0.9917304,-1.4061043,-0.7984528,1.6163124,2.881795,-3.8939652,1.1766855,4.0582933,-1.441206,-1.0667337,0.6454277,-1.6147214,-0.5310897,0.36001173,0.016660841,1.0380007,2.8934338,-2.0247402,1.7360715,3.0049639,-1.0437984,-0.75557584,0.47862428,2.7207446,-6.3089595,1.8105248,0.19751726,-1.1886675,-1.5183784,0.38317928,-1.3833753,0.4863658,-3.2582695,5.8042436,-1.3927753,0.7921137,3.9250472,1.4467251,-0.37956563,-0.29799587,0.2721949,-2.9101923,-2.3348007
0,/data_nas/huangyj/data/placePulse/rawData/googleviews-110802files/50f5ed98fdc9f065f0008e09.jpg,2.8442771,-1.0664717,-1.6934036,2.14483,2.0076418,2.3658412,0.32558888,2.175656,-4.980684,0.64808804,-1.0637522,0.6281199,0.57594013,0.8051095,1.6829572,-0.23079982,2.0144515,1.0322276,1.2294898,0.06989744,3.83638,-0.13474636,-3.5709822,-3.3313904,2.012291,1.6738205,0.0925402,-2.5511594,2.0599103,2.5618603,-3.3140354,-0.84515876,-4.314067,-3.147886,-3.1829944,-4.6728563,2.0305712,1.7376672,-0.33120778,0.5764496,1.1200212,1.9809644,-1.0052685,-1.19187,1.1950077,-1.1388415,1.3850197,5.4747458,-0.04884638,0.42865893
0,/data_nas/huangyj/data/placePulse/rawData/googleviews-110802files/51413dc9fdc9f04926005e00.jpg,1.9456496,-0.026798125,-1.473588,0.13581698,-0.1896999,-1.3919419,-4.320229,1.7266701,-4.0055804,-3.35958,-2.516688,3.7039921,1.3149881,-1.4057078,1.617844,1.0080084,3.927446,2.1013644,-3.925203,3.1310537,1.3920683,1.1886588,2.4432352,-2.7407486,1.3452563,-2.4800966,3.7077887,-1.4626402,1.5400605,0.071189426,0.81552184,1.4920034,-4.7409005,-2.7692492,-0.7088104,-2.9558198,-0.99175924,-1.4935033,1.0259861,-3.4657295,-0.6628138,1.864439,-0.99238205,-1.6926572,1.8473184,-2.3359604,1.1395075,3.9336934,-4.6671515,1.4564633
0,/data_nas/huangyj/data/placePulse/rawData/googleviews-110802files/513e6a67fdc9f0358700bebd.jpg,1.7983923,-4.165765,0.5214946,-1.4968241,-1.6893208,2.732134,-0.52277625,1.8004991,-4.3276644,0.58405364,0.12047948,-0.64108014,-0.6842786,-0.87525517,4.256936,-3.0110412,1.1277908,-2.531684,0.63369274,-0.09213379,4.8392787,-1.4427434,-0.3585079,1.0744429,-1.8285121,-0.0942553,1.1477568,-3.252467,1.7611481,0.28573835,2.1737752,-3.2139287,-0.64963114,-1.8480781,-0.78852844,-3.7622893,0.06637992,-1.364332,2.2750754,-2.9281688,2.7351952,-0.60669684,-2.4470751,1.1938376,2.070098,-0.36000392,-1.1284922,3.894602,1.4426062,-2.745521
0,/data_nas/huangyj/data/placePulse/rawData/googleviews-110802files/50f5eaf3fdc9f065f0007eb6.jpg,-0.0037014578,-2.2953172,1.562862,-0.03162723,-1.0357885,-0.077177845,-1.7826551,0.5434296,-5.1307106,-0.38223976,0.7042397,1.1464839,-2.572324,-0.009726176,2.8314764,-0.05770787,-0.20829204,1.9597176,-0.9810469,-1.2905358,1.8055773,1.2648695,-0.017023358,0.16335309,-0.34046617,0.6589695,1.9687852,-1.9294058,0.08633673,2.050417,-0.11344637,-4.880092,-1.2201664,-1.854929,-2.0921655,-5.0998883,-0.034618504,-0.25662562,0.084129706,-2.0579042,5.167655,-0.67354167,-1.0258975,2.7450209,1.9055502,-1.4415667,1.221964,4.3833485,-2.658448,-1.2797487
1,/data_nas/huangyj/data/placePulse/rawData/googleviews-110802files/513d9ce0fdc9f03587007eb9.jpg,0.7704293,-4.2072244,1.3341095,1.6113992,-2.1867423,1.4636551,-0.5773052,0.643171,-5.8726068,-0.55943936,0.5319728,1.4644686,-1.5586915,0.15016615,3.8077276,-0.27774602,0.46828064,0.75045216,0.49048978,-0.9218386,2.3408535,-0.5922714,-2.4025676,1.6457596,-1.1486171,1.203564,0.57509834,-2.1244895,0.1930204,1.3562212,-0.7505064,-3.3361058,-0.8530286,-1.9277676,-2.8647687,-5.082589,1.0763308,0.27891216,2.023972,-1.5015562,3.1673305,-0.73047245,-2.6387155,1.265532,1.6874307,-1.0632443,0.66223204,5.5113387,-1.0347824,-2.731283
0,/data_nas/huangyj/data/placePulse/rawData/googleviews-110802files/513d7c6cfdc9f03587006eb8.jpg,-0.40627325,-2.3082533,2.938607,-0.7412616,-2.083658,-2.4706933,-4.5626163,0.8309083,-1.4652306,-2.1058707,0.75247866,3.9463046,-3.3775156,0.5223172,3.5766456,-0.5748884,-0.11595708,1.9063214,-3.6684008,0.50909865,-0.54011273,0.9414999,3.2500556,1.4204355,-1.2736664,0.3330389,4.331205,-0.92657435,-0.841654,0.21598428,3.1157558,-4.910218,0.3260136,-0.34441525,-0.5542316,-1.5459282,-0.59035546,-1.799866,0.25981674,-4.058729,4.984152,-0.80180377,1.0600494,3.1784213,1.6677542,-0.9150745,0.18210003,0.36267063,-5.1658435,-1.0244883
0,/data_nas/huangyj/data/placePulse/rawData/googleviews-110802files/5140b9a6fdc9f04926001eba.jpg,0.42461282,-0.09364499,0.16030803,-1.0755603,4.003894,-0.93959665,-2.7846959,1.2916204,-3.0629048,-0.5467934,0.5551488,0.7236002,-1.4359512,-1.9613373,1.3381784,0.2120347,0.6956754,1.7167368,-2.1496012,-0.50133914,1.9651396,3.3110542,1.8415823,-5.944762,0.722111,-2.1137657,3.5585527,-2.3870008,1.1834806,3.5440388,-0.59006435,1.5155408,-5.7914705,-2.1885743,-1.8929886,-2.9417279,-2.0205612,-0.5252217,-2.845756,-1.3170614,-0.24738868,0.035854317,-0.7186601,-1.9713097,3.230481,-1.6923746,1.5393434,3.0158825,-2.2939231,0.26427454
1,/data_nas/huangyj/data/placePulse/rawData/googleviews-110802files/50f563d0fdc9f065f0005eb4.jpg,4.4448953,-2.9999619,-0.9514619,3.2036986,-2.9992988,2.4263365,-0.5069532,4.127239,-5.7869654,0.01912811,-2.9379864,2.1683419,1.4699022,0.30421075,3.8802478,-2.593844,4.4571285,-2.9158254,1.2655721,3.2057695,2.481186,-2.3752537,-3.1280026,1.6953021,-0.3120527,0.25198123,0.68522465,-0.2961058,2.369392,0.03890346,1.5675232,-2.2592797,-1.7790974,-1.0387288,-1.4206736,-4.5902224,1.694897,-1.8240155,3.5869956,-3.317819,1.4075269,1.9709835,-3.29428,0.45716652,1.3213935,-2.3736982,-1.2675015,5.879835,1.8303947,-0.6294466
0,/data_nas/huangyj/data/placePulse/rawData/googleviews-110802files/514099b1fdc9f04926000e4b.jpg,0.33838606,-4.4301276,2.9514735,-0.26775566,-0.5326422,-0.5167397,-3.199387,1.5510582,-4.112605,-1.1440167,1.3799695,2.5744054,-2.899261,-1.1611981,4.9029517,-1.7071408,0.30960354,-0.57912916,-1.6533719,0.030458897,0.97335273,0.42153355,1.3421812,-0.5090944,-2.7143753,-1.0323057,3.6410167,-1.7661914,-0.14298542,1.2807014,2.892414,-1.4903785,-2.4676833,-0.52389264,-1.5665576,-3.405944,-1.136768,-2.2799954,0.42765042,-4.0340576,1.7330127,-1.6911318,-2.3389966,0.31818736,3.1358614,-1.548592,-0.6269683,3.4209917,-1.7039828,-3.2087915
1,/data_nas/huangyj/data/placePulse/rawData/googleviews-110802files/513d57a9fdc9f035870031d3.jpg,0.60407364,-2.8103576,0.15388653,-0.46282816,-1.0480648,0.57074946,-2.1385505,0.7367507,-6.235426,-1.6176832,-0.295594,0.6048481,-0.29312178,-3.0719366,2.9616232,0.24702194,1.8559998,0.34873977,-1.3816509,-0.058149293,3.1493568,1.5398176,0.692014,-0.82981324,-1.0525718,-3.0276384,2.2458363,-2.5624747,1.3740515,1.7952119,0.56226933,0.42406455,-3.2492793,-2.7706192,-1.8291515,-4.9114337,-2.0372653,-1.5394304,1.8433139,-2.8709614,0.14520378,-0.7985697,-4.1354833,-0.874772,3.31631,-2.124648,1.0244135,5.887458,-1.3284298,-1.9320889
0,/data_nas/huangyj/data/placePulse/rawData/googleviews-110802files/51392b82818ede12960011d7.jpg,0.13046338,-1.5315108,0.37447214,-1.1873407,2.9451683,0.5440667,-1.7041042,0.31275386,-0.7753484,-0.6213069,1.6184281,0.43407032,-1.5034567,-0.6315332,1.7397792,0.07449004,-0.6096831,1.6447513,-1.320639,-1.3622193,3.3693583,1.6112549,0.66392833,-3.3706112,0.20466396,0.14843602,2.299869,-3.5869217,1.0200438,2.2156153,-1.3720205,0.24119131,-2.704288,-2.6015868,-2.1507132,-0.7254772,-0.38653764,0.99221563,-1.722273,0.14194947,0.30014375,-0.31083888,0.7060988,-1.569757,2.056909,0.511545,1.298817,0.74855083,-1.8785052,-1.0282308
1,/data_nas/huangyj/data/placePulse/rawData/googleviews-110802files/51408ff9fdc9f049260001d2.jpg,0.0426412,-3.959536,2.571189,0.33380583,-2.6767836,0.45050597,-1.6707503,0.64542127,-4.2881927,-0.4566779,0.9336633,1.364113,-2.6741285,0.5608443,3.9872782,-1.2550156,-0.14909472,0.2950467,-0.6951333,-0.60631704,1.7914011,-0.36510655,-0.17440471,2.4902768,-1.849229,1.1735443,1.6603354,-1.2068967,-0.16905189,0.24829315,2.1210253,-5.54664,0.54515034,-0.5050759,-1.2464163,-4.0217705,0.5208374,-1.5388792,1.3346379,-3.4976277,5.2177305,-1.2870805,-1.1319892,3.3180256,1.51434,-1.2779148,-0.18720579,3.3842583,-2.0340025,-2.7166293
0,/data_nas/huangyj/data/placePulse/rawData/googleviews-110802files/513d7d75fdc9f035870071d2.jpg,0.9149878,-0.95538867,1.2956839,-0.7192422,0.84652567,-1.7305312,-4.1796865,1.7030962,-2.7003007,-1.2799597,-0.057273537,3.3882787,-2.4918623,1.1788148,2.9239013,-0.8077572,0.8186887,2.459148,-3.2699888,0.8371668,0.9659828,1.186421,2.5127504,-2.6010954,0.7039775,0.9992465,4.1770015,-1.7479554,0.2368711,1.1119719,1.5219843,-4.3324413,-3.0240533,-1.5314889,-1.0718057,-3.294858,0.24966647,-0.87842506,-1.5684382,-3.343393,4.8841395,0.7863871,1.8455038,2.0911674,1.5977674,-1.4144862,0.6606703,2.037864,-5.1680074,0.6068969
1,/data_nas/huangyj/data/placePulse/rawData/googleviews-110802files/513d788afdc9f035870061d1.jpg,-0.1821798,-4.930294,2.440444,-0.08016714,-1.8475398,1.4156201,-0.48575693,0.016945146,-6.741697,0.039167535,1.2753922,0.03581542,-2.1538427,-0.13974519,4.219995,-1.4237145,-0.19542512,-0.45045683,0.4325463,-1.1264582,2.338985,-1.0781294,-0.8944973,0.92726564,-2.429912,0.59226286,0.47172412,-1.6002257,-0.4149182,0.04721629,1.7267429,-3.6818686,-1.5437618,-0.5598118,-1.3204638,-6.2396054,0.38004792,-1.4718632,1.2232454,-3.387853,3.701267,-1.994689,-3.08509,1.9632531,1.6545548,-1.7516247,-0.668587,6.047414,-0.71204156,-3.9130504
0,/data_nas/huangyj/data/placePulse/rawData/googleviews-110802files/5140d012fdc9f049260031dc.jpg,-0.18207066,-5.9607515,3.09283,0.5376117,-0.48488876,1.2229333,-1.3354875,-0.058547698,-2.737702,-0.9190165,2.7033265,2.0968344,-2.8741686,0.7479616,4.8615766,-1.1324588,-1.2292057,0.25790122,-0.14480427,-1.3887292,2.1782093,-1.2442406,-1.1437107,0.7000953,-2.7525187,2.0625725,1.410746,-2.7836494,-0.71114826,0.30367824,0.5053852,-1.7950258,-0.7573237,-0.98774457,-2.5991316,-2.1598618,1.2644042,0.15467681,0.7677847,-1.524798,1.5056913,-1.994774,-1.0782797,-0.28744537,1.6017689,0.3136966,-0.43103907,2.3944273,-1.5018706,-4.6844144
0,/data_nas/huangyj/data/placePulse/rawData/googleviews-110802files/50f5eb4bfdc9f065f00081da.jpg,1.4574231,-2.3702211,1.4009007,-0.10238583,0.16993046,-0.3232713,-3.2678058,1.9614984,-3.1754534,-0.77183455,0.14235282,2.9295642,-2.4168162,1.3850675,3.8645704,-1.515178,0.8652174,1.425294,-2.0701442,0.5247989,2.2165985,0.32561934,0.97263116,-1.410247,0.1378624,1.6972556,3.4183297,-2.261471,0.722612,1.1128691,1.4078487,-5.0434303,-2.2250097,-1.6975605,-1.7052785,-3.60211,0.9465821,-0.6939081,-0.5837433,-3.195314,5.132445,0.60174096,1.1267173,2.1991873,1.7354579,-1.1378096,0.3281307,2.6107943,-3.7542439,-0.49522477
0,/data_nas/huangyj/data/placePulse/rawData/googleviews-110802files/513d57aefdc9f035870031db.jpg,1.4425114,-1.1746454,0.39612287,0.8185428,-3.8652792,-0.1931712,-2.7124054,2.2571213,-2.6913707,-1.4305758,-1.6302819,2.3461013,-0.6397838,-0.40226045,2.445335,-0.66896003,2.122135,0.13969204,-1.7716557,1.5566857,1.7882206,0.4427234,0.770278,3.5937579,-0.18858309,-0.5834707,2.7256448,-0.6778614,1.4694998,0.39247516,2.4514942,-5.007883,1.5660127,-1.1113117,-0.5024672,-1.9490043,-0.39759257,-2.1721563,2.6310575,-3.801661,4.4621305,0.62446606,-0.54337287,3.4863534,1.5968342,-1.5548156,0.45351833,1.7579728,-2.044568,0.15852913
1,/data_nas/huangyj/data/placePulse/rawData/googleviews-110802files/513d9dd1fdc9f035870081db.jpg,4.144381,-2.2076316,-2.769698,0.2970828,-2.282423,3.0208628,-0.45053393,3.2262256,-4.791193,-0.5070503,-2.8511639,0.35712263,2.7536747,-2.1057866,2.9445207,-1.7726645,4.4101515,-2.6351986,0.6700565,2.336347,4.7865105,-1.2098446,-1.5229921,0.5857372,0.22109064,-2.0066867,0.8795435,-2.893701,3.4723635,0.7569985,0.063515626,0.5258664,-1.9662124,-3.5422456,-1.314988,-3.3002367,-0.101363555,-0.5612694,4.1866126,-1.5993898,-0.9211478,1.9480678,-3.9205554,-1.617645,2.1195462,-0.7880092,-0.34354362,5.094566,2.4143693,-0.268816
0,/data_nas/huangyj/data/placePulse/rawData/googleviews-110802files/51409c24fdc9f04926001166.jpg,0.7476682,-2.8265786,0.5988668,-1.6577078,-2.6259587,-0.5600372,-3.6141074,0.7684247,-5.1586914,-2.3499286,-0.70105803,2.264782,-0.9011532,-1.639784,3.7000582,-0.4083673,1.8594285,0.94010097,-2.9026263,0.90014017,2.2308276,0.5496665,2.6294267,0.38675404,-0.92644143,-1.8251746,3.2644703,-2.6725998,0.6911387,0.22572374,2.0131125,-2.394731,-1.9202335,-2.6346838,-0.8110389,-4.407815,-1.3454201,-1.538781,2.3644996,-3.9361734,2.7554607,-0.30045405,-2.2052443,1.098637,2.4279344,-1.380998,0.44028538,4.481568,-3.4918869,-1.2477926
1,/data_nas/huangyj/data/placePulse/rawData/googleviews-110802files/50f56430fdc9f065f0006162.jpg,2.7075737,0.50209737,-2.2962973,-0.69623524,-1.2593416,0.7104517,-2.089458,2.0453506,-2.3978293,-0.89714605,-2.1572158,1.5014895,0.5075482,0.5030202,1.3607227,-0.10612548,2.3995366,2.0558708,-1.6878413,1.0352552,3.9329515,0.7264684,0.5002359,-0.2229936,2.6770806,0.8112127,2.1295893,-3.3387718,2.5604508,1.3717765,-1.4431789,-4.512548,-0.6303687,-4.2845964,-1.4594078,-2.5562649,0.82257885,1.2915133,1.4429097,-0.57776296,4.514713,2.7622736,1.207292,1.922072,0.87411267,0.19443014,1.7245092,2.165123,-2.6664321,2.3874993
0,/data_nas/huangyj/data/placePulse/rawData/googleviews-110802files/5141382bfdc9f0492600516c.jpg,2.0407412,-0.94763744,-1.8848681,0.51961154,1.6081885,1.1530588,-1.0034564,1.0347431,-5.3517485,-0.80693203,-0.859223,1.2124081,0.51523966,-0.29091823,1.6286508,0.9771484,1.8925518,2.6298513,-0.5108498,-0.17327708,3.461686,0.9041369,-1.5253187,-3.8262572,2.1285443,0.37614813,1.0986769,-3.5422318,1.6256565,2.5862553,-3.8298795,0.13398533,-4.818908,-4.4363685,-3.2117474,-4.9535985,0.8377335,2.259337,-0.0020599624,0.7081541,0.70586985,1.6931151,-1.2947178,-1.8109381,1.5951825,-0.7500681,2.1636703,5.7055993,-2.066464,0.5360883
1,/data_nas/huangyj/data/placePulse/rawData/googleviews-110802files/513e1a3dfdc9f03587009160.jpg,1.8293514,-2.1416163,0.20208535,2.2136943,0.8654683,3.5971875,1.7276736,1.87301,-0.0040058303,1.756683,0.4088166,-0.739481,-0.26761353,2.3496103,1.6015971,-2.1856713,0.06594863,-1.798419,2.4709082,-0.22630017,4.264822,-2.3192236,-3.8947418,0.5942554,-0.1086853,3.6064656,-1.0927327,-1.2819157,1.5985516,-0.06753873,-0.019391555,-2.9702563,0.551231,0.07080658,-1.2080795,0.113860995,3.0307877,0.2826597,-0.15737063,-0.23647325,1.9072664,0.5149239,1.3420992,0.85196775,-0.25470707,0.4582421,-0.8103501,0.04041582,2.180863,-1.4160488
0,/data_nas/huangyj/data/placePulse/rawData/googleviews-110802files/51414bbffdc9f0492600716b.jpg,-0.72750545,-5.209482,3.490082,1.0671399,-0.2350738,1.1528624,-0.4649046,-0.075432256,-3.3414295,0.04111317,2.8515546,1.0627509,-3.305609,0.7453943,4.0136576,-1.091077,-1.7717501,-0.03394491,0.6474633,-1.9813247,1.5721819,-0.87762666,-1.7750294,0.77553177,-2.779465,2.0685093,0.73861104,-1.7842816,-1.0061371,0.78992146,0.6214166,-2.6110814,-0.6331964,0.11318525,-2.3258753,-2.8945286,1.0620466,-0.30782002,-0.057517868,-1.6073596,2.351203,-2.439516,-1.3188546,0.8070381,1.5091255,-0.3526954,-0.4136535,2.8433645,-0.6358932,-4.502131
0,/data_nas/huangyj/data/placePulse/rawData/googleviews-110802files/50f5642ffdc9f065f000613d.jpg,0.995913,-1.1608185,0.60461074,-0.72588176,3.1351976,-0.8924895,-3.022375,1.1675886,-4.6233854,-0.57661974,0.5140112,2.1511116,-2.1795228,0.5774891,2.6484308,-0.23066276,0.54891646,2.9250011,-2.1747878,-0.2829092,1.7076778,1.7455001,1.1762773,-5.633667,1.1967103,0.79238945,3.2294745,-2.6962268,0.38401338,2.4849613,-1.0298365,-1.9442782,-5.8502736,-2.663456,-2.3177264,-5.2273927,0.2805252,0.5225261,-2.6779926,-1.5434823,3.0826082,0.7246905,0.45255527,-0.1882551,1.9994928,-1.5026052,1.2817589,4.473493,-4.205934,0.24310254
0,/data_nas/huangyj/data/placePulse/rawData/googleviews-110802files/51408fa9fdc9f04926000131.jpg,-0.5690384,-4.9674053,2.954358,-0.60328174,-1.8566903,0.9792392,-1.2166028,0.061564766,-4.726995,-0.31521708,1.8572329,0.4027739,-2.7842417,-0.5099596,4.3325396,-1.5000466,-0.78927326,-0.5488535,-0.24912615,-1.3854386,2.356542,-0.54324615,0.040001657,1.5630149,-2.9184046,0.3048815,1.4049696,-2.0399196,-0.39994198,0.31441557,2.2713692,-3.6139736,-0.38767868,-0.495995,-1.2643847,-4.1771855,-0.22492412,-1.6094824,1.1959388,-3.3378274,3.4876113,-2.3822439,-2.3426502,1.9775937,2.0498037,-0.9647618,-0.6092346,3.8762212,-0.9040633,-4.0977716
0,/data_nas/huangyj/data/placePulse/rawData/googleviews-110802files/51409c01fdc9f0492600113c.jpg,2.106963,-0.027518917,-2.385272,-0.46958816,3.0633745,0.27497503,-1.9993097,1.4759036,-4.8462415,-1.3935828,-1.3168409,1.0511458,1.3874862,-2.408703,1.0449516,0.93273336,2.8419487,1.6239474,-1.583209,0.934408,2.7933385,1.9995633,0.47718948,-6.135655,1.8003726,-2.6075282,2.308925,-3.1419697,2.0169232,2.7569296,-2.5860665,4.135205,-7.046523,-4.107676,-2.3204389,-4.0030046,-1.2141653,0.8058619,-0.6774333,-0.13295016,-2.7869248,1.6020206,-2.3839164,-4.289916,2.5988812,-1.4612362,1.6903399,5.386681,-1.5383896,0.9709536
1,/data_nas/huangyj/data/placePulse/rawData/googleviews-110802files/514218b0fdc9f04926008176.jpg,1.6916896,-0.7294475,-0.60637325,0.5583657,3.7430558,1.667181,-0.6033523,1.7656101,2.213493,0.1393418,0.7153369,0.49746674,-0.018238075,0.6079686,0.8575647,-0.928274,0.31316283,-0.27855527,-0.06312704,0.19871312,3.5948546,0.09632625,-0.89356446,-3.2271621,0.6974282,1.2633193,1.4241586,-2.5419188,1.9655617,1.2503573,-1.0430498,1.4335054,-1.9873909,-1.4095222,-1.6580026,2.338052,1.0369095,0.90436256,-1.8273253,0.8111708,-1.6073439,1.0108298,2.0848684,-2.6117885,0.9678934,1.1037248,0.21688338,-1.8135983,0.33966395,-0.2098691
0,/data_nas/huangyj/data/placePulse/rawData/googleviews-110802files/51392a24818ede1296001176.jpg,1.789971,-3.3193831,-0.0929472,-0.6195406,-3.7657347,1.7064934,-1.3730794,1.472449,-2.8426993,-0.96854883,-0.46758196,1.3304253,-0.4606554,-0.74095577,3.6385117,-1.1719583,1.242161,-0.48713434,-0.3860001,0.056437247,3.7230582,-0.71125984,-0.4274617,3.5495214,-0.841002,0.18739475,1.5934238,-3.4895267,1.5621351,0.73925686,0.22414356,-3.8530817,1.6904745,-3.124459,-1.6959308,-2.0325432,0.23532586,0.30991232,3.83801,-1.3003705,3.1662958,0.18569495,-1.6153148,1.6269118,1.6684496,0.7149861,0.33615482,2.4013162,-0.23881507,-1.5539662
1,/data_nas/huangyj/data/placePulse/rawData/googleviews-110802files/50f448acfdc9f065f0004173.jpg,1.1466774,-3.40764,1.80524,1.1239119,1.7270179,2.6678061,0.39896303,1.9492918,-2.0328014,1.793311,1.4125627,-0.7792079,-1.9207475,0.92923445,3.241036,-2.951723,-0.27351174,-2.2189524,1.6510866,-0.7460435,3.8397794,-0.9362737,-2.240615,-1.1637928,-1.4812524,1.8451296,0.5399184,-1.3682016,1.2549831,0.9897331,1.7860813,-2.7746809,-1.5375359,0.42047602,-1.3352234,-2.0082438,1.2596145,-1.4335685,-1.1448468,-2.1990728,2.2669973,-0.8582468,-0.24177703,0.79077727,1.5803363,-0.8588812,-1.1107976,1.8199192,1.7062408,-2.6717157
0,/data_nas/huangyj/data/placePulse/rawData/googleviews-110802files/50f43b78fdc9f065f0003177.jpg,-0.4464524,-4.381811,2.3143406,-1.1232074,-0.3766216,0.14520957,-1.8143096,-0.17249714,-5.7249064,-0.73121643,1.8992811,1.0826766,-2.7762232,-0.9564654,4.151212,-0.5430027,-0.7004525,1.0595773,-0.8742648,-1.7159239,1.773257,0.51169515,0.4113801,-1.0093952,-1.9204072,-0.1372648,2.007773,-3.0384889,-0.6195571,1.6927681,0.110147774,-2.0108814,-2.750127,-1.913841,-2.2704034,-5.295062,-0.5921545,-0.09503521,0.30404428,-1.9665138,2.5426142,-1.918828,-2.6165006,0.3710186,2.5495617,-0.84659535,0.38001645,5.1908436,-2.0168452,-3.3252175
0,/data_nas/huangyj/data/placePulse/rawData/googleviews-110802files/50f448acfdc9f065f0004177.jpg,4.167876,-2.0847063,-1.6654243,1.1990393,2.305491,2.5255685,-0.9651171,3.528692,-2.4208877,0.11480684,-1.2645652,1.9046199,1.0585097,0.92201376,3.1781514,-2.196143,3.027688,-1.01211,0.3585374,1.842604,4.4870114,-1.5753232,-2.111268,-3.6821623,1.1361507,1.4094514,1.6336664,-3.329937,2.6994395,1.2215064,-0.89375883,0.50330836,-4.487773,-2.8176975,-2.327244,-1.9858698,2.072432,0.7747694,0.2513535,-0.7632213,-0.63400096,2.44155,-0.08741021,-2.6105995,1.5190269,-0.13823964,-0.30385897,3.0477488,0.44950148,0.0624265
0,/data_nas/huangyj/data/placePulse/rawData/googleviews-110802files/50f5e76afdc9f065f0007172.jpg,0.1811403,-5.458519,2.773802,-0.78349143,-0.7018244,1.3914855,-1.0708671,0.78906304,-4.2742066,0.17113167,2.2341216,0.4973609,-2.9266634,-0.7794673,4.927983,-2.2238908,-0.81468314,-1.3442343,0.28694615,-1.5800817,2.6648808,-0.5155142,-0.40043852,0.364346,-3.0769625,0.27950987,1.7037499,-2.9144516,0.014158068,1.3563845,1.686322,-2.4336495,-1.245609,-0.988765,-1.9613104,-3.7404065,-0.2531416,-0.9619142,0.9067155,-2.425685,2.3087819,-2.2426426,-2.7102466,0.65074384,2.5939574,-0.3149708,-0.7247759,3.678432,0.29380685,-4.343531
0,/data_nas/huangyj/data/placePulse/rawData/googleviews-110802files/50f5e76bfdc9f065f000717e.jpg,0.45417964,-5.21066,2.8557162,0.9918269,-0.64067817,0.784323,-1.1756332,1.3044477,-7.000312,0.08521186,1.3210353,1.0459698,-2.467216,-1.2256343,4.9269056,-1.8477182,0.44023845,-1.4432598,0.48090324,-0.56989944,1.1457639,-0.11911121,-1.1161485,-0.556286,-2.944487,-0.8156287,1.632939,-1.0062466,-0.19908698,1.6320635,1.9811788,-1.3265743,-3.3371043,-0.06849413,-2.1081343,-6.1185064,-0.5862212,-2.2047777,0.60761344,-3.5940146,1.5216713,-2.05013,-4.444794,0.15684433,3.0304613,-2.6113183,-0.81388795,6.557764,0.27426913,-4.1305776
0,/data_nas/huangyj/data/placePulse/rawData/googleviews-110802files/513d786bfdc9f03587006170.jpg,0.3353525,-1.5922045,1.4351021,-1.2407882,-1.4217457,-1.7707567,-4.2997127,1.0927572,-2.3760507,-2.0097558,-0.06867331,3.151132,-2.2456574,-0.106045514,3.1220188,-0.3849421,0.8168187,2.0944715,-3.5161166,0.6411744,1.02804,1.2803159,3.1283135,0.006941136,-0.14734906,-0.3122231,4.1840034,-2.0266988,0.22089303,0.8028755,1.9460142,-4.153448,-0.9767474,-1.716079,-0.8622998,-2.4194827,-0.82083225,-1.1315814,0.38976496,-3.4274392,4.4467006,0.0509019,0.7280952,2.330737,2.0309126,-0.88369673,0.71664006,1.5186496,-4.823309,-0.12822045
0,/data_nas/huangyj/data/placePulse/rawData/googleviews-110802files/5141380ffdc9f0492600512e.jpg,3.35312,-0.7042044,-2.881877,0.39082912,1.0101305,1.6051466,-1.1664302,2.2501075,-3.9395156,-0.91255534,-1.7219293,1.4404517,1.5861787,-1.0077686,1.7404934,0.2335149,3.0030642,1.1000819,-0.43897632,0.9453222,3.9974976,0.580202,-1.3785563,-3.109008,2.1196826,-0.5386984,1.5318792,-3.936134,2.6896355,2.5621614,-3.4279404,1.2085332,-4.1491904,-4.867013,-2.9445586,-3.1855886,0.49761802,2.124978,1.2180667,0.94446176,-0.74705416,2.5121458,-1.6368136,-2.7382083,1.8663687,-0.032406263,1.6651807,4.4928007,-0.56720877,1.0812559
0,/data_nas/huangyj/data/placePulse/rawData/googleviews-110802files/513f333cfdc9f0358700e129.jpg,1.6348825,-3.5105228,0.001981873,0.2472822,2.6622176,0.4395624,-2.4992378,0.9296987,-6.266111,-1.8753284,0.33197358,2.845342,-0.28829566,-0.605301,3.6757717,0.087746434,1.7772632,1.642463,-1.4905087,0.62534255,2.3300786,0.029691093,-0.29986933,-5.499535,-0.08675052,-0.3414631,2.3336549,-3.3458543,0.49708098,1.2714633,-1.5085863,2.858707,-7.3344727,-3.2225537,-2.9291961,-5.4217997,0.48590556,0.56035864,-0.5286452,-1.4699517,-1.7586356,0.353437,-2.473433,-3.990798,2.213597,-1.5481186,0.66637707,6.643649,-2.858457,-1.8720831
1,/data_nas/huangyj/data/placePulse/rawData/googleviews-110802files/513f3339fdc9f0358700e128.jpg,4.041475,-0.9780148,-0.707048,1.6459558,-2.8252745,1.046155,-2.125721,4.457502,-0.6896723,-0.1312969,-2.3583548,3.0889413,-0.13169268,1.3213216,3.1195135,-2.5486014,2.9646223,-1.3089598,-0.47005162,2.6097088,2.4980466,-0.8694892,-0.9306187,2.9001684,0.83040494,1.5001038,2.6510212,-1.2491562,2.5909803,0.8887139,1.5483297,-5.8021307,1.6492363,-1.6801825,-1.1274012,-0.5219504,1.5413256,-0.78350604,2.4695082,-2.2667828,4.644451,2.6117074,0.99161625,2.9497757,1.0235562,-0.25151262,-0.28601795,0.33050072,-0.13838714,1.353735
1,/data_nas/huangyj/data/placePulse/rawData/googleviews-110802files/513cdf61fdc9f03587002125.jpg,4.0043926,-1.57571,-3.5600922,1.1944823,-1.0815967,2.2137518,-1.2393736,1.5370051,-2.6753106,-2.402194,-2.7135549,2.9518018,3.0708137,1.1184305,1.9404656,0.4537904,3.925539,1.555106,-0.949163,2.5926178,4.3195415,-1.9868472,-1.7442834,-1.0567707,2.4907646,1.6257184,0.49120724,-3.9300268,2.5229013,-0.6856925,-3.1214192,0.5398071,-2.6005447,-4.9697013,-2.4166996,-1.8487734,2.845261,2.7947552,3.171679,0.7170081,-0.71942264,3.521459,0.0629442,-2.6863766,-0.15079822,0.92747265,1.0192754,3.4020913,-2.175651,1.0154475
1,/data_nas/huangyj/data/placePulse/rawData/googleviews-110802files/50f607cabeb2fed6f80001ed.jpg,2.5767486,-3.9396448,0.67075354,1.7171487,-0.6880872,3.4265249,0.56287193,2.786022,-1.5705749,1.1151906,0.18105848,0.32336342,-0.39299223,0.82503426,3.6539695,-3.1385896,1.0505081,-3.2524765,2.0961983,0.51654106,4.0716953,-2.4951143,-3.0691357,1.4859263,-1.5641737,1.880468,0.20402327,-1.874216,1.8003972,0.19406082,1.3618656,-2.2833865,0.17992395,-0.38262928,-1.4464414,-0.8559373,1.8808161,-0.7539601,1.6763963,-1.5582544,1.156216,0.090561375,-1.0108328,0.23583888,1.1102793,0.1336085,-1.5055231,1.5291218,2.8741853,-2.5654786
0,/data_nas/huangyj/data/placePulse/rawData/googleviews-110802files/513ce357fdc9f035870021e3.jpg,-0.041847058,-3.73252,1.0236561,-1.4816331,0.039712407,1.7394302,-1.040673,-0.36639088,-3.6105845,-0.7438331,1.0978836,-0.3218131,-0.9010343,-0.10942342,2.9339685,-1.156246,-0.03143166,-0.022437682,-0.7563196,-0.55468774,4.2716937,-1.0214034,0.69968545,-1.1379498,-1.3535916,0.55385655,0.91760236,-3.1141891,0.57394457,-0.9647837,1.3875505,-1.6181686,-2.1810427,-1.508665,-0.660892,-3.2166696,0.34352687,-0.80254316,0.4302629,-2.611947,1.7240098,-1.171973,-0.6511603,0.04180652,1.2048616,-0.35194203,-0.53209335,3.183719,-1.5724348,-2.888241
0,/data_nas/huangyj/data/placePulse/rawData/googleviews-110802files/513e6cc3fdc9f0358700c1e1.jpg,0.27924556,-2.2807183,1.0959853,-2.0836837,1.7323616,-0.6832342,-2.922565,0.44381547,-4.6815524,-0.75540465,1.1455736,1.5863106,-2.572907,-0.3045387,3.3104749,-0.41602388,-0.117148444,2.459286,-2.2011223,-1.1232795,2.0838318,1.4583688,1.8076224,-3.9648693,0.091778025,0.2004612,3.2097943,-3.6022272,0.026293539,2.3133807,-0.54069287,-2.2045767,-4.473222,-2.9423878,-2.125086,-5.027159,-0.44838303,0.59106827,-1.4219782,-1.6345438,3.237601,-0.33314383,-0.43460047,0.19434857,2.394833,-0.7135727,1.1203722,4.319542,-3.7761328,-0.94014096
1,/data_nas/huangyj/data/placePulse/rawData/googleviews-110802files/50f5608dfdc9f065f00051e5.jpg,3.0653872,-1.4975452,-1.5838698,0.8401051,-3.4266946,1.1355898,-2.0739758,2.9677596,-4.3380175,-1.4109855,-2.5356321,1.9258497,1.1462303,-1.8931521,2.7017295,-0.54751545,3.6730745,-0.587941,-0.93472505,1.8931464,3.4213767,0.39983788,-0.44954374,2.2428174,0.3560102,-1.8803848,2.274115,-2.2376847,2.798514,1.5334297,0.37209564,-2.016146,-0.37812465,-3.2637215,-1.6488014,-2.9622464,-0.67986465,-0.9607598,3.9541342,-2.3055372,1.627588,1.5714998,-2.8505635,0.67269206,2.4079876,-1.2823546,0.89673686,4.070034,-0.26489002,0.2723639
1,/data_nas/huangyj/data/placePulse/rawData/googleviews-110802files/513e2026fdc9f0358700a111.jpg,0.275606,-5.3175697,2.8802912,0.20572679,-0.7989092,1.14915,-0.97816306,0.6452304,-6.021093,0.20811701,1.7561394,0.9983311,-2.9367678,0.41390523,4.9402485,-1.9125288,-0.42853343,-0.40935215,0.357731,-1.2012869,2.0377166,-0.9157252,-1.0561249,-0.07562818,-2.4101617,1.3356923,1.2240399,-1.999197,-0.4468473,0.86573076,1.4499655,-3.7150695,-2.1658168,-0.6501934,-2.030116,-5.781209,0.76242584,-0.98807496,0.485667,-2.9924967,3.7162871,-1.7783245,-2.4788883,1.510959,1.9832741,-1.3933495,-0.643166,5.4523826,-0.88617706,-3.9430325
1,/data_nas/huangyj/data/placePulse/rawData/googleviews-110802files/51413806fdc9f04926005119.jpg,3.8022945,-3.9219494,-0.40650725,1.1611655,0.23625094,2.0231624,-1.5169702,3.586894,-6.972585,-0.33894098,-1.6645923,1.7205013,0.9524071,-1.0877455,4.6886697,-3.0003927,4.0491676,-3.0441766,0.2853302,2.8137233,3.1032982,-1.6034718,-1.1140931,-2.9551318,-1.1102486,-1.419037,1.8843315,-1.5699931,2.1688247,0.35088077,2.3299882,1.054535,-5.978488,-1.444881,-1.3688645,-5.842975,0.2893876,-2.440403,1.5489535,-4.1447954,-0.93447495,0.9574721,-4.235727,-2.2109277,2.5860543,-2.8451505,-1.6287183,7.1853476,1.2068744,-1.8445333
0,/data_nas/huangyj/data/placePulse/rawData/googleviews-110802files/51414b98fdc9f04926007110.jpg,1.4009068,-3.6069336,0.7977915,0.5477636,-1.9712412,1.7149739,-0.57892823,1.446885,-6.068031,0.26315632,0.119632185,0.5733191,-1.52615,-0.26446724,3.822178,-1.1794353,0.80918175,-0.039886605,0.60118556,-0.9053977,3.2435865,-0.10270412,-1.8579406,1.196408,-0.77732855,0.7433109,0.98546934,-2.5023575,1.0515825,1.9966706,-0.1989522,-4.3930306,-0.94797015,-2.31799,-2.4769328,-5.5781054,0.56500584,-0.1230565,1.8532183,-1.8406552,4.225984,-0.3358817,-2.6858582,2.0373447,2.091307,-1.195684,0.6174935,5.604531,-0.22485316,-2.062144
0,/data_nas/huangyj/data/placePulse/rawData/googleviews-110802files/513e6caafdc9f0358700c1c5.jpg,0.8739465,-2.7478957,1.2817901,-1.0219979,-2.3135142,-1.1387323,-3.939625,1.6392317,-4.1996145,-1.9385921,-0.08571563,3.0675743,-2.0475383,-1.7118878,4.066843,-0.59171814,1.2307303,0.9106214,-2.6871917,0.36592102,1.2221088,1.4898335,2.1736398,0.85491955,-1.1110141,-1.6775377,4.1516805,-2.5400586,0.58739156,1.9685107,1.5412421,-2.9491732,-1.1257845,-2.4820852,-1.7112141,-3.5197492,-1.6213038,-1.2257955,1.8345712,-3.199141,3.2024515,-0.4186789,-2.0354338,1.4312925,3.0831316,-1.125253,0.77937114,3.421376,-2.9525,-1.1727097
1,/data_nas/huangyj/data/placePulse/rawData/googleviews-110802files/513d9dc9fdc9f035870081c0.jpg,3.9750698,-0.98498726,-2.412736,2.09784,-3.877102,2.4559093,-0.21744914,3.67893,-4.5690355,-0.12154695,-3.559719,0.6661729,2.310807,-1.3484997,2.0583234,-1.2615004,4.4406257,-2.13008,0.93321425,2.4230084,3.6691704,-0.6511692,-2.4451017,3.1094213,0.74860746,-1.3360872,0.614024,-1.0657977,3.403463,1.1907625,0.32935452,-2.3888366,0.24217856,-2.4305189,-1.2709391,-3.1852417,0.23233482,-1.1705816,4.3890047,-2.015305,1.5538446,2.2435603,-3.2459657,1.0806248,1.7079211,-1.6817851,0.22778493,4.530004,2.1186512,0.7577009
1,/data_nas/huangyj/data/placePulse/rawData/googleviews-110802files/51414151fdc9f04926006191.jpg,3.4220145,-4.5022225,-0.6362812,-0.16130844,0.015006699,2.6219428,-1.276174,2.6534753,-1.7523676,-0.90609795,-0.20041573,2.112615,0.77232736,-0.32545507,4.6116548,-2.6604474,2.2645721,-2.400553,0.15542893,1.5909952,4.213342,-2.4798534,-1.0116551,-1.0068743,-1.1926816,0.33406842,1.779187,-4.121347,2.0258675,-0.014284244,0.4403517,1.4825608,-2.4215238,-2.7855885,-1.8733231,-0.6938384,1.1678109,0.45357278,2.4598053,-1.0198509,-1.9042737,0.8868573,-1.6746064,-3.1376505,1.7779996,1.1843597,-1.2955214,2.1266456,1.2630724,-2.3139873
0,/data_nas/huangyj/data/placePulse/rawData/googleviews-110802files/50f5eb47fdc9f065f0008199.jpg,-0.6498382,-2.794321,2.706787,-0.48808107,-2.803506,-1.9199853,-3.9660676,-0.17926465,-3.0622103,-2.447379,0.48326957,3.703949,-2.690996,1.3845097,3.3833833,-0.12627509,0.03212013,2.5026834,-3.45481,0.7487558,-0.29528704,-0.17051889,2.7317066,1.6830083,-1.123519,1.2605522,3.06562,-0.6480941,-1.2886463,-1.466966,2.8904703,-5.3304205,-0.0016160756,-0.34912124,-0.22427164,-3.122021,0.5040429,-1.6982325,0.71683216,-4.3986626,5.4208837,-0.7581717,0.97873455,3.4261265,0.5140131,-1.3479218,-0.045923103,1.9667656,-5.9258194,-1.408746
0,/data_nas/huangyj/data/placePulse/rawData/googleviews-110802files/513ce195fdc9f03587002199.jpg,0.14353429,-4.0429177,2.8460243,-0.32248563,4.20398,-0.77395296,-3.2161336,0.56478655,-4.01246,-1.1108272,1.9207422,2.8585052,-2.5716298,1.0755274,4.2435236,-1.5927229,0.08795613,0.8643429,-2.1849344,0.599859,0.5866813,-0.56370723,1.6178309,-6.665431,-1.551081,0.96406335,3.0993714,-1.515772,-1.0672554,-0.3367147,2.212595,1.2922179,-7.4711447,0.19382514,-1.2135036,-4.152364,0.705125,-1.5965525,-3.2637107,-3.8598623,-0.25035134,-1.0881988,0.041085284,-2.4294782,1.73719,-2.0343122,-1.2315483,3.9947386,-3.861204,-2.8212607
0,/data_nas/huangyj/data/placePulse/rawData/googleviews-110802files/51408fd8fdc9f04926000190.jpg,0.7255501,-1.594371,2.034611,0.99825025,-0.82400507,-0.7314467,-2.812861,1.939041,-1.5479939,-0.43481562,0.33813336,2.8518102,-3.0081036,1.6256886,2.9870744,-1.0441318,0.08674541,1.5015054,-1.6705289,0.04879883,1.1132632,0.76696086,0.36032873,0.9461864,-0.020237658,2.031539,3.068253,-0.98119825,0.34024894,1.4602237,1.5577927,-6.2636566,0.34801602,-0.55143434,-1.5202526,-1.891057,0.8667131,-0.95917547,-0.4898028,-2.8320735,5.9772477,0.20393834,1.7568865,3.720738,1.4092759,-1.0259204,0.6553148,0.7033949,-3.3553627,-0.23586376
0,/data_nas/huangyj/data/placePulse/rawData/googleviews-110802files/51414bcffdc9f04926007194.jpg,2.477933,-2.6984935,-0.52487344,-1.3464438,0.36359912,2.1815684,-0.7478648,2.647729,-3.0066445,0.66963065,-0.21058355,-0.27491507,-0.2321924,-1.6668075,3.4202147,-2.6072443,1.5457584,-2.2843966,0.51721096,0.04517278,4.243092,-0.228903,-0.36778995,-1.3432256,-0.764617,-1.0327736,1.8587521,-3.7201548,2.2413208,2.147949,0.43939242,-0.41349873,-2.26181,-2.5796506,-1.516307,-2.3484094,-0.646431,-0.17972963,1.2373062,-1.1029234,0.33007938,0.25473243,-2.2812417,-1.0268947,2.785244,0.20669952,-0.46702465,3.0139203,2.0447257,-1.2926891
1,/data_nas/huangyj/data/placePulse/rawData/googleviews-110802files/513d7893fdc9f035870061f2.jpg,3.575022,-1.3592848,-2.6031857,1.5281162,-2.6283126,3.636738,1.1112783,2.891333,-3.0297933,0.4594667,-2.3762016,-0.49719688,2.2529159,-0.95422226,1.639216,-1.2586527,3.0851734,-2.205762,1.9699953,1.1223801,4.9021015,-1.2602111,-3.3506978,2.5676763,0.70346653,-0.20382592,-0.4773945,-2.427937,3.3370159,1.2315673,-1.1342216,-1.6156126,0.72800124,-2.9316094,-1.6734927,-1.7960873,0.8888144,0.4829759,3.8634946,-0.0077006742,0.71249735,1.8578613,-2.4961739,0.12701306,1.2058353,0.06107737,0.28873467,3.1737416,3.2228074,0.04813553
1,/data_nas/huangyj/data/placePulse/rawData/googleviews-110802files/513d6dd8fdc9f035870051fe.jpg,2.1206057,-3.4953861,0.85764265,0.13310051,-2.2430258,0.495668,-2.678819,2.4339962,-5.437201,-0.86244404,-0.65335304,2.4427905,-1.4803905,-0.55241555,4.679138,-1.6853924,2.0043845,-0.2180239,-1.1811,0.7555368,2.5659344,0.15743694,0.10359454,0.83039546,-0.8770063,-0.2623579,2.9290462,-2.3117285,1.3495762,1.5788327,1.6191963,-4.11836,-1.5534285,-2.3152974,-1.9675044,-4.9137874,-0.047112916,-1.3376632,2.1261392,-3.540431,4.0058885,0.26389894,-2.2945037,1.8255969,2.6486895,-1.6312798,0.22741038,4.9272814,-1.6165831,-1.4313853
0,/data_nas/huangyj/data/placePulse/rawData/googleviews-110802files/51421928fdc9f049260081f5.jpg,2.2846816,-1.8079201,-0.21951744,0.9940901,-2.2493377,2.8970532,0.7957994,2.2366097,-0.5077668,1.4096426,-0.43831503,-0.083959356,-0.8016914,1.7481955,2.1990874,-2.159603,0.3536031,-1.2165309,1.7404252,-0.41734827,3.9582314,-1.4678432,-2.8109426,3.476643,0.27850118,3.1533105,-0.10137603,-2.2598016,1.8936824,1.0277063,-0.32067725,-6.386812,3.0686536,-1.5225446,-1.5660286,-0.6221676,2.264169,0.9975176,1.9146193,0.02441761,5.1024065,0.98323476,1.0055437,3.3862548,0.23401573,1.1672649,-0.004717852,0.16142556,1.6237333,-0.38781834
0,/data_nas/huangyj/data/placePulse/rawData/googleviews-110802files/50f5eb4cfdc9f065f00081f0.jpg,-0.84922606,-3.541151,3.5535715,-0.23577468,-2.3952873,-1.0647116,-2.972346,0.47849178,-2.824724,-1.0350673,1.6816416,2.3941023,-3.895216,0.26151603,3.9402716,-0.8474088,-1.0846856,1.0769233,-1.8749425,-0.95730746,0.4854346,0.7438841,1.3972851,2.5424232,-2.1614285,0.7475854,3.0481138,-1.1381602,-0.83601266,0.8480976,2.5807245,-5.75908,1.1139379,-0.15580603,-1.2183483,-2.713687,-0.3992273,-1.6910523,0.54962367,-3.558822,5.570683,-1.8521107,-0.28148207,3.766898,1.9106965,-1.005068,0.1711847,1.6156657,-3.2435305,-2.6038573
1,/data_nas/huangyj/data/placePulse/rawData/googleviews-110802files/50f6011ebeb2fed6f8000187.jpg,2.0042105,-1.6076193,-1.3520689,-1.6095101,0.7911462,1.0083693,-2.0819426,2.0480263,-4.1725197,-0.8545408,-0.5854155,0.16055085,0.29991576,-3.5790968,2.6311715,-0.51212025,2.2261438,-0.30449268,-1.1320369,0.06617145,4.152575,2.1772923,0.9604452,-2.754761,0.06573154,-3.41146,2.982065,-3.995097,2.6723382,3.3233385,-0.74795336,1.7253664,-3.844702,-4.1667314,-2.1876922,-3.129197,-2.3747497,-0.23068807,1.1347837,-0.9758947,-1.0592248,0.45466602,-3.364334,-2.3987892,3.8176553,-0.7162414,1.1805364,4.205132,0.24420258,-0.52357376
1,/data_nas/huangyj/data/placePulse/rawData/googleviews-110802files/50f448adfdc9f065f000418e.jpg,3.2572138,-0.24799335,-0.80123514,-0.5915011,0.9319477,-1.5972389,-5.1988864,3.1973982,-0.6236749,-2.5858011,-2.3256185,5.1630864,0.2936628,1.4862083,2.888855,-1.665186,3.6862173,0.97981274,-4.3105183,4.3695703,1.1021186,-0.57265764,3.4754405,-3.6889322,1.5229493,0.3830811,4.779445,-1.6564187,1.4790081,-1.2015871,2.829908,-1.1980703,-4.2740626,-1.7695177,0.16764478,-0.8514824,0.9095642,-1.4117352,-0.3136131,-4.073925,1.4868691,2.9536042,2.6589742,-0.53491306,0.7855677,-0.9446122,-0.5833393,0.54783994,-5.108242,2.1781738
0,/data_nas/huangyj/data/placePulse/rawData/googleviews-110802files/513cbe5dfdc9f0358700118b.jpg,1.0746005,-2.126831,0.686763,-1.4003452,0.6982321,-1.4913101,-4.6039615,1.5624292,-3.6754239,-2.4224937,0.120372206,3.3589673,-1.5324427,-1.8245512,3.5739906,-0.15842593,1.5590252,1.698965,-3.5522368,0.789478,1.5008767,2.0432334,2.9485395,-3.015612,-0.35839304,-2.0921679,4.7951627,-3.033171,0.8286096,2.091987,0.81702465,0.16833504,-4.2675195,-2.994178,-1.9000647,-3.098051,-1.7282692,-0.87205654,-0.035448648,-2.8050692,0.71375835,0.11672598,-1.3269033,-1.2623911,3.2687852,-1.2443788,0.96806175,3.314769,-3.9205587,-0.6549709
0,/data_nas/huangyj/data/placePulse/rawData/googleviews-110802files/513ce139fdc9f03587002184.jpg,0.14566436,-3.547504,1.0581434,-0.41863534,-0.8212919,1.9263299,-0.12843697,-0.027821891,-4.995563,0.12622559,1.1662918,-0.23189212,-1.6827556,0.22829251,2.9643936,-0.6192462,-0.5517249,0.80851924,0.4632385,-1.8417373,3.7257626,-0.46544024,-1.3793844,0.34002545,-0.83940834,1.5810571,0.32622322,-3.1658607,0.3577773,1.076783,-0.7180525,-3.7816126,-0.9924524,-2.1895413,-2.0893655,-4.720963,0.8988316,0.6190154,0.8214336,-1.10886,3.7953472,-1.027392,-1.3988098,1.5956767,1.3005341,-0.35936004,0.6051905,4.494205,-0.91097164,-2.549737
1,/data_nas/huangyj/data/placePulse/rawData/googleviews-110802files/51421889fdc9f04926008153.jpg,3.0987349,-2.3338518,-1.5046542,0.12500541,-1.6740592,3.0409029,-0.2704711,2.5711849,-0.6970258,-0.03265684,-0.8565398,0.3778043,0.78668183,-0.5091158,2.6617029,-1.7055244,1.8466594,-1.603156,0.7211765,0.50174725,5.206385,-0.8903093,-1.7230374,1.9775008,0.08820066,0.5252612,0.9970237,-3.7469826,3.0037425,1.2771963,-0.70842713,-1.9869128,1.1587039,-3.3357563,-1.9263527,0.10525744,0.84609246,0.9053409,3.032867,0.13993798,1.0839065,1.3521916,-0.75226796,-0.15575589,1.5268382,1.3937726,0.21259762,0.717725,1.7921407,-0.6992114
0,/data_nas/huangyj/data/placePulse/rawData/googleviews-110802files/513d6d6ffdc9f03587005152.jpg,1.2315038,-2.4690413,0.4890819,0.8498307,-1.5895516,1.6703618,-0.70598346,0.8517055,-3.0207727,-0.26590338,-0.3656397,1.1877265,-0.8700125,2.165958,2.572509,-1.104987,0.706562,0.68539435,-0.15379237,0.23266695,3.3650186,-1.6707501,-1.244046,1.2147036,0.19759858,2.976843,0.3987171,-1.9659226,0.7869182,-0.71242505,0.5982235,-5.522881,0.024531575,-1.2723294,-1.1535571,-3.1019044,2.3511019,0.05703724,1.1079118,-2.1046078,4.9536314,0.5520134,1.0255703,2.7954307,0.014393248,-0.3485533,0.037369534,2.586626,-1.9774204,-0.92182875
1,/data_nas/huangyj/data/placePulse/rawData/googleviews-110802files/513929ac818ede1296001159.jpg,2.5433805,-2.429521,-1.3099924,0.8305163,-3.040763,2.381612,-0.54803,1.791871,-2.9242384,-0.7673174,-1.0454116,1.1994717,0.45812353,-0.31541345,2.6438062,-0.33788064,1.7664616,0.19234139,0.33515003,0.07407436,4.4016714,-0.49705434,-2.1570804,3.0250266,0.42098555,0.8318267,0.77800363,-3.577431,2.302729,1.5321282,-1.7791531,-3.3499568,1.3340781,-3.880417,-2.6793418,-2.0348737,1.0809337,1.4547178,3.6602407,0.1467335,2.6171658,1.2337484,-1.3955355,0.9512596,1.3548845,0.7203679,1.2111337,2.759066,0.091001466,-0.66246325
0,/data_nas/huangyj/data/placePulse/rawData/googleviews-110802files/50f5eb44fdc9f065f0008155.jpg,-0.14335072,-5.5479803,1.9588903,0.7309477,-1.1559533,1.4244602,-0.92200345,-0.7158003,-5.016105,-1.5056989,1.7486092,1.7288382,-1.5601121,0.21225442,4.208572,-0.05589354,-0.3124132,0.9626768,-0.16608804,-1.0546908,2.4238625,-1.3819607,-1.4833935,0.42318183,-2.0730548,1.2796348,0.5149624,-2.7961628,-0.6077963,-0.1789507,-0.45143336,-0.8397009,-1.8428679,-1.7639184,-2.5642507,-4.0552177,1.1819901,0.45489463,1.6152716,-1.4972173,0.90699667,-1.6267605,-2.3312428,-0.80445164,1.3561845,-0.32407454,0.09102103,4.8008633,-1.9014219,-4.264299
0,/data_nas/huangyj/data/placePulse/rawData/googleviews-110802files/51408fbdfdc9f0492600015b.jpg,2.9961119,-1.7747017,-0.49988493,1.1590054,-2.2905507,2.4082065,-0.5243222,3.3330016,1.2790858,0.4117785,-0.78876764,1.1967411,-0.19775186,0.6136114,2.5989754,-2.3095846,1.3299366,-2.0114286,0.79338336,0.79166675,3.998201,-0.9791908,-1.842474,3.769794,-0.023310672,1.5485696,1.4121019,-2.3760347,2.7277606,1.2322986,0.58901995,-4.4608607,3.3827236,-1.7116929,-1.5621775,1.7176039,1.2601644,0.2107345,2.5538764,-0.44339657,3.0344515,1.3683197,0.8294505,1.9984432,1.1421639,1.34312,-0.112235315,-1.5739927,1.8501145,-0.24175571
1,/data_nas/huangyj/data/placePulse/rawData/googleviews-110802files/51413314fdc9f049260041a7.jpg,0.85905856,-2.6316614,1.4001982,-0.9076736,1.2328676,0.64625436,-2.1999002,1.85339,1.8371172,-0.35830632,1.6972152,1.2860525,-1.9874988,-0.6736704,3.0618858,-1.8479669,-0.4165876,-0.99770284,-1.0560796,-0.44341904,3.0329573,0.6288801,1.0044415,-0.46736512,-1.407718,-0.0012188414,3.2170997,-3.1037662,1.3283353,1.7165161,1.2804705,-0.6292702,0.029706884,-1.1969055,-1.4601446,2.1676724,-0.6237066,-0.39428172,-0.30535007,-0.9675686,0.27948076,-0.6135994,0.82838607,-0.76358116,2.4437587,1.2584814,-0.1780046,-2.1431527,-0.09601151,-1.8523961
0,/data_nas/huangyj/data/placePulse/rawData/googleviews-110802files/5140cfdefdc9f049260031a5.jpg,1.7936064,-1.706135,0.06985084,-2.4347894,0.62214065,-0.883719,-4.436929,2.0463166,-2.264628,-1.9028946,-0.5078414,2.9788058,-1.1213596,-0.6367613,3.6216352,-1.4360597,1.8127922,0.9422818,-3.504616,1.433863,2.5477576,0.7757401,3.449513,-2.8667922,0.18473288,-0.8864591,4.65198,-3.5567684,1.3236612,0.8734832,1.7749684,-1.55786,-3.4504306,-2.9777007,-0.8215393,-2.2369914,-0.8206982,-0.76415336,0.09034821,-3.1103923,2.107991,0.9092545,0.4475742,-0.15670152,2.424565,-0.33869562,0.20786123,1.8757976,-3.7293315,0.164719
0,/data_nas/huangyj/data/placePulse/rawData/googleviews-110802files/51408fe1fdc9f049260001a5.jpg,2.4807684,1.0307568,-3.1660562,-0.76237875,0.6949719,1.3344495,-0.61154526,1.2430162,-3.015698,-0.17741404,-1.8536409,0.086199954,1.1933982,0.16314387,0.2327606,0.57469374,2.0088356,2.3723567,-0.6157042,0.1232772,4.12071,0.9102551,-0.6149084,-2.582905,3.345766,0.7872058,0.7854986,-3.7410762,2.4198825,2.1429524,-3.6584635,-2.0417874,-2.5398111,-4.71005,-2.0362184,-3.2432563,0.96076936,2.7320235,0.3310505,1.3804688,2.4841945,2.7338238,0.595729,-0.041598167,0.683858,0.39431956,2.186141,3.2773736,-1.6569749,2.4659896
0,/data_nas/huangyj/data/placePulse/rawData/googleviews-110802files/514137fefdc9f04926005107.jpg,3.885316,-1.8683743,-1.5908535,1.3853501,-2.8893757,2.4416687,-0.6926898,3.6728327,-3.7617745,-0.038741834,-2.423276,1.2953134,1.0883193,-0.5126103,3.0141978,-1.9407831,3.3735037,-1.9206526,0.70229596,1.8301294,3.9383607,-0.98289317,-2.1137042,2.2908573,0.36962366,-0.10323211,1.2612005,-2.174017,2.9894545,1.2485757,0.3221739,-3.2088332,0.045863833,-2.7032933,-1.6258768,-2.77806,0.7993869,-0.5028196,3.5591538,-1.7631897,2.3956904,1.9176018,-2.1305842,1.1469624,1.6886756,-0.69346255,-0.01675668,3.650854,1.5856621,0.15093875
0,/data_nas/huangyj/data/placePulse/rawData/googleviews-110802files/513d784ffdc9f0358700610e.jpg,0.0035580862,-3.8065472,1.2654005,-1.691644,0.2700754,0.41843814,-2.2892816,0.5055015,-5.4092536,-1.1891882,1.1310807,0.42820877,-1.4468048,-3.0648007,3.7657235,-0.59532857,0.6083347,-0.120163545,-1.3929396,-0.8771876,2.9301205,1.3675947,1.3742061,-1.9362016,-2.0163,-2.7655184,2.760477,-3.1982703,0.6835827,1.9708854,1.02672,1.0394487,-3.7350082,-2.3436272,-1.76077,-4.288995,-2.2654457,-1.4109471,0.7375324,-2.7530658,-0.27942455,-1.7681043,-3.816052,-1.4900873,3.6426296,-1.439474,0.39520943,5.0197153,-1.0273813,-3.0532808
1,/data_nas/huangyj/data/placePulse/rawData/googleviews-110802files/513d784dfdc9f03587006104.jpg,3.361969,-1.4608568,-0.6734112,1.5720866,-2.503782,1.035617,-2.236824,3.6029065,0.18256493,-0.96286136,-1.5809515,3.3101969,-0.11794717,0.6821155,2.9936087,-1.4877483,2.379608,-0.54158425,-0.80732596,1.9004995,2.8792722,-0.4804869,-0.9509292,2.9323323,0.5590544,1.162432,2.678917,-2.1891818,2.4582245,1.1589607,0.49242294,-4.0463624,1.8691278,-2.3660574,-1.7946725,0.7357195,1.1995168,0.028691694,2.7488933,-1.2316858,2.988212,2.1002016,0.81069905,1.5711522,1.2884413,0.5920087,0.41698936,-0.43385196,-0.57927096,0.61908835
1,/data_nas/huangyj/data/placePulse/rawData/googleviews-110802files/513e6c18fdc9f0358700c104.jpg,0.033998504,-4.084535,2.5389204,0.8781258,-2.9929721,0.77718645,-1.1315807,0.7393666,-4.8164983,-0.2506587,0.9424982,1.1486864,-2.6177247,0.1530936,3.9117157,-1.0633445,-0.22426231,0.03118192,-0.033503935,-0.96915936,1.7715869,-0.2883642,-1.0238053,3.0711443,-1.999719,0.95382464,1.2849061,-1.1939144,-0.12679592,0.8367862,1.5897315,-5.368394,0.80837864,-0.53392047,-1.6862949,-4.302607,0.3765162,-1.3157854,1.7239798,-3.0666153,4.9683967,-1.5035204,-1.9348553,3.3014567,1.7473414,-1.3673003,0.01422215,3.9247139,-1.1589519,-2.966458
0,/data_nas/huangyj/data/placePulse/rawData/googleviews-110802files/51413849fdc9f049260051b2.jpg,-0.47676104,-3.409418,2.060468,-1.2842348,1.471647,-0.89861137,-2.9828303,-0.22566785,-6.3014517,-1.3537855,1.391314,1.721017,-2.4760797,-0.6684634,3.702285,-0.14762026,0.08842657,2.106036,-2.2881668,-0.68708766,1.2889333,1.0337331,1.8146434,-4.0840297,-1.0764014,-0.55148774,2.811775,-2.3171375,-0.6967933,1.1023781,0.7879232,-0.6823545,-5.575284,-1.6917207,-1.6837007,-6.1589317,-0.6970363,-0.9352787,-1.3053287,-3.199863,1.8774027,-1.3201889,-1.8746111,-0.5077188,2.4115784,-2.1162186,0.47520012,5.8699055,-4.1342053,-2.3497229
0,/data_nas/huangyj/data/placePulse/rawData/googleviews-110802files/50f5eb49fdc9f065f00081b8.jpg,0.3744022,-3.4364295,0.4214732,-1.797989,-0.95039535,1.3211,-1.4108092,0.32193285,-5.4551806,-0.9007955,0.4261997,-0.27580166,-0.6763646,-2.372495,3.2752452,-0.7641047,0.83573604,-0.3711461,-0.7784356,-0.7310198,3.9069824,0.41283554,0.84618926,-0.6729234,-1.4068577,-1.8807664,1.6868645,-3.5069847,1.1171529,1.1054952,0.8083408,-0.64305204,-2.5060282,-2.644714,-1.3583719,-4.5219936,-1.4690549,-0.8777102,1.6835059,-2.4334333,1.0564241,-1.2080244,-3.313058,-0.2933742,2.7748575,-0.93076384,0.30222586,5.0344105,-0.5111638,-2.567835
0,/data_nas/huangyj/data/placePulse/rawData/googleviews-110802files/513d9dc7fdc9f035870081bb.jpg,2.3074381,-0.55375147,-0.9462335,0.19104412,-2.4264174,-0.090447195,-3.04429,2.170811,-0.858967,-1.875374,-1.7429241,3.391916,-0.06267313,0.9152787,2.207849,-0.20689794,2.1911314,1.7563356,-2.3489223,1.6924237,2.5171165,0.0066588726,0.75432396,1.7954963,1.4828122,1.100799,2.889113,-2.489002,1.7107698,0.39213076,0.015738416,-4.3256373,0.8648588,-3.035853,-1.2122498,-0.5841452,0.99343324,0.46324828,2.1863585,-1.5510195,3.9322548,2.1544878,1.6150706,2.0040572,0.76847196,0.3252919,1.1404176,0.4570042,-3.3968515,1.4312536
0,/data_nas/huangyj/data/placePulse/rawData/googleviews-110802files/50f5eb43fdc9f065f0008142.jpg,-1.2328866,-5.2746415,3.0133755,-0.22779602,-0.4478502,0.9703278,-0.8171495,-0.8585894,-5.110576,-0.6448129,2.5600355,0.37367994,-2.6741493,-0.7794837,3.9663234,-0.5347028,-1.2977896,0.23707813,-0.047834583,-2.029525,2.100271,-0.3916839,-0.55151826,-0.038037304,-2.9125185,0.21086505,0.8712952,-2.321257,-0.9451505,0.6218035,0.85261565,-1.1354054,-1.9289356,-0.6579795,-1.9494698,-4.304969,-0.23619029,-0.7330078,0.46243465,-2.2728393,1.4004256,-2.895402,-2.8043365,0.072937526,2.1422675,-0.9236536,-0.13144334,4.537859,-1.1660872,-4.7331204
0,/data_nas/huangyj/data/placePulse/rawData/googleviews-110802files/51414baffdc9f04926007141.jpg,-0.24670649,-0.5505466,1.4088128,-1.5369526,0.43011945,-2.9783452,-4.878127,0.720638,-2.3980904,-2.338558,0.16381401,3.3717694,-2.3201098,-0.8814781,2.265829,0.5287552,0.6469993,2.9832594,-4.3048806,0.56684333,-0.3129139,2.5463698,4.0744257,-2.4872627,0.18341938,-1.45631,4.773225,-1.6108733,-0.3055768,1.5549735,1.353309,-1.6394475,-3.0786636,-1.6081153,-0.8983203,-2.4267316,-1.7810684,-1.1129154,-1.1695108,-3.0691133,2.5956128,-0.10413118,0.5337613,0.7506698,2.3776968,-1.446266,1.1649665,1.7275395,-5.542368,0.4246863
0,/data_nas/huangyj/data/placePulse/rawData/googleviews-110802files/513d6d68fdc9f03587005149.jpg,-1.0757259,-3.224461,1.6938092,-1.9561123,1.5520104,-0.46460965,-2.3014226,-0.9129589,-6.280085,-1.2702395,1.6641164,0.29334772,-2.0320063,-2.1462436,2.9600024,0.29468742,-0.26344442,1.6239427,-1.9087467,-1.408991,1.8731999,1.6420782,1.9667832,-4.083815,-1.4595615,-1.9217926,2.2853901,-2.771239,-0.4983683,1.5100224,0.36452967,0.85586995,-5.486069,-1.9808164,-1.6258007,-5.7915254,-1.8172988,-0.8625374,-1.0474452,-2.5350006,0.43827918,-1.9992403,-2.9437726,-1.3469889,2.837193,-1.8320421,0.6642019,5.8859715,-2.9099395,-2.7508943
0,/data_nas/huangyj/data/placePulse/rawData/googleviews-110802files/50f5eb44fdc9f065f0008148.jpg,0.31373975,-5.335087,3.4986897,1.0178934,0.0996973,1.1940662,-0.8977186,1.5078452,-5.306271,0.7253829,2.075416,1.0115429,-3.297957,-0.07362532,5.0864477,-2.488856,-0.5224393,-1.628012,0.8754342,-1.1006376,1.620985,-0.60932416,-1.5708551,-0.27472144,-3.0655763,0.7597325,1.6278936,-1.2058686,-0.3510908,1.4975318,2.2480702,-2.6960495,-2.3271778,0.39960968,-2.0111952,-4.7952986,0.26099604,-2.0005374,-0.14824116,-3.3886669,2.5886786,-2.198193,-2.8277552,0.9846407,2.5806262,-1.8974011,-1.074209,4.764243,0.44138294,-4.319222
1,/data_nas/huangyj/data/placePulse/rawData/googleviews-110802files/51414bb0fdc9f04926007145.jpg,-0.43090516,-3.4915047,3.3846135,-0.4585403,-1.5628129,-1.5641366,-3.6558578,0.94841677,-2.7977462,-1.3574407,1.3525003,3.074293,-3.586434,-0.05583028,4.2623935,-1.1795479,-0.35640052,0.7788566,-2.4471035,-0.12748657,-0.059318934,0.6557418,2.0952094,0.9829246,-2.1549459,0.046216965,3.7575264,-1.1161236,-0.8566594,0.77974486,3.0674732,-4.0085464,-0.5273175,-0.060522713,-0.99602574,-2.6057582,-0.7282646,-2.0206513,0.21380736,-4.022864,4.083174,-1.5729978,-0.46831894,2.4253156,2.2764494,-1.2472215,-0.21843424,1.8021369,-3.519947,-2.3192446
0,/data_nas/huangyj/data/placePulse/rawData/googleviews-110802files/51408fb3fdc9f04926000145.jpg,0.7203523,-3.323762,0.6408143,1.0345637,-2.461444,1.4749209,-0.5727417,1.0043745,-7.027946,-0.51034594,-0.22879617,0.11193697,-0.6204856,-1.9876223,3.089056,-0.13408089,1.3761328,-0.23222841,0.37715328,-0.560327,2.8265464,0.5714445,-1.6424835,1.6093947,-1.3038756,-1.4965817,0.84286296,-1.5494155,1.0652677,1.7925361,0.2210635,-1.9324007,-1.3353959,-1.9276614,-2.1003413,-5.6923428,-0.8032766,-1.3610352,2.4496207,-2.5472677,2.0065792,-0.953208,-4.485482,0.9326412,2.6410928,-2.3053195,0.7465595,6.532382,0.12605292,-2.4434087
0,/data_nas/huangyj/data/placePulse/rawData/googleviews-110802files/513d6b5ffdc9f03587004cdd.jpg,1.9297957,-0.19065124,-2.6354907,0.35073122,1.626085,1.3775363,-0.85971534,0.87031776,-5.145419,-1.2139052,-1.6888953,0.4022517,1.9085768,-0.8411101,0.6625779,1.2071236,2.7937605,2.1064918,-0.86206114,0.7848114,4.0454683,0.6150997,-0.90056694,-4.044014,2.2907557,-0.7239484,0.73209983,-2.896507,2.1411211,1.228113,-2.717265,1.7061008,-5.1762104,-3.930523,-1.9896228,-4.3567853,0.3783837,1.0444343,0.26159897,-0.30967855,-0.7820026,1.8565743,-1.3935845,-2.4366863,1.2786404,-1.3357388,1.7968013,5.5224195,-1.9559988,0.87423533
1,/data_nas/huangyj/data/placePulse/rawData/googleviews-110802files/50f5ed58fdc9f065f0008c66.jpg,3.6789455,1.079433,-3.8929858,0.15219846,0.4693625,0.97493523,-1.8047267,2.9026408,-4.4660482,-1.2257609,-3.31094,0.9582636,2.6683915,-2.53587,0.6737909,0.5340247,4.498973,0.66824734,-1.2548782,2.1199567,3.852678,1.8465743,-0.0748133,-3.1356769,2.6896694,-2.8950815,2.1770842,-2.9010613,3.6383214,2.769555,-2.1755733,1.7079489,-4.5232534,-4.744737,-1.9646956,-3.4624858,-1.0733558,0.43255952,1.5595485,-0.42494345,-1.0935965,3.0570757,-2.4227881,-2.36767,2.4491305,-1.4188408,1.9127355,4.8912063,-0.45754308,2.5445666
1,/data_nas/huangyj/data/placePulse/rawData/googleviews-110802files/50f5ed58fdc9f065f0008c6a.jpg,1.4625316,-3.1091805,0.401431,1.0375577,-3.2850282,1.4577441,-0.98430574,1.0226882,-5.061275,-0.7253377,-0.6272286,1.4864984,-0.8262137,0.8551437,3.2395334,-0.5696644,1.2640315,0.8336975,-0.15810715,0.1037333,2.9489212,-0.865649,-1.4948822,2.5699182,-0.18612081,1.651225,0.72209054,-1.9892502,0.9069577,0.31374943,-0.011163216,-5.3775926,0.31506455,-2.247925,-1.9245702,-4.6519923,1.5178393,0.023909092,2.5939708,-2.0752623,4.9350233,0.4073642,-1.2415578,2.7563698,0.8808641,-0.9162164,0.54356575,4.526998,-1.70003,-1.3368535
1,/data_nas/huangyj/data/placePulse/rawData/googleviews-110802files/513cc9b4fdc9f03587001c60.jpg,0.6424383,-5.664911,2.0043316,1.3423374,1.2186981,0.450169,-2.1551356,0.05942329,-6.778863,-2.1096246,0.981527,3.0761933,-0.81052476,0.25022313,4.7858157,-0.63093394,1.4125175,0.4136043,-1.1218879,1.0964158,1.0826626,-1.861105,-0.5174081,-3.913354,-2.0907636,0.26214886,1.4118102,-1.5307164,-0.88097835,-1.1949874,1.1857446,2.6126323,-6.7802353,-0.6430724,-1.952909,-5.7317843,1.111773,-1.2409008,0.0833418,-3.6073682,-1.8433993,-1.100307,-3.0465908,-3.3651297,1.6025379,-2.3379776,-1.0343939,6.956265,-2.910595,-4.073044
1,/data_nas/huangyj/data/placePulse/rawData/googleviews-110802files/51415014fdc9f04926007c60.jpg,1.6955223,-0.66060966,-0.50518185,0.35167894,-1.8248543,0.8444429,-1.5884731,2.3377686,-1.6726364,-0.25014105,-0.7130172,0.8481368,-0.89192384,-0.9729076,1.8988259,-0.30084738,1.1859742,0.6837367,-0.6358821,-0.3451652,3.4364886,1.8790107,-0.5123083,2.1764655,0.7311162,-0.3297784,2.4058678,-2.4507163,2.405546,3.0521677,-0.66504973,-4.233841,1.4706011,-2.9425967,-2.161708,-1.2019985,-0.5429229,0.049298942,1.6377286,-0.7343591,3.8394537,0.91409737,-0.37151185,2.2371325,2.3230488,-0.21690291,1.7195753,1.1523112,-0.54861295,0.4658887
0,/data_nas/huangyj/data/placePulse/rawData/googleviews-110802files/513d5fcafdc9f03587003c39.jpg,0.9399193,-2.2380805,1.3632709,1.1712997,-1.8126333,0.015577994,-2.315812,1.3237401,-3.468685,-0.88962096,-0.075363,2.7480996,-2.188411,1.6877711,3.1103525,-0.47063532,0.5520859,1.9684078,-1.3456745,0.10140224,1.8648477,0.015391147,-0.40564972,1.3784775,0.16480242,2.2594056,2.1575294,-1.5256236,0.39599752,0.7995697,0.5153524,-6.2137923,0.010551488,-1.5318782,-1.9058504,-3.5538743,1.4596927,-0.24577461,0.6909428,-2.5116403,5.9718122,0.43190148,0.7740451,3.4095216,1.0077913,-1.0510179,0.87791914,2.75638,-3.5518312,-0.604601
0,/data_nas/huangyj/data/placePulse/rawData/googleviews-110802files/50f5e648fdc9f065f0006c39.jpg,0.42481992,-2.4828868,1.864849,0.06913004,-2.095567,0.12536621,-2.0068123,0.9529344,-2.7684846,-0.42571366,0.4041452,1.8801535,-2.5257354,1.6712096,3.1697392,-1.2215108,-0.10434039,1.1028799,-1.1742917,-0.22295941,1.8878031,-0.36352503,0.32737708,1.9382787,-0.5081558,2.2935066,1.9375634,-1.4948521,0.10976606,0.12730637,1.7041203,-6.8515377,0.84367234,-0.80456764,-0.9863866,-3.070719,1.2255906,-0.7606181,0.6025001,-2.9423897,6.4563293,-0.23536344,1.0663702,4.132561,0.7396014,-0.7014141,0.16003793,1.8545792,-2.9633837,-1.0998724
0,/data_nas/huangyj/data/placePulse/rawData/googleviews-110802files/51413cf8fdc9f04926005c30.jpg,3.6290057,-0.99927765,-1.6747026,1.2574904,-2.900782,0.97825116,-2.0668347,3.7409945,-5.5670443,-0.72202337,-3.1110623,1.7510538,0.9719624,-1.6979624,2.856154,-1.1015589,4.274087,-0.8537068,-0.6931117,2.2257044,3.1292496,0.84905404,-0.6511463,1.2091138,0.8177995,-1.9579171,2.4910717,-1.5479863,3.1241229,2.239407,0.78403497,-2.9049025,-1.5087047,-2.9520087,-1.7483131,-4.5337744,-0.6519013,-1.5696292,3.2018259,-3.002103,2.658018,2.0428927,-3.0572703,1.3096771,2.7583976,-2.3662536,0.8100605,5.3173685,-0.041335225,0.9505274
0,/data_nas/huangyj/data/placePulse/rawData/googleviews-110802files/50f5e649fdc9f065f0006c76.jpg,-1.1873242,-5.6661115,3.7180057,-1.0346853,0.24449518,1.1910149,-0.9022014,-0.35737312,-3.8391163,0.12805748,3.0952837,-0.12517229,-3.2871528,-0.42611933,4.573041,-2.0117931,-1.7307577,-1.1115301,0.09405872,-1.899079,2.3821259,-0.7833275,0.16921449,-0.31470516,-3.625684,0.4696449,1.2664379,-2.1013134,-0.82082206,0.08043303,2.6424625,-1.7828958,-1.5867821,0.31567892,-1.0908625,-3.3984764,-0.29214177,-1.790826,-0.27174282,-3.174496,1.8158857,-3.2267542,-2.0470288,0.5186761,2.1394668,-0.7742686,-1.189015,3.1801338,-0.3994841,-5.206317
0,/data_nas/huangyj/data/placePulse/rawData/googleviews-110802files/5140b884fdc9f04926001c73.jpg,1.6839713,-0.18276578,-1.7682575,-0.028070593,3.5600073,0.13377433,-1.883556,0.9147278,-5.2537603,-1.0479039,-0.75343275,1.2166318,0.33846903,-0.7800525,1.236034,1.2692297,2.0397868,3.2125778,-1.570064,0.07655888,2.8944938,2.0406935,-0.1622542,-6.5430546,2.410032,-0.64476115,1.9410199,-3.1635787,1.521359,2.9134917,-3.3745837,1.8549193,-7.0444846,-4.1812587,-2.8888977,-5.051859,0.0022812719,1.5776575,-1.6377589,0.12698428,-0.46065882,1.6633232,-1.0546333,-2.938906,2.085226,-1.4976652,2.314741,5.733461,-3.179502,1.0453634
1,/data_nas/huangyj/data/placePulse/rawData/googleviews-110802files/50f44807fdc9f065f0003c73.jpg,2.109888,-2.575189,-0.5504833,-1.3116559,2.3990576,0.45519325,-2.6428742,1.8624762,-4.753093,-1.0219277,0.17225902,1.7225869,-0.65415245,-2.114374,3.593724,-0.7460007,1.6991642,0.57475966,-1.4406176,0.03261819,3.1470857,1.4997673,0.7525493,-5.0022106,0.047998875,-1.7432845,3.3047843,-4.34761,1.5951097,3.2289627,-1.3355963,1.9153814,-6.0021963,-4.099833,-2.9260333,-4.1741033,-1.0999123,0.7160929,-0.22122474,-0.75610447,-0.9787243,0.5112329,-2.6184645,-3.213899,3.4331348,-0.6166853,0.9812916,4.997258,-1.2309314,-0.9646266
1,/data_nas/huangyj/data/placePulse/rawData/googleviews-110802files/50f43530fdc9f065f0002c7c.jpg,4.4089007,-2.592493,-1.2473705,2.8483646,-3.630995,2.3105178,-0.7073916,4.1471353,-5.3626676,-0.29236016,-3.1633668,2.323325,1.6835923,-0.05066993,3.5626671,-2.362419,4.4452734,-2.8540156,0.98675066,3.293231,2.5738902,-2.2311006,-2.726261,2.5175128,-0.22176191,-0.09797536,0.89117706,-0.51762646,2.4934447,-0.00885292,1.5898182,-2.503753,-0.9523966,-1.3990855,-1.2334114,-4.0372715,1.3710388,-1.7341415,4.093476,-3.2168002,1.602212,2.04095,-3.2151144,0.79949266,1.2514606,-2.0741975,-1.0531911,5.3254724,1.8065916,-0.33056182
1,/data_nas/huangyj/data/placePulse/rawData/googleviews-110802files/51409850fdc9f04926000c7c.jpg,0.70775324,-3.7451286,2.8956213,0.99650085,-2.964931,-0.25141048,-2.5837116,1.8365195,-2.933333,-0.5970687,0.783638,2.8806572,-3.2522504,0.6957573,4.516572,-1.7059048,0.048151374,-0.06313497,-1.0287343,-0.018101953,0.85979074,-0.020808177,0.022746772,3.1452537,-1.8914965,1.2083544,2.83726,-0.96431994,-0.0190222,1.0093758,2.5389156,-6.2044206,1.3143414,-0.3313032,-1.6105368,-2.725347,0.39371666,-1.6636741,1.431936,-3.4951565,5.598634,-0.8611063,-0.6177171,3.7073948,1.8876764,-1.0246396,-0.21721685,1.9568493,-1.9624182,-2.1977232
0,/data_nas/huangyj/data/placePulse/rawData/googleviews-110802files/513e1e71fdc9f03587009c7a.jpg,2.0024843,-2.0313616,-1.0174519,0.34599948,-0.9255662,2.2935205,-0.25743228,1.587669,-3.5672138,-0.0963355,-0.54051524,0.058934,0.13933721,-0.77860063,2.312727,-0.53012615,1.3930726,0.0023654196,0.53158593,-0.39077675,4.4483643,0.05830276,-1.8281599,0.36319497,0.37005332,0.15091918,0.7319276,-3.2880292,2.1262875,1.8758254,-1.5245657,-1.9771428,-0.8739126,-3.322981,-2.2629082,-2.8242147,0.45990643,0.868334,1.9249206,-0.18345577,1.7662655,0.74672663,-1.7252462,0.13853309,1.7251035,0.11076923,1.0092498,3.4904814,0.42721245,-0.7184692
0,/data_nas/huangyj/data/placePulse/rawData/googleviews-110802files/5140cbdbfdc9f04926002c7a.jpg,-0.5156001,-4.3671494,3.5606205,0.2776715,-2.553327,-0.30705133,-2.3150063,0.606422,-3.9662354,-0.7376903,1.5627003,2.0789425,-3.5270765,0.2814733,4.412802,-1.3180805,-0.70855,0.21059005,-1.0913795,-0.76468164,0.80854106,-0.076515876,0.4809807,2.539643,-2.6126418,0.83642274,2.3512454,-0.95868224,-0.7601086,0.44306597,2.848242,-5.311561,0.53962845,0.12843588,-1.2552099,-3.6483426,-0.013740146,-2.0140123,0.9855844,-3.925186,5.025152,-2.0011625,-1.2598088,3.368662,1.8777328,-1.415752,-0.3155647,2.8966115,-2.3481963,-3.3006296
0,/data_nas/huangyj/data/placePulse/rawData/googleviews-110802files/51414ffbfdc9f04926007c23.jpg,-0.04633385,-3.07063,2.0370827,0.002511857,-0.20658228,-0.73143864,-3.0038536,0.47388524,-4.7379293,-1.5197603,0.9056434,2.5968366,-2.4904816,0.18899103,3.5617228,-0.115839265,0.1958058,2.0971687,-2.1215599,-0.31013817,1.3249807,0.7146627,0.92944866,-1.1810884,-0.8055781,0.48785925,2.842024,-1.8729701,-0.33831948,0.95097494,0.89072174,-2.9312868,-2.7368681,-1.5057564,-1.8187885,-4.4943967,0.05079805,-0.85897434,-0.26465395,-3.0943892,3.447789,-0.7622269,-0.7263616,1.1817088,1.9414557,-1.6445915,0.70337677,4.080685,-4.0859003,-1.8167887
0,/data_nas/huangyj/data/placePulse/rawData/googleviews-110802files/513cb888fdc9f03587000c21.jpg,1.4243252,0.15155631,-2.0777612,-0.8868618,3.2722611,0.102416456,-1.8095644,0.6465458,-5.7169247,-1.0986863,-0.92702425,0.5268159,0.7469091,-1.6765802,0.7919122,1.2767838,2.1126919,2.7407055,-1.6764528,0.1648558,2.8766365,2.2199306,0.6003563,-6.5432386,2.1968257,-1.7218816,1.8980845,-3.133677,1.5833308,2.6271753,-2.9459765,2.4263945,-7.1856575,-4.1663136,-2.287709,-5.38772,-0.8121123,1.133246,-1.4590939,-0.14445506,-0.8890363,1.388795,-1.7549924,-3.0628548,2.1565073,-1.6934049,2.1162198,6.1099467,-2.67022,1.0653671
1,/data_nas/huangyj/data/placePulse/rawData/googleviews-110802files/513f2e8bfdc9f0358700dc2b.jpg,0.72015136,-6.126936,3.0206602,1.1054047,0.12684536,1.8289049,-0.4687876,0.77012813,-4.6194496,0.19632024,2.0775614,1.8123779,-2.463796,1.8449008,5.174971,-2.5113125,-0.56669325,-1.1310829,0.9887563,-0.48958713,1.766175,-2.8255196,-2.1436183,-0.6035626,-2.7278283,2.9885252,0.53257555,-1.849277,-0.94093376,-0.57643735,1.3606431,-2.2404258,-2.5431368,0.12587297,-1.9431609,-4.297177,2.368997,-0.47062725,0.170269,-2.4620008,1.9603568,-1.5682335,-1.4544588,-0.025849562,0.89981705,-0.6580342,-1.7217419,4.3925447,-0.36038914,-4.591729
1,/data_nas/huangyj/data/placePulse/rawData/googleviews-110802files/513cb95afdc9f03587000ce3.jpg,4.2557564,-2.8310308,-1.8870639,2.5331855,-1.4514588,2.20315,-1.0626535,3.599531,-6.785438,-0.9421129,-2.6373663,2.0669625,2.1331987,-1.752595,3.5369542,-1.1546305,4.718717,-1.8504732,0.5893673,2.7269897,3.1854331,-0.73466456,-2.5549314,-0.6833156,0.04427057,-1.8686602,1.2829822,-1.7181325,2.8622687,1.4589876,-0.31004012,1.393861,-4.099928,-2.941712,-2.5062404,-5.073474,0.25583112,-1.0010915,3.30132,-2.1458206,-1.4917948,1.8779149,-4.8973927,-2.4333322,2.523296,-2.4038615,-0.03863206,7.1922836,1.4371052,-0.75654817
1,/data_nas/huangyj/data/placePulse/rawData/googleviews-110802files/50f4480ffdc9f065f0003cef.jpg,3.8563628,-2.1834579,-0.092868544,-0.27500743,-0.22928444,0.48938397,-3.1768603,4.637877,-1.7369293,-0.13271575,-1.3298185,2.7849054,-0.89094967,-0.81195784,4.5718107,-3.4081256,2.969121,-2.2349463,-1.1573454,2.146004,2.596285,0.20599431,0.864424,-1.0474626,-0.33976883,-0.94134355,4.270871,-2.5879066,2.620501,2.3945327,2.3274984,-2.0750418,-2.1147087,-2.0713432,-1.5119542,-1.4195683,-0.52964646,-1.413793,1.2601541,-2.8937385,1.7529122,1.5653722,-0.96837056,0.053441897,3.2058346,-0.52607197,-0.6677378,1.6333586,0.34903115,0.1685773
1,/data_nas/huangyj/data/placePulse/rawData/googleviews-110802files/50f56360fdc9f065f0005cea.jpg,1.0364864,-3.9193358,1.1159772,0.24263117,-2.0624857,1.35285,-1.1550562,1.6023434,-5.362243,-0.40246367,-0.03998507,0.35462502,-0.79251516,-2.1904886,3.7909403,-1.5280933,1.4873915,-1.880219,0.09538868,0.07014204,2.7916954,0.017800558,-0.4876487,1.2742954,-2.2009664,-1.9001031,1.5868359,-1.7137109,1.2147648,1.260823,2.0779386,-1.1811998,-1.3723717,-1.0241137,-1.3811934,-4.066057,-1.2187914,-2.2077267,2.3649917,-3.347713,0.9954934,-1.2437469,-4.0980444,0.38868666,2.9765537,-1.8628627,-0.35317755,4.884894,0.8212067,-2.9205892
1,/data_nas/huangyj/data/placePulse/rawData/googleviews-110802files/513e5d1dfdc9f0358700ace0.jpg,-1.2448335,-3.4665523,3.541362,-0.7884904,-1.6032962,-0.08544379,-1.8700993,-0.09850474,-1.3958675,-0.3592392,1.996032,0.9650553,-3.5024922,1.099496,3.239321,-1.5694593,-1.6675553,0.138934,-1.2244622,-1.04228,1.4152509,-0.5712723,1.3716046,2.1624985,-2.3726323,1.701569,1.8652732,-1.0693321,-0.9125484,-0.7799794,3.493608,-5.6700187,1.457823,0.8772751,-0.05240056,-1.5454786,0.32397282,-1.9272898,-0.09408803,-3.6775331,5.2618656,-2.1426077,0.9625428,3.8281374,0.86549366,-0.38105607,-0.8064344,0.19249767,-2.4504848,-2.9194217
0,/data_nas/huangyj/data/placePulse/rawData/googleviews-110802files/5141363cfdc9f04926004c13.jpg,1.089936,-2.7324715,2.5699286,-0.8048918,0.06266596,-0.07055818,-2.6484427,2.4673662,0.19056664,0.5484481,1.3568554,2.0416148,-3.5911555,1.3555849,4.1241097,-3.0514352,-0.59793437,-0.614146,-1.1094496,-0.28086102,1.8520566,0.07705472,1.1486069,0.3712105,-1.2122123,1.9729964,3.5192897,-2.0574944,0.52915317,1.4604887,2.6729398,-5.7627,0.5477071,-0.2989032,-1.051409,-0.44418073,0.5396416,-1.0282557,-0.7927315,-2.6309743,5.2305236,-0.32071137,1.8873558,2.960362,1.8546966,0.28594884,-0.7132427,-0.9316174,-1.4235935,-1.2575766
0,/data_nas/huangyj/data/placePulse/rawData/googleviews-110802files/513d5fb0fdc9f03587003c15.jpg,2.1943262,-2.2952366,1.075699,-1.6161387,0.27632558,-0.70523864,-3.9091768,2.5300732,-0.13622257,-0.9062911,0.23978399,3.953406,-2.4201603,1.8478723,4.3206263,-2.5456438,0.6774259,0.7555797,-2.5921993,1.0969453,1.5950644,-0.5484035,2.17666,-1.4125463,0.10852374,2.2005112,4.291487,-3.3603895,0.53672725,0.7755385,1.4848303,-4.4303236,-1.3579196,-2.118438,-1.2464575,-0.845677,1.2173043,0.4518665,-0.31079844,-2.0913186,4.3202753,1.1991235,2.5607815,1.3611547,1.3598245,1.0120014,-0.45440954,-0.25291193,-3.4293709,0.07969704
1,/data_nas/huangyj/data/placePulse/rawData/googleviews-110802files/5140b852fdc9f04926001c10.jpg,2.8388147,-2.4133954,-0.80883735,1.8214368,-0.30205977,2.4180853,0.03092736,2.5127752,-6.951333,0.5925979,-1.1597902,0.52429205,0.07037624,-0.066178225,3.0263612,-1.1100194,2.3288262,-0.30183107,1.2963245,0.26590163,3.676408,-0.3459629,-3.1743267,-1.1516247,0.57934356,0.6431641,0.47929612,-2.1428716,2.000704,2.2611914,-1.2953273,-2.5095325,-3.3391082,-2.711878,-2.777426,-6.361396,1.222585,0.1274763,1.189435,-1.3631463,2.5656178,1.138421,-2.9380696,0.3932215,1.8676442,-1.9350314,0.6140316,6.9726872,0.6840264,-0.73276615
0,/data_nas/huangyj/data/placePulse/rawData/googleviews-110802files/513d9c52fdc9f03587007cce.jpg,0.5953233,-2.231524,0.920856,0.11650885,-2.7675374,0.73429453,-1.5201124,1.1609194,-2.6099973,-0.5322052,0.19010118,0.97434837,-1.8040607,-0.37662494,2.7868392,-0.41393048,0.23793148,0.8571355,-0.6830647,-0.8920373,2.888553,0.8479416,-0.344461,3.0560114,-0.4564973,0.44667068,1.930435,-2.3270822,1.0862614,1.8493168,0.19483566,-5.225661,1.8248278,-2.151769,-1.8843822,-2.190598,-0.11451698,-0.17602512,1.9297884,-1.5701631,4.807687,-0.28196245,-0.6084764,3.052601,1.9490482,-0.20621762,1.100839,1.8355637,-1.3577517,-1.0760268
1,/data_nas/huangyj/data/placePulse/rawData/googleviews-110802files/513cca82fdc9f03587001ccc.jpg,4.3269725,-1.2116991,-3.0828283,1.3863583,-2.136687,3.1993082,0.16884296,3.450923,-4.774876,-0.026821073,-3.1793828,0.39366692,2.655065,-0.9669996,2.056486,-1.380538,4.2315392,-1.8645458,1.1885847,2.1055548,4.8276305,-1.1946981,-2.7020917,0.82433426,1.2051154,-0.6277493,0.29474622,-2.5473967,3.5858681,1.1646638,-0.862266,-1.1478375,-1.5138948,-3.4678917,-1.6915109,-3.5573766,0.8873554,0.087025896,3.6495583,-0.994095,0.62334436,2.5584323,-2.9038208,-0.39610848,1.4544712,-0.88865185,0.2651073,4.9975257,2.191594,0.6600778
1,/data_nas/huangyj/data/placePulse/rawData/googleviews-110802files/513d9c50fdc9f03587007cc8.jpg,3.4968526,-1.2308879,-2.575862,1.0801773,-2.7723458,3.066364,0.2797367,2.8369012,-4.1586246,0.12847497,-2.6846938,-0.23731901,2.063851,-1.0585763,1.9340827,-1.0663604,3.4963512,-1.4163828,1.1287273,1.263901,4.984121,-0.6751336,-2.4667377,2.0803387,1.0512651,-0.5547324,0.18983687,-2.508827,3.4350686,1.3864621,-0.8281866,-2.3290703,0.029876012,-3.2877574,-1.6475009,-3.0643036,0.55869335,0.05603244,3.7493794,-0.88594544,1.6814846,1.9945693,-2.5092592,0.6666121,1.5865303,-0.69496596,0.65430975,4.2053,1.8833449,0.37925267
0,/data_nas/huangyj/data/placePulse/rawData/googleviews-110802files/513d603cfdc9f03587003cc0.jpg,0.04407096,-3.3689947,1.9279838,-1.7249416,0.18371066,-1.4811039,-4.436771,0.19658299,-2.553841,-2.7373426,0.99442196,3.695046,-2.0614097,0.1458265,4.020556,-0.5808127,0.48264232,1.8735952,-3.7722316,0.8758321,0.9971149,0.015777444,3.3445084,-2.1932166,-1.1727251,-0.007070885,3.9648414,-2.5948918,-0.5696148,-0.7528122,2.1583183,-0.94035804,-3.2846088,-1.6285585,-0.7545892,-2.3386726,-0.23355861,-1.0303024,-0.15598305,-3.5776725,1.5800787,-0.6147565,0.38288647,-0.46891028,1.6108736,-0.53860164,-0.18741924,2.0315523,-5.285275,-1.8167486
1,/data_nas/huangyj/data/placePulse/rawData/googleviews-110802files/50f44808fdc9f065f0003ccb.jpg,3.6828709,-0.62406296,-1.337976,0.29198924,-1.9827034,0.861652,-2.6507294,3.7202277,0.4208699,-1.0224012,-2.344312,3.0847745,0.574695,0.9941042,2.6236513,-2.1181767,3.0069182,-0.80552715,-1.4843305,2.8816404,3.1108747,-1.0496503,0.5373031,1.5525934,1.1159035,1.0087605,2.9256716,-2.2144678,2.6085124,-0.026722258,1.5730461,-3.973297,0.8592045,-2.2995522,-0.5552945,0.6253989,1.2032093,-0.41251355,2.2520213,-2.0879455,3.120506,2.6972847,1.7375351,1.6039673,0.78908694,0.50011814,-0.25693023,-0.68106836,-1.1233867,1.5598799
0,/data_nas/huangyj/data/placePulse/rawData/googleviews-110802files/514136c1fdc9f04926004cc4.jpg,-0.81748605,-5.2446504,3.7294972,-1.4464424,-1.1485454,0.5399861,-1.642714,0.066321686,-3.1782937,-0.06377169,2.6045172,0.7559788,-3.6004536,0.19567537,4.750246,-2.3475673,-1.5732067,-0.872392,-0.5286885,-1.4437801,1.8655121,-0.9469605,0.9835531,1.0763942,-3.309585,1.0505834,1.9232671,-2.1804683,-0.9185394,-0.13983499,3.1445832,-4.0889654,-0.18644303,0.18388128,-0.7644365,-3.0856833,-0.019182201,-1.6382468,0.32367885,-3.4540937,3.866363,-2.6893933,-1.0601238,2.2016392,1.7837484,-0.33837935,-1.2707964,2.2326958,-1.217052,-4.3531823
0,/data_nas/huangyj/data/placePulse/rawData/googleviews-110802files/5140cbeafdc9f04926002c97.jpg,-0.9595245,-3.296218,2.668123,-0.29662493,-1.638168,-0.8139904,-2.591106,-0.08700702,-4.466556,-1.2863245,1.4526622,1.6819124,-3.0890656,-0.7819629,3.3889282,0.1736077,-0.6020848,1.8271848,-1.812609,-1.3380598,1.0143363,1.412998,1.0542189,0.9773258,-1.6386917,-0.30858925,2.6118088,-1.6800395,-0.5819694,1.5539229,1.0500137,-3.6411624,-0.72837996,-1.1756269,-1.8295654,-4.0471163,-0.9266362,-1.1070938,0.4876459,-2.8574638,3.9493093,-1.7882514,-1.5423752,2.14273,2.3995194,-1.4372915,0.9080361,3.5709865,-3.298733,-2.4803042
1,/data_nas/huangyj/data/placePulse/rawData/googleviews-110802files/513cb90cfdc9f03587000c9e.jpg,2.9457917,-2.3136497,-1.8280842,1.8725865,-1.390071,3.210704,0.32119656,1.6297328,-5.31525,-0.3786177,-2.0034435,0.65288013,1.7771418,1.0235794,2.2781422,-0.68717664,2.986981,-0.095846534,0.9286466,1.3769419,4.781924,-2.0893416,-3.0726545,0.1395345,1.0868343,1.6859502,-0.64892423,-2.2262845,2.2951226,-0.51415414,-1.0297264,-2.1387687,-2.0675712,-2.754244,-1.7470849,-4.5640664,2.5002818,0.35407364,2.4922917,-1.4139633,1.7502416,1.8198932,-1.3828937,0.027154963,0.2420471,-1.1731365,0.31065613,5.559789,-0.17850018,-0.52733463
0,/data_nas/huangyj/data/placePulse/rawData/googleviews-110802files/513d9c40fdc9f03587007c91.jpg,-0.92181027,-4.774233,3.6556578,-0.0077755693,0.7396414,0.7059194,-1.4533719,0.051659886,-2.5671775,-0.27535778,2.4457138,0.7198135,-2.7952642,0.6659348,3.952757,-2.0446367,-1.0451319,-0.9731116,-0.58382714,-0.4881454,1.7689472,-1.2541833,0.47705758,-0.8346083,-3.0904872,1.020884,1.4837966,-0.7956857,-0.8263356,-1.1838554,3.6991575,-1.5698651,-1.916651,1.4216229,-0.2868846,-2.226771,0.4206388,-2.6460247,-1.0019765,-4.1522794,1.5448178,-2.4911346,-0.4908665,0.46184805,1.3704244,-1.3012404,-1.6780136,1.9299325,-1.4357283,-4.2907367
1,/data_nas/huangyj/data/placePulse/rawData/googleviews-110802files/50f42c72fdc9f065f0001c91.jpg,3.4489355,0.26778406,-1.7342497,0.99678814,-3.274282,0.40486413,-2.3513799,3.5321467,-1.5839183,-0.8619181,-2.8107455,2.6270864,0.46595803,0.14588808,1.9062977,-0.76867616,3.171175,0.43997645,-1.3035539,2.0636885,2.622145,0.6044005,-0.25080368,2.7851272,1.8194164,0.21262512,2.6656468,-1.7756138,2.7832658,1.685604,0.0014871098,-5.1509523,1.4498839,-3.009874,-1.3976421,-1.2074779,0.50738233,-0.04424721,2.8620968,-1.4764662,4.4679217,2.805886,0.38969487,2.7655053,1.3273671,-0.34710494,1.17543,1.2063024,-1.2793039,2.288027
1,/data_nas/huangyj/data/placePulse/rawData/googleviews-110802files/50f55e6ffdc9f065f0004c99.jpg,-1.1264219,-4.1849337,2.6735597,-0.27586943,-1.8918786,0.80146545,-0.9615571,-0.38358253,-5.4289002,-0.4201138,1.651042,-0.08154328,-2.486708,-0.8527737,3.4435818,-0.5565524,-0.77421546,0.2538769,-0.29733387,-1.6511084,2.2992952,0.06884407,-0.20478599,1.656826,-2.4298725,-0.14555651,1.0499532,-1.5402647,-0.43967077,0.48430362,1.7327199,-3.4002595,-0.42760232,-0.49710613,-1.1851509,-4.6993394,-0.5471659,-1.7300489,1.014746,-3.2961674,3.4868462,-2.4660733,-2.5864797,2.1773057,2.0052476,-1.5968319,0.060688917,4.508334,-1.3620667,-3.7301
1,/data_nas/huangyj/data/placePulse/rawData/googleviews-110802files/5140d9c4fdc9f04926003c95.jpg,3.2966943,-4.8513722,0.84004253,0.7930131,-0.4373625,1.0160713,-2.661073,3.4107761,-6.3412604,-0.93449926,-0.7477971,3.0907233,-0.4192841,-0.9384504,5.706378,-2.9689174,3.2033432,-2.4281912,-0.58128536,2.4246426,2.009356,-1.3131335,-0.24273169,-2.0181973,-1.9380409,-1.1579874,2.9867053,-1.898874,1.3365623,0.6281671,2.6365542,0.23183332,-5.0454326,-1.4599965,-1.7949793,-5.2670646,0.07593027,-2.2874982,1.7156057,-4.278483,-0.17680761,0.33550593,-3.9454606,-1.7570571,2.911863,-2.2810986,-1.6020781,6.3352385,0.09608194,-2.5484679
0,/data_nas/huangyj/data/placePulse/rawData/googleviews-110802files/513d6064fdc9f03587003cf7.jpg,1.76969,-4.461129,1.2992228,1.3714001,-1.8198886,1.9724052,-0.8701714,1.9977037,-4.206752,-0.1303541,0.39868972,1.7524073,-1.4632348,0.42432892,4.541078,-1.8097265,0.8659709,-0.85368323,0.6554538,-0.080181815,3.0698647,-1.2107928,-2.1657863,1.7330532,-1.4251169,1.4006534,1.255409,-2.2752442,1.0067415,1.0382272,0.62417036,-3.570983,-0.32979622,-1.6581174,-2.36869,-3.504872,1.24762,-0.42649803,2.0662377,-2.071453,3.0322526,-0.29120475,-1.9123615,1.1840769,1.8061322,-0.6187881,-0.20912969,3.8878238,0.08927545,-2.7222776
0,/data_nas/huangyj/data/placePulse/rawData/googleviews-110802files/514098adfdc9f04926000cf8.jpg,-0.44122165,-2.7288728,2.8995545,-0.6684504,-3.188455,-1.2757838,-3.4689941,0.73934466,-2.3962967,-1.4034923,0.6616674,2.5067618,-3.109317,0.43676752,3.5424335,-1.0258203,-0.1813187,0.94790626,-2.617128,0.17649923,0.62642556,0.4185423,2.4096453,3.0042994,-1.6915544,0.4645596,3.2866354,-0.73346525,-0.42757577,-0.3060352,3.6809332,-6.364297,1.5408049,-0.06522588,-0.17480592,-2.375631,-0.41093323,-2.4564056,1.0423023,-4.559679,6.0842986,-1.160707,0.38208285,4.424524,1.418524,-1.2112762,-0.16773649,1.0881584,-3.8510387,-1.6352835
0,/data_nas/huangyj/data/placePulse/rawData/googleviews-110802files/513f14e6fdc9f0358700ccf5.jpg,-0.42768452,-2.2171803,1.5673543,-1.954069,0.834235,-1.1108909,-3.4307964,0.24935676,-4.1068125,-1.4420043,1.2193336,1.5178493,-2.482439,-1.453556,3.0133266,0.05876723,-0.064945735,2.1450205,-2.7827942,-0.9146336,1.8561906,2.2185295,2.5695908,-2.4866729,-0.6749196,-1.2837794,3.6737514,-2.8241355,0.1101425,2.017789,0.6331985,-1.5628979,-3.3083198,-2.341426,-1.5956151,-3.927625,-1.640968,-0.8188158,-0.90179193,-2.6063435,2.4725633,-1.0287366,-1.0041714,0.3160107,2.8435447,-1.2810763,1.1107846,3.480735,-3.7996314,-1.3959279
1,/data_nas/huangyj/data/placePulse/rawData/googleviews-110802files/513d7bc0fdc9f03587006c82.jpg,2.544399,-1.2985576,-1.4962826,1.2370272,-4.096948,1.8959162,-0.9088747,2.1600952,-3.1133497,-0.99063706,-2.2884102,1.2940178,1.086057,-0.12993212,1.9848586,-0.38302687,2.7349832,-0.07085112,-0.20521696,1.339295,3.9323926,-0.7010447,-1.4624861,3.942711,0.73956424,0.32445022,0.8614521,-1.9940393,2.480819,0.30284643,0.015797865,-4.2914886,1.8290827,-2.785968,-1.2523115,-2.1253104,0.8847482,-0.23591727,3.9984183,-1.6725054,3.4700205,1.625626,-1.0532509,2.3560429,0.89545083,-0.46712455,0.88725823,2.6885343,-0.45988074,0.31492066
0,/data_nas/huangyj/data/placePulse/rawData/googleviews-110802files/5140cbccfdc9f04926002c59.jpg,1.2848755,-4.3649206,2.4772694,2.029351,-0.45158216,1.3687508,-1.1746689,2.4000974,-4.6411505,0.34622127,0.9656516,1.7232646,-2.3619332,0.2565188,4.5672607,-2.223008,0.50297874,-1.4200183,0.67402655,-0.08759842,2.0977154,-0.60739034,-1.9791121,0.5023519,-2.1010513,0.8767814,1.8279796,-0.9797066,0.61323833,1.4295402,1.9498366,-3.0986912,-1.621666,-0.04408402,-2.1379051,-3.9700105,0.68128896,-1.9558091,0.44058388,-3.3319902,2.7577786,-1.0078596,-2.1310012,1.1925464,2.3786356,-1.9951879,-0.6788596,4.1575665,0.30231538,-3.1370578
1,/data_nas/huangyj/data/placePulse/rawData/googleviews-110802files/50f5ed58fdc9f065f0008c59.jpg,-0.680712,-4.793669,3.3857644,0.2724699,-2.4647264,-0.21084169,-2.1583433,-0.1150347,-4.5629077,-1.1723986,1.8060367,2.3554976,-3.271645,0.53719556,4.456485,-0.67252743,-0.8605539,1.0296557,-1.0989532,-0.9777514,0.7385093,-0.49443203,0.15586844,2.1336315,-2.475461,1.2575788,1.9326555,-1.4552104,-1.2344015,0.10552392,1.7113882,-4.5533905,-0.04618669,-0.4981743,-1.66589,-4.1890116,0.47911155,-1.0649399,1.1508293,-3.1882992,4.438356,-1.9793757,-1.4254149,2.5250227,1.5055311,-1.032855,-0.15642485,3.6469896,-2.9534228,-3.601342
0,/data_nas/huangyj/data/placePulse/rawData/googleviews-110802files/50f42c72fdc9f065f0001c5a.jpg,0.5651128,-3.505846,2.4065118,-2.1083086,-0.12222453,-0.6344705,-3.6592743,1.6781977,-2.1783907,-0.86400485,1.2991369,2.1558359,-2.9328177,-0.63750654,4.630743,-2.3185446,0.090002574,-0.3649966,-2.3443325,0.071926996,1.7860309,0.50503665,2.7460587,-0.8389544,-1.9898194,-0.50488466,4.2411933,-2.625296,0.25644746,0.94043255,3.13885,-2.7809334,-1.6390935,-1.1510098,-0.7373576,-2.1084647,-1.0372019,-1.8439593,-0.05023759,-3.7420473,2.9563262,-1.0165054,-0.42005017,1.0314426,2.7267308,-0.43782908,-0.76723635,1.4277995,-2.2628436,-2.12527
0,/data_nas/huangyj/data/placePulse/rawData/googleviews-110802files/51409835fdc9f04926000c5a.jpg,-0.4724165,-1.9278934,2.5670009,-0.3672773,-1.6959289,-1.5967546,-3.5267525,0.6936835,-2.460617,-1.2993621,0.8271377,2.6271799,-3.2826343,0.51582164,2.9668481,-0.27049276,-0.3831633,2.1516547,-2.7182305,-0.31592166,0.54362315,1.4143238,2.0872667,1.3267713,-0.78954643,0.6367501,3.474148,-1.0034127,-0.3813194,0.9309584,2.080333,-5.7575006,0.36500853,-0.7265931,-0.99634624,-2.6211898,-0.37647024,-1.5232228,-0.11931577,-3.4774415,5.804556,-0.7532949,0.7938398,3.71025,1.6445714,-1.2935177,0.7155632,1.3756024,-4.4272504,-0.936995
0,/data_nas/huangyj/data/placePulse/rawData/googleviews-110802files/513d7bcafdc9f03587006ca3.jpg,0.60122275,-1.4143149,0.75876427,-1.7086349,3.5782843,-0.39237013,-2.57311,1.0401326,-3.7297037,-0.019658946,1.1864411,0.8783234,-2.4697673,-0.302773,2.6930134,-0.6783734,-0.055531137,2.1364577,-1.824712,-1.1728746,2.6453269,2.1135504,1.4046118,-5.5603166,0.64066637,0.14603801,3.2848475,-3.3932536,0.70569575,3.1287985,-0.7768147,-1.4091014,-5.3148484,-2.6747005,-2.233228,-4.2448416,-0.5010563,0.45311147,-2.7797425,-1.2920464,2.4929194,0.04795385,0.17802998,-0.49789917,2.69864,-0.9277238,1.20928,3.5619745,-3.0450654,-0.34446096
0,/data_nas/huangyj/data/placePulse/rawData/googleviews-110802files/50f5eac6fdc9f065f0007ca1.jpg,1.3329369,-1.157215,-0.047032863,0.15308525,-1.2388214,-1.1813575,-4.0455275,1.0500491,-1.4931915,-2.937658,-0.82773554,4.512266,-0.7741643,1.2118869,2.502378,0.65655386,1.5981157,3.2757275,-3.5076869,1.5267519,1.4427385,0.24256627,1.6518846,-0.15713702,1.2114841,1.2326978,3.4381986,-2.5627449,0.5670807,-0.071179755,-0.23116386,-2.95787,-1.134418,-2.893277,-1.5472281,-1.3420491,1.0186142,0.66642284,1.0187762,-1.8017598,3.13604,1.5748283,1.8930211,0.82075393,0.746979,0.048909783,1.2939193,1.1171844,-5.6253834,0.78025687
0,/data_nas/huangyj/data/placePulse/rawData/googleviews-110802files/50f5eac6fdc9f065f0007caf.jpg,-0.13410087,-3.7844424,3.1086035,0.3283566,-1.0425317,-0.49739102,-2.275202,0.9419995,-5.3645425,-0.255375,1.4035542,1.9920028,-3.6082048,0.108567156,4.2797704,-1.0775834,-0.4615366,0.8747821,-0.9399727,-1.0557315,0.6762252,0.72238934,0.07193266,0.2856472,-1.7989086,0.6753586,2.5307844,-1.2127955,-0.6502515,1.8296983,1.5604647,-4.7197905,-1.6040344,-0.5569796,-1.9852908,-5.265132,-0.09753396,-1.3914936,-0.08547416,-3.3254106,4.9073343,-1.5342616,-1.7038192,2.659466,2.3430088,-1.9578478,0.26331565,4.544304,-2.4348176,-2.606982
0,/data_nas/huangyj/data/placePulse/rawData/googleviews-110802files/51414862fdc9f04926006ca5.jpg,1.7239287,-1.8097321,-0.41372263,0.16182253,-1.2522299,2.3259125,0.07474612,1.8430066,-0.26276895,0.60943997,0.22913688,-0.102945775,-0.74697274,-0.2338709,2.1272838,-1.1831816,0.17738281,-0.65947706,0.97452235,-1.0284802,4.106891,0.08488891,-1.8447682,2.2338738,0.063553,1.0539824,0.8740512,-3.309002,2.0988681,2.3003983,-1.2788864,-3.4572017,2.070503,-2.5788386,-2.233004,0.09600392,0.5399058,1.340257,1.7232783,0.8368932,2.681944,0.45411932,-0.07261747,1.2413234,1.5639938,1.4953325,0.79580176,0.04746176,1.5076706,-0.7263319
1,/data_nas/huangyj/data/placePulse/rawData/googleviews-110802files/51414865fdc9f04926006caa.jpg,2.828194,-5.3963456,1.9742984,2.7459345,-1.0645399,2.486893,-0.25748736,3.3503718,-5.2281947,0.97999084,0.24908525,1.9930977,-1.5210756,1.0012349,5.465789,-3.5510883,1.4491516,-3.1711128,2.053385,0.8884153,2.1275115,-2.4595845,-3.4281933,0.8401346,-2.3402052,1.8001866,0.886191,-0.9257689,0.8453054,0.8106748,2.0028038,-3.0303695,-1.8438292,0.095846765,-2.2414973,-4.5141335,1.9526463,-1.6071755,1.5023184,-3.0452244,2.237828,-0.29018667,-2.9079785,0.6836634,1.8056982,-1.717092,-1.8128057,5.059944,2.140455,-3.4451547
1,/data_nas/huangyj/data/placePulse/rawData/googleviews-110802files/50f55e6ffdc9f065f0004cab.jpg,3.6355672,0.015293237,-4.0588684,0.827798,-0.04521542,2.3292868,-0.31785327,1.3412797,-3.1186347,-1.3536091,-2.9600508,1.4475343,3.1971707,1.2549324,0.5671572,0.6550861,3.601179,1.835525,-0.44776988,2.0737658,4.4330673,-1.548119,-1.9228698,-2.1689577,3.3375072,1.7112396,-0.2852858,-3.3960254,2.5684254,-0.40179363,-3.5125492,0.022286138,-3.1587782,-4.661361,-1.7980165,-2.6653702,2.7574575,2.744985,1.9615818,0.9826985,0.0625853,3.671666,0.4603341,-1.9103891,-0.6182489,0.47666714,1.3274914,3.8354316,-1.8047266,2.0842423
0,/data_nas/huangyj/data/placePulse/rawData/googleviews-110802files/513d5fa6fdc9f03587003c06.jpg,0.9270039,-2.1562524,1.6078798,-0.944001,-0.76492465,-2.2147229,-4.9200478,1.3297671,-2.7411087,-2.3131616,0.107704364,4.61032,-2.674598,0.7253216,3.9403958,-0.51598084,0.8748586,2.6771107,-3.8688672,0.9729524,0.2098028,1.0711645,3.001117,-1.2196859,0.009013951,0.61099076,4.673575,-2.2981803,-0.1822037,1.0102717,1.3159446,-4.031589,-2.242637,-2.162868,-1.6152359,-3.0496593,0.00401692,-0.36479795,-0.07151842,-3.0758789,4.467811,0.52411896,1.0167539,1.6236916,1.897273,-0.7539968,0.69249225,2.1038647,-5.6757274,-0.116694495
0,/data_nas/huangyj/data/placePulse/rawData/googleviews-110802files/51413ce2fdc9f04926005c02.jpg,4.2523384,-3.2458286,-2.4430683,1.9187821,-2.8801148,2.8858676,-0.7841364,2.428394,-4.1640444,-1.8196222,-2.8177314,2.7007296,2.958099,0.5886507,3.401241,-1.0397199,4.4273763,-0.98090124,0.1595753,3.1700654,4.1367335,-3.1992934,-2.4781992,1.2518896,0.6403897,0.8697214,0.21424729,-2.6649778,2.4895883,-1.4472846,-0.5893403,-0.078958966,-1.6514567,-3.369364,-1.7249964,-2.7839413,2.4908547,0.5741201,4.6191053,-1.417164,-0.5789003,2.5793757,-2.0293314,-1.7506577,0.34591725,-0.22808239,-0.42930755,4.621115,-0.1372604,-0.6129305
1,/data_nas/huangyj/data/placePulse/rawData/googleviews-110802files/513e1e46fdc9f03587009c01.jpg,2.277235,0.6288813,-0.89477247,0.842138,-0.3014165,-0.73083735,-3.309628,2.5787528,-1.8297701,-1.3558615,-1.5896932,3.298307,-0.77651674,0.93832713,1.5896616,0.28893724,2.028171,2.8251214,-2.5110333,1.2511579,2.1747963,1.6935968,0.558435,-0.68517184,2.3819714,0.96903026,3.4380963,-1.9977882,1.9289216,2.0860586,-0.78348804,-4.5121937,-1.1360997,-3.049417,-1.943852,-1.9656975,0.6881158,0.36319038,0.031476587,-1.4776098,4.612834,2.4480076,1.8598866,2.0932477,1.3347274,-0.8305571,2.015432,1.416715,-4.0234747,2.3538673
0,/data_nas/huangyj/data/placePulse/rawData/googleviews-110802files/51414ff2fdc9f04926007c09.jpg,0.009996375,-3.5551481,2.1375399,-1.2191039,1.4278822,-1.0129006,-3.3406386,0.610111,-6.3390903,-1.3199052,1.0994828,1.9779311,-2.3867145,-1.3801805,4.133433,-0.79577464,0.65838397,0.97474134,-2.2881744,-0.07129288,0.9836436,1.1102809,2.1361563,-4.1644635,-1.5768806,-1.5349691,3.4112775,-2.0302842,-0.3966127,1.3542438,1.7465557,0.04045447,-5.917161,-1.3573593,-1.5118885,-5.9463763,-1.3468165,-1.7887387,-1.0793837,-3.8571374,1.105595,-1.3377293,-2.6364257,-0.9119711,2.992399,-2.4536114,-0.017833184,5.8847904,-3.2497935,-2.4276826
1,/data_nas/huangyj/data/placePulse/rawData/googleviews-110802files/513d6b0bfdc9f03587004c0f.jpg,-0.34638274,-3.1192465,2.1376536,-2.263473,-2.47439,-0.34589788,-3.0616949,0.28318703,-1.7057371,-1.3122318,1.0974354,1.5635734,-2.6755059,-0.019085763,3.598259,-1.2390449,-0.54349667,0.7759173,-2.409546,-0.52045786,2.3701684,0.2015734,2.6781747,2.2389858,-1.5933524,0.45447084,3.050004,-2.6443698,0.090813465,-0.20494218,2.717249,-5.3748636,1.3954631,-1.4165691,-0.34997326,-1.7202243,-0.48977643,-1.2587527,1.2475408,-3.325557,5.149528,-1.1745669,0.5310823,3.2551916,1.524561,0.14656673,-0.050659563,0.6009295,-3.2541826,-1.9860562
0,/data_nas/huangyj/data/placePulse/rawData/googleviews-110802files/5141363afdc9f04926004c0f.jpg,2.0898883,-1.7179908,-0.49389046,1.5151235,-2.7521996,1.0229625,-1.3449277,1.9220368,-6.128566,-0.6623143,-1.7356296,1.6091858,-0.26499072,0.13756177,2.6806228,-0.19885701,2.3937337,1.107665,-0.42972264,0.67236835,2.8909998,0.23200424,-1.4938859,1.47948,0.83204454,0.5163705,1.247694,-1.5490601,1.6559803,1.4498619,-0.28574994,-4.9244585,-0.93575853,-2.635011,-2.079701,-5.569565,0.82129383,-0.4054678,2.2794433,-2.4025908,4.784401,1.1861962,-1.8055737,2.6809642,1.5293682,-2.0481088,1.2946281,5.6716423,-1.8014895,0.022212263
0,/data_nas/huangyj/data/placePulse/rawData/googleviews-110802files/51415038fdc9f04926007cb7.jpg,1.7823486,-3.0068827,0.91986185,1.3636401,-3.2623286,1.1583445,-1.3544554,2.3234568,-4.4487805,-0.20146295,-0.74091196,1.6034311,-1.2325395,-0.027494153,3.695649,-1.487589,1.5747628,-0.65805745,-0.0087253135,0.4270606,2.5768995,-0.3382762,-1.3345644,3.062452,-0.88655674,0.51177853,1.6525809,-1.3519319,1.2967114,1.2477957,1.4558239,-5.1529994,0.70450383,-1.309787,-1.6974196,-3.7495599,0.48759124,-1.3552285,2.597899,-3.0281363,4.517599,0.09482467,-1.8678558,2.9812422,1.9345367,-1.4664822,0.17548776,3.7924767,-0.43338794,-1.3900944
1,/data_nas/huangyj/data/placePulse/rawData/googleviews-110802files/51413d38fdc9f04926005cb2.jpg,3.3149323,-3.8608274,-0.43138838,1.4206623,-2.061678,3.2380962,0.15711765,2.420916,-2.9062333,0.100300916,-1.0060512,1.5147543,0.58537245,1.8247964,3.7909443,-2.6739678,2.066319,-2.0529652,1.3626475,1.5142623,3.8074539,-3.5371003,-2.8424923,1.6845216,-0.54261976,2.7695389,-0.06926567,-2.4182446,1.5701967,-1.0726802,0.5434653,-3.1397612,-0.2557534,-1.6421971,-1.396894,-2.3603678,3.0309258,0.3260251,2.8789887,-1.456406,2.090211,1.2512363,-0.6517043,0.50074774,0.044250943,0.4180208,-1.3882093,2.9663188,1.1418188,-1.621792
1,/data_nas/huangyj/data/placePulse/rawData/googleviews-110802files/5141486dfdc9f04926006cb9.jpg,4.7400737,-0.87761945,-3.5899365,1.389539,0.78062904,2.27448,-1.0460209,3.419282,-5.681771,-0.82017,-3.279194,1.4588424,3.0969918,-0.9773939,2.1691303,-0.82388574,5.0909114,-0.6393474,-0.022687089,3.0414164,4.254131,-0.51566136,-1.7860571,-3.781388,2.1245646,-1.2472006,1.1924864,-2.6052315,3.5197468,1.2685475,-1.653001,2.062076,-5.815836,-4.1004934,-2.1195235,-4.644152,0.8317648,0.30368555,1.7742252,-1.0076252,-1.697336,3.3538985,-2.8077967,-3.3169875,1.7490551,-1.7091764,0.46633205,6.421992,0.36439717,1.2738764
0,/data_nas/huangyj/data/placePulse/rawData/googleviews-110802files/5140cbc2fdc9f04926002c43.jpg,0.36286697,-3.447917,1.602337,-1.5966264,-0.6301728,-0.31340557,-3.1720278,0.9617578,-4.600906,-1.4391857,0.80010223,1.7834361,-2.0017529,-1.6881757,4.085905,-0.9486481,0.6278863,0.4221123,-2.1050966,-0.18741253,2.1388998,0.9436152,1.9837437,-0.96596634,-1.6233021,-1.4908918,3.4353783,-2.8814118,0.3930283,1.372168,1.6542922,-1.5048097,-2.65227,-2.1557088,-1.4418149,-3.9837186,-1.4202963,-1.3479303,0.7553635,-3.2368126,1.9893638,-1.0909482,-2.2077863,0.20586248,2.9650528,-1.1613063,0.1684505,3.9966183,-2.3310878,-2.248483
1,/data_nas/huangyj/data/placePulse/rawData/googleviews-110802files/513d6b22fdc9f03587004c4e.jpg,1.0975956,-5.1658163,2.6500003,0.07054851,0.003902875,1.3632879,-1.5186298,2.0791156,-2.2336428,0.18657532,2.0572944,1.631446,-2.8615305,-0.28420678,5.2027416,-2.7903106,-0.42671102,-1.87824,0.32480967,-0.83096343,2.5970967,-0.7671892,-0.7757923,0.25456288,-2.7818227,0.7348,2.534644,-2.963724,0.47948307,1.7414048,1.6546758,-1.9463598,-0.9313578,-0.8050103,-2.2664876,-1.6658498,0.17120548,-0.75430435,0.62733346,-2.0337884,1.554953,-1.4680624,-1.6090926,-0.005766984,2.7947707,0.25303787,-1.0154058,1.7970065,0.7673238,-3.7881935
0,/data_nas/huangyj/data/placePulse/rawData/googleviews-110802files/50f5e648fdc9f065f0006c49.jpg,-1.2414061,-3.5588942,3.111685,-0.3431286,-0.25491193,-0.917138,-2.75273,-0.30694157,-3.745984,-1.3200153,1.895095,1.7395023,-3.150665,-0.3198695,3.4727907,-0.16694921,-0.8042554,1.6466033,-2.0478146,-1.0316309,0.89812475,0.91096795,1.4428731,-0.5416868,-1.8750678,-0.05110374,2.6784885,-1.4318843,-0.93570596,0.7474845,1.7378613,-2.3858976,-1.9045042,-0.36780334,-1.4002601,-3.418172,-0.6708545,-1.467817,-0.5690355,-3.3171113,2.8579288,-2.0256844,-0.8254477,1.1338477,2.2228475,-1.4667847,0.27840194,2.9725728,-3.6690888,-2.864859
0,/data_nas/huangyj/data/placePulse/rawData/googleviews-110802files/50f5eab0fdc9f065f0007c49.jpg,0.3563359,-1.7958692,1.1108649,0.17997965,-2.307169,-1.8052715,-4.0770445,0.24133228,-3.0929592,-2.9714804,-0.5178581,4.5164433,-1.6254531,1.329431,2.7941847,0.87612754,1.037187,3.6335874,-3.6414223,1.0908653,0.2136098,0.22288424,1.9276538,0.7130567,0.3988083,1.321928,3.1635783,-1.5860286,-0.5332314,-0.4588189,0.6511519,-4.214898,-0.9655526,-1.9661273,-1.3059813,-2.992328,0.8840693,-0.107327044,1.0922887,-2.9021883,4.448527,0.5928226,1.186685,2.1985242,0.61443186,-0.9295905,1.1336728,2.4146314,-6.351794,-0.013732631
0,/data_nas/huangyj/data/placePulse/rawData/googleviews-110802files/50f5e648fdc9f065f0006c4f.jpg,0.12130301,-4.9288616,2.6023796,-0.5677077,-2.937321,0.27405187,-2.3233926,0.52840203,-4.217528,-1.1813453,1.282851,2.078805,-2.6399214,-0.41645423,4.824805,-1.261213,-0.1399006,0.07469164,-1.1452342,-0.6399411,1.7527626,-0.3867689,0.52976555,2.4692285,-2.5118177,0.33160514,2.31546,-2.339568,-0.31980664,0.46004894,1.8744657,-3.9780633,0.24412431,-1.3619632,-1.6172904,-3.5827146,-0.12979566,-1.0644759,2.1827722,-3.0986905,3.7299747,-1.6525021,-2.0232959,1.9615912,2.097439,-0.5756295,-0.21836293,3.4253192,-1.9609131,-3.4537613
0,/data_nas/huangyj/data/placePulse/rawData/googleviews-110802files/513e1e62fdc9f03587009c4f.jpg,-0.15034044,-2.4075646,0.90490204,0.6989841,-0.3633224,1.4233557,-0.26982164,0.21309115,-5.3211937,-0.014884067,0.6993955,-0.30352864,-1.4175484,-0.36256158,2.0598595,0.24723104,-0.068369776,1.2216374,0.25116017,-1.605671,3.293529,0.62129635,-1.6198827,0.033973157,-0.3753533,0.5472527,0.49829376,-1.9841528,0.61538213,1.6504058,-0.62974334,-2.9596944,-1.4339104,-1.7034065,-2.0606148,-4.7548814,0.22764157,-0.2917364,0.3085636,-1.6281261,3.1947286,-0.94278866,-1.7236375,1.5392534,1.6629937,-1.5475308,1.2638712,4.7877903,-1.1804342,-1.910541
0,/data_nas/huangyj/data/placePulse/rawData/googleviews-110802files/513cc998fdc9f03587001c48.jpg,-0.2825872,-0.48098776,0.6378156,-1.0621343,1.8345802,-1.8524381,-3.5966158,0.2096702,-4.394035,-1.877537,0.18492727,2.0339181,-1.5569581,-1.101471,1.6071807,1.0729003,0.7577279,3.2069776,-3.3193085,0.018457515,0.8455827,2.524217,2.6391883,-4.3221884,0.6524018,-1.4354373,3.5223508,-1.89009,4.302524e-05,1.7785199,-0.030266773,-0.18907772,-5.0822635,-2.1407983,-1.3743374,-4.2622795,-1.4011542,-0.6866305,-1.7983831,-2.473729,1.5439672,-0.08079536,-0.4185074,-0.45584917,2.2639682,-2.0730765,1.5251082,3.98272,-4.8362193,0.17825693
0,/data_nas/huangyj/data/placePulse/rawData/googleviews-110802files/5141483cfdc9f04926006c44.jpg,0.0120056495,-0.24139494,1.2705071,-1.1522175,-0.022981133,-2.7443764,-4.656079,0.9739408,-1.425612,-2.1094823,0.062576704,3.592368,-2.4967685,-0.036614183,2.1202724,0.44005334,0.4383641,3.2142823,-4.060294,0.4588821,-0.0892479,2.3319688,3.488802,-1.4122967,0.6289374,-0.33819994,4.6109037,-1.703526,-0.11099209,1.5904468,0.9665054,-3.1663613,-1.7089237,-1.7371962,-1.0491455,-1.6742923,-1.0485315,-0.5660512,-0.95177716,-2.5494425,3.8282979,0.3477068,1.5812473,1.7330905,1.9072019,-0.8681546,1.3826152,0.7040747,-5.5643005,0.89767534
0,/data_nas/huangyj/data/placePulse/rawData/googleviews-110802files/5140caf5fdc9f049260029d6.jpg,-0.5385574,-4.198216,2.5714195,-0.14298895,0.46662748,1.1806065,-0.64389455,0.26865017,-4.8626623,0.34756637,2.1614347,-0.121454164,-2.7171614,-0.5434236,3.6181123,-1.1964327,-1.0644493,-0.17211428,0.3792198,-1.8851701,2.497418,0.10061802,-0.79221886,-0.77985877,-2.1915293,0.35594097,1.1743846,-2.0716,-0.21482901,1.4656792,0.86453825,-2.09194,-2.1340528,-0.64894867,-1.8419139,-4.3857474,-0.18674824,-0.9746841,-0.42719188,-2.2260158,2.3298593,-2.169289,-2.2139215,0.6809108,2.286014,-1.2072852,-0.14405362,4.294032,-0.37483472,-3.6779773
1,/data_nas/huangyj/data/placePulse/rawData/googleviews-110802files/513d9b67fdc9f035870079d6.jpg,-0.18191245,-4.5853624,3.0952559,0.2848158,-2.0383403,1.5411974,-0.51230115,0.8715563,-2.1810346,0.5207009,1.982737,0.29934815,-3.0184424,0.3492997,4.006298,-2.2178621,-1.2631214,-1.524536,0.71377957,-1.4397838,2.4898245,-0.9557834,-1.0162576,3.2333093,-2.8695858,1.4690762,1.058745,-1.5913836,-0.008140771,0.48080847,2.4525232,-4.942476,1.9590577,0.31872386,-1.1996001,-1.7924275,0.46887642,-1.4392977,1.1715118,-2.606118,4.141833,-2.1299138,-0.98116255,2.9514399,1.5947299,-0.14035825,-0.86278516,1.2724252,0.46910036,-3.8262975
0,/data_nas/huangyj/data/placePulse/rawData/googleviews-110802files/50f5e58efdc9f065f00069d7.jpg,-1.3379189,-3.914702,3.2652366,-0.37595978,-1.6567664,-0.6531676,-2.2882428,-0.31699973,-4.7867746,-1.1195605,1.7684587,1.3327364,-3.1929357,-0.85242486,3.6440854,-0.28794774,-0.8542351,0.98225904,-1.497735,-1.2980462,0.7894451,0.75242525,1.0719912,1.0346838,-2.461978,-0.45569596,2.2713819,-1.2629939,-1.0214612,0.80015445,2.092187,-3.21952,-0.9379092,-0.2726386,-1.2770603,-4.2300615,-1.0121344,-1.8386809,0.45454106,-3.5903864,3.4923933,-2.4714181,-2.0442889,2.0957162,2.2888374,-1.6815327,0.17844924,3.7922795,-2.7704325,-3.3190258
1,/data_nas/huangyj/data/placePulse/rawData/googleviews-110802files/513d3416fdc9f035870029df.jpg,4.6934476,-1.5845263,-2.0431721,2.4913118,-2.5315948,2.5432248,-0.4282931,4.4039073,-5.248576,0.18705973,-3.5706012,1.3349987,2.2169135,-0.5358433,2.8143094,-2.405002,4.8152013,-3.0162206,1.1388884,3.3310874,3.2469087,-1.5963911,-2.5693254,1.1350731,0.4741901,-0.7375718,0.81185323,-0.622166,3.1900978,0.55046934,1.2783735,-1.816165,-1.873488,-1.6718727,-1.0701954,-4.059735,0.94272643,-1.7530534,3.403565,-2.9193027,1.095007,2.4649856,-3.1458273,0.3242063,1.496619,-2.2726102,-0.82709324,5.3631663,2.3321316,0.48264533
1,/data_nas/huangyj/data/placePulse/rawData/googleviews-110802files/5140d863fdc9f049260039d5.jpg,4.272717,-1.9157975,-2.334168,1.9241502,0.4843461,2.6874218,-0.44459444,3.7072375,-2.2013338,-0.42383078,-1.9107764,1.4991173,2.3031404,-1.1997381,2.5057633,-1.5018365,3.7487037,-2.3306963,0.944107,2.3041058,3.8626947,-1.0675966,-2.5467775,-1.4351974,0.4309978,-0.972214,1.1630144,-2.5666451,3.1837862,1.5110284,-1.0329341,2.8497632,-3.000201,-2.8308082,-2.2297351,-0.7691369,0.6496561,0.29204014,2.2237415,-0.10700032,-3.2126071,2.1896253,-2.5037239,-3.7043083,1.9681467,-0.163238,-0.24036573,2.8680205,2.5217896,-0.22530627
1,/data_nas/huangyj/data/placePulse/rawData/googleviews-110802files/5140b771fdc9f049260019da.jpg,1.6665,-4.6845365,1.7399827,1.8850902,-0.23382342,1.2592926,-0.9746095,2.4161258,-6.7582493,-0.0032423704,0.42795318,1.7981057,-1.4420985,-1.3013415,4.731946,-1.8107077,1.442322,-1.795367,0.90037763,0.15593264,1.4226185,-0.52586025,-2.2128215,-0.9474148,-2.3131266,-0.85787874,1.6788232,-1.3842058,0.4370179,2.1765223,1.0010804,0.15372181,-3.9312935,-0.76993287,-2.633726,-5.463087,-0.20813738,-1.5540603,1.1210635,-2.8447697,-0.011230545,-1.052957,-4.691513,-1.1076101,3.1229806,-2.3600454,-0.62975174,6.6328793,1.1703864,-3.3316548
1,/data_nas/huangyj/data/placePulse/rawData/googleviews-110802files/513d6a1bfdc9f0358700496e.jpg,4.6272373,-2.0046206,-1.9651604,1.7423807,-2.7139928,2.7899673,-0.45557976,4.313903,-3.1201448,0.17744514,-2.5494604,1.5172107,1.4755315,-0.5337982,3.192036,-2.2963762,3.7266738,-2.5762966,1.2113822,2.1574388,3.9322338,-1.2716756,-2.6864514,2.278384,0.39381477,-0.03859889,1.2067703,-2.342645,3.322844,1.5964781,-0.123478666,-2.4420962,0.14029329,-2.9105136,-2.002066,-2.0491128,1.0254765,-0.056735016,3.8347006,-0.9970188,1.4654684,2.3806012,-2.334986,0.3054106,1.737697,-0.22199155,-0.2447946,3.2199132,2.6074276,0.21064223
1,/data_nas/huangyj/data/placePulse/rawData/googleviews-110802files/50f5e584fdc9f065f0006961.jpg,2.523157,-1.5087003,-0.92780864,1.6209239,-2.878999,3.037791,0.9568795,2.4891822,-3.2009525,1.1540228,-1.6517708,-0.78864676,0.5940139,0.15257844,1.8482345,-1.7734276,1.9530281,-1.95446,1.8451946,0.49496186,4.1750474,-1.1437682,-2.8911867,3.1619527,0.18903008,0.8657889,-0.41571355,-1.2756263,2.4790049,0.8433821,0.42606884,-4.6320767,1.4929208,-1.2815055,-1.0832715,-2.5688777,1.1352334,-0.61540645,2.7380264,-1.4198982,3.61232,0.9995406,-1.4387364,2.6648166,0.91755515,-0.714328,-0.083652265,2.8938153,2.2767754,-0.31679273
1,/data_nas/huangyj/data/placePulse/rawData/googleviews-110802files/513e6560fdc9f0358700b969.jpg,1.1221366,-2.8005004,0.39006364,1.3321798,-2.2658904,1.7426417,-0.6615895,1.2991679,-4.664475,-0.4951106,-0.36674783,0.58400434,-0.5622154,-0.6808551,2.7891624,-0.43852627,1.2456284,-0.08881307,0.26044747,-0.21007562,3.4691875,-0.03438209,-1.7597826,2.0917013,-0.6396416,-0.021564811,0.82852054,-1.8225319,1.4626071,1.1786922,0.24714312,-3.234855,-0.06581397,-1.825907,-1.9271424,-3.6959062,0.23648097,-0.7986314,2.2447996,-2.109743,2.875047,-0.23977816,-2.257846,1.6012282,1.8688856,-1.2881612,0.74357194,4.185676,-0.31766754,-1.6984725
1,/data_nas/huangyj/data/placePulse/rawData/googleviews-110802files/513d7ad2fdc9f0358700696f.jpg,4.234058,-1.2827063,-1.94492,2.648294,-2.381739,2.6384006,-0.34217298,3.8997705,-1.6218555,0.031128798,-2.2845075,1.9758807,1.1315569,0.78866154,2.4487033,-1.3972515,3.0566335,-1.02903,1.0425524,1.6792189,4.014866,-1.0979955,-3.3618019,2.7057097,1.2984904,1.5677218,0.94898254,-2.2429502,3.1864517,1.6235918,-1.21396,-3.6056561,1.2191325,-2.9610698,-2.411373,-0.8521867,2.0450637,0.86254025,3.2251964,-0.12688868,2.489967,2.7605197,-0.40771604,1.0647609,0.99676424,0.27779827,0.61286277,1.6845126,1.2936914,0.84149957
1,/data_nas/huangyj/data/placePulse/rawData/googleviews-110802files/5140d82cfdc9f04926003968.jpg,3.83787,-2.440785,-0.83553123,2.571232,-0.25764042,2.7592413,-0.13767664,3.93141,-2.663809,0.672376,-1.1516527,1.4848893,0.2540697,0.10900047,3.2453766,-2.1884422,2.432379,-2.1215332,1.5965275,1.0897418,3.7835264,-0.96840996,-3.4966552,0.24844593,0.11377312,0.90255034,1.0890744,-2.203778,2.7180822,2.2845774,-0.58283323,-1.6817727,-1.2517766,-2.0787132,-2.7402606,-1.8197011,1.4196951,0.21284756,1.7426027,-0.61363894,0.93339586,1.5839652,-1.6220429,-0.41420808,1.9462893,-0.34669885,-0.04153388,2.8908317,2.381158,-0.6145644
0,/data_nas/huangyj/data/placePulse/rawData/googleviews-110802files/50f4348efdc9f065f000296a.jpg,1.3646663,0.5141593,-1.3066063,-0.92714506,0.52194655,-0.24433395,-1.9267895,1.2825218,-3.4524193,-0.5207915,-0.76818657,1.1027236,-0.7915862,-0.64753616,1.0948919,0.7938374,1.019325,2.9555974,-1.5066701,-0.68977296,2.4884453,2.33741,0.4085764,-2.1107063,2.2495494,-0.122843035,2.385795,-3.369666,1.4676822,3.4750736,-2.8270445,-2.7746742,-2.3035524,-4.1297565,-2.467085,-3.6171188,-0.40001857,1.8889941,-0.24502291,0.49667844,3.4610054,1.4751596,0.019665767,0.8717571,1.9141651,-0.17924328,2.522981,3.2825258,-2.577624,1.7345542
0,/data_nas/huangyj/data/placePulse/rawData/googleviews-110802files/513d336efdc9f0358700296a.jpg,-0.09909077,-0.9160038,-0.22078675,-0.3982835,2.8821151,0.096920066,-1.2924876,-0.27017742,-4.8198347,-0.80646193,0.6614104,0.28481027,-0.755204,-0.91787416,1.0496247,1.3541094,0.2741234,2.9332128,-1.1761408,-1.1902487,2.4486864,1.8022367,0.054925833,-4.9007764,1.0338273,-0.5119148,1.4398928,-2.7494934,0.41568223,2.331127,-2.515446,1.0812621,-5.3391314,-2.834069,-2.386058,-4.540659,-0.45981658,1.0710166,-1.8459108,-0.17068079,0.19636339,-0.07784495,-1.084301,-1.8145418,1.919464,-1.2705201,1.8547227,4.8431225,-2.746673,-0.47345075
1,/data_nas/huangyj/data/placePulse/rawData/googleviews-110802files/513cc684fdc9f03587001964.jpg,4.6179843,0.30082485,-3.328408,0.2458683,-2.33547,0.20757872,-3.5679598,3.7144067,-2.2657924,-2.5006554,-4.2218714,3.8065798,2.652392,-0.4107505,2.072384,-0.7328171,5.3421206,0.23969704,-2.720906,4.382841,2.9609342,-0.34255466,1.3083645,-0.11137763,2.3562756,-1.1515132,3.2920103,-2.3974748,3.29044,-0.06550189,0.5165686,-1.2250122,-1.8878253,-3.9442844,-0.71566474,-1.473979,0.40382758,-0.34832865,3.3070207,-2.3590932,1.022512,3.9599605,-0.10213452,-0.37125918,1.1631045,-0.6551982,0.5194802,2.3348436,-2.3826215,2.8837042
0,/data_nas/huangyj/data/placePulse/rawData/googleviews-110802files/51409518fdc9f0492600093a.jpg,0.5644856,-1.4898518,-0.6039775,-1.9934634,1.4243418,0.5359107,-1.3943563,-0.073450305,-3.4227252,-0.7043891,0.6293355,0.31095436,-0.7927742,-0.8963491,1.9182885,0.48459107,0.14080074,2.3919175,-1.173495,-1.3675082,3.0591204,1.2228315,0.5685538,-3.2151415,0.8582653,-0.066460505,1.6847198,-4.1997566,0.6937501,2.2573001,-2.7070365,-0.2074234,-3.4026637,-3.9681115,-2.2573996,-3.3451536,-0.25044024,2.139658,-0.34214565,0.70988077,1.0604067,0.24409021,-0.67776465,-1.3181049,1.8100795,0.56853527,1.5660871,3.4862466,-2.1890028,-0.38391387
1,/data_nas/huangyj/data/placePulse/rawData/googleviews-110802files/513f2d06fdc9f0358700d97d.jpg,2.4467487,-3.2496815,-0.7163247,0.5766349,-2.9433289,3.3988433,0.7933915,1.7775332,-0.9688217,0.3570715,-0.26784992,0.19670586,0.29230368,0.39070672,2.8539488,-1.7549227,0.83749306,-1.7517762,1.7263578,-0.22254662,4.487549,-2.0871158,-2.805137,3.8310044,-0.5862367,1.8568791,-0.2876103,-3.4130125,1.9831462,0.5625526,-0.89296,-3.336278,2.6959243,-2.531638,-1.9569507,-0.24847423,1.7397443,1.4986308,3.5972164,0.6112254,2.0991378,0.61987215,-0.8650367,0.93713355,0.67536044,1.8769004,-0.16745165,0.87496513,2.2420547,-1.6902479
0,/data_nas/huangyj/data/placePulse/rawData/googleviews-110802files/51414eebfdc9f04926007972.jpg,3.3017783,-2.1571474,-1.6742982,1.4951856,-0.39615303,2.2179172,-0.45049536,2.794113,-6.2367926,-0.14532997,-1.7720912,0.9265035,1.1516608,-1.2478459,2.8493826,-0.873296,3.260911,-0.7856691,0.78702366,1.0648075,3.6666436,-0.22942773,-2.5084865,-1.4286875,0.59755856,-0.87003213,0.92504907,-2.558206,2.476849,2.2547622,-1.3924072,0.08793162,-3.8003783,-3.2190354,-2.6364753,-5.099749,0.38275796,0.17338279,2.050922,-1.0419568,0.041172545,1.4869583,-3.6496897,-1.4561477,2.3539839,-1.585227,0.6413361,6.5343823,1.0451626,-0.4174667
0,/data_nas/huangyj/data/placePulse/rawData/googleviews-110802files/5140cadafdc9f0492600297c.jpg,3.9407809,-2.1755543,-1.7256528,0.705529,-0.64054734,1.4967315,-1.8267946,3.1530094,-3.5384586,-0.6671649,-1.3544861,2.741095,0.07597869,-0.17051314,3.671294,-0.9264753,2.6811557,0.6985278,-0.3934482,0.7592608,3.7262506,0.30462924,-1.7166151,-0.77772224,1.3933582,0.6894373,2.412479,-4.173433,2.5693817,3.249985,-2.6785035,-1.9777983,-2.1033962,-4.918747,-3.6993167,-3.0523245,1.0917106,2.1849728,2.1576207,0.4781299,1.8772955,2.4249978,-1.3104432,-0.8301428,2.3278465,0.43112037,1.4718417,3.8524652,-0.6951549,0.43081802
0,/data_nas/huangyj/data/placePulse/rawData/googleviews-110802files/51413b74fdc9f0492600597a.jpg,0.42576462,-4.302254,1.9973985,-0.30387393,1.5412513,0.12582013,-2.291567,0.78399616,-7.5196867,-0.6727075,1.2620516,1.4165382,-2.2781546,-1.1239455,4.549493,-0.965422,0.6280607,0.65027463,-1.0208719,-0.5723206,1.8723512,0.75195616,0.30143046,-3.9934509,-1.5691726,-0.8597548,2.4985757,-2.28066,-0.05093313,1.8671658,0.79430914,-0.30719274,-6.037459,-1.6957539,-2.355954,-7.0501795,-0.6191598,-1.3031096,-0.84918547,-3.2883146,1.3049144,-1.3070728,-3.4032035,-1.0274259,3.080925,-2.5997996,0.10549639,7.2382126,-2.157835,-3.0547316
0,/data_nas/huangyj/data/placePulse/rawData/googleviews-110802files/513d5dd3fdc9f03587003970.jpg,0.981018,-2.9883027,0.25162682,-0.5793862,-1.5783159,2.038063,-0.10872695,0.58071786,-3.0049558,0.1681343,0.718101,-0.032619566,-1.2514824,0.000557985,2.871627,-0.82333785,-0.22489445,0.38608512,0.57859325,-1.5401971,3.7214668,-0.29910806,-1.4384645,1.5003933,-0.39227363,1.3855531,0.53637356,-3.612015,0.9811702,1.5967872,-1.3991987,-3.8160417,0.61694485,-2.9068027,-2.2547567,-2.7549686,0.82613254,1.520604,1.7209686,0.16880575,3.492606,-0.23051602,-0.97227186,1.3980685,1.3184655,0.99662954,0.7217405,2.6851296,0.011975575,-1.6883396
0,/data_nas/huangyj/data/placePulse/rawData/googleviews-110802files/50f61682beb2fed910000974.jpg,-0.7165282,-3.9536557,2.3372023,-0.08874971,0.9174553,-0.20515585,-1.8786201,-0.4541474,-7.3476434,-0.91973364,1.5745671,1.124784,-2.4498222,-0.7990074,3.6374815,0.11260242,-0.11567223,1.7426269,-1.1233114,-1.250814,1.305566,0.8323514,0.1883386,-3.0323503,-1.4946746,-0.41958395,1.7507476,-1.7643358,-0.8355392,1.4045628,0.29056388,-0.80605334,-5.082927,-1.2672945,-2.1957471,-6.907917,-0.47899252,-0.9466251,-0.872497,-2.9257746,1.8111361,-1.8224257,-2.9666493,-0.29459184,2.4462018,-2.5617907,0.59193414,6.951205,-3.0397682,-3.1116197
0,/data_nas/huangyj/data/placePulse/rawData/googleviews-110802files/50f5e56ffdc9f065f0006929.jpg,1.3854856,-0.6359296,0.6806305,0.40221283,-1.0139914,-1.7420573,-4.4320745,2.3674552,0.12610056,-2.2659166,-0.56949973,4.468721,-1.5432924,0.21100113,2.5196326,-0.008357789,1.4118395,1.9930762,-3.3786252,1.5095292,0.6474987,1.4444467,1.9908642,0.70937586,0.51916444,0.022001136,4.5926733,-1.5469129,0.96127987,1.3042655,1.0475178,-2.8338306,0.08079293,-1.8326077,-1.3680146,0.47142658,-0.30603337,-0.73536605,0.56664026,-2.348412,2.7941825,1.1584255,1.6348362,1.2585893,1.766336,-0.37639192,1.0792248,-0.7103128,-4.1126146,0.84847397
0,/data_nas/huangyj/data/placePulse/rawData/googleviews-110802files/514146edfdc9f04926006928.jpg,1.1093289,-0.8370363,0.25386682,-1.7048019,1.2257913,-0.62301815,-3.4856515,1.4772346,0.5815487,-1.3510875,0.25641298,2.5024781,-1.4444096,0.5943305,2.3608983,-0.87770474,0.4978005,1.6458746,-2.825399,0.58723444,2.5312104,0.7814536,2.5452921,-2.1391366,0.7597475,0.76375896,3.8001275,-3.2379162,1.0711049,0.82567024,0.61467326,-2.3755183,-1.5078168,-2.4062922,-0.9564091,0.2166402,0.08124253,0.3041306,-0.88802075,-1.4183315,2.592587,0.9693063,2.6281502,0.3910049,1.4117501,0.7627764,0.5377463,-0.955574,-3.570837,0.52883726
0,/data_nas/huangyj/data/placePulse/rawData/googleviews-110802files/513d7afcfdc9f035870069ee.jpg,0.230513,0.6806462,-0.8790435,-1.1241686,2.5404482,-1.0953,-2.2641041,0.26637125,-4.1205754,-1.0732558,-0.2742511,0.8448933,-0.6000191,-1.4890159,0.449226,1.5854787,0.8806522,3.3895283,-2.204557,-0.62180054,1.5134773,2.8785927,1.4242518,-5.0205655,1.8719852,-1.5013281,2.4963598,-2.620363,0.64596194,3.0571835,-2.4608715,0.7837402,-5.242086,-3.2285125,-2.0011282,-4.0366397,-1.3532056,1.0873795,-1.8157356,-0.12622868,0.63113344,0.6449164,-0.62771803,-1.3272624,2.2079098,-1.2530444,2.3268003,4.111123,-3.3867154,1.2302951
1,/data_nas/huangyj/data/placePulse/rawData/googleviews-110802files/513d7afcfdc9f035870069e9.jpg,2.3994849,-2.8318453,0.39483204,1.1276541,-3.7536683,2.7076445,0.41295373,2.6142378,-1.4780728,1.1535004,-0.47283626,0.51342344,-1.0854874,1.1809994,3.231688,-2.5818138,0.6251059,-2.0041387,1.7676392,-0.1541356,3.4301112,-1.741984,-2.7325976,4.972691,-0.7017176,2.4927547,0.30730265,-2.040272,1.6719567,0.97629005,0.61672145,-6.828474,3.6898842,-1.3034472,-1.5716419,-1.2516919,1.8147137,0.27672866,3.0911567,-0.83281326,5.3749447,0.5427759,-0.307486,3.8684347,0.7156413,0.8458954,-0.43483144,0.9332074,2.0217838,-1.1732115
1,/data_nas/huangyj/data/placePulse/rawData/googleviews-110802files/513d3425fdc9f035870029eb.jpg,4.733251,-2.1359963,-2.2785125,2.298491,-1.5869819,2.1854923,-1.0993153,4.3076863,-6.20944,-0.69950455,-3.4611998,1.9010346,2.6887565,-1.9562153,3.2490537,-1.8473725,5.424384,-2.9260018,0.5619446,3.5663695,3.0496964,-0.9945318,-2.0826156,-0.5907401,0.10962826,-2.4152572,1.4567611,-1.1590228,3.2508059,1.140088,0.8890083,1.4503047,-3.9911892,-2.366556,-1.658501,-4.5067935,-0.04211969,-1.8361435,3.4368198,-2.8815787,-1.6975664,2.231011,-4.7568455,-2.1426961,2.503217,-2.6851768,-0.57149845,6.613729,2.1645706,-0.096152425
0,/data_nas/huangyj/data/placePulse/rawData/googleviews-110802files/513cc710fdc9f035870019eb.jpg,1.3514717,-1.1600925,-1.145654,-0.3357683,2.1935701,-0.38060415,-2.8360848,0.34895366,-6.447451,-2.1376383,-0.86772454,2.1926806,0.2788082,-0.5518128,1.9495933,1.1808169,2.2885826,3.2954845,-2.565681,0.8838811,2.3105745,1.2199538,1.0018806,-5.8801894,1.6485986,-0.6956501,2.2869768,-2.8792963,0.8609083,1.1644021,-1.855938,1.3159479,-7.2471514,-3.7877543,-2.2378156,-6.1256857,0.110698305,0.66312426,-0.8750737,-1.5378325,0.116689,1.2728341,-1.3232598,-2.4600224,1.6857383,-2.0019872,1.6238483,6.665268,-4.5718513,0.3241554
1,/data_nas/huangyj/data/placePulse/rawData/googleviews-110802files/513d6a3ffdc9f035870049e4.jpg,0.1609273,-6.066133,2.9821343,0.8604745,-1.5418313,1.4387037,-0.7302163,0.22318633,-6.1862936,-0.40960228,1.5569037,1.3527684,-2.1105678,0.6909843,4.950513,-1.8463318,-0.062412076,-0.98109615,0.47588992,-0.3825068,1.6676455,-2.2574918,-1.362474,0.6444911,-3.0383189,1.4432458,0.48222986,-1.3246142,-0.8911558,-0.91123736,2.1765978,-2.4643543,-2.1098824,0.14800736,-1.4459012,-5.4860806,1.2912937,-1.5161904,1.2665172,-3.6093714,2.31663,-2.02724,-2.8699727,0.75925237,1.2534667,-1.5947741,-1.4341047,5.6613803,-0.82241184,-4.7422757
0,/data_nas/huangyj/data/placePulse/rawData/googleviews-110802files/513d5da2fdc9f0358700391d.jpg,0.97285104,-1.1765696,2.0741878,0.5616976,-0.948605,-2.2709377,-4.671347,2.8524885,-1.1600395,-1.5063717,-0.061252125,4.1642504,-2.821085,-0.44918248,3.3169444,-0.85446525,1.0597055,1.0180271,-3.1218367,1.1705936,-0.29043022,2.2039301,2.2858658,0.6119435,-0.5637058,-0.8692727,5.19071,-0.5280076,0.56664777,2.2396772,2.5785027,-3.663959,-0.42257676,-0.60201895,-1.3181795,-0.9181523,-1.286454,-2.2710207,-0.14538144,-3.7174203,3.684346,0.16727999,0.46349594,2.1910357,2.8162436,-1.6861356,0.60022014,0.3252372,-3.4594758,0.08377281
0,/data_nas/huangyj/data/placePulse/rawData/googleviews-110802files/50f5ec44fdc9f065f0008913.jpg,1.5203671,-1.6230369,0.59214807,0.0163481,-2.6259923,0.51501304,-2.3227541,2.3484483,-1.6459837,-0.64674103,-0.8539361,1.6654842,-1.1307352,0.21273021,2.8083007,-1.6134042,1.3701,-0.32612222,-1.349381,0.9390664,2.9251118,-0.054732256,0.7019497,2.7174244,-0.3136382,0.40376022,2.653233,-1.6254613,1.6377738,0.40463185,2.4521875,-5.4180408,1.5150732,-1.1848636,-0.5023413,-1.2976906,0.105643116,-1.6729223,1.800321,-3.3492608,4.792552,0.49214637,0.4814735,3.378807,1.5248164,-0.6477766,0.07107367,0.7939876,-1.4965256,-0.25645372
0,/data_nas/huangyj/data/placePulse/rawData/googleviews-110802files/513f121ffdc9f0358700c911.jpg,1.8803579,-4.3256783,1.1595446,0.16840628,-2.2270486,1.4742576,-1.8320676,1.9539303,-3.2350607,-0.8186403,0.14532365,2.2505908,-1.1663942,0.26244387,4.6523023,-2.1296349,1.1892204,-1.044806,-0.4338795,0.6568368,3.0072849,-1.5359285,-0.54353034,1.7247301,-1.5950024,0.9279972,2.0478406,-2.6703424,0.9361566,0.05133103,1.6266541,-3.1902072,-0.2892113,-1.7866306,-1.5000035,-2.5474555,0.9179905,-0.73064524,2.463415,-2.6866267,2.650875,-0.12329611,-1.3254657,0.9071461,1.665241,-0.08540815,-0.75771034,2.809785,-0.63859355,-2.4092157
0,/data_nas/huangyj/data/placePulse/rawData/googleviews-110802files/513d32fdfdc9f0358700291c.jpg,-0.34192336,-1.19503,0.066621155,-0.007459322,2.292853,-0.08866914,-1.5347286,-0.6426537,-4.322862,-1.389358,0.6362891,1.0258034,-0.6319373,-0.24115247,1.0867888,1.5634941,0.26501402,3.2062924,-1.5359885,-0.7341129,1.965618,1.0551351,0.123646796,-4.1094007,0.8513673,0.10203768,1.2569895,-2.3203282,-0.050275754,1.1022372,-2.055612,1.0528831,-4.7752814,-2.3474467,-1.9773942,-3.9397347,0.14491975,0.8922494,-1.4673998,-0.5710045,0.09529724,-0.12837689,-0.494634,-1.7090341,1.2039789,-1.1741333,1.5996577,4.319519,-3.5948868,-0.67955095
0,/data_nas/huangyj/data/placePulse/rawData/googleviews-110802files/50f4348afdc9f065f0002918.jpg,1.3467864,-2.2971592,1.2807635,-0.59246975,-2.3225293,-1.8282654,-4.783541,2.0626106,-3.2222223,-2.2867217,-0.31095722,4.4036837,-2.4049308,-0.6451975,4.2034197,-0.4712629,1.3790429,1.8598708,-3.4107418,0.8572792,0.68329436,1.6707472,2.4014516,0.9071152,-0.36717463,-0.6883676,4.871869,-2.445736,0.6045354,2.0613348,1.2348769,-4.203497,-0.73587966,-2.7159007,-2.0381222,-2.9290476,-0.9243987,-0.7351294,1.5111533,-3.033306,4.376951,0.4188978,-0.59517795,2.007945,2.7617967,-0.8626209,1.1101792,2.4592392,-4.3016033,-0.2854384
0,/data_nas/huangyj/data/placePulse/rawData/googleviews-110802files/513d5d9afdc9f03587003914.jpg,0.26890057,-2.6868281,0.4532525,1.6938705,-1.1254306,2.2082279,0.47275388,-0.2277893,-4.159219,-0.27509513,0.34043622,0.20738864,-0.66685426,1.5021029,1.8555583,0.3825725,0.05333107,1.5968703,0.71835667,-1.0577728,3.5460007,-1.0640272,-2.8346717,1.205834,0.13301876,2.671773,-0.7950161,-1.8333547,0.48359144,-0.01963407,-1.282649,-3.6624198,-0.26532966,-1.6249118,-1.9832335,-3.7195418,2.2630367,0.7300038,1.0189775,-0.87275916,3.398068,-0.17687474,-0.29968435,1.6405784,0.10938478,-0.6993812,0.97221464,3.8575993,-1.5903987,-1.7851961
1,/data_nas/huangyj/data/placePulse/rawData/googleviews-110802files/5140b768fdc9f049260019c6.jpg,4.556398,-1.484959,-3.3167965,1.190437,-2.2583969,3.5398376,0.38129115,3.5387764,-3.900551,-0.06994423,-3.2857559,0.051183898,3.3295946,-1.6032337,2.058254,-1.7789284,4.566168,-3.0566463,1.3991414,2.6026518,4.926224,-1.5807416,-2.4755871,1.026401,0.68264323,-1.4065902,0.10218509,-2.444042,3.8203242,0.65102315,-0.26257947,0.35414484,-1.3341937,-3.171171,-1.2570094,-2.4245613,0.5023948,-0.29962483,4.171062,-0.98505986,-1.0581106,2.4486175,-3.3967488,-1.4582669,1.5252038,-0.5965092,-0.35773987,4.287086,3.3010275,0.28743592
1,/data_nas/huangyj/data/placePulse/rawData/googleviews-110802files/513cc6e4fdc9f035870019c3.jpg,4.765313,-1.0819885,-2.6421344,2.8757598,-0.5668871,2.8222828,0.035970315,4.1544743,-5.2175016,0.48728234,-3.089329,1.2690166,2.0678477,0.0056404136,2.3513923,-1.5151119,4.3466234,-1.4439299,1.4737356,2.3334649,3.871866,-0.9380193,-3.6770809,-0.8682456,1.676294,0.2985399,0.49162453,-1.6438541,3.3607795,1.9453744,-1.3566369,-1.1584373,-3.0722961,-2.901903,-2.4344082,-4.3119497,1.6530498,0.12760295,2.180614,-0.9132726,0.7838625,3.0179372,-2.461931,-0.7370099,1.505719,-1.7471296,0.37187994,5.6903453,1.8218831,1.0042126
1,/data_nas/huangyj/data/placePulse/rawData/googleviews-110802files/51408bc6fdc9f0358700e9ce.jpg,0.2917326,-0.87716264,0.2624747,-0.014022933,-2.0144613,0.26013356,-1.6325475,0.8476659,-2.9591856,-0.7497405,-0.1783259,0.70868886,-1.4080135,-0.65556467,1.6286303,0.54089254,0.3734709,1.8840364,-1.1807148,-0.94414926,2.8482442,1.6856322,0.014227147,1.9494679,0.44134927,-0.04812564,1.921335,-2.200272,1.2076349,2.1244848,-0.45008314,-4.67296,0.9551553,-2.470854,-1.7308425,-2.5693562,-0.508013,-0.05966735,1.2417734,-1.3658454,4.6098385,0.023966372,-0.36786595,2.9123244,1.8338429,-0.61157435,1.8950562,2.186386,-2.1634066,-0.090342686
0,/data_nas/huangyj/data/placePulse/rawData/googleviews-110802files/5140b759fdc9f0492600199d.jpg,-0.11517909,-4.6375055,3.1604798,-1.35861,1.7527134,-0.5333472,-2.830278,0.80425507,-5.3830934,-0.431374,2.0928884,1.5406653,-3.2891433,-0.94569606,4.954308,-2.031684,-0.2644922,-0.28867915,-1.4717628,-0.63354594,1.0289924,0.50644714,1.750535,-3.8062332,-2.5690694,-0.7935237,3.268246,-2.0914843,-0.6714263,1.3933711,2.5226238,-0.56621766,-5.2335896,-0.40918085,-1.4783021,-5.217347,-1.0649779,-1.939864,-1.4648703,-3.8633354,1.3900615,-2.0476797,-2.3824818,-0.6428806,3.15434,-1.9242867,-0.8940336,4.918238,-1.9839383,-3.537999
0,/data_nas/huangyj/data/placePulse/rawData/googleviews-110802files/50f43490fdc9f065f0002993.jpg,0.57204974,-2.2928834,-0.2681564,-1.9291116,3.0432231,0.085900724,-2.435854,0.07399644,-4.513105,-1.5920599,0.8016295,1.0720075,-0.49540687,-1.8979522,2.5492103,0.32894376,0.85156345,1.7712721,-2.0250688,-0.4083178,2.836792,1.2495888,1.6122748,-5.848442,0.037762668,-1.6470065,2.6118839,-4.0877943,0.6136745,1.8198082,-1.428756,3.1314464,-6.5155754,-3.5585477,-2.1715457,-3.9870055,-1.1221128,0.78593546,-1.078181,-0.7730895,-1.7742044,-0.21419835,-1.8832358,-3.7365882,2.6423783,-0.571571,0.9726033,4.7125826,-2.5958645,-1.3160123
0,/data_nas/huangyj/data/placePulse/rawData/googleviews-110802files/5140b756fdc9f04926001995.jpg,1.497066,0.41564122,-1.9030147,-1.1031479,2.7562397,0.12295369,-1.9156797,1.3379445,-4.8576074,-0.6530061,-0.80326325,0.13035576,0.25853294,-2.5310338,0.8624378,0.9094048,1.906113,2.0582447,-1.493737,-0.30733383,3.2595162,3.1275399,0.75322115,-5.3201857,1.9198278,-2.4584785,2.5396454,-3.400561,2.167649,3.8982134,-2.6364694,1.543445,-5.7419457,-4.221532,-2.4915526,-4.4600487,-1.7323302,0.8266374,-1.1110781,-0.03842646,-0.2678042,1.1731551,-1.9697701,-2.2449515,3.0268674,-1.4372787,2.3480973,5.05595,-1.5871384,1.1573362
1,/data_nas/huangyj/data/placePulse/rawData/googleviews-110802files/51414716fdc9f04926006990.jpg,2.289366,-3.2197719,0.6042429,-1.1480142,1.2599299,1.214049,-1.9462607,2.9496186,-5.3031225,0.65011066,0.18744561,0.41301766,-1.5752238,-1.5644152,4.5531106,-2.7974043,1.6174473,-1.5407352,-0.3109974,-0.002900377,3.7629287,0.8028663,0.3180604,-3.0873284,-0.9468002,-1.2665347,3.0986984,-3.1557777,2.0111635,2.9346724,1.4692008,-1.5938916,-4.351285,-2.3339574,-1.962934,-5.0417304,-0.99760205,-1.4151521,-0.077595375,-2.9528759,1.9779516,-0.03173203,-2.7814624,-0.2618153,3.69058,-1.5783367,-0.25317055,5.1078844,0.41464102,-1.6344053
0,/data_nas/huangyj/data/placePulse/rawData/googleviews-110802files/51408baafdc9f0358700e994.jpg,1.7346696,1.1223552,-1.6940159,0.46870044,1.306454,-0.60488564,-2.469217,1.2728757,-1.22772,-1.4264516,-1.2207409,2.5680184,-0.06339562,0.9679512,0.50297725,1.3967832,1.5915337,3.9576585,-2.2748017,0.59112513,2.131582,1.6818047,0.28526795,-2.730051,3.2088633,1.197509,2.4117992,-2.6428704,1.5087177,2.138069,-3.015198,-1.8946607,-2.4387,-3.7124774,-2.3360941,-1.4981134,0.97355336,2.1782598,-0.7957269,0.6493194,2.4560597,2.5763292,2.2217433,-0.044311624,0.8150944,0.051227443,2.515812,1.3198802,-4.2602477,2.5631478
0,/data_nas/huangyj/data/placePulse/rawData/googleviews-110802files/513f12b9fdc9f0358700c9f7.jpg,-0.55680645,-4.9558887,2.520026,0.2645191,-1.0638264,2.0969326,0.24794142,0.030503385,-5.811676,0.43327636,1.8432784,-0.87155956,-2.0285225,-0.9329885,3.7377996,-1.3560044,-0.6906756,-1.2688899,1.19322,-1.7409946,3.0015762,-0.7897651,-1.5709497,0.9396492,-2.89986,0.03089232,0.12704287,-1.6910075,-0.092782676,0.6049389,1.4996033,-2.0815217,-1.2266263,-0.20885773,-1.5136617,-4.8961544,-0.166515,-1.6169953,0.97545195,-2.8040245,2.0192175,-2.6108708,-3.504936,0.9855975,2.0976284,-1.5534993,-0.6160662,5.1695437,0.84904975,-4.555775
0,/data_nas/huangyj/data/placePulse/rawData/googleviews-110802files/513d5e20fdc9f035870039f9.jpg,0.12604682,-4.358476,2.7898421,0.24673378,-1.3787329,0.6125097,-1.4942929,0.8289919,-2.334135,-0.21254462,1.9465839,2.06144,-3.304457,1.0470425,4.308243,-1.4492799,-1.193297,0.384994,-0.21364246,-1.4094042,1.7855694,-0.6543747,-0.78795284,1.8834842,-1.855593,2.2847202,1.8455272,-2.4917283,-0.4308086,1.1593239,0.7169346,-4.8034616,0.78106654,-0.94454587,-2.187309,-2.2186618,1.0482861,0.19384462,0.7521504,-1.567354,4.351937,-1.3577108,-0.14770338,2.292513,1.5206188,0.34363145,0.023716178,1.6606333,-1.5365549,-3.018042
0,/data_nas/huangyj/data/placePulse/rawData/googleviews-110802files/513d7b01fdc9f035870069ff.jpg,0.4584827,0.55147606,-0.29327956,-1.5541009,0.50090617,-1.9876015,-4.2618704,0.8696143,-2.04355,-2.375492,-0.8077223,2.6351433,-0.85253346,-0.8968675,1.2178493,0.9296819,1.4436289,3.156605,-4.0582213,0.94950545,1.3195367,2.421552,3.5140405,-2.494506,1.3934748,-1.4089514,4.1307564,-2.193413,0.8668392,1.2762407,0.3744086,-1.4149462,-2.827081,-2.6880467,-0.7607023,-1.9786788,-1.3916954,-0.5325792,-0.6737425,-2.345484,2.3023834,0.95305717,1.0343828,0.47178748,1.8946718,-1.0848167,1.6830782,1.5317445,-5.1614137,1.5275322
0,/data_nas/huangyj/data/placePulse/rawData/googleviews-110802files/513d5e21fdc9f035870039fa.jpg,0.28848916,-1.9452863,0.9134078,0.9708607,0.8082609,1.7800446,0.13324818,0.66183335,-2.7691634,0.79416126,1.0869414,-0.43913883,-1.8136318,0.8439369,1.8540012,-0.40887195,-0.6508034,1.0468248,0.69192386,-1.745725,3.5532637,0.40485942,-2.1546683,-0.43146634,0.11184144,1.9952089,0.41902208,-2.0547013,0.86976063,1.8763475,-1.0739944,-3.6618333,-0.77255315,-1.3695244,-2.1776075,-2.7307155,1.1654099,0.47994757,-0.76590633,-0.5850245,3.5761344,-0.3926853,0.23391923,1.5697502,1.2518047,-0.47656086,1.0082661,2.430882,-0.65076494,-1.3359435
0,/data_nas/huangyj/data/placePulse/rawData/googleviews-110802files/51408bd4fdc9f0358700e9f0.jpg,-0.8645409,-2.9050283,1.704424,-0.4478367,1.8414539,0.7798792,-0.6002617,-0.33389956,-4.821489,0.10400795,1.9965417,-0.6243823,-2.114718,-1.192354,2.3942916,-0.054297827,-0.96578974,0.8873886,-0.00091622304,-2.134269,2.4563382,1.1691538,-0.4055568,-2.7493386,-1.2077178,-0.46295413,1.0797074,-2.3222344,-0.08847948,2.0659046,-0.532516,-0.2365254,-3.6036286,-1.2452173,-2.045475,-4.4058514,-0.78145814,-0.2808304,-1.3433468,-1.2147752,0.96427035,-1.8663969,-2.1170442,-0.6032351,2.3999693,-1.2660656,0.6632574,4.4989767,-0.83218294,-2.755565
0,/data_nas/huangyj/data/placePulse/rawData/googleviews-110802files/513e6573fdc9f0358700b982.jpg,0.040699683,-4.737339,2.2346709,0.32304746,-1.5990906,1.366496,-0.84128743,0.5256113,-5.1633,-0.19050807,1.6746296,0.56866395,-2.4236314,-0.97705734,4.1991353,-0.85685873,-0.44232962,-0.10753627,0.36548176,-1.7481935,2.7577899,0.19015846,-1.3436642,1.5294133,-2.266453,0.1231319,1.2649277,-2.492853,0.20963451,1.8783563,0.3355061,-2.9643922,-0.5440918,-1.5842571,-2.5625455,-4.3575754,-0.21991463,-0.5820069,1.4821419,-1.9210534,2.8158138,-1.8821224,-3.0621777,1.1747433,2.5705864,-0.93120545,0.39143956,4.5721917,-0.3045107,-3.7562191
1,/data_nas/huangyj/data/placePulse/rawData/googleviews-110802files/51413546fdc9f0492600495d.jpg,2.511785,-0.7559985,-2.7058537,-1.7381191,-0.27781165,1.6278794,-0.98555803,0.80028194,-2.9243815,-0.74349964,-1.3261597,0.59361523,0.96546274,0.2951369,1.6036272,-0.002345536,1.7847133,2.0029588,-0.91319054,0.10567799,4.471215,-0.12362464,-0.105108656,-1.7637672,2.3577182,1.1838937,0.96953803,-4.775529,2.0304904,1.2175659,-3.17039,-2.032358,-2.0418394,-5.211943,-2.04182,-3.0335207,1.2713044,3.0224538,1.4703846,1.1801863,2.2892978,2.2870476,0.3311068,-0.45040643,0.6296875,1.3156608,1.526413,3.1750717,-1.9421027,1.2074202
1,/data_nas/huangyj/data/placePulse/rawData/googleviews-110802files/513f2cf4fdc9f0358700d95d.jpg,0.8697057,-1.779216,0.394804,-0.072768636,-1.0220782,2.041524,-0.3400188,1.0618527,-1.0672213,0.44359237,0.26162276,-0.44114888,-1.0984329,0.90851563,1.8910067,-1.2866483,-0.004164556,-0.084155016,0.14626998,-0.6484884,4.30359,-0.30447757,-0.8732063,1.7773569,-0.047400903,1.8869231,0.7214157,-2.2039843,1.5843446,0.4231687,0.6432269,-5.1090517,1.5222421,-1.378485,-0.9621494,-1.0998975,1.1179235,-0.26893535,0.68329155,-1.4078293,4.4101834,0.086642236,1.1285596,2.7240832,0.7296943,0.14379853,0.2753284,0.5113209,-0.42553294,-0.9444473
0,/data_nas/huangyj/data/placePulse/rawData/googleviews-110802files/513d6a14fdc9f03587004951.jpg,-0.44413486,-3.7034483,2.8721986,-1.1411624,2.66307,-0.33707568,-2.1663456,0.7362332,-4.2800665,0.13234268,2.624276,0.9105349,-3.6017423,-1.196172,3.9670966,-1.3148255,-1.1457489,0.3654994,-0.8951139,-1.849041,1.3291485,1.5113829,0.8545456,-3.8358438,-2.0078542,-0.57649964,3.0163698,-2.5898092,-0.4885318,2.9425929,0.7039695,-0.38658422,-4.496386,-0.9560283,-2.2532544,-4.1533127,-1.2398759,-0.75676084,-2.136811,-2.0285518,1.2256817,-2.0731835,-1.9412203,-0.7955934,3.3076658,-1.1716605,0.123079635,3.8756,-1.3461818,-3.0545442
0,/data_nas/huangyj/data/placePulse/rawData/googleviews-110802files/513d3355fdc9f03587002959.jpg,2.3497558,1.3383869,-2.9728277,0.09760342,1.0994346,0.88904226,-0.84989935,1.3924265,-4.4819303,-0.24839269,-1.9782641,0.324902,0.94103324,-0.16639294,0.10303536,1.1853273,2.2687407,2.990105,-0.7435128,0.06732518,3.6454833,1.8202125,-0.9922293,-3.23174,3.5387197,0.2755537,1.0094867,-3.0475273,2.4146993,2.9355447,-3.9081156,-1.9135498,-3.5896993,-4.625776,-2.4919477,-4.580991,0.6223896,2.2407846,-0.16737437,0.94647694,2.6227481,2.7053115,-0.15838432,0.0069647618,1.1452234,-0.7820992,2.7660868,4.705211,-2.1480772,2.640905
1,/data_nas/huangyj/data/placePulse/rawData/googleviews-110802files/51414edffdc9f04926007958.jpg,3.518332,1.0424912,-4.1521378,-0.094416805,0.3745729,2.1042807,-0.42145902,2.3535264,-2.9696422,-0.48919514,-2.8040056,-0.07129465,2.8129747,-1.4633,0.11147408,0.29723865,3.5253663,0.48209667,-0.1587595,1.3374184,4.7983418,0.7607071,-1.0548086,-2.1658347,2.9212701,-1.2010286,0.8496959,-3.563528,3.6052017,2.1577885,-3.082702,0.68746126,-2.806482,-4.765914,-1.8729912,-2.2530296,0.05250502,1.7258173,1.6285923,1.0307397,-0.4448194,3.0700061,-1.1676817,-1.8483292,1.3969638,0.030580522,1.7136469,3.423178,0.49138162,2.356451
0,/data_nas/huangyj/data/placePulse/rawData/googleviews-110802files/513cc67afdc9f03587001958.jpg,2.5808945,-1.1682851,-2.1725109,-0.0904714,2.2552683,0.098314025,-3.0581348,0.8983223,-3.2042155,-2.8233752,-1.3068544,3.487569,1.3737943,0.43269494,1.9756734,0.94050825,2.8653212,3.077038,-2.7850513,1.9232885,2.887229,-0.01510792,0.7474389,-5.5297666,2.2416782,0.47473648,2.4773557,-3.938881,1.4067419,0.36472,-2.6534975,2.443268,-6.3130746,-4.499748,-2.473142,-2.822725,1.3245842,2.0965517,-0.066945195,-0.1382372,-1.5103785,2.5489006,0.504739,-3.9732857,0.97375506,-0.09157975,1.2831213,3.8281264,-4.4662137,0.9343991
0,/data_nas/huangyj/data/placePulse/rawData/googleviews-110802files/513d5dc6fdc9f0358700395a.jpg,-0.52075464,-1.715863,2.305292,-0.46547017,-2.025905,-1.7500939,-3.6568253,0.4360298,-1.2955202,-1.8338914,0.6212026,3.1276588,-2.7860699,0.9377886,2.6193707,-0.0784051,-0.27006334,2.286872,-3.0979183,0.16374885,0.28918216,0.72957534,2.371654,1.7856966,-0.64159465,1.0081398,3.3713799,-1.029319,-0.574821,-0.09674839,2.2100937,-5.2434006,0.88760585,-0.5618394,-0.49659434,-1.3777114,0.01722524,-1.2696607,0.24785171,-3.3407104,5.198076,-0.52337897,1.6006234,3.4251456,0.96208423,-0.6720958,0.520591,0.22640552,-4.928334,-0.68966883
0,/data_nas/huangyj/data/placePulse/rawData/googleviews-110802files/51414f01fdc9f049260079ad.jpg,2.00871,-5.2488117,1.3219688,1.102031,-0.46826726,1.6746387,-1.4160703,2.1524742,-6.4924464,-0.59061027,0.41086492,1.9901851,-0.94977814,-0.92395973,5.1911774,-1.9716091,1.7175568,-1.5685164,0.3413859,0.5735449,2.5415184,-1.1536728,-1.6245205,-0.9217402,-2.160994,-0.44708648,1.8070383,-2.2796195,0.7855002,1.1156467,1.0782621,-0.025316464,-3.8091629,-1.567511,-2.44575,-5.264919,0.2895041,-1.279033,1.6200253,-3.0072923,0.10583628,-0.68963724,-4.1103415,-1.4219518,2.770042,-1.8109185,-0.82735574,6.3915453,0.39897949,-3.542234
0,/data_nas/huangyj/data/placePulse/rawData/googleviews-110802files/513d5df3fdc9f035870039a3.jpg,0.6460387,-2.5159998,1.9473375,0.8019071,2.4768968,-0.3768202,-2.553573,1.9070368,-2.7709007,-0.3213923,1.5775622,2.3570487,-3.002894,-0.47460788,3.4914482,-0.59867525,-0.13852939,1.2252086,-1.1181555,-1.0048985,1.5508254,1.9153838,-0.32546604,-2.9593992,-0.62894285,0.081836075,3.444232,-2.2662013,0.504326,3.6427069,-0.2922517,-0.9375092,-3.4699295,-1.5386742,-3.076619,-2.4817743,-0.47668192,-0.2652643,-1.7695483,-1.4457796,1.4573643,-0.6045909,-0.66002953,-0.5940577,3.2108846,-1.1273544,1.1676322,2.5252512,-1.9064286,-1.5187901
0,/data_nas/huangyj/data/placePulse/rawData/googleviews-110802files/51414efcfdc9f049260079a3.jpg,1.3939885,-5.1414757,2.5938542,-0.3381319,-1.9154456,0.5304696,-2.3865364,1.9319961,-3.03526,-0.46881256,1.3477422,2.7466197,-2.975799,0.45747,5.62384,-2.6715367,0.028591882,-0.9301436,-0.62590253,-0.13938284,1.6287901,-1.0288291,0.10035762,1.4505124,-2.3834765,1.2682936,2.8801382,-2.7294636,0.01697663,0.95885444,1.916144,-4.2130136,-0.19920072,-1.2936574,-1.9704162,-2.7978363,0.6218265,-0.54372126,1.5668563,-2.5941164,3.7871995,-0.87939334,-1.2305224,1.5483086,2.1417785,0.20064051,-0.99802285,2.4124086,-0.93813866,-3.0815253
0,/data_nas/huangyj/data/placePulse/rawData/googleviews-110802files/5140cae4fdc9f049260029a3.jpg,1.4579827,-5.077204,1.0537686,-0.1033432,-0.76997304,1.622821,-1.3157923,1.1278926,-4.386725,-0.8431735,1.1305555,1.9495556,-1.4541261,-0.54717934,4.8565073,-1.2759149,0.43885016,-0.20984228,0.06851007,-0.7159947,2.9597962,-0.9410642,-1.2673618,-0.16645049,-1.6599501,0.6059748,1.6962007,-3.943736,0.472091,1.5413302,-0.807192,-0.8706478,-2.0298045,-2.952691,-2.999953,-3.5399628,0.5997904,1.0038286,1.9087167,-0.74742675,0.8596637,-0.6577233,-2.6218493,-1.1577615,2.323558,0.43237624,0.019046485,4.3257837,-0.33400995,-3.2355773
0,/data_nas/huangyj/data/placePulse/rawData/googleviews-110802files/513d9b54fdc9f035870079a2.jpg,-0.19211906,-1.3045646,0.51900786,-1.3153304,0.25611922,-0.9536998,-3.0784361,-0.2551245,-3.1911473,-1.9478701,0.5107597,2.073983,-1.6788995,-0.0089618545,2.0938447,1.0684189,0.13956751,3.7285998,-2.9328442,-0.63936865,2.0481257,1.4864819,1.8082517,-1.827546,0.775393,0.33819443,2.8423467,-3.032494,0.07864545,1.2041069,-0.9722615,-2.4442406,-2.3764436,-3.1043835,-1.7233825,-3.2158427,-0.14644182,0.77500963,-0.42267945,-1.3627492,3.2309523,0.12001662,0.6643892,0.69972825,1.5167865,-0.37391284,1.7873679,2.7115827,-5.139004,-0.16789757
1,/data_nas/huangyj/data/placePulse/rawData/googleviews-110802files/50f43491fdc9f065f00029ae.jpg,4.079907,-1.2280606,-2.793261,0.0780712,-1.6694137,2.5828671,-0.7426646,3.6581392,-2.9031696,-0.3597161,-2.7931182,0.35671052,2.536081,-2.3016717,2.2580383,-1.8910434,4.1536846,-2.873732,0.34987187,2.3578076,4.626627,-0.63410157,-0.8937309,0.43934438,0.3836706,-2.310463,1.4455577,-2.825906,3.7241192,1.2235075,0.46306375,0.685196,-1.4403021,-3.174233,-0.9716507,-1.5009316,-0.6159064,-0.72168696,3.5781932,-1.3739663,-1.1562638,2.0407133,-3.0152502,-1.5063806,2.2675047,-0.35289353,-0.20734397,3.1201763,2.6035326,0.39734614
0,/data_nas/huangyj/data/placePulse/rawData/googleviews-110802files/513e5bedfdc9f0358700a9a1.jpg,1.1006559,-4.0277286,1.7277333,1.2533139,-1.5184505,2.3353474,0.020096816,1.6629552,-3.308104,0.8167186,1.0073925,0.21270289,-1.9270525,0.31896237,3.7809963,-2.0370884,-0.09603484,-1.4630181,1.3906981,-0.9291723,3.2660522,-0.85477644,-2.395982,2.2097914,-1.736178,1.4400185,0.687646,-1.8112881,0.94972736,1.2814592,0.88960767,-4.268943,0.7065283,-0.75732446,-2.0359886,-2.8231864,0.97121876,-0.7352372,1.3351278,-1.7938312,3.5346649,-0.89646536,-1.5800743,1.9607913,1.7344081,-0.50886554,-0.44100034,2.8356712,1.2172102,-2.9205835
0,/data_nas/huangyj/data/placePulse/rawData/googleviews-110802files/50f5e588fdc9f065f00069af.jpg,-0.35915437,-2.399303,2.199504,-1.5298727,-0.7624786,-1.4640764,-3.7837892,0.52270806,-2.896202,-1.6554985,0.77063763,2.508141,-2.6930358,7.881393e-05,3.3378751,-0.7448978,0.076283745,1.6123346,-3.1225703,0.1283988,0.9264888,0.8036221,2.9574053,-0.48944286,-1.0332086,-0.063694604,3.688202,-1.7688144,-0.36810496,0.2119506,2.6204083,-3.6032524,-1.5292856,-0.94363457,-0.49419913,-2.885671,-0.703046,-1.6645876,-0.23086523,-3.946068,4.0307236,-0.90649796,0.37713903,2.078081,1.8339661,-1.1481745,0.15277776,1.9876666,-4.439069,-1.2673601
0,/data_nas/huangyj/data/placePulse/rawData/googleviews-110802files/513e1d60fdc9f035870099ab.jpg,-0.5483258,-3.6320195,2.6153595,-0.5164018,1.1049495,0.6196486,-1.502505,0.24044913,0.17378972,-0.2550912,2.8688023,1.0404928,-3.1460485,0.3390107,3.306188,-1.1063621,-1.9175949,0.46104103,-0.6180638,-1.8561307,2.4138021,0.27574658,0.14683962,-0.35944948,-1.7244561,1.4543493,2.1652262,-2.9558382,-0.1259919,1.404983,0.38926595,-2.042652,-0.09367648,-0.87187403,-2.0507872,0.22607145,0.22479153,0.35489738,-0.9467834,-0.65859497,1.9117662,-1.6729312,0.885162,0.1966054,1.8943447,1.0853268,0.07375724,-0.6237653,-1.2324126,-3.0193174
0,/data_nas/huangyj/data/placePulse/rawData/googleviews-110802files/50f5ec44fdc9f065f000890d.jpg,-0.49423668,-4.287239,3.049771,0.2217997,-2.115029,0.38375375,-1.5837033,0.33614218,-2.9676085,-0.4734455,1.9943624,1.5715152,-3.40808,0.38159248,4.0166736,-0.9440722,-1.2858346,0.6093764,-0.5131623,-1.639597,1.7219493,-0.041514926,-0.39994493,2.647028,-2.1776445,1.4630579,1.8401715,-2.0499246,-0.51343346,1.1238437,1.1352857,-5.087233,1.2294525,-0.7424256,-2.0044012,-2.660416,0.34174582,-0.4929201,1.0146952,-2.1698432,4.7031903,-1.870966,-0.7712401,2.8472183,1.8059132,-0.20285398,0.22297971,2.063795,-1.7638751,-3.2659934
0,/data_nas/huangyj/data/placePulse/rawData/googleviews-110802files/50f5e56dfdc9f065f0006905.jpg,-0.36675823,-1.9404613,2.6014113,-0.4054611,-1.6072699,-1.851006,-3.9764776,1.0640779,-1.9651182,-1.6381623,0.5796635,2.8243551,-2.9169426,-0.15599127,3.0541658,-0.5903404,0.158917,1.3105322,-3.121165,0.4110468,0.28678215,1.3780075,2.74834,1.0968525,-1.2209542,-0.4187024,3.990378,-0.65909976,-0.20708771,0.57911783,3.1990674,-4.3205442,-0.051364224,-0.15128532,-0.4957308,-1.8059149,-1.0386543,-2.4465997,0.0143726915,-4.2936845,4.398843,-0.90504664,0.45892444,2.917742,2.0562367,-1.5490268,0.2170833,0.8824713,-4.0950756,-1.043263
0,/data_nas/huangyj/data/placePulse/rawData/googleviews-110802files/5140cae8fdc9f049260029b3.jpg,2.0190084,-1.0677334,-1.9224875,-1.713954,2.9302154,0.65636635,-2.4543312,1.2938241,-2.2663524,-1.7935263,-0.70133364,1.1602732,1.3907057,-2.1026068,1.7580416,-0.17551446,2.4329402,0.4381756,-2.0722568,1.3267514,3.6793613,0.7657911,1.7389032,-5.541308,0.8070522,-2.2868948,2.7298825,-3.987479,2.061585,1.1405172,-0.9058848,4.4657016,-5.912917,-3.710892,-1.4057746,-1.4731286,-1.0783452,0.46002454,-0.24302395,-0.64601076,-3.5149496,1.2039417,-1.1738062,-4.7100015,2.3446481,-0.08791818,0.53350574,2.7564397,-1.3797779,0.05009692
0,/data_nas/huangyj/data/placePulse/rawData/googleviews-110802files/513e659ffdc9f0358700b9be.jpg,-1.0860705,-4.7243357,2.8621466,-0.42893192,-1.888139,0.16965395,-1.7541463,-0.43716937,-6.120323,-1.1004888,1.7820442,0.8131202,-2.6789432,-1.6239847,4.060996,-0.24164712,-0.5627456,0.54889375,-0.8573088,-1.5534546,1.6046484,0.57445794,0.390522,1.0174271,-2.7663133,-1.0262799,1.7869179,-1.900558,-0.6873605,1.06391,1.4253372,-2.1970048,-1.438278,-1.0313238,-1.7993194,-5.213661,-1.1949259,-1.558879,1.2471607,-3.213979,2.5299397,-2.6364787,-3.5398526,1.1534898,2.6815243,-1.716617,0.2329428,5.291454,-1.8078539,-4.0423007
1,/data_nas/huangyj/data/placePulse/rawData/googleviews-110802files/50f55dd7fdc9f065f00049bc.jpg,4.079907,-1.4257759,-2.9819715,0.7237781,-2.3633223,3.2809007,0.3188358,3.0176754,-3.081061,-0.008255905,-2.597477,0.31647277,2.420485,-0.6852592,2.0692394,-1.4393004,3.4748664,-1.7758812,1.1913211,1.6656349,4.843749,-1.5308576,-2.465852,1.5290871,1.0614873,-0.061823383,0.16350946,-3.1720543,3.312337,0.9190427,-1.2985505,-1.3199557,-0.23144627,-3.6938152,-1.6605303,-2.015329,1.1044114,0.99676,3.8541157,0.028485185,0.6135018,2.4241524,-2.0859203,-0.4689232,1.0952241,0.4765253,0.17356098,3.3400311,2.2984376,0.47192767
1,/data_nas/huangyj/data/placePulse/rawData/googleviews-110802files/513e659efdc9f0358700b9bc.jpg,1.8760024,-3.6169424,0.48380667,1.1273918,0.29502767,1.2199053,-1.4964972,1.7898959,-6.7764273,-0.52796966,0.1363147,1.743769,-1.163454,-0.6867349,4.1100035,-0.6642874,1.5154747,0.649015,-0.091619834,-0.2530545,2.905244,0.4652722,-1.6903182,-2.0472324,-0.37544072,-0.059932686,1.8996705,-2.7733533,1.1574583,2.6293242,-1.0293304,-1.3149463,-4.195855,-2.9237094,-3.3312466,-6.068842,0.3381003,0.060980894,0.65896285,-1.7364068,1.7611475,0.12340756,-3.113405,-0.6537008,2.8238819,-1.8074268,0.8384292,6.711134,-0.9991196,-1.9041246
1,/data_nas/huangyj/data/placePulse/rawData/googleviews-110802files/513cb5effdc9f035870009b9.jpg,5.381183,-2.5055637,-1.5986463,2.487212,1.992381,2.0506263,-1.4470146,5.045601,-3.6884396,0.034346126,-2.141005,3.0636072,1.4723248,0.04485838,4.0847864,-2.899024,4.4874144,-2.605282,0.6566177,3.3817382,2.717008,-1.4951409,-2.4366138,-4.029559,0.49366966,-0.07185576,2.2554173,-1.8833473,2.8254752,1.6865196,0.008946199,2.2194753,-5.840719,-2.2046947,-2.4714863,-2.8214028,1.4872379,-0.45875353,0.7820339,-1.5803177,-2.342542,2.8313146,-2.220179,-3.7698805,2.2214305,-1.4051124,-1.1200794,4.5362554,1.7873695,0.026697624
0,/data_nas/huangyj/data/placePulse/rawData/googleviews-110802files/51408bbbfdc9f0358700e9b8.jpg,3.192069,-0.5186273,-1.3932083,0.034538783,-1.02623,0.16332048,-3.1770062,3.0003712,1.1646765,-1.6887186,-1.534159,3.7032964,0.24613148,0.7098512,2.4310124,-0.8053149,2.394511,0.925605,-2.2046509,2.0716624,2.724293,0.038821474,0.7255744,0.65013677,1.5307983,0.92431426,3.4464772,-3.0032763,2.304111,0.9369982,-0.3794501,-2.415179,0.4297865,-3.3659678,-1.5185007,1.41071,0.9843793,0.9360458,1.742696,-0.57250184,1.9364153,2.6787207,2.0245948,0.14644846,1.0414004,1.2230004,0.7902732,-1.2077882,-2.3155434,1.6011944
0,/data_nas/huangyj/data/placePulse/rawData/googleviews-110802files/5140952afdc9f04926000949.jpg,0.75919986,0.5962548,-1.2162923,-0.15721357,2.0629926,-0.4419805,-1.7726797,0.13122416,-2.278839,-1.1525378,-0.3206917,1.6716514,-0.43283314,0.74620074,0.30377543,1.65983,0.5800011,4.1059694,-1.8647976,-0.42142773,1.9067088,1.4944872,0.18474701,-3.7612717,2.5837724,1.220467,1.60755,-2.8759277,0.609274,1.9449859,-3.4380124,-0.87117726,-3.5010617,-3.476133,-2.27886,-2.553676,0.8769988,2.5157504,-1.4399927,1.0381296,1.762382,1.5618719,1.5287097,-0.682441,0.6113691,0.07623611,2.4044046,2.3852234,-4.123075,1.6203119
1,/data_nas/huangyj/data/placePulse/rawData/googleviews-110802files/513d333efdc9f03587002948.jpg,2.829855,-3.9042296,0.20517391,1.7588034,-2.1148138,2.5420709,-0.29842657,2.970148,-5.9720182,0.41638157,-0.80895376,0.85433465,-0.24849765,-0.84979314,4.2540145,-2.090817,2.3035307,-2.1199517,1.3979805,0.61179185,3.3887835,-0.8660533,-2.870487,1.522726,-1.2344656,-0.20902011,0.98472697,-1.7648417,1.9154108,1.753688,0.5878525,-2.4239945,-1.3026159,-1.90226,-2.3211997,-4.8210244,0.56173205,-1.1518774,2.773045,-2.376336,1.9171365,0.27017218,-3.9408443,0.51269674,2.4278846,-1.6934736,-0.39316633,5.8418326,1.9177707,-2.183659
0,/data_nas/huangyj/data/placePulse/rawData/googleviews-110802files/513cc66afdc9f0358700194a.jpg,0.44864613,-1.5385139,0.63636535,-0.18688431,-0.30104816,-0.4206544,-2.9183116,0.81700367,-4.6037354,-1.4412297,0.061437063,1.9176234,-1.7608515,-0.4655275,2.5076444,0.5723053,0.77931404,2.7093341,-2.2708595,-0.44065142,2.6312478,1.9289675,0.8174268,-0.9368059,0.46489528,-0.112641655,2.8944616,-2.4034624,0.9108104,1.9869512,-0.17520137,-3.5585072,-2.1845093,-2.7944129,-2.0767767,-4.349456,-0.3907099,-0.45253313,0.04415971,-2.4278495,4.0641046,0.11247417,-0.5494609,1.6797899,2.1649206,-1.6540285,1.932117,3.980505,-4.05074,-0.40383983
1,/data_nas/huangyj/data/placePulse/rawData/googleviews-110802files/50f56259fdc9f065f0005940.jpg,2.6953993,-1.1315883,-0.881055,1.3159736,-2.568623,2.2877965,-0.38569397,2.742724,-0.515087,0.25703466,-1.3650522,1.0190027,0.06811548,1.2268085,1.995913,-1.4802068,1.5769665,-0.6343885,0.53856736,0.76071113,4.1173477,-1.0066867,-2.07476,3.524727,0.8238393,2.1250453,0.85243905,-2.0675097,2.482445,0.7265395,0.021745969,-5.516316,2.7296722,-2.0325785,-1.3225168,-0.21591265,1.8262547,0.32151943,2.4575162,-0.8243172,4.3672624,1.7004516,1.0150852,2.8886366,0.49792308,0.5502179,0.43470508,0.14157178,0.39121497,0.40802228
0,/data_nas/huangyj/data/placePulse/rawData/googleviews-110802files/50f44866fdc9f065f0003fd6.jpg,0.009508166,-0.42659828,1.2495506,-0.8656869,0.4180271,-2.0557384,-4.2334085,1.1086534,-0.8680059,-1.9634385,0.0090461355,2.8796122,-1.8627124,-0.12959707,1.97032,-0.011187419,0.76016355,2.1158144,-3.7347832,0.96802855,0.6907462,1.7376592,3.312969,-1.4753062,0.20096952,-0.67695963,4.2143555,-1.106337,0.34757334,0.55924237,2.2217107,-2.1310346,-1.7650434,-0.8897366,-0.27923927,-0.8531034,-1.0404984,-1.7574387,-1.0397048,-3.4717298,2.660056,0.1339029,1.5694386,1.2102044,1.7687622,-1.2512754,0.7426515,0.17274193,-4.778956,0.3992101
1,/data_nas/huangyj/data/placePulse/rawData/googleviews-110802files/513d6c95fdc9f03587004fdc.jpg,2.8475873,-1.8928713,-2.5347724,0.2562165,1.0372925,1.6725374,-1.1608505,1.1594013,-4.7815638,-1.7084855,-1.2752374,1.9935671,1.8097252,-0.4287503,2.1771133,0.56363505,2.7594187,1.5856328,-0.70553106,1.0829521,3.7167535,-0.669489,-1.3423803,-3.6536589,1.6034539,0.08748614,0.97669196,-4.147659,1.7481989,1.0112056,-3.4138892,2.4112303,-5.1423388,-4.770708,-2.793292,-3.8549602,1.2182631,2.4047754,1.3858048,0.66834885,-1.7296325,2.0318425,-1.8203744,-3.7459855,1.1754566,0.08209827,1.2096249,5.410461,-1.5589854,-0.009788256
0,/data_nas/huangyj/data/placePulse/rawData/googleviews-110802files/513d7cc3fdc9f03587006fd0.jpg,3.6443667,-1.2459828,-2.4002423,1.9381809,-1.0800344,2.2410228,-0.429555,3.3197534,-5.779246,-0.29765573,-2.5368836,0.7081101,1.9049821,-2.261738,2.1794646,-0.44738236,3.9710712,-1.1112928,0.80574507,1.45896,3.8387654,0.54328483,-2.6372292,-0.38496208,0.8718774,-2.0888257,1.0592724,-2.1157725,3.2327998,2.8242242,-1.4401647,0.50802934,-2.9218774,-3.482113,-2.5673282,-4.2902822,-0.38137615,-0.26934305,2.7984908,-0.94973236,-0.54973,1.8605521,-4.22602,-1.426455,2.7106104,-1.8532891,1.0907412,6.063232,1.7637997,0.27044865
0,/data_nas/huangyj/data/placePulse/rawData/googleviews-110802files/50f5e709fdc9f065f0006fd0.jpg,0.556188,0.6879694,-0.62579054,-1.2230719,-0.33798248,-2.0179744,-3.9911478,0.7244492,-3.7140293,-2.3063262,-1.241354,2.513461,-0.76866466,-1.0341016,1.1840771,1.4415315,1.7357144,3.7639437,-3.8047795,0.70033693,1.17118,2.7089655,2.9374642,-2.0886176,1.8082498,-1.4923209,3.7417252,-2.185971,0.82235485,1.8142711,-0.50396305,-2.1898835,-2.9475412,-3.2802212,-1.2176915,-3.6329746,-1.3536611,-0.108360365,-0.10648458,-2.0762696,3.1699524,1.1752049,0.18482241,1.0420343,1.9477144,-1.4519795,2.1978862,3.198078,-5.3323793,1.8337702
0,/data_nas/huangyj/data/placePulse/rawData/googleviews-110802files/513d7ca2fdc9f03587006f6d.jpg,2.3205106,-0.131913,-1.045378,-0.7370094,0.07121944,-0.74546283,-3.5849981,2.7579103,-3.5273023,-1.4448779,-1.7580919,2.3572896,-0.2524303,-1.7559961,2.3315797,-0.4654532,2.8356366,0.9591344,-2.6042156,1.4825706,2.223834,2.0907047,1.9285531,-2.3535535,1.1513386,-2.1563234,4.0245037,-2.5783122,2.103436,2.6784608,0.3905994,-1.0884211,-3.4764385,-3.2324512,-1.5178849,-3.03906,-1.5007641,-0.72141427,0.5817673,-2.3345997,1.6662999,1.5731025,-1.0984117,-0.100067884,2.974399,-1.3683865,1.2570508,3.2524583,-2.3927324,1.4546173
1,/data_nas/huangyj/data/placePulse/rawData/googleviews-110802files/50f4485efdc9f065f0003f61.jpg,1.8688002,-4.132494,1.2012618,1.374297,2.10423,2.7925382,0.3443476,1.6448874,-1.599214,0.9234254,1.4788723,1.0939864,-1.3791559,2.3497474,3.6315863,-2.4985268,-0.25012058,-1.1566263,1.5779603,-0.3956045,3.3776906,-2.5608356,-2.990306,-2.0209408,-0.931482,3.7297282,0.22042869,-2.8087757,0.5701949,0.30274832,-0.4033193,-1.4798578,-2.419143,-0.73764926,-2.3132985,-1.5916498,3.0138447,1.0616347,-0.743458,-0.31331608,0.98730487,-0.025946349,0.6435564,-1.0369767,0.54821455,0.74168944,-1.1323375,1.8216429,0.83746386,-2.6600752
0,/data_nas/huangyj/data/placePulse/rawData/googleviews-110802files/513f3122fdc9f0358700df69.jpg,2.4073455,-1.0477581,-2.000759,-0.44829604,-0.8174399,2.4733946,0.14137885,1.4517207,-2.8866892,0.2716636,-0.97060597,-0.1774608,0.518822,-0.043650635,1.6921893,-0.46705505,1.2915237,0.6708921,0.66571915,-0.49244082,4.521456,-0.12813066,-1.8037981,0.11060947,1.5544878,1.1216828,0.33074257,-3.93031,2.2322884,1.969779,-2.8598683,-2.9068856,-0.42531365,-4.181952,-2.2843676,-2.6979656,1.1343017,2.361465,1.743395,1.1963701,2.7137923,1.634839,-0.54169196,0.51698524,0.97992057,1.0072722,1.301986,2.987561,0.370921,0.48403898
1,/data_nas/huangyj/data/placePulse/rawData/googleviews-110802files/513cd748fdc9f03587001f6a.jpg,4.1771607,-4.5771766,-0.66265047,2.7546372,-0.55585897,2.399828,-1.2819246,3.23853,-5.2909203,-1.2581235,-1.3929847,3.5685923,1.1871343,0.52334034,4.8584104,-1.8915854,3.732178,-1.5775439,0.4637426,2.7285538,2.9138784,-2.7250922,-2.9615843,-1.2369472,-0.6218915,0.8571199,1.2342472,-2.2727334,1.7573577,-0.08194595,-0.0070309453,1.1409042,-4.232707,-2.4284549,-2.6604528,-3.9347548,2.2834706,-0.17313342,2.6767044,-2.0705771,-1.4148191,1.6599226,-3.0018876,-2.9174714,1.4361769,-1.1150997,-0.9601247,5.7864165,0.3066477,-1.9583299
0,/data_nas/huangyj/data/placePulse/rawData/googleviews-110802files/50f5eaf9fdc9f065f0007f32.jpg,0.44499937,-2.3219514,1.3762757,-0.52882856,-1.6682934,-0.9298053,-3.2726848,1.0951132,-4.527729,-1.4506418,0.14593017,2.3448553,-2.19507,-0.96449655,3.4305944,-0.192527,0.7649216,1.6608074,-2.2409236,-0.15019003,1.4352286,1.6327043,1.5337212,0.27112773,-0.56607294,-0.80966,3.406512,-2.2007782,0.39900166,1.9396497,0.8529918,-3.7959955,-1.3969574,-2.2347753,-1.8638245,-4.214322,-1.0269012,-0.8830003,0.8758195,-2.8221278,4.119847,-0.3784675,-1.3404936,1.9514762,2.646201,-1.4107088,1.012217,3.7732162,-3.257555,-0.95777744
0,/data_nas/huangyj/data/placePulse/rawData/googleviews-110802files/513cd65cfdc9f03587001f31.jpg,1.6769558,-0.24159083,-2.529156,-1.0243891,1.7144331,0.8506734,-1.4180552,0.19145872,-3.4692488,-1.422171,-0.9182161,0.7428434,1.0536929,-0.667547,0.83233744,1.3459741,1.7336787,2.9853191,-1.4986632,-0.0383178,3.7561889,1.2215979,0.15134177,-4.168132,2.4031005,-0.16124243,1.297288,-4.186044,1.7534387,1.8063037,-3.7830868,1.0462751,-4.422525,-4.933562,-2.4600065,-3.251851,0.35395873,2.590806,0.040255792,1.2083695,-0.17003687,1.8321906,-0.27728495,-2.4680295,1.2243792,0.2744504,2.1593862,3.913028,-2.7232893,1.0925084
0,/data_nas/huangyj/data/placePulse/rawData/googleviews-110802files/513e6abdfdc9f0358700bf38.jpg,0.67218465,-4.191522,2.4609303,-0.8334419,-1.2346138,0.7780957,-1.7264949,1.6100905,-4.6839237,0.3981554,1.0983952,0.6965338,-2.83982,-0.4045571,4.700706,-2.5947561,0.055422127,-1.1925627,-0.29289356,-0.68064845,2.4329278,-0.15751658,0.36227924,0.575836,-2.2304993,0.1644567,2.3515239,-2.044023,0.40120798,1.3000108,2.6929088,-4.534231,-1.0613006,-0.6982915,-1.2581615,-4.5112357,-0.34245813,-1.8737836,0.67645377,-3.6795654,4.3882947,-1.4047377,-1.9817393,2.4254882,2.5747962,-1.2869576,-0.7598006,3.8852363,-0.4597918,-2.8963728
0,/data_nas/huangyj/data/placePulse/rawData/googleviews-110802files/513e6af3fdc9f0358700bf7d.jpg,-0.42853925,-4.7966866,3.3738487,-0.32002854,-2.8228939,-0.022724561,-2.1345618,0.4747033,-4.7207594,-0.7139007,1.5958829,1.6530354,-3.3459141,-0.3554105,4.711894,-1.4067194,-0.6118936,-0.10710284,-0.89960134,-0.96541405,1.0875297,-0.0705386,0.54395354,2.5101933,-2.893365,0.27654007,2.248117,-1.4354386,-0.70802784,0.5971543,2.6604793,-4.8429823,0.28401512,-0.40212882,-1.33194,-4.273566,-0.38434994,-1.9031937,1.4851279,-3.791266,4.628211,-2.185967,-2.2215936,2.9766347,2.1246943,-1.2862741,-0.43089396,3.6666353,-1.7938281,-3.6474016
1,/data_nas/huangyj/data/placePulse/rawData/googleviews-110802files/513d6c67fdc9f03587004f71.jpg,4.650988,-2.7944756,-1.9676207,3.0854943,-1.6562122,2.7239194,-0.4775501,3.9050877,-5.219509,-0.5367094,-2.8056543,2.1696575,2.2680898,-0.6150722,3.4517872,-1.6770669,4.649381,-2.3291695,1.163255,2.8881452,3.417154,-1.7350662,-3.3946474,0.21176283,0.21514568,-0.4943085,0.7288585,-1.6092077,2.9491606,0.9502047,-0.22881556,0.5631543,-2.8901644,-2.438729,-2.3244188,-3.6471953,1.3258957,-0.5963362,3.5147762,-1.7645686,-1.1337435,2.2541127,-3.6675646,-1.9234148,1.826614,-1.6690143,-0.37111124,5.694304,1.9142196,-0.5289202
1,/data_nas/huangyj/data/placePulse/rawData/googleviews-110802files/513cbc27fdc9f03587000f79.jpg,4.0608425,-3.9576535,-0.6711162,2.0561965,-0.7986508,2.512814,-1.1013972,3.719486,-4.7629843,-0.6356807,-1.8290261,2.2885258,1.5082713,-0.52901566,4.353601,-2.8578846,3.9805648,-3.4365182,0.6988341,3.1719222,3.1388667,-2.495749,-1.9859374,-0.7760285,-1.1755835,-0.62214375,1.3459326,-1.4624076,2.3138964,-0.35844344,2.0198936,1.2002513,-3.711501,-1.2176518,-1.3361202,-3.2862713,1.0334227,-1.9209793,2.657539,-3.3012626,-1.6629474,1.2314407,-3.4254806,-2.3264928,1.8555769,-1.7593994,-1.7203981,5.0764785,1.8727561,-1.8860128
0,/data_nas/huangyj/data/placePulse/rawData/googleviews-110802files/50f5eb18fdc9f065f0007f70.jpg,2.0644848,-5.057271,2.1637375,0.9566696,1.9467312,1.2730212,-1.4079332,2.6391764,-4.489058,0.6165665,1.5885922,2.3570054,-2.6974018,0.36077082,5.570615,-2.8666208,0.3649938,-1.3415306,0.7193055,-0.44924176,1.9613922,-0.78561586,-1.8554621,-2.9728613,-1.8158695,1.3066696,2.377761,-2.8972883,0.38891104,2.671131,0.34004962,-1.0413151,-4.3820763,-1.2205023,-3.258785,-4.227246,0.9573455,-0.0060781455,-0.6188447,-1.6375515,1.1389438,-0.63162196,-2.1013477,-1.2504069,2.9064572,-0.7104072,-0.74683774,4.5738354,0.48836553,-3.1478755
0,/data_nas/huangyj/data/placePulse/rawData/googleviews-110802files/513f30cbfdc9f0358700df23.jpg,2.1977792,-2.0950189,-0.46499693,1.2230647,-2.38011,1.6363847,-1.0340863,2.013915,-2.157031,-0.5863957,-0.5439689,1.979509,-0.67828137,0.52372724,2.7573714,-0.36336312,1.0854137,0.88091165,0.0035564126,-0.18640001,3.526134,-0.14404042,-2.09162,2.7461789,0.5895528,1.7163863,1.38011,-3.1282709,1.8036299,1.9492142,-1.6353747,-4.4862065,1.4787623,-3.2843626,-2.7819514,-1.6225597,1.3815117,1.444539,2.552903,0.035167195,3.8152153,1.159246,-0.22349778,1.8064489,1.2744204,0.65700513,1.4488883,1.85944,-0.8269035,-0.35413253
1,/data_nas/huangyj/data/placePulse/rawData/googleviews-110802files/513d6c4dfdc9f03587004f2e.jpg,2.685758,-1.8396559,-1.042416,-0.64643764,-0.09477312,0.17067298,-3.4182415,2.12004,-5.9814916,-1.7687073,-1.9314992,2.5563827,0.2670465,-0.44625401,3.4656844,-0.83788604,3.4668183,1.2033619,-2.5481057,2.0403693,3.31454,0.33781642,1.3619788,-3.079725,0.9964594,-0.7513363,3.1733716,-2.8386757,1.9313041,0.7008586,0.8142561,-1.5959725,-5.0757627,-3.4647858,-1.4324492,-5.6154776,0.11501284,-0.9590597,1.0326828,-3.5961528,2.1915505,1.7208322,-1.3323014,-0.30146417,2.1706128,-2.1048796,0.64631414,5.8958373,-3.6021814,0.39046124
0,/data_nas/huangyj/data/placePulse/rawData/googleviews-110802files/5140b9dffdc9f04926001f2c.jpg,1.0598924,-0.49830648,0.19770643,-0.10286168,-1.7244674,-1.5973618,-4.0854115,1.2964631,-3.8366542,-2.282107,-1.4851804,3.4877145,-1.0929052,0.5188158,2.2566342,0.40692633,2.0391657,2.9910011,-3.5917933,1.5204985,1.1679834,1.2060143,2.2279058,-0.18698919,1.2027771,0.14397031,3.5345707,-1.3561566,0.70268005,0.4489019,1.253787,-4.5730476,-1.6913804,-2.1970677,-0.92515117,-3.7956972,0.069240406,-1.0700774,0.67743975,-3.6904464,4.973734,1.2444808,0.78764844,2.7033603,1.2918533,-1.9241241,1.373595,3.1150894,-5.6244926,1.1507622
0,/data_nas/huangyj/data/placePulse/rawData/googleviews-110802files/50f563f8fdc9f065f0005f2f.jpg,1.5312203,-1.4069425,-0.39864948,-0.6459985,-0.016712643,-1.3279606,-4.364646,1.5404109,-4.9331636,-2.7167008,-0.91508013,3.409823,-0.5258758,-1.7886443,2.9531546,0.7518394,2.4753764,2.5457232,-3.4803705,1.2061603,1.7310083,2.2531714,2.1748133,-2.6245067,0.67681146,-2.1333752,4.2602305,-2.7969613,1.2680674,2.0954733,-0.33530852,-0.067788675,-4.3482466,-3.7855752,-2.195595,-4.2204323,-1.3730142,-0.4797878,0.66594785,-2.459553,0.99084127,0.9836647,-1.7286482,-1.1329453,2.9193842,-1.7584293,1.6841797,4.7007494,-4.3599133,0.2290287
0,/data_nas/huangyj/data/placePulse/rawData/googleviews-110802files/514137aafdc9f04926004fe7.jpg,-0.08253668,-3.719956,1.7846743,-0.24866492,1.4765699,-0.21199247,-2.2435238,0.29375887,-8.058636,-0.9902164,0.9633778,1.0943289,-1.8639404,-1.7624283,3.817954,-0.20163867,0.8464056,1.0367273,-1.2935445,-0.5679705,1.5360191,1.2438742,0.56892085,-4.1904044,-1.4278618,-1.737853,2.2727425,-1.7560954,-0.15976466,1.7938656,0.78999037,0.6297641,-6.4490485,-1.5177822,-2.0749583,-7.3591876,-1.2324651,-1.6796645,-0.8428051,-3.5229216,0.5972055,-1.526915,-3.92563,-1.2503622,3.140662,-3.2194545,0.49781418,7.7733493,-2.4837573,-2.8203568
0,/data_nas/huangyj/data/placePulse/rawData/googleviews-110802files/51409af4fdc9f04926000fe7.jpg,0.36545274,-6.0345707,3.2919137,0.46723354,-0.70683444,1.4490919,-0.8742605,1.2469708,-4.096682,0.2023262,2.3932693,1.1781232,-2.9836988,-0.6549491,5.2932734,-2.416616,-0.7276581,-2.039078,0.8419591,-1.2582818,1.8288496,-0.97677886,-1.34901,0.79035234,-3.6399438,0.409877,1.6107173,-2.1639736,-0.29071215,1.381506,1.8559717,-1.575687,-1.2008525,-0.1941629,-2.2634304,-3.2598042,0.0032994892,-1.2279094,1.0165923,-2.4471335,1.2633032,-2.4236035,-3.1932757,0.046948113,2.6634433,-0.57130164,-1.1647863,3.6238585,1.0886742,-4.934723
1,/data_nas/huangyj/data/placePulse/rawData/googleviews-110802files/513d9d41fdc9f03587007fec.jpg,1.1299697,-3.5735397,1.3230051,1.4241173,-1.8127923,1.6373873,-0.6031955,1.6067233,-5.963599,0.24726756,0.08525393,0.63407564,-1.5440284,0.0077566206,3.6485333,-1.2578222,0.941786,-0.37711892,0.5695782,-0.45671976,3.0039873,-0.35216743,-2.0259259,1.3954798,-1.1408805,0.7538276,0.9026429,-1.4057779,0.9458233,1.3158145,1.0020785,-4.2966194,-0.9757236,-1.1213281,-1.962346,-5.2949233,0.67596763,-1.3594452,1.4947162,-2.9997313,4.0292134,-0.5921177,-2.4948697,2.299635,1.9358755,-2.005978,0.23118687,5.388706,-0.36633795,-2.3133464
1,/data_nas/huangyj/data/placePulse/rawData/googleviews-110802files/5140ce02fdc9f04926002fe4.jpg,1.1946692,-5.223522,2.2622294,1.9749767,-2.6071162,2.2456586,0.0842869,1.6536434,-4.6815166,0.5791362,1.000005,1.0125953,-2.0422723,0.33773065,4.6713367,-2.119537,0.12760128,-1.8134428,1.7598228,-0.72412866,2.2670264,-1.540206,-3.07851,3.0943851,-2.511151,1.520492,0.37029773,-1.35341,0.3200997,1.0374221,1.0531937,-4.0295963,0.6243917,-0.45950052,-2.3313854,-3.8866758,1.2290385,-0.84720415,2.2829313,-2.09193,3.2345269,-1.2749172,-2.8984106,1.8224899,1.7321907,-0.88871455,-0.7648204,4.212747,1.42099,-3.813222
0,/data_nas/huangyj/data/placePulse/rawData/googleviews-110802files/513d6c46fdc9f03587004f1d.jpg,0.57266396,-0.9650617,-0.91173524,-0.64452136,2.6005712,0.34806228,-1.2163293,-0.27522516,-6.0638423,-0.7217394,0.096133515,0.33197397,-0.44439903,-0.5450922,1.3440787,1.3192384,0.8235574,3.3937066,-1.1375307,-1.0529504,2.811981,1.6231664,-0.20047969,-5.347834,1.688682,-0.017470956,1.145279,-3.2617872,0.65039384,2.4319644,-3.2668238,0.34500903,-6.0213737,-3.7976224,-2.718174,-6.0503635,0.15095611,1.7736566,-1.449309,0.11224714,1.0161659,0.60361326,-1.3036956,-1.6717088,1.6953667,-1.2834316,2.1342645,6.264104,-3.1886432,0.006503232
0,/data_nas/huangyj/data/placePulse/rawData/googleviews-110802files/50f5eaf8fdc9f065f0007f12.jpg,-0.5354269,-3.9132981,3.0598094,-0.28828672,-0.6437279,-0.004697822,-1.8111504,0.3171475,-4.425307,-0.13475537,1.7878916,1.2567416,-3.4327118,0.4902876,3.966392,-1.259259,-0.96370196,0.757317,-0.77728206,-1.3276578,1.3712807,0.13404612,0.28819013,0.09318788,-1.8401994,1.1987323,1.9964852,-1.6494433,-0.7183658,0.9897754,1.6471384,-4.554164,-1.2990133,-0.377446,-1.5408982,-4.469504,0.21830219,-1.1063225,-0.3513863,-3.0350707,4.6632195,-1.7644386,-0.85957557,2.4730246,1.8626956,-1.2869726,-0.077386126,3.62735,-2.3491032,-2.9109993
1,/data_nas/huangyj/data/placePulse/rawData/googleviews-110802files/50f563f7fdc9f065f0005f19.jpg,3.2223182,-2.371426,-1.5099262,1.259765,-0.67800486,2.390176,-0.24569081,2.6902602,-3.8804603,-0.010099627,-0.94122803,1.2083172,0.43374172,-0.9318114,2.939583,-0.77370906,2.1339533,-0.42230725,1.0543444,0.031065224,3.8810987,-0.108487315,-2.9273658,-0.06681341,0.55601287,0.13975476,1.0527389,-3.7367988,2.3700068,3.1766078,-2.7488585,-0.73719925,-1.6681527,-3.962209,-3.4900742,-2.9142494,0.71986705,1.8702065,2.367266,0.8813073,0.47951376,1.4258063,-2.5766017,-1.2478609,2.315206,0.33950976,1.1019297,4.17607,1.4218972,-0.5448395
0,/data_nas/huangyj/data/placePulse/rawData/googleviews-110802files/513d5406fdc9f03587002f18.jpg,-0.62341577,-4.327046,3.4613245,-0.66559917,-1.6649814,-0.6321829,-2.819157,0.5072652,-4.1622496,-0.9090251,1.7520742,1.959652,-3.5562835,-0.2687707,4.5405326,-1.3387779,-0.6852584,0.4057251,-1.6525762,-0.80094963,0.90073824,0.30881462,1.4252216,1.0788767,-2.6220655,0.11863971,2.9753835,-1.4986687,-0.7958262,0.6543691,2.8229985,-4.1611624,-0.71336234,-0.28010306,-1.1594437,-3.8632536,-0.6174969,-2.021742,0.46358323,-4.000309,4.244869,-2.0783284,-1.4093415,2.4284253,2.3256106,-1.3521968,-0.40296373,3.1443768,-2.6898825,-3.2639608
0,/data_nas/huangyj/data/placePulse/rawData/googleviews-110802files/513d567ffdc9f03587002fcd.jpg,2.8091786,-0.29594624,-2.4237783,1.0106341,-2.491804,2.5647519,0.37291837,1.985206,-1.9432548,0.14156428,-1.9477797,0.12664533,1.0930108,0.2759295,1.0142124,-0.15112048,1.9694524,0.46208963,0.82491386,0.14357251,4.5507584,-0.15994954,-2.5811508,2.582151,1.9798492,1.3152465,0.0052912943,-2.9422214,2.8341353,1.8130779,-2.5156648,-4.32347,1.723216,-3.7460575,-2.1926603,-1.5576091,1.4399185,1.9429338,2.8674011,0.9732765,3.55671,2.2187793,-0.11200731,1.889533,0.66177315,0.7692491,1.6328346,1.9066582,0.5770876,1.2163522
0,/data_nas/huangyj/data/placePulse/rawData/googleviews-110802files/5141519afdc9f04926007fc6.jpg,3.5260038,-0.4998177,-2.9815257,0.41645026,0.119637005,1.5047815,-1.497921,2.6458728,-5.2009625,-0.9448003,-2.3804297,1.2030163,1.6995122,-1.6498133,1.9366182,0.13426739,3.7204242,0.88730496,-0.6637263,1.2847662,4.243632,1.1653993,-1.0719008,-2.4785209,2.124416,-1.4671496,1.8952452,-3.4829993,3.1649392,2.8229215,-2.5273745,0.2718817,-4.0763936,-4.923866,-2.7163086,-4.3433747,-0.13664238,1.0085927,1.7366464,-0.2765772,0.188001,2.5559456,-2.442493,-1.7801795,2.403583,-1.0765587,1.7869476,5.5476556,-0.6591203,1.3300842
1,/data_nas/huangyj/data/placePulse/rawData/googleviews-110802files/513d6c8afdc9f03587004fc0.jpg,4.155292,-0.9968552,-3.1382582,2.5076673,-0.45756972,3.3417869,0.93470585,2.449864,-3.9037058,0.14844333,-2.7046585,0.99565536,2.4766529,1.7011759,1.4226049,-0.65312356,3.3900406,0.017360035,1.5730453,1.7115557,4.355946,-2.2183695,-4.064677,-0.8836734,2.4695156,2.519681,-1.0151306,-2.5465815,2.660998,0.4434394,-2.9897423,-1.5434602,-2.3529088,-3.383514,-2.4094584,-3.4204612,3.3420384,2.22383,2.077574,0.7839143,1.085637,3.2489517,-0.4717193,-0.7955776,-0.2607698,-0.09936301,0.603016,4.5274363,0.66858023,1.1120042
1,/data_nas/huangyj/data/placePulse/rawData/googleviews-110802files/513e1fabfdc9f03587009fc4.jpg,3.7995574,-0.6792746,-0.93616253,2.0510728,-3.4826732,-0.12469179,-3.335624,4.361714,-2.0405717,-1.5896505,-3.0161943,4.1139326,0.4770468,-0.2632196,2.9440126,-1.2658625,4.0601625,-0.60475785,-1.7443781,3.3546224,1.5681192,0.2221859,0.02338738,2.7602317,0.7087351,-0.7187596,3.5983586,-0.7657458,2.5741065,1.1822231,1.7772136,-3.6672018,0.5097151,-1.9642543,-1.2609531,-1.1374735,0.12940091,-1.6858215,3.206591,-3.1924145,2.9207466,2.537716,-0.6333653,1.850471,1.9065089,-1.4210583,0.3215685,1.6238375,-1.2756099,1.5237864
0,/data_nas/huangyj/data/placePulse/rawData/googleviews-110802files/513d9d28fdc9f03587007f97.jpg,3.045839,1.7016145,-2.8771846,0.66638607,0.6798756,-0.73882425,-3.2406185,2.3332987,-2.6624846,-1.995383,-2.7548223,3.3338137,1.0686694,0.28248033,0.6491789,1.3275417,3.4054642,3.6425345,-2.8503535,2.0438373,2.29926,1.9004354,0.602538,-3.0872276,3.7952752,0.032768827,3.0696108,-2.5552828,2.3828604,2.189066,-2.714582,-1.3958784,-3.596164,-4.528842,-2.2237911,-2.6146498,0.62293,1.5602416,0.14003453,-0.20444609,2.035911,3.6694903,1.2271588,-0.4570694,1.1658314,-0.8254336,2.6228986,2.8454998,-4.4051204,3.6148086
0,/data_nas/huangyj/data/placePulse/rawData/googleviews-110802files/5140cdadfdc9f04926002f92.jpg,1.7519667,0.23529053,-2.2387094,-1.0023874,-0.2510435,0.799469,-0.7643351,0.4636473,-2.3080132,-0.525916,-1.001536,0.9193073,0.26762486,0.882093,0.6797068,0.8219422,0.8860183,3.0701945,-0.8135767,-0.4977587,2.9770255,0.3854708,-0.5024382,-1.2418106,2.7571154,1.8359028,0.753816,-3.9393923,1.2254357,1.7545131,-3.9967208,-2.8842165,-1.1969044,-4.5552964,-2.2163217,-2.6615534,1.4450921,3.6053991,0.6874743,2.0066986,3.2096834,2.1528559,1.1233107,0.5071854,0.15467107,1.3777846,2.1099517,2.4317205,-2.4475822,1.7840686
0,/data_nas/huangyj/data/placePulse/rawData/googleviews-110802files/5140cdb9fdc9f04926002f9e.jpg,1.1069534,-0.14497617,0.4941502,-1.3904449,0.46080774,-2.938227,-5.270167,1.6296962,-1.9609982,-2.4100523,-0.6990242,4.4455028,-1.8638822,0.22023304,2.5911515,0.090358265,1.5137974,3.2687652,-4.5576925,1.5045038,-0.19201387,1.9725409,3.8242505,-2.8296392,1.2116537,-0.37403595,5.1428146,-2.0436106,0.17882136,1.404999,0.8138483,-2.4229171,-3.2805963,-2.455703,-1.068484,-2.2959168,-0.6753866,-0.32321197,-0.93392384,-2.7072268,3.279306,1.3427353,1.591614,0.78244704,1.8723787,-0.9102824,1.1465777,1.4706317,-6.0797763,1.6126338
1,/data_nas/huangyj/data/placePulse/rawData/googleviews-110802files/513d9d2afdc9f03587007f9b.jpg,1.6431295,-2.3572993,-0.36955893,0.84139025,-3.6029904,2.4068751,0.06231711,1.2084167,-4.224587,-0.06209396,-1.1936902,0.1546973,0.1051889,0.67493546,2.3661885,-0.97411937,1.4670336,-0.27244425,0.6789084,0.23652251,3.9223576,-1.4241542,-1.9031572,3.441759,0.017744172,1.5043206,-0.16126564,-1.8773032,1.5489049,-0.21129538,0.32817256,-5.475793,1.4353309,-1.9043528,-1.121716,-3.7241876,1.5148727,-0.23333544,3.0157523,-1.8947768,4.71966,0.57320875,-1.0330144,3.1483088,0.4528181,-0.6504785,0.22161672,3.7045257,-0.18370149,-0.9440281
0,/data_nas/huangyj/data/placePulse/rawData/googleviews-110802files/51421749fdc9f04926007ff6.jpg,1.7879635,-2.2959595,0.8133815,1.273316,-2.3675284,1.4220796,-0.9000248,2.5382895,-2.6580765,0.49600244,-0.18040274,1.1652799,-1.7870444,0.3742175,3.1196964,-1.5582813,0.61070687,-0.47550297,0.48334858,-0.39872515,2.9073925,0.21113616,-1.8216037,3.071793,-0.40142316,1.330912,1.6269778,-1.8126549,1.5706235,2.23936,0.45049128,-6.0152206,1.7429801,-1.5856128,-2.150027,-2.3456428,0.7401127,-0.36198232,1.7186524,-1.5592768,5.2035522,0.26882508,-0.59669363,3.4041846,1.7902609,-0.47672608,0.6145345,1.993979,0.19301304,-0.9091595
0,/data_nas/huangyj/data/placePulse/rawData/googleviews-110802files/513cda00fdc9f03587001ffc.jpg,1.43451,0.37908736,-0.6213035,-0.62203115,1.9755448,-0.5319236,-2.4456606,1.3002428,-0.9485267,-0.49148184,-0.104804404,2.155821,-1.4827822,1.511765,1.345849,0.19940177,0.36470705,3.3925018,-1.9796926,-0.28432375,2.1412158,1.4823363,0.7040275,-3.215719,2.4706714,2.0802374,2.7051654,-3.1452596,0.9810898,2.394005,-2.372333,-3.3114555,-2.384432,-3.2823803,-2.215901,-1.7770603,1.1459386,2.219486,-1.7142732,0.53448397,3.8256247,1.899325,2.761042,0.73982984,0.9116378,0.5449319,1.8968643,0.8915355,-3.8888938,1.8447343
0,/data_nas/huangyj/data/placePulse/rawData/googleviews-110802files/513d9d45fdc9f03587007ff8.jpg,3.460186,-0.3906849,-1.628218,0.6873775,-3.0375476,0.68991745,-2.2485516,3.4860778,-2.316637,-0.7594397,-2.3691149,2.5559275,0.06833009,-0.07317155,2.5016584,-0.84793186,2.847785,0.5097774,-1.0666667,1.423342,3.157718,0.6205196,-0.57003415,2.4444194,1.605021,0.30586976,2.7275333,-2.6756802,2.772701,2.2932703,-0.5784522,-5.1774745,1.0854684,-3.6975179,-2.017266,-1.9033026,0.48460966,0.5290295,2.9620948,-1.0541934,4.610935,2.5563626,-0.1861653,2.5674803,1.7147266,-0.002118377,1.4291075,1.9176077,-1.1452308,1.7627081
0,/data_nas/huangyj/data/placePulse/rawData/googleviews-110802files/51413fb4fdc9f04926005ffb.jpg,-0.08553513,-2.8800435,2.7948923,-0.58296263,4.7643576,-0.5522409,-2.4573624,1.3821903,-0.811537,0.18645214,2.897443,1.4209881,-3.4355168,-0.57136506,3.3314862,-1.629131,-1.2394208,-0.037622206,-1.1428174,-1.1956124,1.1297836,1.6365716,1.0900793,-5.2672462,-1.6533369,-0.16258012,3.5749722,-2.17664,-0.0901582,2.8631983,0.9926298,1.2729322,-4.6781874,-0.17129664,-2.0827062,-0.89832294,-0.93891263,-0.8095485,-3.6500893,-1.478762,-0.5903902,-1.522176,0.043217823,-2.1925764,3.0863168,-0.5828223,-0.21195571,0.68938804,-1.0904527,-2.4556606
0,/data_nas/huangyj/data/placePulse/rawData/googleviews-110802files/50f5e706fdc9f065f0006f86.jpg,2.0628045,-4.0343466,0.2973942,1.375639,-1.5927919,0.9406282,-2.0670347,1.7595352,-6.7266183,-1.7239263,-0.873786,2.599075,0.09467781,-1.0574265,4.2458205,-0.7294536,2.784903,-0.2736211,-0.74504095,1.4827156,2.2175338,-0.6636829,-0.8809585,-0.48656812,-1.0687016,-1.0555624,1.8711338,-1.8422551,1.0368329,0.47984436,0.75221395,-0.020425556,-3.7033992,-2.1223392,-2.1300771,-5.354814,0.13270554,-1.2877212,2.4042451,-3.229078,0.23263566,0.14940943,-3.744946,-1.1715188,2.3459513,-2.2278564,-0.09227343,6.6351523,-1.2668896,-2.163973
0,/data_nas/huangyj/data/placePulse/rawData/googleviews-110802files/5141515cfdc9f04926007f83.jpg,0.18749122,-5.016031,2.4810295,0.2860252,-0.7988361,0.3913139,-1.9698627,0.53233945,-6.4243383,-1.0846174,1.2222459,1.862192,-2.1590044,-0.65616757,4.661353,-1.1215218,0.4380831,-0.08314711,-0.7655995,-0.26803923,1.4225868,-0.46532425,-0.07970681,-0.7532921,-2.447543,-0.2742085,1.9317782,-1.7718916,-0.44491974,0.46755597,1.7458518,-1.3472869,-3.3617444,-0.8339117,-1.835156,-5.623874,-0.15519421,-1.5920053,0.8206953,-3.620065,1.7035248,-1.7368,-3.1990135,0.03511369,2.3487427,-1.9545664,-0.4991451,5.920175,-1.7244115,-3.7214684
1,/data_nas/huangyj/data/placePulse/rawData/googleviews-110802files/50f563fbfdc9f065f0005f84.jpg,1.1424187,-2.4001546,0.65577775,1.232866,-0.6120754,1.5293918,-0.5469448,1.9134532,-5.6082997,0.59669214,0.006545132,-0.25222427,-1.3685874,-1.3332293,2.8112698,-0.7736585,1.0611176,-0.2685196,0.60956615,-0.9787177,3.4168556,1.4401236,-1.9082237,0.27256706,-0.5373657,-0.6585862,1.3322588,-1.6399592,1.7631114,3.14949,0.08531295,-3.0662587,-1.557037,-1.6997781,-2.4656312,-4.8789716,-0.5463835,-1.2486045,0.7781062,-2.1721709,3.0485072,-0.44932672,-2.9382942,1.4919995,2.9297879,-2.2516117,1.114729,5.178148,0.35933498,-1.5720457
0,/data_nas/huangyj/data/placePulse/rawData/googleviews-110802files/513d6c5bfdc9f03587004f53.jpg,1.7087318,-2.2610006,-0.9720781,-0.053937733,-0.089534536,1.5098758,-1.0485324,1.2844568,-5.9299335,-0.73928523,-0.36827666,0.69953316,-0.050059065,-1.6959488,2.6367838,0.21825507,1.5678871,1.0144092,-0.21435854,-0.6013023,3.8454669,0.9316535,-1.2304931,-1.5836099,0.39170483,-0.9175957,1.48775,-3.736395,1.7009295,2.7414916,-2.2194476,-0.4119795,-3.3308887,-4.1139464,-2.9529092,-4.9987803,-0.35743856,0.9782026,1.4031157,-0.40481845,0.92933017,0.4545412,-3.0762885,-1.0349252,2.5401142,-0.8318607,1.5824558,5.891823,-0.6163182,-0.957969
0,/data_nas/huangyj/data/placePulse/rawData/googleviews-110802files/513d558afdc9f03587002f52.jpg,1.1008593,-4.716962,1.3026344,1.9895047,0.21283406,1.5065185,-0.7309353,1.0008379,-7.1628337,-0.61313206,0.86537254,1.7006745,-1.1680193,-0.5505733,4.2264543,-0.36098263,0.9880044,0.33057335,0.60647094,-0.5433765,2.1920638,-0.46264774,-2.6709752,-1.5640209,-1.4059964,0.2148547,0.87698025,-2.0757473,0.1976844,1.751993,-0.9622064,0.19276462,-4.256929,-1.8905114,-3.2950516,-6.0382285,0.69606066,-0.120549634,0.8388785,-1.7201067,0.21792038,-0.84806174,-3.924574,-1.5466496,2.407856,-1.9770852,0.3661233,7.191138,-0.5728036,-3.3458128
1,/data_nas/huangyj/data/placePulse/rawData/googleviews-110802files/5140dbebfdc9f04926003f5e.jpg,3.3218958,-4.6088448,0.75064784,2.523564,1.7890948,2.0936947,-0.9253214,3.207629,-6.4810286,0.27997607,-0.27314627,2.398104,-0.453241,0.82386804,5.0222273,-2.7352488,2.56463,-1.7985588,1.0548332,1.5713984,2.5357082,-2.0055792,-2.8696194,-3.785359,-0.98792017,1.1580464,1.345638,-1.6490284,1.1288911,0.9992479,0.71484745,0.30064467,-6.241043,-1.0047138,-2.6609404,-5.778677,1.9405477,-0.98959136,-0.014858645,-2.8531914,-0.20695987,0.6570114,-2.8486211,-2.1936135,2.08986,-2.3460784,-1.3039707,6.8458157,0.58070266,-2.4794843
0,/data_nas/huangyj/data/placePulse/rawData/googleviews-110802files/50f5e704fdc9f065f0006f59.jpg,-1.1548147,-4.338845,3.4036596,0.23009959,-0.48659265,0.44837153,-1.206386,-0.2954389,-3.3130786,-0.2209969,2.5185087,0.76847166,-3.416022,0.31624967,3.6125739,-0.8266841,-1.6424115,0.56980085,-0.34077993,-1.9178419,1.7496586,0.045114778,-0.3037026,0.7155843,-2.367284,1.273463,1.3729007,-1.6141388,-0.8019673,0.82684803,1.4098911,-3.598014,-0.4637736,0.033789717,-1.7482917,-3.0901613,0.22195339,-0.9553425,-0.307938,-2.4577487,3.5223846,-2.414823,-0.86655927,1.8719352,1.7907581,-0.85393125,-0.003250868,2.5354018,-1.7945668,-3.7830238
0,/data_nas/huangyj/data/placePulse/rawData/googleviews-110802files/51409a72fdc9f04926000f50.jpg,3.9057946,0.290942,-3.007541,0.5705287,-2.9293947,1.0971594,-1.8933791,3.2157803,-2.5287175,-1.165301,-3.2694726,2.1431763,1.655316,-0.4486035,1.6447138,-0.2798951,3.8018544,0.636367,-1.0746311,2.128211,3.6232343,0.37615457,-0.5571441,1.7017548,2.380098,-0.29475936,2.0949275,-2.868994,3.2731676,1.6939106,-1.40182,-3.432859,0.24458513,-4.360936,-1.773592,-1.9229295,0.5201984,0.95152724,3.4093633,-0.48472047,2.9911664,3.2845402,-0.46151373,1.2147758,1.3314663,0.034300186,1.4926703,2.449437,-0.95359886,2.4619606
1,/data_nas/huangyj/data/placePulse/rawData/googleviews-110802files/50f44866fdc9f065f0003fad.jpg,4.5220313,-2.5326834,-2.0347488,0.8178931,-0.25229996,2.7242708,-0.7995466,3.6288593,-5.4022355,0.20361094,-2.1790829,1.2178195,1.2544544,-0.060083676,3.7870529,-2.2923214,3.8148365,-1.3705364,0.6477298,1.831917,4.7700224,-1.1360178,-2.1325438,-1.8555537,1.0157385,0.3621066,1.344842,-3.2495558,3.152407,1.6470153,-0.656905,-1.5188608,-3.7623138,-3.653939,-2.3806539,-4.846312,1.3926064,0.31908306,2.0957642,-1.4573214,1.3670037,2.4674783,-2.3098779,-0.92869824,2.0089588,-1.0079242,-0.025493301,5.787348,0.8586933,-0.004290577
0,/data_nas/huangyj/data/placePulse/rawData/googleviews-110802files/50f5eeacfdc9f065f0008fa9.jpg,1.5369469,-1.1395074,-1.1303117,0.6968473,0.23754033,2.2020037,0.2506526,0.89359426,-3.41,0.30401477,-0.38003764,-0.19591404,-0.078272946,0.5236052,1.3734568,0.13703722,0.76985574,1.4761131,0.61846626,-0.91995037,4.2016306,0.22497042,-2.3499126,-0.7148251,1.4472269,1.634924,0.061076276,-2.9604487,1.7218895,1.9218663,-2.7474232,-2.7979586,-1.3150038,-3.180332,-2.4974656,-3.2587554,1.4438941,1.765342,0.48093182,0.599978,2.7546003,1.0728166,-0.20056564,0.5724291,0.9204509,-0.06897841,1.5850947,3.491003,-0.62810427,-0.005820755
0,/data_nas/huangyj/data/placePulse/rawData/googleviews-110802files/5140db99fdc9f04926003f0d.jpg,1.0102705,-1.3151779,-1.6463532,-1.0420104,-0.3030049,1.016953,-1.5419395,0.14969015,-5.3964143,-1.5913922,-0.71855736,0.2672012,0.5217889,-2.098009,1.6247604,1.3840138,1.7115525,2.399664,-1.4324183,-0.63530785,4.3144674,1.6992464,0.13217762,-1.6999604,1.11909,-1.528299,1.5005805,-4.022931,1.8298514,2.21454,-2.4650083,-0.11320053,-3.112118,-4.7873187,-2.4678771,-4.5406094,-0.8612373,1.1137052,1.5081279,-0.39422166,0.8632245,0.59353876,-2.3637948,-1.0193871,2.287905,-0.7526525,2.3875034,5.340897,-2.3451862,-0.23724641
0,/data_nas/huangyj/data/placePulse/rawData/googleviews-110802files/513e5de2fdc9f0358700af03.jpg,-0.42185608,-4.5941415,2.507738,-2.174943,-0.7397534,-0.008061495,-2.860414,0.22850052,-3.8123055,-1.3046861,1.8178661,1.244916,-2.6004884,-1.684199,4.5323052,-1.4044691,-0.35471967,-0.20587872,-1.8785954,-0.84560776,2.3554928,0.38242847,2.2313538,-0.39674127,-2.7472482,-1.2580913,3.1211443,-3.136473,-0.13320589,0.7492197,2.4141638,-1.4307787,-1.8879132,-1.5023652,-1.1707705,-3.195152,-1.5011778,-1.5355707,0.81534106,-3.375964,1.7363853,-2.1553042,-2.191484,0.17467207,2.9553447,-0.55670106,-0.40530652,3.0972476,-1.9538288,-3.6062372
0,/data_nas/huangyj/data/placePulse/rawData/googleviews-110802files/5140cd28fdc9f04926002f0f.jpg,2.1490881,0.48548567,-2.3232732,-1.0130516,-0.6165326,-0.29124856,-2.7051194,0.95729446,-2.23195,-1.9233404,-1.6506097,2.6093817,0.42256305,0.58980435,1.0926676,1.1990565,1.9351879,3.8276913,-2.6119149,0.7141602,2.7491724,1.042912,1.0011691,-1.4214642,3.005118,1.0113485,2.4233136,-3.8974016,1.5712427,1.4858718,-3.134307,-2.7427099,-1.7163604,-5.0279193,-2.1374874,-2.4104137,0.9421575,2.7599082,1.0083449,0.7002931,3.1978762,2.7549903,1.5086999,0.3625255,0.6215795,0.8063318,2.3454294,2.2214038,-4.376474,2.4240456
0,/data_nas/huangyj/data/placePulse/rawData/googleviews-110802files/513d6207fdc9f03587003f08.jpg,1.2983222,-0.80959207,0.6834729,0.058041975,-2.5854387,-0.47398102,-2.6341739,1.891852,-1.9129044,-0.53831375,-0.79860735,2.249573,-1.9538459,1.2493968,2.510374,-0.8264284,0.8876477,1.6226234,-1.8517851,0.40416706,1.804332,0.75817937,0.7802443,2.3440835,0.776368,1.53442,2.7708638,-1.465013,1.0156004,1.1908779,1.1055284,-7.3515253,1.5365604,-1.6810634,-1.1081074,-2.2589571,0.69204426,-0.50605136,1.0100356,-2.5352566,6.9320617,1.0185593,1.5102183,4.550949,1.114565,-0.6121601,0.9619312,1.0710275,-3.2310016,0.80122274
0,/data_nas/huangyj/data/placePulse/rawData/googleviews-110802files/50f5e701fdc9f065f0006f04.jpg,-1.2326256,-4.174822,3.3177865,-1.4882615,-0.6175862,0.5889927,-1.3761709,-0.319821,-3.8027756,0.11015977,2.2726517,-0.26272917,-3.327942,0.13197485,3.7097971,-1.7354771,-1.5101964,-0.17094956,-0.72684747,-1.6366591,2.475024,-0.26014847,1.0912745,0.39695838,-2.6504035,0.81199163,1.5358667,-1.7382327,-0.6276527,-0.17288613,3.0827236,-4.4182825,-0.66064507,0.1836524,-0.36146984,-3.792001,-0.20466697,-2.080855,-0.35986656,-3.8476713,4.4262395,-2.57034,-0.80166626,2.722076,1.6233221,-1.0812776,-0.74091375,2.7839148,-1.7737782,-3.6988795
0,/data_nas/huangyj/data/placePulse/rawData/googleviews-110802files/50f5ee9afdc9f065f0008f42.jpg,4.7137733,-1.7199266,-1.8558389,2.3914704,-1.3952428,2.6879802,-0.54401934,4.880065,-3.204993,0.5429859,-2.312231,1.2715316,1.0914017,-1.2836016,3.1326044,-2.2119973,3.7642665,-2.695117,1.3566232,1.7790004,4.158419,0.036780424,-3.0729382,1.1202337,0.46665248,-0.83799845,1.7148348,-2.1681542,3.8847673,3.194643,-0.33745608,-1.6079514,-0.79724413,-2.8714488,-2.7175767,-2.0473857,0.29346746,-0.45056295,2.9328783,-0.9656367,0.79447913,2.26073,-2.8528655,-0.27315256,2.797351,-0.894632,0.3341745,3.3876016,3.0877655,0.2531216
0,/data_nas/huangyj/data/placePulse/rawData/googleviews-110802files/50f43ab0fdc9f065f0002f42.jpg,1.745998,-2.0474963,-0.29563484,0.38821694,-0.17539588,1.3861899,-1.2227333,2.032109,-3.3203607,-0.28909275,-0.2749856,0.91794574,-0.6460098,-1.0035142,2.8019402,-0.67580765,1.3437759,0.1562058,-0.1873565,-0.28845525,3.6753635,0.73064506,-1.0989242,-0.43473828,0.11219747,-0.31302813,1.8598559,-2.992878,1.9100258,2.5298586,-0.73567986,-1.5854332,-1.5606288,-2.8797123,-2.3581092,-2.6013842,-0.15308522,0.18209614,1.1945401,-0.9183203,1.5916733,0.47116128,-1.5776898,-0.011262853,2.4612854,-0.43979397,1.143041,3.203387,-0.31302333,-0.74349385
1,/data_nas/huangyj/data/placePulse/rawData/googleviews-110802files/50f5ee9bfdc9f065f0008f4e.jpg,2.7911186,-5.490382,1.4946083,2.1428561,-2.1360562,0.9660526,-2.1321616,3.0047135,-6.67397,-1.1324931,-0.53071177,3.705961,-0.7929106,-0.6422619,5.862696,-2.2829833,2.7284265,-2.0743763,-0.0077426797,1.918618,1.0117214,-1.6901553,-1.6582252,0.49978647,-2.4491982,-0.5289294,2.2695024,-1.1867592,0.56775486,0.62929064,2.0791035,-0.54696137,-3.2630758,-1.0442357,-2.2834804,-5.226445,0.5372669,-1.9307821,2.828493,-3.8750684,0.32613903,-0.19467428,-4.551049,-0.8971877,2.5819504,-2.2459803,-1.2427063,6.5546994,0.13664708,-3.2183053
1,/data_nas/huangyj/data/placePulse/rawData/googleviews-110802files/513d9d0cfdc9f03587007f41.jpg,3.1940165,-1.3968636,-1.0910918,0.5355053,1.6666372,1.0219414,-1.9735869,3.1552444,-5.328036,-0.034578994,-1.3606713,1.4887701,-0.13422294,-0.47157627,3.0894172,-1.3824146,2.919776,0.25209856,-0.68481946,1.0637741,3.6775613,0.8753416,-0.6636311,-4.059789,1.3030139,-0.35712543,2.6004004,-2.8206575,2.5326216,2.8288112,-0.5586155,-1.2255728,-5.305711,-3.1397393,-2.4661658,-5.072326,0.23948766,-0.17840835,-0.22529922,-1.9256285,1.7306597,1.8217127,-1.5055727,-0.78094125,2.757612,-1.8406969,0.8541566,5.48359,-1.0579407,0.51004833
0,/data_nas/huangyj/data/placePulse/rawData/googleviews-110802files/50f5eafafdc9f065f0007f45.jpg,-0.6308817,-3.4473348,3.0193763,-0.53738713,1.554428,-0.6548172,-2.909066,0.657917,-1.4670181,-0.89947873,2.4715078,1.8904203,-3.3611007,-0.54060334,3.6829543,-0.91474164,-1.0740973,0.75471485,-1.8060409,-1.090941,1.4794481,1.2516365,1.4351677,-1.787959,-1.9000089,-0.096007526,3.439144,-2.1759937,-0.24823925,1.7107733,1.5684489,-1.1226597,-2.103895,-0.54531884,-1.7954302,-1.2296084,-0.90088284,-1.1266874,-1.4663382,-2.4008954,1.4688867,-1.794901,-0.11142246,-0.13167435,2.755607,-0.55640084,0.16229974,0.88837487,-2.487197,-2.8058963
0,/data_nas/huangyj/data/placePulse/rawData/googleviews-110802files/51415142fdc9f04926007f44.jpg,1.2346308,-3.2505617,1.9832786,-0.59604645,-1.9173657,-0.4113721,-3.2111897,1.7531643,-3.8364973,-0.79456705,0.30598468,3.0057588,-2.8283617,1.1429659,4.5559974,-1.8603759,0.5296067,0.85511816,-1.8309077,0.36692405,1.4922298,-0.14591742,1.2202526,0.82055026,-0.8398993,1.5399739,3.2964394,-2.1140761,0.17028956,0.70675004,1.9740236,-6.3314366,-0.62001944,-1.5867293,-1.4203405,-4.140689,0.7331975,-0.9122762,0.75020134,-3.4479046,6.164606,0.036421016,0.14904773,3.310794,1.6012535,-0.8782426,-0.17845862,2.9814367,-3.2364688,-1.2400994
1,/data_nas/huangyj/data/placePulse/rawData/googleviews-110802files/5140d7e1fdc9f049260038d6.jpg,3.7377994,-2.5569406,-1.7898408,-0.08685353,-0.6436611,0.78874063,-2.8680515,2.113659,-4.2769227,-2.4381855,-2.2310395,4.1025224,1.5272411,1.138814,3.6318517,-1.1312428,3.7641056,0.7198879,-2.0655704,3.230543,2.5861151,-2.3853366,0.38357985,-2.6393821,1.0797073,1.0854837,2.210486,-3.4114265,1.3122983,-1.2865872,-0.22207421,-0.009775529,-4.6923327,-3.6584036,-1.3921826,-3.7132683,2.1091237,0.9190881,2.1554954,-1.969128,0.24399358,2.6435833,-0.38297567,-2.0553994,0.43522772,-0.089421764,-0.45250636,4.576665,-3.1171377,0.36180738
0,/data_nas/huangyj/data/placePulse/rawData/googleviews-110802files/50f43480fdc9f065f00028d6.jpg,1.9996942,0.9108988,-1.8912097,-2.0341983,1.6015995,-0.7561989,-3.0782435,1.552876,-2.9277341,-1.000716,-1.2231857,1.7376722,-0.43958178,-0.34203228,1.2849058,0.33562294,1.7227281,3.1938262,-2.7367213,0.29937422,2.6979434,2.3175957,2.0372698,-4.2382636,2.8399854,-0.20778377,3.361668,-3.9010916,1.793737,2.9205475,-2.2534897,-2.0161529,-3.9626317,-4.614518,-1.9690626,-3.4263363,-0.33732113,1.8029073,-0.8958784,-0.06335546,2.9907963,2.2900932,0.98906815,-0.03393705,1.8377221,-0.08870192,2.2338493,2.9147708,-3.83804,2.5409288
0,/data_nas/huangyj/data/placePulse/rawData/googleviews-110802files/50f5e56cfdc9f065f00068d2.jpg,0.37018564,-3.541256,2.275389,0.19892898,1.6634493,-0.7653064,-3.3115866,0.7983578,-3.0525043,-1.4734131,1.389391,3.3736687,-2.6735811,0.9689109,4.116431,-0.7375079,0.119258866,1.8978862,-2.2286682,0.04742607,1.1514367,0.16273396,0.9601927,-3.1492906,-0.81533307,1.2828859,3.2469847,-2.2425961,-0.4548992,0.8658136,0.8131626,-1.2867246,-4.0474358,-1.2038233,-2.1246893,-3.0422468,0.7183733,-0.33752215,-1.3255002,-2.5923483,1.8438509,-0.484411,0.4063405,-0.5714277,1.9546038,-0.99257725,0.18490669,2.82172,-4.2264457,-1.9810802
0,/data_nas/huangyj/data/placePulse/rawData/googleviews-110802files/50f5e56cfdc9f065f00068d1.jpg,0.59321976,-2.3304272,1.7130617,-0.22395743,-0.1928621,-1.6887326,-4.109518,1.1641308,-5.4304466,-1.8590678,0.06480796,3.5211217,-2.381854,-0.0841398,3.7036722,-0.29386902,1.1417258,2.197229,-3.0358222,0.7148424,0.4107174,1.2957163,2.0509555,-2.118874,-0.37098387,-0.31493792,3.8834474,-1.4865903,-0.18952343,1.1787179,1.4883033,-2.9647923,-3.9119704,-1.6422209,-1.587603,-5.325518,-0.44413564,-1.4627081,-0.4623388,-3.9170325,3.6842887,-0.13280971,-0.8504237,1.2380755,2.2307932,-2.393849,0.66543436,4.772424,-4.8207703,-0.7856861
0,/data_nas/huangyj/data/placePulse/rawData/googleviews-110802files/513f11f2fdc9f0358700c8da.jpg,2.4272327,-1.0935526,-2.0172977,0.80967647,-1.7516208,2.0023792,-0.58382195,2.0272095,-6.694866,-0.5301542,-2.3030732,-0.016268395,1.460628,-1.8180307,1.7792811,0.018782962,3.279603,0.011109818,0.07220254,0.86742806,4.3668995,0.51154363,-1.5456754,0.1068245,0.9755404,-1.6324701,0.74328536,-2.1813607,2.740938,1.697511,-0.7331397,-1.5049012,-2.3801956,-3.4044766,-1.7342815,-5.5282793,-0.37313837,-0.67877454,2.6223588,-1.9717528,1.6671399,1.2850052,-3.5146801,0.39502245,2.103181,-2.2062755,1.3655875,6.5592313,-0.011949018,0.12983917
0,/data_nas/huangyj/data/placePulse/rawData/googleviews-110802files/50f5e567fdc9f065f0006863.jpg,-0.68298006,-2.7349663,3.306513,-0.68893784,-2.6390316,-2.2337317,-4.1257706,0.44144833,-2.5460067,-1.783155,0.91806906,3.496826,-3.6304557,0.8935225,3.7369173,-0.6841419,-0.42365032,1.9087722,-3.2380936,0.20350556,-0.6067181,0.61762106,2.9221876,1.9496695,-1.5140022,0.81508684,3.7577958,-0.60171217,-1.2056628,-0.19745342,3.2675114,-6.086231,0.5572332,-0.042842887,-0.4407319,-2.7796168,-0.23877156,-1.9749432,0.34002885,-4.3605204,6.091337,-1.1100179,0.78849477,4.077578,1.317431,-1.2798749,-0.05984884,1.3154311,-5.125562,-1.4652144
0,/data_nas/huangyj/data/placePulse/rawData/googleviews-110802files/513d69cefdc9f0358700486e.jpg,1.7917997,-3.223424,0.8521933,0.9673309,2.981299,-0.6700369,-3.351787,1.9913168,-6.2355356,-1.5553106,0.34210065,3.3658903,-1.3511275,-1.4056898,4.2247605,-0.3248237,2.0373917,1.1595135,-1.8091503,0.80196077,0.98459095,1.4779398,0.18025354,-5.988479,-0.46427688,-1.5840048,3.6389706,-2.2826781,0.5654996,2.9325662,-0.53100073,2.7583768,-7.860527,-2.4511034,-3.289502,-5.48058,-0.69637287,-0.56856006,-1.1993985,-2.2602453,-1.5573703,0.18567988,-3.1620028,-3.6704807,3.538547,-2.4765732,0.66948795,6.521439,-2.5941718,-1.5651976
1,/data_nas/huangyj/data/placePulse/rawData/googleviews-110802files/50f56203fdc9f065f0005865.jpg,1.7070538,-3.3754697,0.70727843,1.2826232,-2.746359,1.5916742,-1.0099235,2.3519073,-4.587868,-0.2507083,-0.33571848,0.99606997,-0.9139399,-1.7106087,3.6371093,-1.2490618,1.556787,-1.4697034,0.45352077,-0.040470168,2.993786,0.28181934,-1.6605282,2.6873496,-1.5269088,-1.0584017,1.6613244,-1.902971,1.7190493,2.214704,0.927981,-2.6215196,0.16798235,-1.7056512,-2.213321,-3.303004,-0.6385002,-1.3403426,2.9156356,-2.3352706,2.1146922,-0.47880217,-3.5645294,1.2074828,2.8775606,-1.3118345,0.39978662,4.1018147,1.0739561,-2.1455207
0,/data_nas/huangyj/data/placePulse/rawData/googleviews-110802files/50f5e567fdc9f065f0006860.jpg,-0.8409775,-3.4591885,2.7296488,0.2973124,-1.9062032,0.050359957,-1.7444632,0.1537754,-3.0036132,-0.739528,1.6851914,1.2137859,-3.0363243,-0.33262283,3.2285814,-0.23222932,-1.0260211,1.0308834,-0.90315086,-1.6106704,1.7578971,0.83791566,-0.008462516,2.3334985,-1.8407885,0.48546085,1.9458183,-1.6613381,-0.24798532,1.3896202,1.0974354,-4.315486,0.9493689,-0.7375816,-1.8334204,-2.512379,-0.3799312,-0.94365484,0.80164665,-2.3559246,4.1160536,-1.8673612,-0.972017,2.6318972,2.0669181,-0.77334845,0.7400796,2.0782826,-2.104874,-2.7956262
0,/data_nas/huangyj/data/placePulse/rawData/googleviews-110802files/5141469cfdc9f04926006864.jpg,3.7930098,-1.518014,-2.2210224,0.9903468,-0.78508526,2.4243908,-0.4002728,3.2381036,-3.2917418,0.179024,-1.4492086,1.0557225,0.75454134,-0.9939725,2.6053278,-0.90366435,2.5123036,-0.44312105,0.9089809,0.30659312,4.308358,0.3943616,-2.691989,0.09874828,1.2651589,-0.0061218226,1.3528595,-3.8161206,3.0900974,3.5517077,-2.8989816,-1.4609004,-1.1462635,-4.4701996,-3.3874376,-2.5000296,0.5996547,1.9362568,2.4292614,1.0956392,1.1386521,2.1321256,-2.0989594,-0.757927,2.3081264,0.44582972,1.4047475,3.579184,1.5628791,0.41251722
0,/data_nas/huangyj/data/placePulse/rawData/googleviews-110802files/5140d791fdc9f04926003832.jpg,2.397407,-0.060581014,-1.0261148,-0.06285354,1.6121541,-0.01926189,-2.8148685,2.3861916,-0.16203381,-0.96836245,-0.6443704,2.6795204,-0.65162116,0.66513926,1.8343109,-0.36428934,1.4501299,1.9044507,-1.989933,0.8154848,2.810555,1.194677,0.57777524,-2.5863798,1.9225427,1.0149565,3.2331107,-3.1903129,1.920527,2.1860006,-1.4140089,-1.7693523,-2.1823485,-3.3379197,-2.1311083,-0.34882557,0.7369426,1.3264648,-0.6334518,-0.059257492,1.9557276,2.199472,2.0187302,-0.4228762,1.4415919,0.5802925,1.4134483,0.19844033,-2.7445202,1.5748892
0,/data_nas/huangyj/data/placePulse/rawData/googleviews-110802files/50f5e566fdc9f065f000683c.jpg,-0.6708904,-3.9174428,3.5606344,-1.3881685,-1.174861,-0.806749,-2.958911,0.48803502,-3.3278565,-0.5728679,1.7470969,1.7212301,-3.7955158,0.3274737,4.3788123,-1.9419013,-0.8904644,0.18920355,-1.9112235,-0.67549866,1.039061,0.13846865,2.2150302,0.48824814,-2.4052625,0.64465266,3.0688796,-1.4906442,-0.80281353,0.17704037,3.7117233,-5.154701,-0.73128736,0.1840183,-0.5006039,-3.5400388,-0.4400258,-2.2695072,-0.2306811,-4.430451,5.1594257,-1.9854473,-0.26073867,3.1976492,1.9575316,-1.239963,-0.7000705,2.2355087,-3.0619068,-2.8731198
1,/data_nas/huangyj/data/placePulse/rawData/googleviews-110802files/5140ca70fdc9f04926002838.jpg,4.2223415,-1.7948523,-1.4210874,2.0511339,-3.1504009,2.644605,-0.063295014,4.2570324,-4.732653,0.8330457,-2.8551328,0.901534,1.1125722,-0.22144525,3.0755267,-2.6447551,3.7062821,-2.8757129,1.567719,2.1442266,3.3773997,-1.3652003,-2.8525646,2.5374122,0.23285618,0.0723546,0.7618,-1.0617707,2.946283,1.2687994,1.0315691,-3.9937015,-0.0699012,-1.738895,-1.3484491,-3.8509567,1.0275334,-1.2452229,3.451179,-2.3686955,3.0468352,1.9841101,-2.6970255,1.9515122,1.5361917,-1.5899189,-0.5623634,4.5929837,2.6220896,0.2127753
0,/data_nas/huangyj/data/placePulse/rawData/googleviews-110802files/513d7a76fdc9f03587006835.jpg,2.2071338,-0.8940453,-1.2621543,0.88129485,0.8233997,1.4051349,-0.8593524,2.1168356,-3.0513942,0.0047086785,-0.51609296,0.86375064,-0.32863334,-0.7136218,1.8784369,0.10371671,1.3606374,1.2770272,0.11301543,-0.6222103,3.746264,1.5416696,-1.8616923,-1.5159075,1.5059062,0.18722565,1.6343459,-3.3679497,2.2876205,3.7614577,-3.0138001,-1.4280387,-2.0408683,-3.8292112,-3.32391,-2.6227415,0.23461856,1.7265825,0.4304687,0.89539135,1.581597,1.3888319,-0.95719016,-0.5114578,2.3404422,-0.12877448,2.0835018,3.2069452,-0.32523957,0.43306422
0,/data_nas/huangyj/data/placePulse/rawData/googleviews-110802files/50f5ec3afdc9f065f000883b.jpg,-0.030978573,0.08429299,0.48404518,-0.08491535,-1.7503053,-2.6930056,-4.573155,0.75188655,-3.9874146,-3.0732656,-1.3608532,3.4512315,-0.91742617,-1.334819,1.4808341,1.5907341,2.0328364,3.191174,-4.2646494,1.4930533,-0.13304605,2.456962,3.1529295,-0.19519064,0.6360001,-2.2229373,4.030587,-0.46554035,0.2676256,0.7838523,1.5109928,-2.0053453,-2.0769687,-1.6703969,-0.593137,-3.3152616,-1.8063681,-2.0340917,0.643566,-4.0072722,2.7797568,0.36611196,-0.58655113,1.6142046,2.0292678,-2.6914918,1.7370453,3.192955,-5.726635,0.9675461
1,/data_nas/huangyj/data/placePulse/rawData/googleviews-110802files/50f42c19fdc9f065f0001872.jpg,4.643026,0.4104818,-2.5320227,1.4576064,-2.9225101,0.9778836,-2.2980165,4.82925,-2.075294,-0.67464113,-3.7674468,2.5697222,1.5282027,-0.69064474,2.0888727,-1.4824709,4.5597506,-1.1254367,-0.89425063,3.194071,3.1829338,0.44130713,-0.6191516,2.1871355,1.7563312,-0.9583115,2.8704321,-1.4717606,3.8103683,1.8566202,0.71408695,-3.6392117,0.42474443,-3.0263782,-1.2063937,-1.2956731,0.10291131,-1.0085751,3.3254879,-2.1138697,2.8733864,3.3858185,-0.7918097,1.7018064,1.8436548,-1.052128,0.7405179,1.8847072,0.18940318,2.5515594
0,/data_nas/huangyj/data/placePulse/rawData/googleviews-110802files/50f5e567fdc9f065f0006871.jpg,0.08015064,-3.3095212,2.1690683,-0.4699244,2.5691214,-1.3229616,-3.3553343,1.0020268,-5.6968355,-1.3096528,1.3406675,2.3483183,-2.3018563,-2.1292624,3.9230874,-0.5204928,0.6939975,0.6788206,-2.0932977,-0.039014116,0.113188714,1.6982852,1.7165852,-5.1526628,-1.7185702,-2.4320416,3.737764,-1.757253,-0.46276322,2.3856814,1.0888174,2.518503,-6.8385477,-1.0779526,-2.0746372,-4.97562,-1.9511664,-1.6382887,-1.6544758,-3.111909,-1.2185762,-1.4609262,-3.2116737,-2.7068574,3.675483,-2.4990253,0.086546935,5.565069,-2.4032423,-2.4553201
1,/data_nas/huangyj/data/placePulse/rawData/googleviews-110802files/50f5ec3dfdc9f065f000887f.jpg,1.611609,-3.4588299,1.8175888,0.90698385,-1.6567261,0.2217521,-2.5842402,2.242909,-2.8788304,-0.61518013,0.5639101,3.1831625,-2.7446463,0.9425708,4.5089135,-1.4967083,0.46395725,0.6714161,-0.9548957,-0.09183319,1.8982677,0.102759205,-0.5755274,1.4820089,-0.78234047,1.7484837,3.001259,-2.3464615,0.6528909,1.9333202,0.64027727,-5.3948145,0.08689241,-1.8591533,-2.6178875,-2.7962804,0.9751916,-0.10646656,1.0918487,-2.1039164,4.9667172,0.14239882,-0.15161553,2.421998,2.0553727,-0.36074936,0.43445492,2.2702444,-2.1124966,-1.4782778
0,/data_nas/huangyj/data/placePulse/rawData/googleviews-110802files/50f5ec3dfdc9f065f0008878.jpg,-0.14045437,-2.3565216,2.2871623,-0.71560824,-1.5072044,-1.420891,-3.7895274,1.1417224,-3.0393286,-1.5856328,0.6159397,2.532558,-2.775447,-0.8817644,3.4221015,-0.5749618,0.29377922,1.1588893,-2.8054972,0.06560121,0.8450605,1.5819272,2.436978,0.69302887,-1.337756,-0.96802855,3.958077,-1.3876462,0.06475057,1.2321835,2.5612514,-3.6410942,-0.7074614,-0.9691741,-0.9679319,-2.6658506,-1.3800616,-2.1186576,0.40297613,-3.9211926,3.8694065,-0.984603,-0.6397265,2.2652676,2.5648482,-1.5113595,0.44375387,2.0402114,-3.490695,-1.3474752
0,/data_nas/huangyj/data/placePulse/rawData/googleviews-110802files/50f4347cfdc9f065f0002875.jpg,2.218193,-2.2251148,-0.7254227,0.2556577,-0.561794,0.6534233,-2.8275778,2.0665848,-3.0608315,-2.1801758,-1.172892,2.712936,0.60887384,-1.078625,3.0026207,-0.48650596,2.7658455,0.21195391,-1.918755,1.8439264,3.20281,-0.17673278,0.57533914,-0.98778415,-0.04092696,-1.154772,2.8133721,-2.775366,1.8513577,0.42013273,0.699371,0.55007493,-2.751762,-2.8150713,-1.4683305,-1.8862425,-0.18928544,-0.7869074,1.8929375,-2.4856935,-0.43113914,1.015564,-1.391155,-1.5333887,2.0866127,-0.7819043,0.3822217,2.9729617,-1.963647,-0.6013876
0,/data_nas/huangyj/data/placePulse/rawData/googleviews-110802files/513f2c66fdc9f0358700d875.jpg,0.89248395,-1.427561,-1.0343499,-2.2373612,0.5658917,1.3705765,-0.8886291,0.06427124,-2.8517554,-0.4142302,0.31990886,-0.28786442,-0.40283582,-0.49245852,1.8100785,0.010766968,0.20739299,1.8080109,-0.7662691,-1.2504181,4.0859065,0.5960143,0.31910387,-1.9180925,0.97439426,0.5067073,1.180298,-4.457987,1.2351233,1.6050574,-2.3010497,-1.59469,-1.9535123,-4.0893693,-1.8377135,-2.8546517,0.23234987,2.1001635,0.36663926,0.62763083,2.085223,0.5205838,-0.14640552,-0.32152516,1.2972515,1.0502232,1.3106142,2.7736058,-1.526995,-0.26648468
0,/data_nas/huangyj/data/placePulse/rawData/googleviews-110802files/513d9afdfdc9f0358700787b.jpg,1.4231029,-0.6114476,-0.14629021,-0.77268857,-1.6215173,-1.1289274,-3.6870613,1.7713962,-3.2844906,-1.6298945,-1.0614293,2.7150147,-1.4112788,-0.6432692,2.5699818,0.10193225,1.6445967,2.3854399,-2.9096308,0.51049966,1.9139231,2.0996578,1.8887098,0.031980135,1.0870706,-0.6232045,3.8258247,-2.5879476,1.3739595,2.336004,0.056783196,-4.359802,-1.0163188,-3.3123019,-1.7915543,-3.2286625,-0.7966286,-0.114492625,1.036175,-2.1521144,4.6838837,1.1457372,-0.032442197,2.2676687,2.334357,-0.86988646,1.8092237,2.662072,-3.9292626,1.087168
1,/data_nas/huangyj/data/placePulse/rawData/googleviews-110802files/513e64abfdc9f0358700b874.jpg,-1.3807564,-4.586275,3.141747,-1.0240083,-1.5002098,-0.48241332,-2.4205594,-0.5060868,-5.477214,-1.4844807,1.903152,1.1309711,-2.7893429,-2.001801,4.042281,-0.33204052,-0.5725572,0.38886052,-1.5985168,-1.2133776,1.0342535,0.7650336,1.5607928,0.40566662,-3.0862334,-1.7116313,2.4168377,-1.7413445,-0.9326159,0.753373,2.3136592,-1.2655058,-1.9006011,-0.62205905,-1.2660662,-4.5455537,-1.8023165,-2.1138613,0.88733137,-3.775673,1.751514,-2.9053617,-3.3852413,0.6880268,2.8519075,-1.7863431,-0.050701547,4.6014524,-2.2354305,-4.0547404
0,/data_nas/huangyj/data/placePulse/rawData/googleviews-110802files/50f5e565fdc9f065f0006822.jpg,2.0553477,-3.9437308,1.4427524,0.3330737,-2.4677823,0.9950807,-1.8745717,2.8296578,-3.8569052,-0.10376207,0.02094234,1.9489563,-1.824349,-0.7738179,4.7834573,-2.4897983,1.2584902,-1.7449803,-0.08440885,0.3724243,2.187596,-0.31084102,-0.56816,2.0924304,-1.8464545,-0.21620424,2.6348839,-2.1636438,1.143459,1.8039559,1.8898437,-3.8058612,-0.05299176,-1.4568783,-1.892581,-3.1466444,-0.21450387,-1.3103951,2.3125823,-2.8272884,3.2510095,-0.35541978,-2.4352114,1.6702697,2.7258523,-0.7394027,-0.56817585,3.3093102,0.5217691,-2.1375155
1,/data_nas/huangyj/data/placePulse/rawData/googleviews-110802files/51414e5ffdc9f04926007821.jpg,0.96796626,-5.230056,1.8554758,-0.0322152,-3.0792148,2.1840906,-0.26544374,0.87030107,-5.1326194,0.16264987,0.7057178,0.5103026,-1.5529732,0.4227383,4.6214986,-2.388717,0.2997861,-1.6702875,0.8619198,-0.38845867,2.879972,-2.2852771,-1.3626057,2.7071521,-2.4909544,1.3877646,0.34072646,-2.077758,0.16703051,-0.5643,2.0017066,-4.402071,0.23421264,-0.7980201,-1.1270365,-4.553435,1.1710597,-1.0413632,2.645318,-2.9585629,3.7746365,-1.2832376,-2.511096,2.1987898,1.1606783,-0.5878304,-1.2623327,4.5314283,0.40032345,-3.7032344
1,/data_nas/huangyj/data/placePulse/rawData/googleviews-110802files/5140b6d4fdc9f04926001829.jpg,0.13660645,-3.5362554,2.0634272,-1.0315018,0.70794964,0.50219107,-1.7686865,0.5434604,-6.1091957,0.059886485,1.0771967,0.59344417,-2.574113,0.50021875,3.8615162,-1.6297243,-0.029898385,0.6509587,-0.92374325,-0.7843815,2.5950203,-0.16062176,0.6309592,-2.441875,-1.1507463,0.97050613,1.8756257,-2.1535132,-0.07475327,0.59177303,1.8457493,-3.8203824,-3.8587162,-0.9969611,-1.1554682,-6.3082027,0.40269783,-1.4062136,-0.94492346,-3.7709436,4.31794,-1.1272207,-1.0943238,1.754927,1.8081989,-1.9873501,-0.24140614,5.493259,-2.564559,-2.3599231
0,/data_nas/huangyj/data/placePulse/rawData/googleviews-110802files/513f1169fdc9f0358700c828.jpg,-0.50027573,-4.9617996,3.2519078,0.23441479,-2.8495362,0.5378504,-1.3736517,0.3320626,-4.93871,-0.44409174,1.8295877,1.2968603,-3.253086,-0.38870987,4.5068083,-1.0736083,-0.91004807,-0.04540122,-0.12593876,-1.5484188,1.3758678,-0.16408804,-0.5696348,2.925796,-2.873292,0.5657756,1.5956761,-1.6567996,-0.6833826,1.0821508,1.6249717,-4.590461,0.64076066,-0.60933435,-1.9158121,-4.3052044,-0.12972158,-1.2209103,1.6927439,-2.8938205,4.3184385,-2.3239844,-2.6047242,2.7228496,2.1139715,-1.0428159,-0.12024411,3.9684377,-1.0628142,-3.9626594
0,/data_nas/huangyj/data/placePulse/rawData/googleviews-110802files/513d69bbfdc9f0358700482a.jpg,3.3492203,-2.3392982,-1.9872792,-1.0678936,-0.9518869,2.4898114,-0.8033769,2.5030756,-3.6204982,-0.21968336,-1.3994486,0.34023845,1.1308438,-1.5082828,3.2206502,-1.675002,2.6997397,-1.2647028,0.20128612,0.7583535,4.7408524,-0.4674288,-0.83741665,-0.5511292,0.3560994,-0.84800917,1.4544252,-4.158295,2.7891872,1.7417377,-0.94480896,-0.47752947,-1.9240884,-4.1914573,-1.8951544,-2.784078,0.05893621,0.82742,2.7894993,-0.41534922,0.3515864,1.4922768,-2.4806213,-1.2856373,2.1977246,0.46888372,0.25544354,3.857299,1.24764,-0.37580484
0,/data_nas/huangyj/data/placePulse/rawData/googleviews-110802files/51414eb1fdc9f049260078eb.jpg,2.2548764,-0.55964005,-1.859876,0.7357145,-0.15006268,1.445719,-0.60007524,1.2781769,-5.613876,-0.2428094,-1.3915223,0.8503959,0.26182786,0.5771289,1.519653,0.6365331,1.8719532,2.5792599,-0.13574225,-0.18852554,3.6301665,0.6213454,-1.9498446,-1.6166044,2.411168,1.3761762,0.63434994,-3.0080106,1.7942715,2.2622614,-3.347401,-3.3139255,-2.7806911,-4.2463317,-2.8562117,-5.579915,1.506742,2.0132666,0.69566184,0.25726256,3.6816385,2.038909,-0.74242216,0.839323,0.95527095,-0.87863666,2.1195297,5.6626706,-1.9840981,1.0958457
0,/data_nas/huangyj/data/placePulse/rawData/googleviews-110802files/513d5d87fdc9f035870038eb.jpg,-0.04538712,-0.29143167,1.1881177,0.30146024,-0.9454785,-2.386296,-4.117496,1.1255258,-3.5470603,-2.0651152,-0.30969143,3.2783904,-2.2737067,-0.70963037,1.9688933,1.235993,0.8754186,3.4462204,-3.4335132,0.18080802,0.116162226,2.9317513,2.0303383,-0.23562929,0.61897904,-0.9930729,4.1181936,-0.9923375,0.19680902,2.3909206,0.43034118,-3.5238793,-1.5091503,-1.8663826,-1.7136517,-3.267107,-1.3105602,-1.0848204,-0.2536799,-2.8890376,4.171057,0.15475515,-0.031180426,2.2866476,2.4180958,-2.1213565,2.1236491,2.7129514,-5.13852,0.64279807
1,/data_nas/huangyj/data/placePulse/rawData/googleviews-110802files/513d7aa7fdc9f035870068eb.jpg,3.519849,-0.6979449,-2.8476334,1.8299114,0.061718635,2.4612055,-0.2419907,2.4286785,-4.06501,-0.42249656,-2.417048,1.0529909,2.01486,0.22080117,1.5307878,0.020083316,3.4425745,0.7993049,0.41708082,1.3111708,4.602804,-0.4575684,-2.8085651,-1.4645793,2.377356,0.7383604,0.36399305,-2.7956853,2.962149,1.5969182,-2.7226264,-0.6748588,-2.8661978,-3.9097445,-2.5729244,-3.3381023,1.6918386,1.4518082,1.7364252,0.12085083,0.62424195,2.786339,-1.0048723,-1.147293,1.1063615,-0.72565484,1.4778587,4.569737,-0.3572522,1.130419
0,/data_nas/huangyj/data/placePulse/rawData/googleviews-110802files/5140ca65fdc9f04926002813.jpg,-0.8117461,-3.9269538,3.3473244,-0.37545785,-1.9597938,-1.2627208,-3.1073313,0.16263124,-4.7187576,-1.369135,1.4622961,2.4756222,-3.4464257,-0.26841146,4.237046,-0.593245,-0.48828837,1.294339,-2.0471845,-0.6614107,0.08640729,0.69196236,1.5696355,1.0129157,-2.1937697,-0.027530529,2.990089,-1.1510454,-1.1402217,0.74748385,2.3078284,-4.1154413,-1.0088568,-0.43671197,-1.336949,-4.4429846,-0.6566332,-1.7569728,0.4776493,-3.8552732,4.367586,-1.8986958,-1.5204889,2.4917665,2.1871085,-1.7190539,0.049323585,3.7220397,-3.6124554,-2.8289998
0,/data_nas/huangyj/data/placePulse/rawData/googleviews-110802files/50f42c12fdc9f065f0001819.jpg,3.25781,-0.48683327,-1.5654094,-0.029140482,-2.7578533,0.65335464,-2.5767338,3.278387,0.16418146,-1.1825626,-2.045003,2.5724812,0.4156475,-0.32770696,2.3628433,-1.115053,2.6992211,-0.11079268,-1.5090699,1.816714,3.2460463,0.32138157,0.46084094,2.583467,1.1405027,-0.083310686,3.0687373,-2.8675156,2.84154,1.4469671,0.17030255,-3.7026215,1.8034489,-3.3323877,-1.3490032,0.64547944,0.14616062,0.29552662,3.018498,-0.9517338,2.9409015,2.3746994,0.6431061,1.5080345,1.5991659,0.8853729,0.8186058,-0.44642794,-0.8819891,1.5036031
0,/data_nas/huangyj/data/placePulse/rawData/googleviews-110802files/513d5d0ffdc9f0358700381a.jpg,3.331264,-1.6739893,-0.72597957,1.8965786,-3.1442237,1.9672232,-0.72835374,3.6593125,-2.3858042,0.34198838,-1.7484841,1.5378227,-0.095413245,0.11562342,2.9065685,-1.8641586,2.3518717,-1.4507061,0.77832407,1.0809194,3.2984853,-0.4435658,-2.3253973,3.4806657,0.31495664,0.7767452,1.4901001,-1.7672975,2.630119,1.9766241,0.2260311,-5.0138183,1.7440956,-2.0915232,-2.0004947,-1.7226269,0.93403876,-0.23760141,3.0520394,-1.3095211,3.9515722,1.6120579,-1.027085,2.5314612,1.689125,-0.34361288,0.3467673,2.0629954,1.3302691,0.16579111
1,/data_nas/huangyj/data/placePulse/rawData/googleviews-110802files/51408ae9fdc9f0358700e810.jpg,0.640202,-4.81625,2.4321897,1.7891932,-2.8437238,2.2080994,0.27231175,1.3410836,-4.4824686,0.7086898,1.1978208,0.37681147,-2.2538557,0.14449872,4.1356974,-1.8246229,-0.30623707,-1.6176229,1.7387055,-1.2197185,2.5377529,-1.1342266,-2.9122534,3.7533371,-2.556303,1.3575824,0.26764226,-1.2404271,0.34503832,1.1344309,1.2502425,-4.720681,1.4243276,-0.21508265,-2.109887,-3.6798716,0.8906428,-1.1272677,2.1495185,-2.2431903,3.8751028,-1.6356509,-2.7236557,2.662074,1.7327414,-0.97744924,-0.49247015,3.7709727,1.3653975,-3.8077345
0,/data_nas/huangyj/data/placePulse/rawData/googleviews-110802files/513d5d73fdc9f035870038c6.jpg,-0.14434555,-2.595336,2.5240564,0.45461658,-1.2428102,-1.0542287,-2.9760768,0.7439011,-3.8133109,-1.0536249,0.8335529,2.8872938,-3.260746,1.1409676,3.423597,-0.34645203,-0.2585318,2.2928514,-1.9925667,-0.46637988,0.72565216,0.74624413,0.7542819,0.60333955,-0.6087934,1.5803438,2.8414664,-1.2322088,-0.5122087,1.0636641,1.2603285,-5.6840916,-0.7305834,-0.8638415,-1.6998808,-3.9572134,0.5422668,-0.8826601,-0.22511141,-3.146463,5.805028,-0.6412013,0.45187542,3.346656,1.5080875,-1.5224758,0.8317486,2.9076366,-4.3296094,-1.2955257
0,/data_nas/huangyj/data/placePulse/rawData/googleviews-110802files/50f5ec41fdc9f065f00088c6.jpg,0.8940389,-3.4669313,1.4235994,0.22885147,-1.289573,0.6985621,-1.8854816,1.3725964,-4.353875,-0.5017521,0.7519524,1.6905224,-2.361138,-0.41749325,4.0218835,-0.78778684,0.27056807,0.8658115,-0.5937835,-1.042265,2.6812718,0.8421532,-0.6838858,0.85668325,-0.87271935,0.5165338,2.3680367,-2.8326662,0.7799364,2.5162382,-0.11302692,-4.0515094,-0.70417005,-2.4798496,-2.7782054,-3.9559739,0.031239066,-0.048209608,1.1490359,-1.7581277,3.98298,-0.5475753,-1.5924901,1.6735184,2.5973806,-0.77067935,1.0046234,3.833856,-1.5530206,-1.979801
0,/data_nas/huangyj/data/placePulse/rawData/googleviews-110802files/50f5e56bfdc9f065f00068c5.jpg,-0.57990795,-5.400442,3.6683555,-1.3601235,0.42100018,-0.16390541,-2.1707208,0.47501606,-5.5827312,-0.20779091,2.5836864,1.1383651,-3.6460745,-1.3836361,5.2165885,-2.006984,-0.92797494,-0.78824866,-0.7241165,-1.4302727,0.8862409,0.23178285,1.0773203,-1.7921617,-3.4694169,-0.8676026,2.7149773,-2.2344818,-1.0513247,1.5605006,2.3788297,-1.0516171,-3.6363733,-0.32435,-1.6431264,-5.118774,-1.2841792,-1.7641643,-0.41773012,-3.4261465,1.606583,-2.8589408,-3.3628354,-0.06965923,3.201819,-1.436673,-0.9300993,4.9466105,-0.95745873,-4.465988
1,/data_nas/huangyj/data/placePulse/rawData/googleviews-110802files/514094a0fdc9f049260008c4.jpg,-0.15351999,-5.3081245,3.0661805,1.2601979,-1.6810787,1.4214588,-0.5443285,0.380876,-4.7359257,-0.06205557,1.8675716,1.1493669,-2.766798,0.81675977,4.451461,-1.3891602,-0.77115333,-0.2896465,0.6182679,-1.2959224,2.0352113,-1.3131685,-1.9107687,1.8968648,-2.5675576,1.9069906,0.6692551,-1.4771652,-0.56907314,0.31998533,1.3897145,-3.933456,-0.23844823,-0.09980578,-2.0015242,-4.167929,1.2008251,-0.973859,1.0691819,-2.751754,3.5832632,-1.9894862,-1.8835441,1.9401557,1.4970105,-1.0702872,-0.48929125,4.0665994,-0.80107397,-4.2132783
0,/data_nas/huangyj/data/placePulse/rawData/googleviews-110802files/50f5e569fdc9f065f0006897.jpg,0.9394973,-2.7832985,0.5881286,-0.8672902,-0.66747266,0.9831484,-1.3586789,1.2389908,-3.695939,-0.14536566,0.8856513,0.5654014,-1.9071435,-1.4838052,3.2497945,-0.6291876,-0.01584508,0.562861,-0.24878432,-1.6478363,3.1612606,1.4496472,-0.40919483,0.131183,-0.62641644,-0.38087273,2.1649241,-3.7705657,1.1555518,3.3167162,-1.2510945,-2.6990006,-0.8363561,-3.2974086,-2.8549156,-3.273995,-0.75502723,0.84862334,1.0680933,-0.26021743,2.7969465,-0.5081637,-1.9854038,0.68195075,2.8570302,0.16928355,1.2393843,3.330158,-0.3071685,-1.5820304
1,/data_nas/huangyj/data/placePulse/rawData/googleviews-110802files/50f4347efdc9f065f000289c.jpg,3.4672146,-1.6348959,-2.0672443,0.5324647,-1.7475219,2.479383,-0.38235402,3.0057497,-6.148794,0.1525753,-2.6158993,0.04355428,1.7160048,-1.3912792,2.6173263,-1.5222454,3.7971845,-1.5775548,0.6509291,1.6048983,4.279155,-0.5582988,-1.6948888,-0.035202313,0.6091106,-1.2450337,0.84181297,-2.1796803,2.9459457,1.3475126,0.070125684,-1.4425732,-2.523053,-2.957775,-1.3766123,-5.1171503,0.094579205,-0.88918275,2.8670838,-2.1791341,1.2888821,1.68615,-3.4603083,0.018089006,2.0639598,-1.8550441,0.14167002,6.224819,1.3722104,0.07900004
0,/data_nas/huangyj/data/placePulse/rawData/googleviews-110802files/513d5d59fdc9f0358700389c.jpg,0.33559063,-4.0830283,2.0610662,-0.60318804,0.19252104,-0.33611566,-3.0148237,0.98795575,-6.028791,-1.3771589,0.87597877,1.9647669,-1.9769639,-1.6202062,4.446279,-1.0626798,0.97016746,0.06470063,-1.8201386,0.15300247,1.6040322,0.6098959,1.3896633,-2.3033974,-2.0397844,-1.6989675,3.1491578,-2.0056448,0.06490931,1.068779,2.204924,-0.20458655,-4.5344753,-1.2287114,-1.509571,-5.214216,-1.308065,-2.163685,0.2026386,-4.1159196,0.9036121,-1.446797,-3.1294272,-0.66161954,3.141163,-2.2892106,-0.21154949,5.5592127,-2.284254,-2.9234338
0,/data_nas/huangyj/data/placePulse/rawData/googleviews-110802files/513d7a90fdc9f0358700689a.jpg,1.419399,-1.4369086,-1.6345375,-0.08036692,2.370561,0.7881318,-1.3220407,-0.0045030713,-5.406408,-1.569492,-0.5339086,1.4178948,0.8632168,-0.10945087,1.6191385,1.2370418,1.7886547,2.9278684,-1.2428623,0.2865423,2.9707336,0.15148921,-0.52757365,-5.3107553,1.7558651,0.26387027,0.91227245,-3.4340096,0.8232114,0.9924693,-3.2469122,2.0724208,-6.319829,-4.0173397,-2.5241413,-4.983688,0.96202624,2.0460923,-0.4869965,0.18087125,-0.87816894,1.3037148,-1.1626768,-3.200512,1.0582587,-0.7731696,1.5542816,5.895211,-3.150571,-0.06393783
0,/data_nas/huangyj/data/placePulse/rawData/googleviews-110802files/513f11c2fdc9f0358700c89a.jpg,1.1988838,-5.065085,2.615871,0.14987972,-1.8209242,0.019418929,-2.924126,2.0048397,-5.126558,-0.93062806,1.0539942,2.9187052,-2.8128142,-0.9089271,5.6967936,-1.9524277,0.7223151,-0.66467077,-1.0310005,0.028734453,1.2835641,0.15728456,0.27372453,0.8185245,-2.5458786,-0.4859679,3.401836,-2.1423273,0.18637116,1.7666693,2.0338457,-2.9550397,-1.6457015,-1.4412583,-2.3406427,-4.436759,-0.5321293,-1.5800759,1.5571516,-3.4912262,2.8955078,-1.1772373,-3.0199971,0.9124605,3.1659205,-1.3883365,-0.44693857,4.4901123,-1.2382181,-3.268754
0,/data_nas/huangyj/data/placePulse/rawData/googleviews-110802files/50f5e569fdc9f065f000689b.jpg,0.3064547,-2.7186513,2.07568,-0.59028506,1.3198375,-0.66659343,-2.8132665,1.2442485,-5.307503,-0.3573944,1.0748924,1.7416941,-3.001186,-0.24165107,3.7519538,-1.0323938,0.17515327,1.3414676,-1.6815752,-0.68656826,1.509912,1.3171095,1.0335385,-3.0448978,-0.7472443,0.0011908254,3.2461603,-2.0435588,0.020242956,2.2344906,1.1014286,-2.7403052,-4.2097797,-1.3580195,-1.8803002,-5.365851,-0.5173331,-1.136336,-1.4489335,-3.1908739,3.530966,-0.7885452,-1.1318122,0.996516,2.7369664,-1.9877362,0.53055656,4.736743,-3.0202,-1.5394615
1,/data_nas/huangyj/data/placePulse/rawData/googleviews-110802files/513d32c2fdc9f035870028f2.jpg,4.724587,-0.96511894,-2.6478295,-0.80582935,0.23223147,1.418506,-2.4893978,4.247696,-4.030487,-0.45542803,-2.7746415,1.7369341,1.3645059,-1.2374,3.3178947,-2.3645883,4.3450527,-1.2946669,-1.062971,2.6280272,4.3614383,0.26160082,0.51756626,-2.9277227,1.4922372,-1.4211222,3.2263489,-3.6376967,3.6886744,2.1411781,0.27754185,-0.8877675,-4.163109,-4.213711,-1.6530429,-3.613503,-0.21571995,-0.30415335,1.6715053,-1.9523582,1.0362892,2.9671106,-1.6398946,-1.1251212,2.6678145,-0.8443728,0.13776702,4.2468905,0.1347999,1.4834508
1,/data_nas/huangyj/data/placePulse/rawData/googleviews-110802files/513e1d1efdc9f035870098ff.jpg,2.3741927,-3.5980492,0.07847597,-0.074076004,-2.0809042,1.6189984,-1.434689,2.1360376,-4.870179,-0.4532506,-0.444109,1.3979081,-0.70271015,-0.6802687,4.188289,-1.7025956,1.7404705,-0.76483536,-0.093,0.3619101,3.3921838,-0.46475732,-0.811927,0.8864639,-0.79251593,-0.024461258,1.826073,-3.1251004,1.6227597,1.4286131,0.25077853,-3.0631177,-1.2022879,-2.8902333,-2.1249297,-4.1999445,0.300873,-0.11424446,2.5330415,-1.8490549,2.785379,0.39858913,-2.5349975,0.72595096,2.2132106,-0.42946738,0.006161821,4.55961,-0.023401704,-1.6287411
1,/data_nas/huangyj/data/placePulse/rawData/googleviews-110802files/50f42c1bfdc9f065f00018f4.jpg,4.282893,-3.2038403,-0.9493483,2.400163,-1.9030786,2.926178,-0.14131673,4.2181234,-5.5092006,0.5980586,-2.1298456,1.1291907,1.0272187,-0.8618357,3.9948323,-2.8311024,3.7428205,-3.4597528,1.7681538,2.1138847,3.5000157,-1.474277,-3.2150779,0.9344536,-0.6814521,-0.5615964,0.88076395,-1.3565134,2.8346522,1.4855549,1.030373,-1.5005729,-1.9990009,-1.7426866,-1.9681003,-4.259338,0.78379595,-1.4559007,3.1138966,-2.4688022,0.78413635,1.4015936,-4.0221786,-0.20400007,2.280039,-1.8519171,-0.90479136,5.6345844,3.1001506,-1.1677191
1,/data_nas/huangyj/data/placePulse/rawData/googleviews-110802files/513d9afefdc9f03587007883.jpg,4.277356,-1.9501587,-1.9705998,1.4561337,-3.7596054,2.8083658,-0.20765287,4.064805,-3.1392462,0.2895246,-2.5129452,1.0254574,1.2648441,-1.1049482,3.086083,-2.0615113,3.4028041,-2.5676448,1.3721212,1.5128695,4.076171,-0.8357744,-2.7094605,3.6705716,0.26875532,-0.4335419,1.0816627,-2.534738,3.4081302,2.1529276,-0.32260796,-3.2342608,1.4539503,-3.1544845,-2.1229978,-1.9794863,0.48401222,0.099305056,4.5577784,-0.70906955,2.1466746,2.0174124,-2.7839339,1.1580222,2.0352101,-0.0028722044,0.21625134,3.0927567,2.9443107,0.12416527
1,/data_nas/huangyj/data/placePulse/rawData/googleviews-110802files/50f4347dfdc9f065f0002882.jpg,2.5740306,-3.012731,0.12757286,2.7569127,-1.7227507,2.0840404,-0.25335145,2.8929274,-6.6422434,0.30872238,-1.2749506,0.98995703,0.025778959,-0.6154857,3.4016662,-1.3786551,2.6483529,-1.4570988,1.2654616,0.93391544,2.7125626,-0.5394555,-3.1735098,0.985075,-0.69985515,-0.25644845,0.7149008,-0.6448976,1.7524285,1.6662159,0.58213407,-2.2186725,-2.0737603,-1.2066985,-2.1661503,-5.4424663,0.64183825,-1.6621443,2.120782,-2.8384871,1.8874085,0.4307895,-3.7811747,0.73863524,2.1836653,-2.807878,-0.026751943,6.4732084,1.2159643,-1.5609988
0,/data_nas/huangyj/data/placePulse/rawData/googleviews-110802files/513d9afefdc9f03587007882.jpg,-0.017139288,-0.8481333,-0.6723707,0.215754,2.3659105,0.7719987,-0.82374966,-0.056240767,-5.546049,-0.9292964,0.07522498,-0.48841795,0.25050178,-2.0572774,0.66875356,1.5179707,1.0747467,1.9398197,-0.7631911,-0.760852,3.1685522,1.860595,-0.45655343,-4.1822896,0.65375876,-1.8800166,0.99480504,-2.2159235,1.0905458,2.0658617,-1.834212,2.3526773,-5.3157206,-2.5357301,-2.0153608,-4.586009,-1.1242732,-0.124463856,-0.98214585,-0.9587973,-1.1709207,-0.28407204,-2.4664965,-2.3024554,2.2693167,-2.111575,1.7617246,5.567513,-1.6028575,-0.78854245
0,/data_nas/huangyj/data/placePulse/rawData/googleviews-110802files/5140ca8dfdc9f0492600288f.jpg,-0.78655756,-3.9130907,2.1752894,-0.33786854,-1.4017951,1.5824599,-0.23677833,-0.77917045,-3.7528121,-0.023937136,1.559971,-0.35872844,-2.1243463,0.84370613,2.928511,-0.92791927,-1.1047281,0.3867079,0.09101008,-1.5192112,3.0245616,-1.0959349,-0.58271617,1.3333584,-1.6982094,1.8860865,0.021908944,-1.9207355,-0.36020195,-0.63249964,1.2533644,-4.480837,0.05621197,-0.46409202,-0.949887,-3.681172,1.0311179,-0.61199814,0.62005734,-2.3710475,4.225768,-1.7884246,-0.52049,2.4696596,0.68287724,-0.5087029,-0.2697286,3.0804322,-1.4641988,-3.2300754
0,/data_nas/huangyj/data/placePulse/rawData/googleviews-110802files/50f5ec3dfdc9f065f0008888.jpg,-0.030212624,-4.265751,3.0704706,0.38468024,-1.4313825,-0.34582546,-2.3323693,0.82096434,-5.8175883,-0.6351878,1.1291157,2.1062393,-3.1554778,0.03571812,4.5635095,-1.298719,0.039584525,0.35364982,-1.06098,-0.4558974,0.7769571,0.09755412,0.27453044,0.3085038,-2.1467113,0.3525521,2.3521874,-1.0170708,-0.6267606,0.91468745,2.3940086,-4.149529,-1.9746248,-0.26057392,-1.5900648,-5.507155,-0.10653077,-1.9639286,0.40489617,-4.095641,4.3048987,-1.6343102,-2.1359162,2.3258696,2.237262,-2.1974497,-0.17908749,5.006287,-2.4548836,-2.9897504
0,/data_nas/huangyj/data/placePulse/rawData/googleviews-110802files/513e64b9fdc9f0358700b88a.jpg,1.5586662,-4.1240473,1.3117725,1.455863,-2.0815082,1.8740731,-0.7615479,1.6765164,-5.1446104,-0.06799437,0.13617916,1.5879228,-1.479468,0.8648216,4.1979074,-1.5671105,0.90117836,-0.3366614,0.58723056,-0.14662144,3.0089078,-1.3021077,-2.170984,1.77476,-1.1184492,1.8249794,0.9469909,-1.9829471,0.79113114,0.7434827,0.6855793,-4.688344,-0.50130373,-1.4325874,-2.2296288,-4.614304,1.550786,-0.5547848,1.873344,-2.5006912,4.1827583,-0.2537442,-1.6595706,2.1489158,1.4610273,-1.1788052,-0.0880652,4.658247,-0.54400414,-2.4242077
1,/data_nas/huangyj/data/placePulse/rawData/googleviews-110802files/513f2c57fdc9f0358700d85e.jpg,2.9368343,-2.000478,-1.4503205,0.27009845,-2.1843228,3.1924138,0.5324251,2.3553143,-3.3786836,0.7134908,-1.7945677,-0.63582313,1.1862619,0.044943325,2.2909527,-2.2200634,2.4026833,-2.1707845,1.264409,0.99651074,4.734711,-1.8284448,-1.9594239,1.6187041,0.16342735,0.7424281,-0.14921622,-2.3448853,2.5378783,0.0716269,0.610183,-3.2295218,0.008485977,-1.9628718,-0.73344827,-2.7440968,1.2361404,-0.3315992,2.8086367,-1.5807344,2.4330091,1.2099048,-1.3957405,1.2960074,0.84762096,-0.26834604,-0.5580508,3.2808812,1.9007232,-0.45215917
1,/data_nas/huangyj/data/placePulse/rawData/googleviews-110802files/513d69c9fdc9f0358700485a.jpg,0.43866327,-5.0440583,1.8738605,0.005944358,1.4045279,0.99819595,-1.2904937,0.23017778,-7.127664,-0.5515854,1.6795065,1.2327621,-1.971033,-0.54971063,4.526366,-0.9348435,0.17486975,0.4192891,-0.15261652,-0.98049986,2.159811,-0.346749,-0.80884165,-3.56685,-1.7869984,0.17227815,1.3883203,-2.8248441,-0.33989516,1.3194691,-0.15775338,0.20837583,-5.602385,-1.7932127,-2.724165,-6.58099,0.2858047,-0.18393362,-0.38367602,-2.1349518,0.5655074,-1.4581026,-3.338362,-1.6972108,2.4251626,-1.6238966,-0.12128129,7.045826,-1.3903078,-3.7362597
0,/data_nas/huangyj/data/placePulse/rawData/googleviews-110802files/51414e76fdc9f0492600785a.jpg,-0.18641756,-3.6412563,3.1968226,-0.16074164,-1.3738741,-1.0214905,-3.3535185,1.1029017,-3.2299662,-1.1916672,1.2883918,2.7079737,-3.278153,-0.1431051,4.2781334,-1.3059608,-0.1433406,0.43871573,-2.0946193,-0.049451075,0.55043876,0.62455416,1.6588873,0.83669406,-2.1560237,-0.023770183,3.5190597,-1.0647006,-0.45022053,0.73574686,3.065726,-3.9116683,-0.76538783,-0.12921427,-1.1236459,-2.9516723,-0.64207274,-2.2864573,0.19862977,-4.1701417,3.9417608,-1.4929777,-0.7504127,2.2354023,2.3487418,-1.5776907,-0.31489867,2.2816691,-2.9837139,-2.50989
0,/data_nas/huangyj/data/placePulse/rawData/googleviews-110802files/513d5d35fdc9f0358700385b.jpg,0.11635376,-4.2283745,3.4480698,0.448925,-1.2053161,-0.72302634,-2.9187922,1.5223167,-3.999466,-0.67838365,1.6347547,2.828668,-3.7419093,-0.27630728,4.842254,-1.4621671,-0.35569206,0.21033993,-1.2682365,-0.63164216,0.41109067,0.72282106,0.4281342,0.90549266,-2.392752,0.17208898,3.4192874,-1.3526732,-0.52376044,1.964675,2.1350307,-3.909185,-0.9727595,-0.4017472,-2.0997705,-3.6179953,-0.49549648,-1.6680595,0.25915003,-3.4498272,3.882903,-1.6466036,-1.6516372,1.9897945,2.857326,-1.4897283,-0.11068862,3.1759932,-2.0693238,-2.9561255
1,/data_nas/huangyj/data/placePulse/rawData/googleviews-110802files/5140b704fdc9f049260018a7.jpg,0.6367277,-5.667526,2.6876674,1.3686384,-1.7922302,1.7054851,-0.29734063,1.0036845,-6.1157446,0.22142069,1.4797534,0.98833996,-2.3215518,-0.09481273,4.8988357,-1.838015,-0.04363227,-1.3606733,1.2247355,-0.91556305,1.7749791,-1.2788347,-2.2667942,1.3899524,-2.899378,0.8614995,0.59808064,-1.4477266,-0.26926923,0.9221313,1.2452362,-2.8098555,-1.2953485,-0.39911836,-2.2862456,-5.3042393,0.7379963,-1.1210006,1.5812447,-2.6284482,2.5183103,-1.8339852,-3.6983988,0.98811567,2.0222979,-1.430141,-0.85793465,5.6295705,0.63448834,-4.3787117
0,/data_nas/huangyj/data/placePulse/rawData/googleviews-110802files/513da00cfdc9f035870088a2.jpg,0.60121006,-0.96018827,-1.1075779,-0.47539428,-0.7398866,1.0995139,-0.7824998,-0.28896022,-4.729182,-0.9646406,-0.5850122,0.40008318,-0.06562172,0.32493713,1.1735834,1.1991017,0.7885049,3.0895543,-0.87822735,-0.8467503,3.6708739,0.30160886,-0.66760623,-0.6666991,1.6259472,1.2018484,0.4613181,-3.279653,0.90930045,0.90752363,-2.5134745,-3.0588577,-1.7092341,-3.7415967,-1.9131517,-4.5546327,1.0093969,1.7209033,0.9292412,-0.19705477,3.5025616,0.80458534,-0.20201838,1.1475247,0.56402814,-0.30708113,2.0464888,4.4863467,-3.0957606,0.17673308
1,/data_nas/huangyj/data/placePulse/rawData/googleviews-110802files/513e1cfafdc9f035870098a2.jpg,0.9249273,-5.0787563,2.4963996,-1.3649389,-0.3924005,0.30445868,-2.484588,1.5274234,-5.5261745,-0.22240548,1.4977628,1.6538373,-3.035479,-1.0200701,5.622417,-2.4297307,0.22039345,-0.78845435,-0.850325,-0.7058831,1.9540249,0.16333023,0.8206149,-1.1841393,-2.4656415,-0.43445984,3.0855618,-2.9732177,0.103528544,1.9375303,1.9110153,-2.5556688,-3.0531864,-1.680951,-2.046034,-5.241169,-0.70455426,-1.1868398,0.57909673,-3.203089,2.8360724,-1.4718962,-2.9578362,0.52851886,3.221676,-1.0902095,-0.55644876,5.0262585,-1.023692,-3.3635018
0,/data_nas/huangyj/data/placePulse/rawData/googleviews-110802files/50f42c1afdc9f065f00018ac.jpg,3.422468,-1.4646572,-2.1492517,1.1018009,-1.8366116,3.1470397,0.608757,2.7061682,-3.9213195,0.622698,-1.9672056,-0.14756049,1.30166,-0.36748654,2.0541742,-1.2303891,2.624981,-1.1304573,1.5688378,0.5930757,4.612156,-0.75047594,-3.0190814,1.3239256,1.0198653,0.5199364,-0.02980289,-2.7614222,2.9048684,1.8055472,-1.6339589,-2.7525332,-0.2863544,-3.343518,-2.1526978,-3.1833947,1.1836405,0.93417007,2.85844,0.0026036743,2.1218119,1.8734592,-1.9999106,0.63876384,1.2775055,-0.16616787,0.6163679,4.0330296,2.0188005,0.21488334
0,/data_nas/huangyj/data/placePulse/rawData/googleviews-110802files/5140948afdc9f049260008af.jpg,1.7954242,1.0705031,-1.1909392,-0.4315368,1.9711584,-2.3962972,-4.6858826,1.7811985,-3.17626,-2.3620005,-1.3965926,3.9101784,-0.6301373,-0.47597334,1.3796637,1.3806627,2.3930464,4.2608495,-4.122383,1.3644701,0.7954573,3.165708,2.5463512,-4.9192524,2.7535272,-0.9912029,4.6055183,-2.4746711,1.2506363,2.9228075,-1.8086174,-0.45429987,-5.259315,-3.8823056,-2.3103306,-3.2993596,-0.72323084,0.78457403,-1.436047,-1.1484126,1.7168031,2.3605525,0.87648404,-0.9923352,2.2527103,-1.4680196,2.5272608,3.1703372,-5.765478,2.6971943
0,/data_nas/huangyj/data/placePulse/rawData/googleviews-110802files/513d325afdc9f035870028a5.jpg,0.5632561,-2.2780876,0.11136975,0.4567708,3.041219,0.67507845,-1.1971267,0.27817672,-7.325504,-0.62884164,0.51195484,0.5549467,-0.6887517,-1.035889,2.3246548,0.69090736,1.070598,2.0567722,-0.5973577,-0.742202,2.6311686,1.3531991,-0.94940007,-5.5603094,0.3868848,-0.6787536,1.269439,-2.3510659,0.58111763,2.2947197,-1.8436304,1.4887443,-7.0555162,-2.6671433,-2.7788835,-6.8038673,-0.13649234,0.092251346,-1.5958508,-1.3917743,-0.17630196,-0.22583476,-2.7945056,-2.3568254,2.3468978,-2.6237988,1.4061465,7.4923573,-2.258743,-1.4678925
1,/data_nas/huangyj/data/placePulse/rawData/googleviews-110802files/513d5d62fdc9f035870038ab.jpg,-0.16277511,-1.5167693,0.8911281,-2.0132453,-0.7187589,-1.0557878,-3.1150448,-0.19517072,-3.021103,-1.4917845,0.6565864,2.0691023,-2.3991768,0.40210736,2.5433402,0.46223164,-0.34598804,3.4932585,-2.8221517,-1.0027245,1.8603876,1.3356373,2.1278815,-0.6742196,0.55447626,0.9878906,2.9306457,-3.3252993,-0.1321843,1.3107407,-0.6120317,-4.537541,-1.1397069,-3.0973203,-1.584306,-3.4310923,0.0041743545,0.9830796,-0.045916513,-1.3413956,5.0748367,-0.012843613,0.9812956,2.2159252,1.3382667,0.081936,1.6713817,2.3629496,-5.0243216,-0.18098089
1,/data_nas/huangyj/data/placePulse/rawData/googleviews-110802files/5140b6c6fdc9f04926001803.jpg,3.7717302,-2.3154373,-1.0611172,0.55328625,1.8648102,1.0033518,-2.1684837,3.9186275,-4.4638977,-0.4396396,-1.1053408,2.2245862,0.3197452,-2.2045217,3.775267,-1.8653451,3.2729883,-1.610577,-0.36776215,1.6508253,2.5899608,0.7322733,-0.6560071,-4.1199093,-0.08539711,-2.2089953,3.2458277,-3.01525,2.4448512,3.3822253,-0.41366756,2.6752872,-5.807879,-3.0883925,-2.7859418,-3.403651,-0.8681366,-0.32688355,0.59036934,-1.2986823,-2.2070994,1.3860186,-3.479102,-3.6425216,3.6379576,-1.2162234,0.038434435,4.9114122,1.1431943,-0.44068742
0,/data_nas/huangyj/data/placePulse/rawData/googleviews-110802files/513f2c2dfdc9f0358700d80f.jpg,3.490925,-2.5287275,-1.293075,1.8426704,-2.7684646,2.8465552,-0.14137647,2.9776087,-1.879217,-0.07424178,-1.1936903,1.4958087,0.5741834,0.22203144,3.0018373,-1.2826179,2.1336424,-1.0269912,1.1958914,0.67350334,4.154455,-1.0567541,-3.2028706,3.2803457,0.3325058,1.3712046,0.7223114,-2.95603,2.668722,1.7204628,-1.5324386,-3.2115302,1.7161309,-3.2738156,-2.772925,-0.98318374,1.6766465,1.2725121,3.5968738,0.36064047,2.1369715,1.7230716,-1.1851782,0.63626087,1.2896365,0.83408284,0.56634015,1.8984958,1.5395758,-0.55591613
0,/data_nas/huangyj/data/placePulse/rawData/googleviews-110802files/50f5ec37fdc9f065f000880a.jpg,1.0746814,-2.6519728,0.7668082,1.0527111,-0.9385447,-0.16497046,-2.8801649,1.5987272,-5.4594455,-1.755129,-0.14150326,2.6233242,-1.279188,-1.6058259,3.4301808,0.38339424,1.6147888,1.4364896,-1.6915667,0.14488393,2.1171904,1.6778181,-0.1159876,-0.3466353,-0.5109373,-1.4118357,3.088058,-2.1433651,1.0905712,2.4902928,-0.031028721,-1.3915011,-2.6794457,-2.644473,-2.7433577,-4.390642,-0.93444794,-0.9739299,1.2329022,-2.6231499,1.7838705,-0.15489487,-2.6783824,0.08102585,3.1459467,-2.078637,1.504146,5.038968,-2.5129893,-1.3471591
0,/data_nas/huangyj/data/placePulse/rawData/googleviews-110802files/513d5cfffdc9f03587003800.jpg,1.8242663,1.1720484,-1.9585663,-0.23152193,2.6722014,-0.27004054,-1.968666,1.2866384,-3.929866,-0.59900737,-1.2091107,1.335146,-0.04126218,0.24885437,0.5195693,1.017279,1.7260133,3.5620298,-1.7510414,0.17797258,2.534792,2.0979624,0.22698727,-5.2032866,3.2633297,0.4145592,2.1253884,-2.857627,1.5885892,2.868862,-3.2396986,-1.1520162,-5.1254973,-3.955981,-2.3920684,-4.32102,0.4481166,1.9258457,-1.791727,0.35096982,2.2491322,2.335741,0.7675805,-0.63171303,1.3717858,-0.98592144,2.4303362,4.12226,-3.5228586,2.453201
0,/data_nas/huangyj/data/placePulse/rawData/googleviews-110802files/50f61675beb2fed9100008bd.jpg,0.9013199,-2.8156595,2.4393504,1.0686008,1.5734481,-0.56375754,-3.1649692,2.3517098,-1.070247,-0.7019881,1.221738,3.1903768,-2.8033047,0.43524745,3.84056,-1.5506555,0.28830847,0.23385668,-1.6336248,0.35539138,1.1967773,0.6329823,0.4260451,-1.6936483,-1.1591151,0.65629935,3.8097105,-1.4250127,0.334906,1.7867562,1.84838,-1.5737653,-2.302871,-0.21548834,-1.9092784,-0.8010268,0.106645726,-1.4087491,-1.3083882,-2.8562675,1.630773,-0.41563463,0.5461538,0.010808326,2.5480044,-1.0385721,-0.119167574,0.6777017,-2.2539272,-1.6103612
0,/data_nas/huangyj/data/placePulse/rawData/googleviews-110802files/50f5e56afdc9f065f00068b3.jpg,-1.4539008,-4.210514,3.3455224,-1.680921,0.7278135,-0.07838387,-1.787564,-0.7785101,-5.1061234,-0.32986373,2.3516364,0.14784287,-3.151039,-0.25287953,3.6812725,-1.2961698,-1.2759149,0.34060168,-1.1960759,-1.3338438,1.4307545,-0.0803538,1.6707711,-2.0561893,-2.6438692,0.1014176,1.7117889,-1.56015,-1.2983271,-0.24869168,2.7481246,-2.1358278,-3.3520231,0.18488988,-0.42709237,-5.081015,-0.5200262,-2.0636868,-1.2673029,-3.9339566,2.7183506,-2.683124,-1.551345,0.99352247,1.7510239,-1.7183295,-0.8849108,4.3528256,-2.4919126,-3.7742102
1,/data_nas/huangyj/data/placePulse/rawData/googleviews-110802files/514146befdc9f049260068b2.jpg,4.0189867,-1.0068619,-1.7221068,1.8582872,1.1312447,1.8162789,-1.4163216,3.7217662,-2.7612557,-0.09569452,-1.8405299,2.2667522,0.76960796,0.91008294,2.5572765,-1.3939292,3.1809282,-0.0139427,-0.124682635,1.9171631,3.857004,-0.4195563,-2.0474598,-2.2963412,1.7611531,1.302704,1.9643525,-2.414135,2.8502622,1.7383348,-1.089748,-1.3764068,-3.2810655,-2.9278257,-2.3640852,-2.3811805,1.8155034,0.39624828,0.49940035,-0.9967134,1.1874336,2.8008308,0.1378642,-0.9384452,1.411573,-0.84901404,0.5496207,3.13152,-0.4640898,1.062579
1,/data_nas/huangyj/data/placePulse/rawData/googleviews-110802files/51413b29fdc9f049260058be.jpg,0.8183494,-1.7914513,-0.28904125,0.23272523,3.2361908,0.37196058,-1.3656415,0.20249014,-6.167841,-0.79205394,0.39759812,1.1683396,-0.63743937,-0.23150861,2.05787,0.85935485,0.9223684,2.7544768,-0.90068114,-0.5832036,2.2465727,1.0094402,-0.7060416,-5.920033,1.0585368,0.19463968,1.3181266,-2.758055,0.36180803,2.111503,-2.7034717,1.3516802,-6.858248,-3.0818167,-2.8495417,-5.9516897,0.4852572,1.2539679,-1.7626953,-0.3856356,-0.011154933,0.40326703,-1.600123,-2.5083184,1.7671319,-1.6341115,1.5197856,6.4581904,-2.8572137,-0.71861947
0,/data_nas/huangyj/data/placePulse/rawData/googleviews-110802files/50f61675beb2fed9100008b5.jpg,1.670872,-1.8804544,0.10560093,-0.9514918,1.80615,-0.14721489,-2.8445683,1.5454623,-4.2708945,-0.7072066,0.4015961,2.1857586,-1.9034811,-0.023507161,3.3389707,-0.4634712,0.82509726,2.3630252,-1.8186731,-0.49289918,2.6843712,1.6239997,0.632688,-3.9382687,0.9459242,0.58973974,3.2961473,-3.8353481,1.033152,3.0861053,-1.6335574,-2.2416072,-4.4364614,-3.8309228,-2.9522982,-4.5642915,0.21260814,1.253224,-1.0184816,-0.7848198,3.0142245,0.9300676,-0.25997356,-0.31046012,2.4561374,-0.5141934,1.4843209,4.160076,-3.2320728,-0.07130778
0,/data_nas/huangyj/data/placePulse/rawData/googleviews-110802files/51414e99fdc9f049260078b5.jpg,0.6083474,-4.9133363,2.2083707,-0.7248973,-0.09317978,0.26829752,-2.6335423,1.2671635,-5.9385304,-1.0375391,1.3011724,1.7091906,-2.165849,-1.9517609,5.012363,-1.5072427,0.68883854,-0.6563736,-1.1738783,-0.27401525,2.0295985,0.45671785,0.79831743,-1.5181162,-2.657755,-1.68396,3.077232,-2.5354257,0.23783933,1.5862368,1.8873328,-0.22354297,-3.85882,-1.5852699,-1.9602578,-5.009158,-1.2991823,-1.8555719,0.7187223,-3.5934403,0.70226485,-1.6659218,-3.8270593,-0.90934473,3.453567,-1.7765799,-0.42260548,5.4919305,-1.1022522,-3.6436498
0,/data_nas/huangyj/data/placePulse/rawData/googleviews-110802files/50f5e56bfdc9f065f00068ba.jpg,0.35598534,-1.4948019,1.9872309,-0.7045711,-2.1268744,-1.8023931,-4.038477,1.3902564,0.20084806,-1.6755582,0.4034678,3.5824914,-2.794725,0.8401403,2.9096088,-0.7379703,-0.0058821794,1.6398009,-3.1710994,0.5407382,0.30944458,0.9069671,2.6426706,2.1264708,-0.47944573,0.9121531,4.1028585,-1.455088,-0.028398667,0.56468576,2.1819448,-5.452234,1.6478001,-0.91260105,-0.7208053,0.0047305115,-0.1316451,-0.8971109,0.5114641,-2.8082294,5.1657114,0.051875222,2.0660748,3.3220224,1.3069482,0.092627764,0.38069335,-1.1739839,-4.1690226,-0.1575568
1,/data_nas/huangyj/data/placePulse/rawData/googleviews-110802files/513d3270fdc9f035870028b4.jpg,3.6491234,-1.5736942,-1.2971721,1.55084,-3.3382273,2.6511207,0.011575965,3.6258264,-2.1555157,0.7815717,-2.0160568,0.70994276,0.49434516,0.04707364,2.6354215,-2.1969626,2.4935963,-2.1374836,1.4210765,1.077352,3.820067,-0.87053025,-2.652079,3.7124825,0.41248208,0.8402169,0.7836989,-1.9803421,2.94542,1.7239175,0.023482244,-4.8568807,2.110182,-2.252224,-1.7304467,-1.5505352,1.1180737,0.04837738,3.452049,-0.7925321,3.6475043,1.813191,-1.2003626,2.3860934,1.3520418,0.07549397,0.06899797,1.9514365,2.350401,0.2682361
0,/data_nas/huangyj/data/placePulse/rawData/googleviews-110802files/513d9fe4fdc9f03587008846.jpg,0.9865523,-2.5249367,0.36269462,-0.17424041,2.840761,1.0573502,-1.3481845,0.8841422,-6.154149,-0.078350715,0.58182895,0.46112067,-1.1519636,-0.17233218,2.879373,-0.59613436,0.8520141,1.3141588,-0.5337962,-0.6313527,3.5112352,0.63159275,-0.49836442,-5.0700874,0.2981347,0.32693055,1.5783516,-2.9186664,0.9168585,1.9271228,-0.8005882,-0.50884396,-6.051913,-2.3972473,-2.3536718,-6.028986,0.3705077,-0.0026372066,-1.6285105,-1.8283837,1.4367666,-0.03127001,-1.483967,-1.1367884,2.2085824,-1.9163687,0.7722512,6.135333,-2.0245795,-1.4268326
1,/data_nas/huangyj/data/placePulse/rawData/googleviews-110802files/513f2c4cfdc9f0358700d847.jpg,1.0812737,-4.8020735,2.611172,0.24879584,1.5053723,1.7483133,-0.8791602,2.196691,0.6556921,0.7571185,2.667417,1.0369818,-2.6538715,-0.05457613,4.50291,-3.137442,-1.0351206,-2.728318,0.90325356,-0.90469116,2.572693,-0.8223704,-1.0850486,-0.2614483,-2.88082,1.036837,2.1766376,-2.5579643,0.68506265,1.6630068,1.6272179,-0.4236782,-0.30114454,-0.010936895,-2.0724595,1.1180885,0.3071657,-0.58748746,-0.3951161,-0.96811247,-0.20174877,-1.5107024,-0.5130196,-1.1786041,2.4467547,1.0490897,-1.4082583,-0.8509699,2.0753286,-3.8929772
1,/data_nas/huangyj/data/placePulse/rawData/googleviews-110802files/50f42c13fdc9f065f0001847.jpg,2.997502,1.4422232,-2.7224932,0.5525507,-1.8873963,-0.38555035,-2.9470456,2.209785,-1.6356863,-2.032176,-3.033746,3.2277737,1.1371193,0.85988027,0.7082979,1.0219128,3.2281787,3.153452,-2.6578934,2.154087,2.566483,0.9658842,0.5489428,0.3895307,3.4427102,0.78958315,2.5965452,-2.3995607,2.408825,1.0595635,-1.8637685,-3.928228,-0.3709288,-4.2016006,-1.5507526,-1.560049,1.0850359,1.4164197,1.8499078,-0.5063928,3.8985329,3.6249242,1.8125185,1.6398836,0.422352,-0.07076201,2.2529688,1.4715497,-4.1187973,3.4733324
1,/data_nas/huangyj/data/placePulse/rawData/googleviews-110802files/513cc546fdc9f03587001849.jpg,-0.5582966,-0.12927838,0.7737889,0.37513217,1.741453,-0.37446532,-1.8447735,-0.093823895,0.29795355,-0.9720828,1.204489,1.3556445,-1.8388833,1.0761393,0.41535375,1.2467116,-0.96375537,3.3671174,-1.7999146,-1.1333218,2.0771894,1.6464067,0.3304586,-1.3940877,1.0952396,1.7269939,1.943625,-1.9379429,0.35132417,1.3794549,-1.4388103,-2.3530085,-0.6639006,-1.5574691,-1.7773265,0.07201207,0.66321445,0.94966465,-1.9566007,-0.03205289,2.6188486,0.1281526,2.7844977,0.7901684,0.70649797,0.14998691,1.8617619,-0.6762014,-3.7824683,0.13595253
1,/data_nas/huangyj/data/placePulse/rawData/googleviews-110802files/513d7a7bfdc9f03587006849.jpg,3.605872,0.5564348,-2.8884053,1.1593932,-2.7315967,1.7353677,-0.7648623,3.0821462,-3.0593426,-0.19513908,-3.2104313,1.0188234,1.4838682,-0.014932858,1.1776295,-0.32795587,3.4126346,0.5272461,-0.07171635,1.4502428,4.048408,0.33007726,-1.6949162,1.9539276,2.5745373,0.37542835,1.0852336,-2.3164241,3.3087518,2.0058358,-1.568706,-4.5137496,0.6238943,-3.8090317,-1.8072613,-2.612875,0.9362984,0.8745587,2.9618986,-0.41819608,3.9846792,3.0734851,-0.41801584,2.2408361,1.105043,-0.45810553,1.6882935,2.968408,-0.23540577,2.4135633
0,/data_nas/huangyj/data/placePulse/rawData/googleviews-110802files/513cc548fdc9f0358700184a.jpg,-0.45256397,-1.0117626,1.1873444,0.043726817,3.6556966,-0.48467544,-2.0145783,-0.21557964,0.3745881,-0.95632356,1.8389134,1.7975976,-2.0188744,1.465044,1.1280023,0.59224194,-1.1582174,2.9734025,-1.8570827,-0.8707382,1.5293132,0.88795125,0.62762505,-4.042557,0.6238635,2.0638971,2.1052833,-2.1951075,-0.29356396,0.8914155,-1.2435665,-0.17710285,-3.0335255,-1.1698632,-1.7903018,-0.0120152645,1.038071,1.144476,-3.1183767,-0.006019382,0.7799659,-0.10198401,2.8692884,-1.194096,0.6436847,0.33273366,0.99626577,-0.42185456,-3.8401308,-0.55575037
1,/data_nas/huangyj/data/placePulse/rawData/googleviews-110802files/50f46455fdc9f065f00045d1.jpg,0.16319972,-4.7999377,2.8819816,-0.06699561,-0.17756641,-0.1907849,-2.5168386,0.40428537,-4.8978124,-0.90267277,1.8249725,2.8389056,-3.3856268,0.93244165,4.9340754,-1.0919259,-0.5625151,1.3835781,-1.2367858,-0.9408241,1.2438089,-0.31535575,0.16106093,-1.1379657,-1.7103972,1.7857107,2.4405782,-2.6121664,-0.890102,1.0263057,0.68818504,-3.5032053,-2.7732534,-1.3613186,-2.4833076,-4.9120984,0.8974408,-0.06274462,-0.09611071,-2.5045316,3.757011,-1.2678027,-0.9577815,1.0365897,1.8726238,-0.84194887,0.08625663,4.419992,-3.298987,-3.1205678
1,/data_nas/huangyj/data/placePulse/rawData/googleviews-110802files/50f42f01fdc9f065f00025d8.jpg,5.0595455,-2.9316115,-2.2324746,2.7278984,0.25417596,2.6368074,-0.8166802,3.7355433,-3.411464,-1.0465199,-2.6180224,3.1320207,2.9571393,0.523777,3.4352157,-2.0461257,4.800566,-2.3870778,0.65862244,4.013328,2.8704379,-3.1782932,-2.776927,-2.245548,0.3966867,0.44853288,0.7859857,-1.7774291,2.431362,-0.7374985,-0.20648593,3.1278467,-4.6382675,-2.1835504,-1.8008845,-2.0751104,2.4094653,-0.0017286753,2.47892,-1.3232679,-3.5182974,2.8572536,-2.1808505,-4.297439,0.757681,-0.7866265,-1.424916,4.3481417,1.3652672,-0.44480774
0,/data_nas/huangyj/data/placePulse/rawData/googleviews-110802files/5141344afdc9f049260045d5.jpg,-0.14614135,-4.2524033,3.221597,-0.93383026,0.043200158,-0.77803826,-3.0684125,0.9677315,-4.3858256,-0.7555059,1.7506448,2.0318842,-3.3817394,-0.6607286,4.701493,-1.8084704,-0.27412498,-0.14614858,-1.7130909,-0.3920297,0.76620513,0.49845538,1.8226265,-1.4211885,-2.5367389,-0.51774347,3.4004073,-1.7069039,-0.5793743,1.0563813,2.945703,-2.2759955,-2.9668167,-0.2791654,-1.2329999,-4.16874,-0.97097623,-2.1294107,-0.50344706,-4.019922,2.6979904,-1.8841755,-1.7891636,0.8672506,2.766108,-1.5909065,-0.70266575,3.619291,-2.2863405,-3.1374984
0,/data_nas/huangyj/data/placePulse/rawData/googleviews-110802files/513d79c2fdc9f035870065d4.jpg,2.0525975,-2.870121,0.65548444,1.0623091,3.4011564,2.4115531,-0.14592572,2.2762291,-3.9235497,1.4940233,0.705637,0.077645525,-1.36215,1.3921764,3.2571495,-2.3688543,0.6954732,-0.62240463,1.1335331,-0.37281752,4.178426,-0.7091995,-2.3545,-4.2447567,0.08775386,2.2933378,0.9120544,-2.4005432,1.506671,1.742612,-0.14478713,-1.8344336,-4.667182,-1.144338,-2.245569,-4.110791,1.8935726,-0.11525178,-1.9337634,-1.5422794,1.9248738,0.40406713,-0.11888338,-0.56143945,1.6783934,-1.2629656,-0.27903467,4.083072,0.21014377,-1.5522764
0,/data_nas/huangyj/data/placePulse/rawData/googleviews-110802files/50f42babfdc9f065f000156d.jpg,2.8413124,-0.87814355,-0.47425875,0.42283118,-3.593318,-0.52689236,-3.7727404,3.4132247,-1.1519915,-1.8746508,-2.2558963,3.720535,-0.1809087,-0.5264552,3.026297,-1.1261078,3.0818121,-0.07362209,-2.4846814,2.594013,1.8088157,0.56282854,1.4320711,2.9917042,0.38113496,-0.8539118,3.9255586,-1.5458288,2.1984067,0.88798386,2.0778534,-4.171835,1.3189939,-2.2424908,-0.8364512,-0.4745611,-0.4338473,-1.474516,3.0780344,-3.1308436,3.5431576,1.836066,-0.022253342,2.3207705,1.9382058,-0.63107914,0.486045,0.5544094,-2.1061144,1.1299875
0,/data_nas/huangyj/data/placePulse/rawData/googleviews-110802files/514091b0fdc9f0492600056d.jpg,2.7449877,-0.18180707,-2.5184817,0.062120967,0.052513607,1.4761435,-0.8988818,1.4816989,-3.537469,-0.4848808,-1.6581492,1.2365565,0.69390893,0.95154417,1.3643823,0.32862306,2.0347962,2.4951098,-0.54208,0.23778482,4.0797873,0.15531272,-1.318754,-1.7849404,2.9454675,1.8085796,0.937002,-3.9001436,2.1459486,1.9278268,-3.5295348,-3.0274343,-2.2658138,-4.706794,-2.654814,-3.6953242,1.8030238,2.8695173,0.9113684,1.0054888,3.2514815,2.6991189,0.6026932,0.36297548,0.6586224,0.42121184,2.0370014,3.7506828,-2.1393917,1.7584678
1,/data_nas/huangyj/data/placePulse/rawData/googleviews-110802files/514089a2fdc9f0358700e562.jpg,-0.71020716,-5.385897,3.0717664,-1.0324943,-0.5809062,1.1901921,-0.99929976,-0.37499005,-6.026007,-0.15873489,2.077172,0.094661325,-2.6717045,0.014459109,4.526656,-1.8289517,-0.83948255,-0.52977777,-0.16169797,-1.245778,2.399276,-1.3425876,0.14595827,-0.473861,-3.003027,0.70339906,0.9697227,-2.0181873,-0.87876606,-0.61699605,2.5443482,-2.7927873,-2.4729242,-0.21877638,-0.8624779,-5.652925,0.28818873,-1.7619178,0.25351617,-3.8670645,3.0245879,-2.5504518,-2.4078696,1.2212092,1.6302845,-1.3833224,-1.2272798,5.2889695,-1.2811447,-4.504771
1,/data_nas/huangyj/data/placePulse/rawData/googleviews-110802files/513d68f7fdc9f0358700456e.jpg,2.386683,-4.157381,0.8227553,-0.14104624,-3.0340238,1.5757654,-1.666308,2.3773415,-5.0983205,-0.2956572,-0.86575115,1.5453336,-0.83643895,0.08338567,4.8251495,-2.9255416,2.0966787,-1.9806609,-0.21844669,1.3114524,3.0497832,-1.7141902,-0.16796452,1.7678125,-1.5200492,0.40495393,1.79878,-2.018064,1.3277335,-0.26787508,2.9303267,-4.55183,-0.7491248,-1.3496232,-0.83019906,-4.627162,0.68573374,-1.8560884,2.8050818,-4.0568633,3.9933057,0.12716828,-2.1947327,2.200349,1.7055978,-1.2349246,-1.2259336,4.551264,-0.15897226,-2.0592506
0,/data_nas/huangyj/data/placePulse/rawData/googleviews-110802files/5140c985fdc9f0492600256c.jpg,1.7981601,-0.97057754,0.05607921,0.10132857,0.9905813,0.33315942,-1.9342302,2.4044433,-0.9230257,0.07896456,0.35644522,1.8160375,-1.8800143,0.05321376,2.4740324,-0.7296375,0.33428183,1.2413353,-0.7234438,-0.7501606,2.6807556,1.606346,-0.4913995,-1.1083392,0.9682316,0.91354436,2.9247146,-3.3328476,1.5847301,3.7212224,-1.7190499,-3.078564,-0.8935078,-2.9711397,-2.9084437,-1.0392399,0.18801181,1.4930482,-0.47292766,0.42819384,3.0688818,1.0085136,0.7838981,0.6869,2.3353841,0.62872666,1.5475945,0.7483793,-1.1541492,0.4195451
0,/data_nas/huangyj/data/placePulse/rawData/googleviews-110802files/5140c984fdc9f04926002569.jpg,-0.17021154,-1.5019659,1.7407696,-1.5895488,0.50585705,-1.6505718,-3.9248424,0.6342681,-0.9508901,-1.5383611,1.1200016,2.82614,-3.010578,0.4292875,2.8075125,-0.2299245,-0.523769,2.7250926,-3.2498353,-0.5049828,1.2583556,1.6248604,2.800401,-1.3512005,0.03593655,0.7355507,4.0968843,-2.771612,-0.075282395,1.4929756,0.72112364,-3.7500772,-1.2398621,-1.908467,-1.4202995,-1.39039,-0.4165729,0.0434002,-1.1380968,-1.987032,4.183105,-0.23053724,1.9309723,1.6903237,1.8926744,0.03877276,1.0769895,0.24990766,-4.8362765,-0.31857383
0,/data_nas/huangyj/data/placePulse/rawData/googleviews-110802files/5141342efdc9f0492600456f.jpg,0.51843214,-5.6325483,2.6882546,1.7976843,0.5194062,1.1197072,-0.9407609,0.7173597,-7.003128,-0.52588207,1.5131215,1.8453202,-1.8929216,0.2819669,4.749116,-1.3409346,0.43311742,-0.57281905,0.44266912,-0.1253656,1.1721405,-1.4512662,-1.9088664,-1.9308994,-2.5575218,0.7898369,0.9039837,-1.023191,-0.73587394,0.14881979,1.2473351,-0.08618902,-4.6616273,-0.020256558,-2.2390823,-6.122836,1.0551487,-1.4448065,0.00045958557,-3.30448,0.45771772,-1.6552306,-3.4690044,-1.1237402,1.8338997,-2.408402,-1.0501581,6.793518,-0.805445,-4.400695
0,/data_nas/huangyj/data/placePulse/rawData/googleviews-110802files/50f42babfdc9f065f0001565.jpg,2.7216048,0.0414844,-2.146051,0.16733012,2.1890447,0.38015175,-1.9642932,2.3484442,-4.736368,-0.7441406,-1.5197151,1.4854226,0.6811571,-1.2691206,1.5303283,0.31806847,2.7856095,1.6409955,-1.1941597,0.900088,2.819691,1.7998288,-0.32230663,-4.7131352,2.119407,-1.2799505,2.420399,-2.953682,2.2386653,3.1566856,-2.5646634,1.1415167,-5.6026363,-4.0884094,-2.5890162,-4.2343373,-0.35019657,0.9932592,-0.42692468,-0.17321302,-0.20449391,2.1527798,-1.5837076,-2.3514845,2.3935497,-1.2756194,1.7578696,5.1014857,-1.5427645,1.4961648
0,/data_nas/huangyj/data/placePulse/rawData/googleviews-110802files/50f5ebccfdc9f065f000856b.jpg,2.6584978,-2.0490718,-1.2784235,0.11721594,-2.7610035,1.6715093,-1.3010885,2.0486526,-1.9268394,-0.874095,-1.0493522,1.7502655,0.020677773,-0.35904884,2.8983335,-0.52978384,1.7195344,0.52266645,-0.3294389,0.16359936,3.8828542,-0.0024560932,-1.1802745,2.4578793,0.6957406,0.6849648,1.6913674,-3.8851836,2.222818,2.0238113,-1.8049123,-3.4655352,1.2635378,-4.243041,-2.6538887,-1.3344339,0.73735446,1.7879517,3.3291562,0.41284987,2.8667836,1.5247223,-0.7366443,0.92088085,1.6394614,1.2250422,1.2961502,1.8094138,-0.44014052,-0.014594033
0,/data_nas/huangyj/data/placePulse/rawData/googleviews-110802files/51414d3bfdc9f04926007533.jpg,-1.1134964,-4.446248,3.3420832,-1.4610556,-1.0431436,-1.1375911,-3.1544049,-0.30328494,-5.194321,-1.5609227,1.8910382,2.0749128,-3.2403708,-0.95859337,4.4339395,-0.6968218,-0.6330279,0.9946406,-2.2490308,-0.8152214,0.41379097,0.45391774,2.252414,-0.46220222,-2.7102492,-0.76530534,3.0395691,-1.8074574,-1.3723038,0.41373193,2.4995193,-2.1826618,-2.457219,-0.66987306,-1.0974013,-4.748251,-1.1752864,-1.8251185,0.20141874,-3.984636,2.7679195,-2.4260433,-2.2039287,1.0778106,2.420008,-1.5937998,-0.29671317,4.3090625,-3.4656265,-3.5203142
0,/data_nas/huangyj/data/placePulse/rawData/googleviews-110802files/51421c42fdc9f04926008537.jpg,2.3731112,-0.235038,-1.579964,0.33911395,-4.054161,-0.511565,-3.4079454,1.8283972,-2.3944511,-2.7899501,-2.87634,3.6335964,0.98175853,0.17307726,1.7959521,0.51307905,3.3194683,1.936083,-2.9651568,2.6361215,2.0243993,0.06636327,1.344691,2.6205246,1.6009338,-0.11666659,2.7312574,-1.8320378,1.7940412,-0.41437504,0.4443821,-3.8865652,0.66087747,-3.1482234,-0.73331046,-1.7231351,0.45974997,-0.25478646,3.4590242,-2.4282951,3.5732152,2.3889122,0.44671294,2.0664701,0.6319933,-0.58963245,1.2352598,1.9250432,-4.0212135,1.7812614
0,/data_nas/huangyj/data/placePulse/rawData/googleviews-110802files/50f42b89fdc9f065f000153e.jpg,2.6691337,-1.5798223,-0.46967462,1.2055622,-3.2526784,1.4888921,-1.3839244,3.2312229,-2.5267744,-0.18447956,-1.4543527,1.4436816,-0.3714346,-0.6077825,2.8090253,-1.3497398,2.120831,-0.8959789,-0.01031132,0.7728908,3.4962854,0.36416158,-1.3316809,3.6078036,0.066952914,-0.042995956,2.0470583,-1.9622405,2.5988436,2.0386417,0.6458556,-4.9182973,1.9021472,-2.3533325,-1.7780509,-1.748779,0.11179559,-0.79240066,3.0426478,-1.8412368,4.043156,1.1513095,-1.2486408,2.7362669,2.0369673,-0.5993579,0.7696819,1.9493086,0.42850512,-0.0059157833
0,/data_nas/huangyj/data/placePulse/rawData/googleviews-110802files/513e6f2dfdc9f0358700c531.jpg,-0.5952274,-4.736974,3.2688477,-1.3935953,0.0149766505,0.23461631,-1.9107882,0.083844036,-5.3639855,-0.026179735,2.244069,0.8395294,-3.611471,0.07423744,4.6364245,-1.8126534,-1.1109298,0.26560223,-0.8635703,-1.5761555,1.933155,-0.112010896,0.8648148,-1.1429542,-2.4391048,0.8492899,2.1406271,-2.3741405,-0.8272418,0.85618806,2.1168208,-3.8589325,-2.6044219,-0.6351265,-1.4300181,-5.4401684,-0.06731493,-1.3004885,-0.58591235,-3.4968266,4.192967,-2.2431936,-1.5597513,1.8054854,2.1878617,-1.3254236,-0.4802338,4.588129,-2.2098408,-3.6914809
1,/data_nas/huangyj/data/placePulse/rawData/googleviews-110802files/513cc226fdc9f0358700153c.jpg,3.3016822,-4.718643,0.12844008,0.6437386,-1.9379586,1.953586,-1.7781196,3.3114932,-4.2212696,-0.9412083,-0.93781483,2.3445523,0.50678086,-1.5277028,5.096647,-2.7951765,3.1563122,-3.229064,0.08166689,2.1670444,3.0279908,-1.7911941,-0.8564228,0.777636,-2.1014333,-1.3679954,2.2380428,-2.397944,1.9352168,0.32061633,2.2235613,0.59857005,-2.1297495,-1.7541958,-1.4858757,-2.6352925,-0.08822583,-1.786435,3.4724567,-3.1665554,-1.1157509,0.2697424,-3.8605957,-1.7674513,2.636459,-0.9500463,-1.4470011,4.23096,1.5626992,-2.6536427
0,/data_nas/huangyj/data/placePulse/rawData/googleviews-110802files/513e6163fdc9f0358700b538.jpg,1.5137585,0.39603114,-0.2415353,-0.817235,-0.39326525,-1.9942458,-4.6759224,2.1980593,-1.1965301,-2.2187638,-1.3316005,3.6014204,-1.0046703,-0.4031026,1.9504193,0.055181116,2.0283241,2.335207,-3.9584894,1.7114376,1.1885178,2.1551855,3.1730487,-1.1713125,1.3704329,-0.9476555,4.7378044,-1.9301823,1.3499446,1.5396148,1.084674,-2.8149273,-1.621804,-2.545266,-0.9315736,-1.1509348,-0.9885426,-0.84020865,0.041754022,-2.7147098,3.2113597,1.5944055,1.4211117,1.3287966,2.0161097,-0.95384115,1.3763804,0.6124973,-4.6959395,1.8752203
0,/data_nas/huangyj/data/placePulse/rawData/googleviews-110802files/50f5612ffdc9f065f0005535.jpg,-1.2385097,-4.597695,3.062146,-0.57462007,-0.81524026,0.94611377,-0.8198607,-0.68775827,-5.343747,-0.12956049,1.9209155,-0.46200147,-2.5295491,-0.19092183,3.5840824,-1.2598053,-0.8965973,-0.2694791,-0.27099803,-1.3553191,2.340068,-0.709668,0.24658832,0.12558725,-2.7559316,0.34643656,0.708018,-1.252996,-0.7359538,-0.5662061,2.7153726,-2.9598382,-1.7066736,0.37966967,-0.5849001,-4.921853,-0.10194955,-2.2103865,0.079532385,-3.9638934,3.102438,-2.658431,-2.0613625,1.7346014,1.6075164,-1.7782841,-0.8334037,4.5385528,-1.4662498,-4.144456
0,/data_nas/huangyj/data/placePulse/rawData/googleviews-110802files/50f445a8fdc9f065f0003530.jpg,3.3534393,-1.2952274,-2.5999455,-0.006566724,-2.4661555,2.462859,-0.6644833,2.7427764,-4.0236006,-0.6061586,-2.4728372,0.30563363,1.9634608,-2.0133562,2.1364048,-0.8851085,3.4318683,-1.2594845,0.20986354,1.3215985,4.7890635,-0.15476412,-1.1691271,1.3298953,0.7211683,-1.6332424,1.1486303,-3.2653368,3.2849903,1.5959047,-0.7352189,-1.0785117,-0.6664623,-3.9707325,-1.6033273,-2.7618444,-0.3636091,0.122249916,3.7883723,-0.8850939,0.7124702,1.7751848,-2.9053128,-0.24906695,2.0758493,-0.33916464,0.7381941,4.031157,1.4105494,0.31797308
0,/data_nas/huangyj/data/placePulse/rawData/googleviews-110802files/513d9ed5fdc9f03587008534.jpg,0.27715823,-2.3505526,0.7593194,0.1163862,-1.3856331,0.20552477,-1.8478608,0.7315688,-5.5585012,-1.0170738,0.079096794,0.9725748,-1.4231793,-1.5727124,2.7517262,0.35937428,0.8554099,1.4071785,-1.0867178,-0.8213391,2.4169083,1.5104342,-0.057109244,0.24620485,-0.47311178,-1.1427124,2.0807927,-2.2660244,0.78586763,2.3062575,-0.18713664,-2.390756,-1.7334782,-2.3865912,-2.203403,-4.7533145,-1.036213,-0.6170056,1.21541,-2.1627157,2.785837,-0.67163014,-2.550116,1.1559105,2.7193732,-1.676153,1.462179,4.9882054,-1.9932369,-1.3886731
0,/data_nas/huangyj/data/placePulse/rawData/googleviews-110802files/513e1bcefdc9f0358700957d.jpg,0.8689592,-2.4378066,1.6480657,-0.000971647,-2.1081293,-0.98271847,-3.6226172,1.5286502,-3.6181583,-1.5186567,-0.118068166,3.2225454,-2.4130986,0.40546042,3.7520988,-0.7527776,0.95461786,1.609073,-2.518106,0.5418326,1.2804898,0.76868284,1.4604982,1.0606825,-0.45098042,0.5258003,3.5528436,-1.6866772,0.37155235,1.0040215,1.7523402,-5.31371,-0.5696941,-1.616992,-1.4808061,-3.5386271,0.029279158,-1.1950824,0.9222426,-3.55073,5.3027115,0.08482796,-0.011500943,2.9507763,1.9443108,-1.3352506,0.6243299,2.7700927,-4.028509,-0.72724247
0,/data_nas/huangyj/data/placePulse/rawData/googleviews-110802files/513d79a2fdc9f03587006577.jpg,4.5764413,-0.5747205,-2.1050563,0.85177755,3.5126047,1.1077393,-2.3810737,4.007618,-1.4287428,-0.4557273,-1.9966589,2.9050655,1.1505514,1.1150523,2.663251,-2.052928,3.7484791,-0.2715989,-1.1057645,3.0044203,3.4384384,-0.63623434,-0.40133554,-5.8125334,2.1584487,0.922746,2.8595176,-2.7706819,2.8346696,1.245831,-0.47584113,1.048955,-5.944545,-2.8726616,-1.8082329,-1.4682485,1.7293218,0.5004179,-0.97213984,-1.0929662,-0.8302822,3.4523659,1.1155617,-3.0049183,1.4373629,-0.4777268,-0.1506832,2.1344986,-1.1760285,1.7478591
0,/data_nas/huangyj/data/placePulse/rawData/googleviews-110802files/514091bafdc9f0492600057f.jpg,0.7213659,-4.5172625,2.4542441,-0.47769126,-2.1717782,0.08742264,-2.9066904,1.2682704,-3.9141796,-1.2826743,0.8407985,2.6956992,-2.504349,0.07477707,4.9493275,-1.82365,0.41227517,-0.18812014,-1.5921826,0.27510756,1.6956935,-0.6918556,1.0496852,1.3306435,-2.2309477,0.45449817,2.9625533,-2.152367,-0.06886901,0.06590472,2.7021832,-3.94553,-0.7035399,-1.1225533,-1.2600379,-3.4700482,0.12158292,-1.5728737,1.5629483,-3.8838708,3.7728994,-1.0611424,-1.2905066,1.8299364,2.0485854,-0.81013745,-0.7200297,3.1190162,-2.2751205,-2.8208685
1,/data_nas/huangyj/data/placePulse/rawData/googleviews-110802files/513d2e48fdc9f0358700257a.jpg,2.9052563,-1.965839,-1.2162142,1.6434184,-2.7219346,1.5315493,-1.6436993,2.3211324,-3.419658,-1.3763824,-1.6621034,2.6320744,0.4485996,0.2382378,2.8028932,-0.19501242,2.5791533,0.83137155,-0.5853713,1.2010003,3.5206237,-0.34081155,-1.7114977,2.111093,0.9110154,0.9091788,1.6495576,-2.7649806,2.2233891,1.1907178,-1.2401623,-3.410855,0.10667953,-3.5638027,-2.5810478,-2.5948892,1.3319974,0.76772803,3.1296048,-0.9252875,2.8784604,1.8666146,-0.8778256,0.93401074,1.2939152,-0.26217958,1.2046583,3.2717433,-1.3352374,0.0946179
0,/data_nas/huangyj/data/placePulse/rawData/googleviews-110802files/50f5ebc8fdc9f065f0008523.jpg,1.960601,-0.6271092,-0.40937617,0.3120011,0.23055422,0.39722642,-2.384483,2.2912483,-1.1601079,-0.71234685,-0.8070606,2.0058603,-0.70973176,0.6678459,2.1115053,-0.75737995,1.5251304,1.2103568,-1.5611514,0.8132399,3.1695082,0.58424544,0.2884907,-0.85295796,1.2359949,0.95443505,2.7699065,-2.4706492,1.8381956,1.4616096,0.01238839,-3.224144,-1.1416047,-2.3482792,-1.554895,-1.1077855,0.6830049,0.088361114,0.07440183,-1.5257033,3.1526234,1.5488256,1.4832243,1.0845531,1.5298693,-0.25361484,0.89718044,0.86507004,-2.35243,0.85317934
0,/data_nas/huangyj/data/placePulse/rawData/googleviews-110802files/50f42b89fdc9f065f000152b.jpg,2.7669988,-1.8722196,0.13754153,1.3706903,-1.0036967,-0.91571677,-4.145699,2.6857483,-3.8164003,-2.250227,-1.6739095,4.9965315,-0.7236699,1.2360154,3.7817445,-0.778664,3.0285602,1.6612186,-2.8622901,2.7301307,1.0669924,-0.1383456,0.81581396,-1.1715115,0.8327027,0.9006085,3.7189248,-1.5369514,1.017736,0.33179325,1.1317878,-3.120015,-3.1469502,-2.1831696,-1.7415574,-3.5882454,1.2600693,-0.7783078,0.9451128,-3.483433,3.2446735,2.015291,0.3575199,0.7539146,1.4142722,-1.6700327,0.4098812,3.5519195,-4.5619864,0.6327042
1,/data_nas/huangyj/data/placePulse/rawData/googleviews-110802files/513d7988fdc9f03587006524.jpg,0.98840326,-4.6909676,1.9833649,1.1152295,-1.3882953,2.2341352,-0.26514822,1.273638,-4.702773,0.40697607,0.8574103,0.61028785,-1.7072607,0.8565783,4.2387624,-2.1942065,0.29027697,-1.3275058,1.0660143,-0.3699473,3.1617045,-1.7478868,-1.9995838,1.3276278,-1.919499,1.7932013,0.47177416,-1.590531,0.51445436,-0.013042556,1.6994627,-4.054863,-0.6795484,-0.3600485,-1.5547915,-4.276556,1.4657195,-1.2555312,1.2150472,-2.907819,3.5131652,-1.0140848,-1.6988257,1.8222495,1.306994,-1.2432611,-0.9246063,4.208452,0.22151315,-3.3974
0,/data_nas/huangyj/data/placePulse/rawData/googleviews-110802files/51414d81fdc9f049260075e3.jpg,1.1276127,-3.379888,1.0555047,0.59620357,-2.2338529,0.82830435,-1.6136092,1.6665924,-6.626269,-0.59982365,-0.41023847,1.1172651,-1.1503836,-1.4555779,3.8201222,-1.0246735,1.6652625,-0.51356214,-0.37147182,0.14815634,2.3551283,0.29378265,-0.55327886,0.96191835,-1.3941972,-1.2291362,1.8867425,-1.5570292,0.96719164,1.5036461,1.4776087,-2.7531075,-1.8438611,-1.5300397,-1.722776,-5.6042547,-0.7336605,-1.8961741,2.0316522,-3.562521,2.8135731,-0.69488037,-3.6410236,1.4226799,2.7331011,-2.363669,0.19546062,6.0272303,-0.5962372,-2.0835
0,/data_nas/huangyj/data/placePulse/rawData/googleviews-110802files/50f5ebd2fdc9f065f00085e7.jpg,-0.18399857,-4.831703,3.112275,-1.5681399,-0.99992335,0.026394017,-2.5235553,0.54625076,-3.706531,-0.58316916,2.0782552,1.7591742,-3.5174363,-0.034014672,5.0199757,-1.923898,-0.9232423,0.13056895,-1.2682755,-1.1710577,1.8109331,-0.22840557,1.3040799,0.29536095,-2.4794674,0.7596202,2.843387,-2.8703718,-0.58518237,0.85414934,2.1286664,-4.016333,-1.0217779,-1.1098422,-1.5069312,-3.6569722,-0.1906908,-0.90055096,0.42330936,-3.0462344,4.077995,-1.8873552,-1.0645494,1.8064928,2.3000143,-0.32000312,-0.51501906,2.900116,-2.165797,-3.458772
1,/data_nas/huangyj/data/placePulse/rawData/googleviews-110802files/513cc2dbfdc9f035870015e9.jpg,4.548138,-0.9387769,-3.0989225,0.98875666,-1.4297159,2.919915,-0.51642233,3.4512873,-2.7856386,-0.2563705,-3.124901,1.1207246,2.455314,0.49262506,2.1711261,-1.7520396,4.0987635,-1.2465193,0.4072806,2.5716226,5.0834794,-1.6586765,-1.9171255,0.14839971,1.888311,0.78868055,0.7594962,-2.9149103,3.5993075,0.2988616,-0.5878293,-2.1269238,-1.2882289,-3.4895134,-1.3623587,-2.1776373,1.8494495,0.5552471,2.929392,-0.940809,1.473633,3.2544053,-0.48412523,-0.11298402,0.7392956,-0.049138956,0.070102744,3.0652277,0.7662525,1.3259156
0,/data_nas/huangyj/data/placePulse/rawData/googleviews-110802files/513e61d4fdc9f0358700b5e4.jpg,0.24723554,-1.8707302,0.8911996,-1.6779019,0.84077907,-1.2931519,-3.6766644,0.5987228,-4.81483,-1.7432053,0.4065486,2.2015,-1.9000105,-1.0812579,2.998199,0.109001316,0.75824803,2.416334,-3.0339816,-0.10596652,1.5770719,1.8378618,2.5602548,-3.2737145,-0.03403091,-1.1416152,3.7009852,-2.8014455,0.2373802,1.7250171,0.41447756,-1.2798132,-4.3324366,-2.6832075,-1.5956291,-4.646609,-1.203405,-0.5679094,-0.7137787,-2.7060673,2.3568428,-0.24368463,-0.9783753,0.0005576201,2.538664,-1.4622732,1.1228962,4.3148875,-4.290037,-0.6602538
0,/data_nas/huangyj/data/placePulse/rawData/googleviews-110802files/514139adfdc9f04926005512.jpg,-0.2603963,-3.0365252,1.8521091,0.56774306,0.3566583,0.33260468,-1.4300289,0.4533692,-5.154768,-0.38541964,1.3708718,0.8722752,-2.4551334,-0.6445272,3.0604854,0.05602663,-0.29809603,1.4834347,-0.55238044,-1.5748677,2.1005962,1.2575574,-0.74941605,-1.0640953,-0.9255595,0.059359036,1.8120036,-2.039867,0.083125785,2.4069617,-0.3578538,-2.1347704,-2.534589,-1.559121,-2.5700595,-4.6386805,-0.33157837,-0.4243564,-0.39053598,-1.8740866,2.627288,-1.278278,-1.8819162,0.6909559,2.5547085,-1.5961941,1.118734,4.6718125,-1.9002875,-2.301222
1,/data_nas/huangyj/data/placePulse/rawData/googleviews-110802files/513d7f09fdc9f0358700751f.jpg,2.872643,-3.5499072,0.8739822,2.9750292,-0.5254848,0.8673847,-2.4421403,3.0243278,-0.1185225,-1.4860845,-0.1437796,4.8347425,-0.8010934,1.9305414,4.2236266,-1.4870602,1.746036,-0.152708,-0.7368112,1.9869977,1.7572212,-1.7463655,-1.8645827,0.83338493,-0.48134097,2.5058148,2.5687335,-1.7264613,1.042846,0.21790335,0.46270213,-1.5330346,-0.5100793,-1.2579292,-2.5470781,0.5894082,2.4527893,0.10575923,1.3950237,-1.5076404,0.73350716,1.300245,0.9555744,-0.7868029,1.0267416,0.22998004,-0.3717371,0.18471572,-1.5711161,-1.344775
0,/data_nas/huangyj/data/placePulse/rawData/googleviews-110802files/50f5612efdc9f065f0005515.jpg,3.038003,-0.8609971,-1.9351772,2.0582423,-2.0762281,2.2863574,-0.29047877,2.9871488,-2.8314126,-0.3173987,-2.039323,0.9083924,1.3536699,-0.96515685,1.6314806,-0.3674691,2.8539302,-0.7000505,0.73348665,1.0741645,4.0005307,-0.0002857428,-2.6241,2.1065855,0.97174346,-0.43705925,0.87105995,-2.1071045,3.0124743,1.9725809,-1.2293615,-1.77611,0.3776497,-2.9209602,-2.1459107,-1.595876,0.41450337,0.2028181,2.9888487,-0.40494928,1.1756643,1.8005967,-1.8376944,0.35554907,1.6900002,-0.49531236,1.1234274,2.7779243,1.2940556,0.46124768
0,/data_nas/huangyj/data/placePulse/rawData/googleviews-110802files/513d79bafdc9f035870065c1.jpg,-0.29768655,-4.360435,2.7833524,-0.9949638,3.1146936,0.1056025,-2.009504,0.49803513,-6.0903997,-0.049460553,2.249725,0.63300824,-2.8712115,-1.0384942,4.3147173,-1.5976697,-0.34836292,-0.07616214,-0.8263694,-1.0584035,1.6979147,0.62585956,0.8793304,-5.198999,-2.219059,-0.7797166,2.472699,-2.088196,-0.45152605,1.5880333,1.6987717,0.65308857,-6.4445558,-0.50927645,-1.7048864,-5.8482513,-0.9098583,-1.7834015,-2.253714,-3.4120696,0.42319232,-2.108892,-2.7028015,-1.5295559,3.0330768,-2.3291824,-0.56558824,5.8023944,-1.5429572,-3.6352847
0,/data_nas/huangyj/data/placePulse/rawData/googleviews-110802files/5140c9a4fdc9f049260025c8.jpg,2.0297117,-1.3325366,0.87893385,0.89997536,-2.3780913,-0.71703875,-3.2644908,2.654412,-2.4377384,-0.8664463,-0.9298958,3.7313054,-2.1724093,1.6778004,3.3612115,-1.0521387,1.3382494,1.6946278,-1.9608425,0.9825641,1.2745771,0.5288575,0.32617974,1.8783703,0.7583959,1.9689196,3.3623443,-1.4457358,0.9468696,1.4809258,0.93099564,-7.2600603,0.70457435,-1.9009056,-1.7384934,-2.7411635,1.1970253,-0.35235384,1.029688,-2.6320841,6.8418956,1.4611115,1.3351965,4.125033,1.2655032,-0.8473064,0.90762705,1.6833336,-3.6086946,0.78018385
1,/data_nas/huangyj/data/placePulse/rawData/googleviews-110802files/51421c94fdc9f04926008596.jpg,2.758911,-2.2057762,-2.667928,-1.3009505,-2.273301,2.0844092,-1.2975321,1.1728935,-4.5626674,-1.8805772,-1.9937958,0.87172556,2.20507,-1.8527578,2.4718904,-0.18305865,3.172163,-0.021825153,-0.91586107,1.3032166,4.655245,-0.78715515,0.084227584,-0.020157393,0.59596044,-1.4472226,1.1146873,-4.415598,2.389198,0.23868097,-1.3117505,0.46280503,-2.1214037,-4.882323,-1.5550379,-3.328776,-0.092206724,1.0845109,3.9620688,-0.61016417,-0.38194263,1.5221708,-2.7774837,-1.7557814,1.5598401,0.42126045,0.63607746,4.7301593,-0.47682244,-0.31674966
1,/data_nas/huangyj/data/placePulse/rawData/googleviews-110802files/514091c3fdc9f04926000596.jpg,2.652654,-4.9698415,0.9150113,2.1571348,-2.901165,2.2631843,-0.64540637,2.3480184,-4.5566425,-0.30617708,-0.12993552,2.4832804,-0.972449,0.8470411,4.9798107,-1.9439931,1.5088995,-1.1700962,1.0451373,0.48972452,2.7051888,-2.0391982,-3.0957923,2.657135,-1.4050477,1.9291716,0.88342947,-2.2774737,0.9841936,0.8238772,0.11446935,-3.6584766,0.007387288,-1.9591011,-2.8128011,-3.6835654,2.0260308,0.17098652,3.1902652,-1.6443669,2.8496127,0.266577,-2.3929439,0.9659897,1.4746842,-0.31626436,-0.45315468,4.368478,0.47976452,-2.687357
0,/data_nas/huangyj/data/placePulse/rawData/googleviews-110802files/50f5e8e2fdc9f065f0007597.jpg,1.4841925,0.8497189,-1.7322211,-0.018732017,1.5656848,0.29475704,-1.3506203,1.0239588,-4.214711,-0.3982228,-1.1830157,0.76264995,-0.051026978,0.2549793,0.4876827,1.0264143,1.476992,3.2462704,-1.1752023,-0.20772791,2.9501257,1.7089671,-0.35537088,-3.5589888,2.8891325,0.6483688,1.4509797,-2.7182565,1.5578221,2.526177,-2.9751573,-2.2083538,-3.7930717,-3.6953535,-2.219368,-4.4544225,0.58110994,1.6775239,-1.0033153,0.15880623,3.0243301,1.9159127,0.4686541,0.38106734,1.1544398,-0.99605685,2.3887618,4.239243,-2.984768,1.994438
1,/data_nas/huangyj/data/placePulse/rawData/googleviews-110802files/5140c996fdc9f0492600259f.jpg,2.7109983,-1.3872058,-1.8052253,-0.584973,2.636509,0.46272308,-2.684324,1.9338915,-5.036218,-1.6043388,-1.1937227,2.1019683,0.8897791,-1.3598074,2.610256,-0.13027367,3.0553799,1.261724,-1.9098114,1.4637843,3.2705953,0.85916513,0.6867786,-5.9519925,1.3396009,-1.5010588,2.7977307,-3.6667576,1.9917736,1.8987793,-1.4906973,2.7235284,-7.0959764,-4.16097,-2.3181546,-4.399909,-0.31668422,0.5905182,-0.2455435,-1.1560302,-1.6205436,1.7574005,-1.8751488,-3.7452629,2.4987402,-1.2287774,1.0356216,5.5158606,-2.29693,0.36360237
0,/data_nas/huangyj/data/placePulse/rawData/googleviews-110802files/50f445aefdc9f065f000359a.jpg,3.352385,-2.547402,-1.4164675,-0.18373574,-1.6103369,2.520938,-1.0239003,2.8444529,-2.7910585,-0.21355113,-1.2335128,1.0687138,0.5178386,-0.6153946,3.4472702,-1.9058751,2.3554695,-1.2605152,0.25335267,0.80435336,4.87515,-0.6998759,-1.1959268,0.9224184,0.26624218,0.21176352,1.625925,-3.9174948,2.844388,1.5791266,-0.4627537,-2.5076063,-0.3853919,-3.6809652,-2.1009476,-2.106876,0.62175405,0.6300111,2.8952127,-0.7614619,1.9337717,1.4766594,-1.4213576,0.14168347,1.9527913,0.47859374,0.30074066,2.7989573,0.9646646,-0.5269469
0,/data_nas/huangyj/data/placePulse/rawData/googleviews-110802files/50f5ebd3fdc9f065f00085fd.jpg,0.9066316,-1.9797279,0.74438566,-0.34057444,1.4648676,0.3676883,-2.3043451,1.8219523,-1.3085784,-0.67854375,0.9541674,1.4952027,-1.720832,-1.2170298,2.840417,-0.6943244,0.28588337,0.46237534,-1.2199727,-0.6474499,2.9026632,1.6481107,0.3006206,-1.5915273,-0.41423586,-0.63584346,3.2496374,-3.1430929,1.4076418,2.8995743,-0.13369426,-0.54056907,-1.8550775,-2.3122737,-2.3168933,-0.8155477,-0.8964913,-0.1192003,-0.44250014,-1.0400237,0.76679707,-0.25516087,-0.36631545,-0.76573646,2.9781146,-0.10540764,1.0177242,1.0908606,-1.0254248,-1.10704
0,/data_nas/huangyj/data/placePulse/rawData/googleviews-110802files/513e6fbefdc9f0358700c5f3.jpg,-0.30899704,-5.194406,3.0445604,-0.93487346,-2.0383549,0.30077985,-2.1939907,0.11842125,-4.551139,-1.1365615,1.5872374,1.7311437,-2.6378925,-0.0074386764,4.8004103,-1.6799616,-0.34165356,-0.35673106,-1.192762,-0.37021154,1.5399985,-1.1772181,1.0049783,1.1848605,-2.9675725,0.4947607,2.0375485,-1.930715,-0.8235932,-0.7882606,2.9778068,-3.282061,-0.96741575,-0.42487788,-0.76436293,-4.0676656,0.086719714,-1.8138739,1.3371577,-4.0133767,3.2267022,-2.0465832,-1.8570378,1.6117635,1.6119207,-0.9204651,-1.1270659,3.7144823,-2.095649,-3.9412754
1,/data_nas/huangyj/data/placePulse/rawData/googleviews-110802files/50f42f00fdc9f065f0002586.jpg,3.1890647,-1.7432216,-2.1094604,1.0254047,-0.12681098,2.1938524,-0.7836444,2.4300804,-7.180205,-0.47216174,-2.3734522,0.120870575,1.9602646,-1.6853764,2.365147,-0.76355726,4.0640945,-0.7878229,0.09621164,1.7894452,4.4061475,0.09306565,-1.4129828,-2.504534,0.82776964,-1.8343556,0.9280959,-2.0016563,2.9520807,1.2797943,-0.24553928,0.56281793,-5.044246,-3.0274603,-1.7357632,-6.0804024,-0.10316986,-1.168654,1.7293125,-2.515799,-0.1940404,1.633033,-3.8428717,-1.6061988,2.3269854,-2.7871425,0.42753768,7.4281936,0.30708176,-0.22155514
0,/data_nas/huangyj/data/placePulse/rawData/googleviews-110802files/513e228dfdc9f0358700a582.jpg,0.8885431,-1.7032633,0.7948617,0.2618186,0.1376498,0.89817053,-1.531612,1.5492944,1.8270931,-0.39525524,1.1330922,1.4370831,-1.7764096,0.49611673,2.183894,-0.76338905,-0.508803,0.52978516,-0.67691225,-0.7483934,3.1632774,0.57992095,-0.34849155,1.1018108,-0.15474695,1.4712787,2.2681382,-2.8526711,1.3906715,1.7633108,-0.33990204,-2.8653524,1.6449555,-1.7951665,-1.9693581,1.9671893,0.5609304,0.77479374,0.16229738,0.08787694,2.2788253,0.17875099,1.8424515,0.82429004,1.4899113,1.5232297,0.80939704,-2.1780837,-0.8613521,-0.81561947
0,/data_nas/huangyj/data/placePulse/rawData/googleviews-110802files/51414d5afdc9f04926007581.jpg,-0.2520889,-2.3181038,1.5165607,0.108663626,0.5744605,-1.2790904,-3.1538002,0.2814958,-5.9779716,-1.9042748,0.46762148,2.453697,-1.8335452,-1.0884641,2.8561552,0.7218973,0.845303,2.3433518,-2.461023,-0.0018201992,0.59313685,1.5680814,1.3058486,-2.8183072,-0.57129246,-1.2556546,2.9431658,-1.3821079,-0.3449774,1.3921814,0.564509,-0.3215551,-4.7327156,-1.5487994,-1.7801484,-5.3670354,-1.0308218,-1.2865415,-0.6253333,-3.2190986,1.4054015,-0.819141,-2.071389,-0.3326538,2.4394221,-2.6097362,1.0752478,5.5230374,-4.0911074,-1.4282521
0,/data_nas/huangyj/data/placePulse/rawData/googleviews-110802files/50f445adfdc9f065f000358f.jpg,-0.19998795,-1.3716519,1.9630723,-0.4108358,-2.6562424,-0.7413194,-2.726529,0.9017513,-0.53402454,-0.9503836,0.16649066,1.7483906,-2.3673334,0.86199987,2.2423503,-0.9195907,-0.10309701,0.8504764,-2.2280164,0.2701242,1.3689214,0.39090604,1.9316473,3.0392377,-0.69319826,0.9564108,2.6757703,-0.67654926,0.25623298,-0.35014278,3.1414292,-6.3881087,2.3605275,0.03146764,0.14861612,-0.6464963,-0.021381557,-1.9467634,0.71752644,-3.6742597,5.8976116,-0.4632175,1.7427452,4.5069413,0.882623,-0.62936264,0.09551952,-0.62089366,-3.2433977,-0.52788955
0,/data_nas/huangyj/data/placePulse/rawData/googleviews-110802files/513e619dfdc9f0358700b58f.jpg,1.3025178,-5.1667404,2.046672,0.9872016,-0.9229085,1.0992602,-1.6178696,2.075726,-6.4072666,-0.62545955,0.44347423,1.8343837,-1.3514506,-1.5984498,5.056641,-2.1140573,1.5283839,-2.197809,0.106147274,0.5902594,1.7173731,-0.90879107,-0.8827772,-0.39662635,-2.938999,-1.3900472,2.0427585,-1.4452171,0.38905525,0.98312455,2.5805736,0.1796089,-3.5161383,-0.4347541,-1.7434251,-4.9678187,-0.6462605,-2.5082982,1.6637285,-4.0688825,-0.08558287,-1.5020461,-4.594615,-0.87453103,3.105951,-2.36893,-1.1003358,6.0627522,0.59922004,-3.8542674
0,/data_nas/huangyj/data/placePulse/rawData/googleviews-110802files/513d9eedfdc9f0358700858a.jpg,0.77255976,-4.225725,1.9176512,0.64864683,-0.42649385,1.6470028,-0.3469754,1.2032847,-6.2496448,0.75427204,1.0164416,0.2569555,-2.215444,0.10681351,4.1000752,-1.7922486,0.12266016,-0.61236286,0.9390045,-1.1267313,2.683269,-0.53558755,-1.7972786,-0.39117828,-1.5854675,1.0245209,0.8177017,-1.8788773,0.32163668,1.5497031,0.8002421,-3.5722082,-2.3550618,-0.9371898,-2.1093233,-5.920359,0.6689053,-0.87213326,0.38760877,-2.5384393,3.5884492,-1.172463,-2.6136224,1.5420859,2.0602527,-1.6946175,-0.21139835,5.7751613,-0.003915049,-3.0008712
0,/data_nas/huangyj/data/placePulse/rawData/googleviews-110802files/513d5b92fdc9f03587003580.jpg,2.2769608,0.4959187,-2.4080627,-0.9362343,1.3340786,0.22649425,-1.9508269,1.1095548,-3.0271807,-1.0364814,-1.3878006,1.7399772,0.39683002,0.7246128,0.99847955,0.69648814,1.8269529,3.35746,-1.8283877,0.42916942,3.0797741,0.9164062,0.33858913,-3.7939296,3.1881936,1.1771489,1.8880233,-3.9198546,1.6415063,1.9255956,-3.439701,-1.684175,-3.7464056,-4.7226243,-2.272844,-3.410596,1.1612729,2.8723545,-0.3267354,0.9295837,2.4416895,2.693873,1.2117218,-0.5893604,0.74326974,0.43872783,2.1160223,3.2777226,-3.5495064,2.2942488
0,/data_nas/huangyj/data/placePulse/rawData/googleviews-110802files/513d79a8fdc9f0358700658b.jpg,1.1887833,-1.6513692,0.17145881,1.0943873,1.6484327,0.14034885,-1.897829,1.5935085,-6.0207863,-0.7505839,-0.32355043,1.6741558,-0.8474917,-1.1001683,2.4594505,0.24655771,1.6462613,1.4222388,-0.90875024,0.04256881,1.9900111,1.457683,-0.7606878,-3.615879,0.37950358,-0.9332018,2.187332,-1.8833969,0.95845026,2.749642,-0.8666544,0.23989917,-5.3133135,-2.1991565,-2.5741715,-5.279584,-0.44744036,-0.4620822,-0.6268451,-1.9160326,0.6282473,0.22170691,-2.374498,-1.1100801,2.6872876,-2.4697654,1.4152279,5.991233,-1.927054,-0.59913576
1,/data_nas/huangyj/data/placePulse/rawData/googleviews-110802files/50f60879beb2fed6f800055d.jpg,4.2722135,-3.2000518,-0.5508915,0.6458718,-1.8066814,1.7925699,-1.7647065,4.5397134,-1.9903264,-0.04040605,-1.3122388,2.3645165,0.020849766,-1.1777929,4.6311193,-3.244695,3.0063748,-3.245315,0.3512862,1.925205,3.0356202,-0.77412707,-1.0859864,1.2711754,-0.94309497,-0.7906383,2.8650184,-2.8178616,2.7710528,2.1785214,1.171596,-1.4271929,-0.5108289,-2.4504623,-2.0707326,-1.0099484,-0.030012727,-0.61056983,3.1107423,-1.5584015,0.58639354,1.4119018,-2.4267693,-0.57247496,2.8513765,0.22466832,-0.8535234,2.0166907,2.3912308,-0.8648147
1,/data_nas/huangyj/data/placePulse/rawData/googleviews-110802files/50f42efffdc9f065f000255c.jpg,3.8030012,-1.4247878,-2.7528324,1.0584409,-2.9520936,1.6151912,-1.6895566,2.880866,-6.1497135,-1.8910583,-3.8645856,1.6974097,3.2269588,-1.9339148,2.3799644,-0.69347966,5.4137754,-1.404847,-0.8726911,3.7459853,3.3356993,-0.95660335,-0.44802576,0.29735738,0.64793646,-2.6476085,1.3409877,-1.3122411,2.9834187,-0.5307823,1.1236521,0.8113935,-3.1061687,-2.915469,-0.55912495,-4.4612126,-0.27546564,-1.8651525,4.174974,-3.4121532,-0.84997165,2.2590675,-3.9631982,-1.3097637,1.6493279,-2.4366066,-0.14166906,6.2806396,-0.025337208,0.47231644
0,/data_nas/huangyj/data/placePulse/rawData/googleviews-110802files/50e5f7dad7c3df413b0005ac.jpg,0.101906754,-3.793089,1.8951193,1.1323321,-1.9651423,1.870376,0.088277265,0.31806904,-3.2038016,0.34381667,1.4349304,0.33167806,-2.3425162,1.0068194,3.1604412,-0.72528315,-0.9832479,0.52547836,0.9542552,-1.8609796,2.9816782,-0.53291255,-2.3774981,2.7874715,-1.2249821,2.4654567,0.16562028,-2.0276146,0.2292878,1.1710322,-0.3658377,-5.3488603,1.5427274,-1.2184135,-2.3658555,-2.9635575,1.4768035,0.424896,1.2381481,-0.91367066,4.7386227,-1.0972477,-0.70209277,2.809086,1.0466504,-0.078047566,0.55242187,2.5906477,-0.5430218,-2.7943344
1,/data_nas/huangyj/data/placePulse/rawData/googleviews-110802files/514139f2fdc9f049260055af.jpg,1.2271056,-0.9896231,-1.765492,0.4494768,-0.92044586,1.9551868,0.10505821,0.04640752,-4.009074,-0.79343903,-0.9325175,0.06886019,0.91214246,0.13354428,0.82617694,1.0571755,1.2825962,2.017687,0.025957126,-0.38878042,3.8818936,-0.24178311,-1.808498,-0.14650333,1.5936451,1.0207952,-0.30002502,-3.0593026,1.403729,0.73965526,-2.96327,-1.7904209,-1.2964664,-3.6058364,-2.1061068,-3.4893153,1.2677759,1.9928116,1.5583711,0.59087646,1.9039549,1.1464667,-0.6464384,0.07231912,0.41760075,0.10205129,1.6404885,4.0620394,-1.3754694,0.11903834
1,/data_nas/huangyj/data/placePulse/rawData/googleviews-110802files/50f5e8ccfdc9f065f0007503.jpg,2.1243434,-1.1039101,-1.3200074,-0.91763335,-2.5171454,1.8532797,-0.68537956,1.8353142,-4.858115,0.1865456,-2.2564387,-0.8677091,0.8562436,-0.7449271,1.9829357,-1.7029115,2.7505074,-1.1735595,-0.26269388,1.1381373,4.3468666,-0.41464412,0.19714148,0.97889686,0.45517486,-0.7276766,0.72471786,-1.7897398,2.4711494,0.027533712,1.9246904,-4.122398,-0.79969543,-1.9721247,0.12336315,-4.48776,-0.102474764,-1.6906495,2.4101965,-3.3227363,3.820352,0.9850404,-1.6689047,2.5148003,1.3338687,-1.6658474,-0.024409857,4.449041,-0.10410177,0.21974595
1,/data_nas/huangyj/data/placePulse/rawData/googleviews-110802files/513d2da8fdc9f03587002507.jpg,0.6822334,-5.135043,2.1749418,1.3575034,-1.415616,2.0002594,0.013015434,0.96788096,-6.5687118,0.39778957,1.0461768,0.30814496,-1.7637993,-0.295272,4.3574996,-1.7786388,0.317308,-1.5027863,1.359943,-0.7371388,2.296529,-1.1904022,-2.2945485,0.78380847,-2.4958336,0.5170551,0.27099144,-1.2898145,0.12174779,0.77314013,1.3436947,-2.5058727,-1.8654184,-0.34007102,-2.0117662,-5.7453976,0.60312796,-1.445973,1.349555,-2.8804257,2.3214905,-1.6675231,-3.774013,0.91017807,1.985381,-1.8998351,-0.80394924,6.117408,0.84396875,-4.036591
0,/data_nas/huangyj/data/placePulse/rawData/googleviews-110802files/5140917ffdc9f0492600050c.jpg,3.7097304,-0.11229581,-2.7184129,-0.023501301,-0.12050271,0.6767891,-2.5770583,2.9146109,-2.068967,-1.4836016,-2.2133987,2.639958,1.1789392,-0.49439025,1.9760795,-0.17716014,3.2911832,1.2605426,-1.7241694,1.8081732,3.6119912,0.7766604,0.113444485,-1.7319413,2.342477,-0.3265821,2.8314056,-3.787906,2.9227548,2.1378164,-2.0789037,-0.84622145,-2.4408047,-4.7792854,-2.3229492,-1.6189979,0.41591254,1.6164852,1.6476507,0.118772894,0.9903971,3.1030238,-0.063710995,-1.181248,1.7323482,0.44098264,1.5770925,2.2916744,-1.8182713,2.048816
0,/data_nas/huangyj/data/placePulse/rawData/googleviews-110802files/513d7efbfdc9f03587007505.jpg,0.38205805,-0.56841284,1.0869538,-1.0594015,0.429034,-1.5614221,-3.6764758,0.9128939,-0.18074019,-1.3437983,0.51653606,3.1234941,-2.5272334,1.5882405,2.129682,-0.0824156,-0.21824358,3.197499,-3.1711385,-0.008939035,1.1754836,1.222398,2.2581253,-1.0448985,1.0091195,1.8846862,3.6883872,-2.3353155,0.088499054,1.0568646,0.2098302,-4.6166015,-0.6637083,-1.9546605,-1.2237253,-0.85325027,0.6369629,0.5249872,-1.2342837,-1.5517559,4.8728423,0.76546305,3.1427944,2.2222097,0.90518403,0.22322604,1.217578,-0.44183886,-5.19373,0.74699557
0,/data_nas/huangyj/data/placePulse/rawData/googleviews-110802files/5141449bfdc9f0492600650b.jpg,2.5487554,0.060712054,0.00084158033,0.9131591,-0.6795981,-3.0896986,-5.8643403,3.1607,-1.9984609,-3.1528273,-2.4214315,6.1794534,-0.4504329,0.3639937,2.7710967,-0.19753706,3.7102067,2.0531197,-4.68751,4.0647016,-1.1491075,1.1680481,3.217606,-1.8057001,1.2516928,-0.99898857,5.400561,-0.120838575,0.8282382,0.30803257,2.3265216,-1.3839176,-3.3908074,-1.398626,-0.65248513,-1.7078791,-0.3060608,-1.9889642,0.27685878,-4.2791133,1.8412938,2.4151106,1.0032448,0.25201577,1.66134,-2.2876086,0.46386462,1.6774555,-5.7239227,2.1979492
1,/data_nas/huangyj/data/placePulse/rawData/googleviews-110802files/513d2da4fdc9f03587002504.jpg,1.607061,-2.188208,-0.5401803,-0.057399526,0.39611965,1.3841721,-1.336124,1.8569329,-4.8925705,-0.45586026,-0.31633422,0.1368531,-0.23038511,-2.5771954,2.7365658,-0.43340412,1.7843963,-0.1654831,-0.30090111,-0.4035535,4.1098695,1.5843033,-0.60795546,-1.7299877,-0.1746117,-2.1449049,2.128613,-3.2398653,2.2463145,3.191672,-0.7160757,0.2600963,-3.26829,-3.1718912,-2.5636182,-3.8158147,-1.4380742,-0.35503605,1.0693703,-1.3206196,0.12008389,0.020472903,-3.228777,-1.225516,3.521532,-1.2866447,1.2537011,4.804151,0.1937058,-1.1782928
0,/data_nas/huangyj/data/placePulse/rawData/googleviews-110802files/50f5ebcffdc9f065f00085b6.jpg,2.275966,-1.2695307,-1.5084933,0.73986536,0.052591495,0.82136685,-2.0249374,1.8762442,-6.5171986,-1.3985754,-1.7661068,1.43428,0.84217286,-1.4414834,2.3080902,0.39461523,3.2254353,1.3592079,-1.26769,1.1330291,3.4900248,1.17564,-0.5415806,-2.4655325,1.2103107,-1.5177132,2.052345,-2.3814492,2.2057905,1.90139,-0.9870485,-0.118211,-4.6162314,-3.6099086,-2.2261755,-5.5525384,-0.34036812,-0.503103,1.1477718,-2.1861787,0.78744996,1.416342,-2.6676428,-1.0264357,2.4321733,-2.414705,1.5308118,6.5273767,-2.0650127,0.24640806
0,/data_nas/huangyj/data/placePulse/rawData/googleviews-110802files/51413424fdc9f04926004546.jpg,1.998553,-1.2613156,-1.4359766,-1.0825247,0.23410961,1.4106433,-1.0821401,1.229869,-3.495313,-0.1844822,-0.4748573,0.5436749,-0.4052454,-0.15270121,2.271479,-0.27911416,1.0848345,1.7179276,-0.51960504,-0.7729531,4.235103,0.781912,-0.5353625,-1.7510214,1.6267785,0.8041785,1.5391698,-4.415039,1.8907866,2.6289625,-2.6898189,-2.7540333,-2.0879529,-4.5341597,-2.6958954,-3.5738204,0.59653425,2.2945404,0.7017951,0.63237894,3.0543158,1.3884419,-0.28720275,0.2437236,1.7198437,0.60464627,1.7344986,3.5375419,-1.4371411,0.42818353
0,/data_nas/huangyj/data/placePulse/rawData/googleviews-110802files/51408995fdc9f0358700e543.jpg,1.8307903,-0.40141863,-1.7569997,-0.4267774,0.8663581,1.2911919,-0.9270255,1.2073936,-5.460366,-0.089252524,-1.0813054,-0.028692562,-0.04025893,-0.38906518,1.4910487,0.37225345,1.6845773,2.2927327,-0.5722557,-0.6002232,4.329456,1.4430867,-0.82868296,-2.8880162,2.204327,0.26125166,1.1980112,-3.5246313,2.1635878,2.8075855,-2.6222758,-2.5714228,-3.589659,-4.27721,-2.5279396,-5.4612985,0.3737199,1.4214673,0.051647052,-0.2501083,3.2327967,1.545456,-0.9331739,0.48199815,1.7942713,-0.98563415,2.2390826,5.453194,-1.9241589,0.95397216
0,/data_nas/huangyj/data/placePulse/rawData/googleviews-110802files/513e1bb6fdc9f03587009543.jpg,1.7932403,-1.2759948,0.32799703,-0.4025499,-1.5469443,-1.3659137,-4.616166,2.4818056,-0.39150622,-2.5944371,-1.1099383,4.3232565,-0.8028276,-0.46812144,3.1417522,-0.7836233,2.2013822,0.7549418,-3.519494,2.2996314,1.2346532,0.59451187,2.7453969,0.52540797,-0.039983254,-0.9330754,4.6128078,-2.0372665,1.1948748,0.4005411,2.2449534,-1.9750415,-0.53660893,-1.9425899,-0.71367717,0.16260318,-0.7235648,-1.3413529,1.511273,-3.2103472,1.8743151,1.0949956,0.7599136,0.6502034,2.0084891,-0.30563214,0.29813558,-0.13966984,-3.6408193,0.47440475
1,/data_nas/huangyj/data/placePulse/rawData/googleviews-110802files/51413423fdc9f04926004543.jpg,3.6878593,-1.3959742,-2.903201,1.0242608,-0.6216843,2.167056,-0.9912925,1.9330639,-4.4428706,-1.5601568,-2.7088406,2.0364149,2.6707923,0.6291084,1.9023752,-0.2611722,3.8980842,0.5141962,-0.50613433,2.624788,3.9097638,-1.9218091,-1.520604,-1.8409921,1.8128924,0.7990613,0.50667846,-2.9296093,2.2821813,-0.74799967,-1.6991807,0.309257,-3.7994106,-3.7592888,-1.5775297,-3.5952754,2.1262286,1.1414028,2.379264,-0.7701871,-0.31402078,2.889599,-0.9796383,-2.0344248,0.15277067,-0.4054725,0.24187396,4.936283,-1.2177491,0.7940101
0,/data_nas/huangyj/data/placePulse/rawData/googleviews-110802files/514139c3fdc9f04926005547.jpg,-0.49310628,-1.431917,0.72215044,-2.114652,-1.0200732,-0.96861607,-3.3023195,-0.1562477,-4.0514717,-1.8778363,0.31168348,1.0418859,-1.7095078,-1.6530955,2.1968741,0.7515367,0.3775415,2.6202588,-3.0753565,-0.7043793,2.4166408,2.3580766,2.8500402,-0.6116324,-0.11535369,-1.5620673,3.2169616,-2.7712636,0.57333827,1.4407185,0.57503456,-2.8053799,-1.6384193,-2.8794012,-1.1548918,-3.779501,-1.7524949,-0.80566245,0.44144008,-2.6511266,3.5247571,-0.61862046,-0.8622826,1.5279584,2.3958495,-1.1543499,1.585374,3.2469425,-4.1706347,-0.6393688
1,/data_nas/huangyj/data/placePulse/rawData/googleviews-110802files/51413425fdc9f0492600454e.jpg,4.625474,-1.1263344,-3.714578,-0.18130797,0.85624206,2.002857,-1.542143,2.6602829,-3.9832041,-1.4019403,-2.9199438,2.1411364,2.9198134,-0.13228948,2.3698232,-0.919515,4.4722857,0.08247812,-0.8569125,2.8785987,4.2996874,-1.357414,-0.62955797,-4.1510777,2.2975678,-0.07591831,1.4563452,-4.1147404,2.9311385,0.40076464,-2.100896,1.8731784,-5.493263,-4.8692093,-1.9273844,-3.3670225,1.48394,1.7806121,1.8817127,-0.12289387,-1.5313212,3.5211086,-1.1407468,-3.58803,1.0417289,0.13008796,0.30094337,4.820623,-0.7846587,1.4441483
0,/data_nas/huangyj/data/placePulse/rawData/googleviews-110802files/5140d5c0fdc9f0492600354c.jpg,4.402836,-1.919136,-2.11569,1.7992866,1.7320682,2.6377466,-0.3602572,3.7409432,-4.862217,0.53483725,-1.6868166,1.0717726,1.177248,-0.4528245,3.053637,-1.6725447,3.4667125,-1.105807,1.147999,1.3310896,4.2617717,-0.31633648,-2.983961,-3.6693375,1.2883348,0.03347608,1.1783961,-3.0778892,3.1115394,2.9713707,-2.0248811,0.7072546,-5.10034,-3.535777,-3.2034729,-4.1683116,1.1712954,0.9492002,0.7808244,-0.13900979,-0.5778456,2.4095259,-2.4808266,-2.61043,2.4139514,-0.99488825,0.47622147,5.521878,1.5529528,0.17182632
0,/data_nas/huangyj/data/placePulse/rawData/googleviews-110802files/513d5eb8fdc9f03587003ad6.jpg,0.14701083,-3.2073603,0.42045873,-1.9379445,-1.20898,0.02553429,-2.5466294,-0.27971852,-4.6826253,-2.0397582,0.63070077,1.4619664,-1.0808332,-1.6260943,3.2580564,0.4505933,0.4982246,1.959548,-2.0935152,-0.7891554,2.7866874,0.7929404,1.5600861,-0.71666867,-0.6792048,-1.0794969,2.441573,-4.045,0.34861737,1.2000152,-0.7703221,-0.8814833,-2.3163273,-3.6392214,-2.0193408,-3.959142,-0.98934823,0.6791681,1.6285143,-1.3169975,1.4948877,-0.6963866,-2.057725,-0.5354668,2.3661168,-0.033870965,1.1351861,4.3131723,-3.021526,-1.9000031
0,/data_nas/huangyj/data/placePulse/rawData/googleviews-110802files/513d5eb4fdc9f03587003ad2.jpg,0.46400282,-5.09161,2.8265476,1.7172679,-0.88515586,1.1911234,-1.0344559,0.9782054,-4.732575,-0.171686,1.4952594,1.7020688,-2.5613372,0.86552024,4.613493,-1.546751,-0.122796714,-0.31680256,0.34930182,-0.61287284,1.8777062,-1.0881141,-1.8373232,0.65291196,-2.2136536,1.7065221,1.1510005,-1.2756945,-0.24935377,0.573634,1.3737048,-3.2201614,-1.442127,-0.13741447,-2.202791,-4.1955657,1.263429,-1.1336449,0.62058306,-2.912137,2.9710298,-1.4289149,-1.7632325,1.1385126,1.746251,-1.4304137,-0.5543275,4.254612,-1.0078046,-3.7491884
1,/data_nas/huangyj/data/placePulse/rawData/googleviews-110802files/513e1dd1fdc9f03587009ad1.jpg,-0.42660335,-1.7573301,2.06589,0.64352584,-1.9199748,-0.7885227,-2.6033466,0.6576302,-1.865223,-1.14174,0.7614143,2.0345342,-2.7483234,0.16478978,2.3937056,0.2654231,-0.38427088,2.0215728,-1.8687867,-0.7586309,1.3086867,1.5907598,0.67977494,2.2965894,-0.5527663,0.5908397,2.6916952,-1.1507132,0.19258535,1.5302842,1.0051622,-5.2667584,1.3366772,-0.938167,-1.6266546,-1.683806,-0.2942393,-0.94029367,0.42638135,-2.3973565,5.069289,-0.7134963,0.5508501,3.37562,1.7865266,-0.9275121,1.3025795,0.90054166,-3.3618586,-0.9727919
0,/data_nas/huangyj/data/placePulse/rawData/googleviews-110802files/513e5c61fdc9f0358700aadf.jpg,0.9548583,-0.12142959,-1.0061067,-0.741308,-0.78898036,0.044024266,-2.009333,0.806647,-2.3362384,-1.2247132,-0.6808337,1.2433119,-0.5508567,-0.6628149,1.1885508,0.9276864,0.9291605,2.6572223,-1.7611554,-0.5097021,2.976241,1.7212852,0.62053186,-0.23325291,1.5852935,-0.087477915,2.1983202,-3.389596,1.4726294,2.318832,-1.9561952,-2.9245744,-0.68604887,-3.7348292,-2.0589137,-2.139719,-0.35556573,1.4292513,0.8734722,-0.026692139,3.1939392,1.0326128,0.3280046,1.1579816,1.6728227,0.24993174,2.2390354,1.9917693,-2.7552173,1.0391936
1,/data_nas/huangyj/data/placePulse/rawData/googleviews-110802files/50f43515fdc9f065f0002ad5.jpg,3.5516205,-2.3792071,-1.3171072,2.5631661,-2.6568024,2.9091763,0.30834603,3.3820782,-5.273608,0.2662234,-2.4324145,0.6066903,1.6256602,-0.80313176,2.8216062,-1.7791879,3.6454675,-2.649993,1.6689255,1.9342192,3.5068672,-1.4616827,-3.3135457,2.0064988,-0.2364955,-0.55655843,0.13277067,-0.90390253,2.676712,0.7917953,0.6524317,-1.5052509,-0.9849485,-1.5747906,-1.4797955,-3.8444698,0.8208484,-1.3792121,3.5225344,-2.280087,0.80027664,1.3481344,-3.6433327,0.25875548,1.611054,-1.890075,-0.45759392,5.2993717,2.5791297,-0.7678862
0,/data_nas/huangyj/data/placePulse/rawData/googleviews-110802files/513d5eb2fdc9f03587003ad0.jpg,-0.2575967,-2.398181,2.8916683,-0.070182614,-2.0141604,-1.0879695,-3.0052989,1.0088248,-1.9239966,-0.70379573,0.9256949,2.3369315,-3.4784656,0.960987,3.332282,-1.0979068,-0.53987205,1.2035514,-2.0229259,-0.32939374,0.66054344,0.78276885,1.514602,2.1065125,-1.1655135,1.2430878,3.0939574,-0.7976875,-0.3056854,0.74463093,2.6678874,-6.578325,1.1872263,-0.066985406,-0.89179397,-2.1943388,0.06639514,-1.697399,0.029067025,-3.5924668,6.295846,-0.8966481,1.002049,4.2810993,1.5240244,-1.0863469,0.17228729,0.82006776,-3.481547,-1.319319
0,/data_nas/huangyj/data/placePulse/rawData/googleviews-110802files/51408c15fdc9f0358700ea6d.jpg,-0.49557063,-5.0027328,3.2012289,0.3971561,-1.8952588,0.8123089,-0.99120295,-0.08656176,-5.6991196,-0.23397996,1.5469667,0.97578174,-2.8086922,0.87838364,4.2887497,-1.4815267,-0.6346233,-0.090134904,-0.06239459,-0.89053524,1.4629736,-1.3824226,-0.623314,1.279942,-2.5953178,1.5881972,0.77117276,-0.9977918,-1.0119678,-0.57857466,2.347387,-4.4943724,-1.0206575,0.27230787,-1.117411,-5.417957,0.9634224,-1.6488781,0.7683499,-3.7793822,4.3718567,-2.0751486,-1.84389,2.554016,1.1658206,-1.6634799,-0.8901694,4.9004436,-1.7151288,-3.9318461
1,/data_nas/huangyj/data/placePulse/rawData/googleviews-110802files/51414778fdc9f04926006a6d.jpg,4.2552037,-1.2997121,-2.3915977,2.2058225,-2.9095175,3.2692516,0.54700243,3.7091973,-2.7906876,0.38315934,-3.0620632,0.6253628,2.4287493,-0.031043818,1.996747,-1.9994388,3.859691,-2.7788644,1.701355,2.4831789,3.985679,-2.0381103,-3.1775618,2.714589,0.70974815,0.33429298,-0.12339079,-1.3360393,3.230074,0.26041138,0.1502128,-2.1025114,0.54587764,-1.9462152,-1.056228,-1.6653463,1.5538083,-0.4289239,3.8366103,-1.1602952,0.9773947,2.4191313,-1.8530256,0.4788925,0.678735,-0.5745545,-0.52675945,2.9723368,2.9040532,0.47456002
0,/data_nas/huangyj/data/placePulse/rawData/googleviews-110802files/51414f35fdc9f04926007a33.jpg,2.1024525,0.96078527,-1.2518495,-0.4481698,0.62200594,-1.5822983,-4.026548,2.0445995,-1.4141123,-2.0007472,-1.4927726,3.8426342,-0.5878855,0.630356,1.4299372,0.63348264,2.0222993,3.499365,-3.484654,1.4371922,1.4102713,1.7575362,1.9342048,-2.5136282,2.6753507,0.48859343,3.998623,-2.756097,1.3778924,1.9063964,-1.3695974,-2.5935564,-2.5786939,-3.6619256,-1.7626681,-1.6883591,0.30520275,1.2119774,-0.43500307,-0.8103699,3.1875157,2.5959117,2.1269102,0.5543542,1.2609974,-0.13452016,2.02665,1.2194374,-5.000335,2.763335
1,/data_nas/huangyj/data/placePulse/rawData/googleviews-110802files/5140b78efdc9f04926001a32.jpg,2.4416249,1.1430773,-2.179257,-1.4059038,1.6624292,-1.0568738,-3.8458378,2.6352549,-3.688839,-1.6424375,-2.136658,1.883641,0.6944501,-2.3861697,1.2796746,0.32230175,3.4068315,1.7841325,-3.23654,1.7574756,2.573407,3.032229,2.6260943,-4.5513463,2.182922,-3.1385398,4.320635,-2.7216394,2.6374474,2.9238982,-0.52271014,0.98326296,-5.2396193,-3.9751296,-1.3424934,-3.226044,-2.0542676,-0.60855365,-0.37060854,-1.9419037,0.13009183,2.2186294,-1.0181367,-1.6388689,3.0677898,-1.7914371,1.8146905,3.7055295,-2.958597,2.4336846
0,/data_nas/huangyj/data/placePulse/rawData/googleviews-110802files/51408bfefdc9f0358700ea3e.jpg,-0.8325327,-2.9775152,2.522455,-0.06146852,-1.6990043,-0.91539156,-2.8948712,-0.049687207,-4.224041,-1.6349903,0.8775037,1.8995484,-2.5668106,-0.3101081,3.1351886,-0.0031599067,-0.022475163,1.6233102,-2.2682133,-0.3641711,1.0664061,0.9050106,1.552709,0.77818924,-1.4500604,-0.21288653,2.5898204,-1.0380008,-0.43140244,0.31733665,2.201615,-3.7209435,-0.9926914,-0.5220524,-1.0530398,-3.8499625,-0.65073967,-1.9132081,0.42686522,-3.9279163,3.977836,-1.467562,-0.9087806,2.3593729,1.9130166,-1.8934932,0.48621845,3.2734816,-3.8839686,-2.1437063
1,/data_nas/huangyj/data/placePulse/rawData/googleviews-110802files/513f2d70fdc9f0358700da39.jpg,1.3993976,-4.6024323,0.4070186,-1.8646274,-2.1312566,2.3850403,-0.7246936,0.96253014,-3.8208618,-0.34949017,0.59056324,-0.0022968687,-0.61760455,-1.3815833,4.3054905,-2.0735512,0.66446805,-1.7125441,0.27717954,-0.5473904,4.215594,-1.2800959,-0.14722365,1.3439726,-1.980904,-0.39197135,1.1801733,-4.1327868,1.2221229,0.44742548,0.7784171,-1.7006475,-0.3741804,-2.7630968,-1.3984135,-2.9702778,-0.1978808,0.0024250532,2.99771,-1.4943166,1.3766998,-0.8605593,-2.8126402,-0.06812559,2.0872319,0.77619845,-0.6940474,3.5108488,1.0510178,-3.0905151
0,/data_nas/huangyj/data/placePulse/rawData/googleviews-110802files/51413587fdc9f04926004a3b.jpg,-0.11285888,-2.154879,2.7420182,-0.12267359,-2.5082521,-2.37577,-4.4039903,0.93350106,-2.3931723,-2.0243783,0.3281185,4.0897923,-3.1965532,1.09636,3.5037532,-0.4082438,0.24381024,2.3220363,-3.4854083,0.7386677,-0.5951453,0.7966574,2.6459866,1.7249818,-0.8085082,0.8978372,4.0015073,-0.5083774,-0.79882246,0.050082453,2.8003123,-5.9369874,0.30433446,-0.38773745,-0.6798099,-2.5609045,0.020420998,-1.7559847,0.38342917,-4.219323,5.9564466,-0.37393287,1.1142403,3.8480854,1.2924347,-1.4056312,0.32115227,1.2711022,-5.5188575,-0.6775457
0,/data_nas/huangyj/data/placePulse/rawData/googleviews-110802files/50f42c4cfdc9f065f0001a3b.jpg,-0.66318834,-3.7716732,3.384052,0.78904223,-0.7802333,-0.3330027,-2.4450629,0.72507495,-2.7663515,-0.9016331,1.7263935,1.9854587,-3.2098963,0.037809238,3.7839592,-0.9678786,-0.5930703,0.3811274,-1.3422294,-0.6052592,1.1956235,0.42030105,0.5083307,0.9435977,-2.2939084,0.37337545,2.636865,-0.8031476,-0.38737863,0.7073588,2.725049,-3.2677705,-0.4949627,0.39320248,-1.340211,-2.2759228,-0.3101922,-2.2131438,-0.11781621,-3.7866096,3.2054965,-1.9124142,-0.63016874,1.8977021,2.241376,-1.5623039,-0.109238304,1.8842824,-2.4372087,-3.0625823
1,/data_nas/huangyj/data/placePulse/rawData/googleviews-110802files/513d9b84fdc9f03587007a34.jpg,0.51948494,-3.5149102,0.69965285,-0.0056580137,0.7047238,1.7244343,-0.35691476,0.39115292,-8.035532,-0.0129528465,0.37237325,-0.44324678,-0.7001864,-1.0545264,3.1246076,-0.7431122,0.9911434,-0.046926647,0.3848686,-0.68379265,3.2818155,-0.20608856,-1.1022564,-2.7406466,-0.9875531,-0.58462954,0.46450725,-2.1224897,0.58185226,0.98632693,0.29239818,-0.61319184,-4.9610257,-1.6458718,-1.7486757,-7.3321877,-0.09584297,-1.1125718,0.077923335,-2.820793,1.3244088,-1.0571774,-3.6764073,-0.38640672,2.1364224,-2.6050532,0.12901336,7.8066225,-0.4850257,-2.695948
0,/data_nas/huangyj/data/placePulse/rawData/googleviews-110802files/513e5c39fdc9f0358700aa76.jpg,1.6586887,-2.0102665,0.7511739,0.37193432,-4.1790447,-0.16293073,-2.9728527,2.1719596,-2.0413938,-1.473521,-1.1284758,2.9557369,-1.2376941,0.209303,3.2849627,-1.1299092,1.653677,0.17250699,-1.8808944,1.337713,1.833028,-0.03623888,0.90781873,3.9930425,-0.47284225,0.3455288,2.94043,-1.4535875,1.222323,0.26768354,2.2476192,-5.9886436,2.1536024,-1.5269802,-0.84474224,-1.6183226,0.15238908,-1.3740904,2.9045868,-3.3013828,5.244301,0.6512133,-0.012323797,3.7053483,1.4225479,-0.5634929,0.25196826,1.1466858,-2.332115,-0.25179315
0,/data_nas/huangyj/data/placePulse/rawData/googleviews-110802files/50f5e5d1fdc9f065f0006a71.jpg,-0.37636462,-1.3641957,2.4511101,-0.42308897,-2.1592045,-2.4853418,-4.2549286,0.8321263,-1.5680425,-1.9159921,0.30112413,3.5664926,-2.975615,0.6749591,2.741283,-0.104938395,0.07951304,2.3887494,-3.5534694,0.55708796,-0.5778716,1.275512,2.953623,1.632944,-0.5580451,0.39839315,4.006753,-0.47067562,-0.6689547,0.30941778,2.588408,-5.346736,0.619703,-0.3685385,-0.44825268,-1.6915518,-0.47403836,-1.7161928,0.08351314,-3.8185802,5.4379444,-0.38006833,1.3874958,3.653789,1.353646,-1.2229788,0.51242244,0.45297968,-5.2318707,-0.24448241
1,/data_nas/huangyj/data/placePulse/rawData/googleviews-110802files/5140b7a8fdc9f04926001a79.jpg,3.9987874,-0.08142898,-3.152851,1.7313466,-0.6070673,1.366682,-1.6279273,2.3499088,-2.1266525,-1.6670575,-3.0021927,3.1733358,2.191913,1.9060408,1.2911148,0.2733441,3.7196639,2.0289989,-1.1805375,2.6729362,3.428727,-1.1570866,-1.5358067,-1.1731542,3.1504543,2.21479,1.1671054,-2.755043,2.4527197,0.004298387,-2.651699,-1.6725624,-2.2504945,-4.1079025,-2.1373372,-1.8344549,2.9000604,2.1610212,1.8408973,0.19048634,1.4371934,3.9802284,1.4583948,-0.81804854,-0.27079386,0.20982133,1.1895474,2.6066418,-2.7132428,2.373279
0,/data_nas/huangyj/data/placePulse/rawData/googleviews-110802files/5140cb0efdc9f04926002a2d.jpg,-0.20464756,-1.9369857,2.636557,0.16848159,-2.4032845,-1.7535801,-3.6962843,0.95926625,-2.2842572,-1.4912943,0.39806244,3.1679065,-3.0806956,0.99649566,3.125379,-0.47406873,0.044476077,1.9306359,-2.8275857,0.42362845,0.022072438,0.8786065,2.0429206,2.0575104,-0.7980995,0.8955215,3.4683247,-0.30428776,-0.47165257,0.1822749,2.7658865,-6.212392,0.7875583,-0.18507835,-0.6074611,-2.4147468,0.0015126886,-1.9873881,0.26267532,-4.091366,6.10853,-0.49989304,1.0579656,4.147476,1.2738523,-1.518827,0.3244246,1.123279,-4.635915,-0.7509926
1,/data_nas/huangyj/data/placePulse/rawData/googleviews-110802files/50f43499fdc9f065f0002a2d.jpg,4.142125,-1.0299586,-3.3303123,1.3513074,-1.2292397,2.6281703,-0.48751503,3.3311603,-4.853638,-0.7558848,-3.145201,0.5539163,3.226014,-2.4917436,1.7805207,-0.6609212,4.721676,-1.8158522,0.54829824,2.4647899,4.4504642,-0.15395412,-1.9143983,-0.52936393,1.019177,-2.5919728,0.9221143,-2.4163458,3.7480106,1.6172582,-1.0225285,1.8980393,-2.9805684,-3.658788,-1.8621048,-3.1722534,-0.41846678,-0.38973606,3.3831706,-0.9715245,-2.047641,2.3637915,-3.9890609,-2.513954,2.3058536,-1.4325799,0.49793857,5.2814307,2.1473825,0.50904936
1,/data_nas/huangyj/data/placePulse/rawData/googleviews-110802files/513cc74cfdc9f03587001a26.jpg,-0.14458813,-4.8643503,2.9137614,0.74574244,-0.94317484,0.36047867,-1.5102037,0.7444035,-7.148208,-0.44381574,1.4900417,1.2659563,-2.7502635,-1.3546661,4.530607,-0.9222698,0.043367557,-0.2428924,-0.13276088,-1.0769205,1.0808663,0.4374252,-0.7870515,-0.13460205,-2.7414045,-0.8301206,1.8509306,-1.2677759,-0.4810677,1.8500028,1.4570073,-1.747948,-2.9164574,-0.57819045,-2.292268,-6.216072,-0.78643113,-1.8873346,0.66117543,-3.4763637,2.1062832,-2.242625,-4.2469883,0.63366234,2.9967928,-2.5477731,-0.06295909,6.5172086,-0.8195454,-3.9438307
1,/data_nas/huangyj/data/placePulse/rawData/googleviews-110802files/513cb658fdc9f03587000a23.jpg,4.816774,-1.0101156,-2.292773,2.3808033,-0.30403513,2.6260498,-0.39365608,4.631574,-5.242989,0.6671121,-3.5047438,0.7131595,2.4212973,-0.602453,2.504384,-2.5571384,5.1000786,-3.0260184,1.0918527,3.441465,3.6927266,-1.0726348,-2.4791586,-1.4456666,0.9239849,-1.0253241,0.9406083,-0.42486137,3.5771277,0.9166327,1.3282682,-0.34802464,-3.8749232,-1.4877121,-0.94360036,-4.266773,0.8169576,-2.2338073,1.8445717,-3.1285427,-0.04122405,2.7049534,-2.8971202,-0.8651593,1.7787204,-2.9572213,-0.8268121,5.647583,2.361084,0.8306625
0,/data_nas/huangyj/data/placePulse/rawData/googleviews-110802files/5140b78cfdc9f04926001a2e.jpg,-0.96589935,-1.8552592,1.483499,-0.95573485,-0.44767374,-0.48937806,-2.0717418,-0.74053997,-3.2716901,-1.0670756,1.3296456,0.9151804,-2.5774806,0.037032936,2.1306534,0.86676997,-0.9850546,3.2401712,-1.8719163,-1.7997879,1.9812992,1.6687878,1.0037228,-0.28614503,-0.008259591,0.7327586,2.0027826,-2.4898467,-0.2602585,1.5474694,-0.7374138,-4.0047894,-0.8091716,-2.2732632,-1.8379357,-3.429529,-0.17695561,0.54028344,-0.40588427,-1.2087213,4.5140204,-0.8708025,0.2782534,2.0955443,1.4995284,-0.39045087,1.6800345,2.5680618,-4.0212564,-1.111143
1,/data_nas/huangyj/data/placePulse/rawData/googleviews-110802files/51414f31fdc9f04926007a2a.jpg,-0.86749107,-4.5044847,2.724452,0.6414037,-1.9907923,1.3281294,-0.25179183,-0.19813107,-4.930652,0.009968136,2.0037544,-0.1386775,-2.640397,-0.59371305,3.4608176,-0.48813173,-1.1302671,0.05514549,0.6279772,-2.1607742,2.3656213,0.0691389,-1.4849273,2.3868272,-2.483055,0.50489855,0.5376761,-1.613853,-0.27053025,1.2204008,0.71473044,-3.6070163,0.43260482,-0.5833751,-2.0630136,-4.1887674,-0.0857977,-0.9724171,1.2110014,-2.1357148,3.41116,-2.423101,-2.7030625,2.096108,1.98309,-1.1522918,0.2666015,4.1308436,-0.3349559,-4.0372653
1,/data_nas/huangyj/data/placePulse/rawData/googleviews-110802files/513cb72efdc9f03587000ae2.jpg,3.9638839,-2.4882731,-1.2105812,2.8344102,-2.2407734,1.6704812,-1.1553475,4.048854,-6.8390584,-0.56603634,-2.9005685,1.9822363,1.6636819,-2.0789795,3.495525,-1.565355,4.7518525,-2.612592,0.6425886,2.9143853,2.1613746,-0.45039105,-2.3613598,0.49474356,-0.49423566,-2.47438,1.5425016,-0.41848376,2.6281347,1.5987295,1.1439079,0.49256524,-3.2716308,-1.7128168,-1.8468906,-5.0695796,-0.36920998,-2.3240347,3.385353,-3.2708697,-0.73657966,1.4405012,-5.258058,-1.1494753,2.776254,-3.19146,-0.3462956,6.9882603,1.8922048,-0.6538713
1,/data_nas/huangyj/data/placePulse/rawData/googleviews-110802files/5140d8ebfdc9f04926003ae8.jpg,0.09580529,-5.988732,2.9736164,-1.422705,-1.7983321,0.5990535,-2.245945,0.39411843,-4.8775144,-1.075687,1.8299712,1.7016493,-2.5877051,-0.6285546,5.550665,-2.1524055,-0.1837483,-1.0005455,-1.0188922,-0.43686873,1.9453031,-1.2987794,1.0547445,0.6640737,-3.397417,-0.050082766,2.2744327,-2.7083578,-0.58771527,-0.36122444,2.9126227,-2.300517,-1.6132336,-0.9190503,-1.1396005,-4.234524,-0.2565879,-1.5892127,1.6610833,-3.8156424,2.3082285,-2.2225704,-2.736524,0.63424444,2.2318609,-0.5996691,-1.3039106,4.1634936,-1.4060752,-4.5229907
1,/data_nas/huangyj/data/placePulse/rawData/googleviews-110802files/50f5ecedfdc9f065f0008ae8.jpg,0.83246225,-3.2601619,1.0558658,1.2362236,1.2816045,0.6588339,-1.4819788,1.2946858,-6.3117557,-0.6024766,0.82163024,1.5724941,-1.6144279,-1.26681,3.4586735,0.04130795,0.79639715,1.044526,-0.25718078,-0.9020641,2.1977956,1.1745884,-1.565185,-2.6449597,-0.7238047,-0.63608176,1.9801238,-2.370987,0.56230056,3.0876017,-1.1459218,0.18699828,-4.5838757,-2.3089466,-3.290118,-5.3698473,-0.3619326,-0.15066953,-0.19572397,-1.5437993,0.5289965,-0.6827183,-3.2431455,-1.3014786,3.0566256,-2.0001175,1.2341168,6.2186317,-1.2005622,-2.2114282
1,/data_nas/huangyj/data/placePulse/rawData/googleviews-110802files/51413c33fdc9f04926005ae0.jpg,2.5555673,-1.9237225,-2.0280685,0.008043358,-1.2594792,1.5578791,-1.6988208,0.5937478,-1.6234055,-2.4365003,-1.6329317,2.8968396,1.707407,2.011254,1.9986708,0.057337545,2.4004436,1.8601215,-1.7011156,2.0014815,3.7619338,-2.52947,-0.31526142,-0.38083392,1.5967962,2.6199634,0.78761655,-3.7782962,1.3131579,-2.0015762,-1.4453661,-1.2632123,-1.5210682,-3.6963413,-1.2892282,-1.2239296,2.95212,2.1490667,2.4044197,-0.3859153,1.0192508,2.388531,1.66838,-1.033045,-0.7926742,1.3177068,0.3554986,1.8835164,-3.4529805,0.35866356
0,/data_nas/huangyj/data/placePulse/rawData/googleviews-110802files/5140d8ecfdc9f04926003aeb.jpg,2.2114303,0.9498573,-2.7153037,0.07783,2.6056006,1.059822,-0.6087806,0.94807065,-2.361573,-0.24697445,-1.1726397,0.64623654,0.9009888,1.0430866,0.01123333,0.9236951,1.5370929,3.0287151,-0.65737975,0.074379504,3.4680297,0.80325687,-1.091445,-4.459209,3.4664838,1.6651248,0.66873604,-3.331856,1.8626883,1.9839224,-4.242801,-0.5545825,-3.985552,-4.1076694,-2.3982224,-2.722888,1.6969404,3.093879,-1.1881764,1.8444656,1.2144935,2.7049165,1.4448334,-1.3891443,0.30517736,0.33210623,2.145553,2.8757818,-2.3362718,2.238241
0,/data_nas/huangyj/data/placePulse/rawData/googleviews-110802files/50f5e58ffdc9f065f0006a11.jpg,-0.5619541,-3.070889,2.5056992,-0.3992473,-0.57960206,-1.095549,-3.1904948,0.49618125,-4.1329427,-1.5157361,1.2202517,2.2200463,-2.7757971,-1.0372401,3.5685794,-0.18826431,-0.024723237,1.4008987,-2.2396767,-0.549077,0.86339587,1.3857152,1.6182133,-0.43100464,-1.5771936,-0.92934513,3.3269103,-1.6331023,-0.37131998,1.4406794,1.6470816,-2.1305761,-2.0550795,-1.014333,-1.5525345,-3.6143847,-1.2356926,-1.6118329,-0.031953834,-3.3810642,2.638922,-1.5159571,-1.4674383,1.0289015,2.7303593,-1.6881304,0.5609881,3.3664224,-3.320341,-2.2091951
0,/data_nas/huangyj/data/placePulse/rawData/googleviews-110802files/513d5e33fdc9f03587003a1c.jpg,1.2874553,-3.3036275,2.228237,-0.84827626,-0.93058914,-0.29990017,-3.1217515,2.3067813,-2.559277,-0.289966,0.6656433,2.5754108,-2.9599967,0.49304977,4.6604266,-2.5865376,0.37487435,-0.33568874,-1.5619522,0.28411806,1.5708584,0.038372926,1.3997238,0.24043368,-1.3776793,0.84310716,3.6602428,-2.164646,0.4070639,1.2374924,2.6658912,-4.9399767,-0.8095207,-0.9842497,-1.2312387,-2.7260122,0.08093527,-1.395339,0.27235988,-3.45987,4.7392716,-0.34906244,0.06274214,2.424254,2.2557862,-0.66124207,-0.6212305,1.8265249,-1.9679178,-1.5246791
0,/data_nas/huangyj/data/placePulse/rawData/googleviews-110802files/50f55e09fdc9f065f0004a19.jpg,0.398944,-1.858148,1.2033868,0.41087356,0.75718874,-1.2864408,-3.2676458,1.4010314,-6.47487,-1.5031754,-0.17620377,2.0452828,-1.4510853,-2.3760886,2.842023,0.22217658,1.7641549,1.0864359,-2.2533352,0.5406204,0.58935255,2.4265864,1.3511313,-3.1442986,-0.732926,-2.9134452,3.465645,-0.8421271,0.46147692,2.438708,1.283349,0.5867966,-5.370921,-1.2832263,-1.746484,-5.55062,-2.1284947,-2.4144027,-0.5571434,-3.862497,0.49051052,-0.6790546,-3.3441226,-0.77396864,3.4838982,-3.5483465,0.9291435,6.076577,-2.6978319,-1.1031669
1,/data_nas/huangyj/data/placePulse/rawData/googleviews-110802files/50f55e09fdc9f065f0004a1a.jpg,1.3323293,-4.2029004,1.5602984,1.4430641,-2.2769103,1.5438721,-0.9393944,1.8792826,-5.8245454,-0.105086006,0.17543152,1.18823,-1.5087488,-0.5588155,4.2601266,-1.4981394,1.1327835,-1.0274094,0.49024472,-0.11625303,2.519126,-0.4560886,-1.8539727,1.8854144,-1.8317051,0.078787714,1.3335407,-1.3811625,0.85584867,1.3301218,1.3404748,-3.3491335,-0.8353262,-1.0971833,-2.042308,-4.848036,0.28102043,-1.6184832,2.1231155,-3.144732,3.0064108,-0.79978025,-3.295948,1.562052,2.3190687,-1.9110187,-0.18356799,5.3012147,0.21013737,-2.8297696
1,/data_nas/huangyj/data/placePulse/rawData/googleviews-110802files/50f55e09fdc9f065f0004a10.jpg,0.997318,-1.5890758,0.021851618,-0.1310078,-1.0562396,0.38330102,-2.0459673,0.9638182,-6.4586034,-0.8505529,-0.85670805,1.0128938,-0.95273143,-0.13008583,2.563436,0.01546257,1.6049075,2.0105898,-1.5061686,0.05899587,3.120022,0.9463528,0.18751864,-0.81707567,0.68526864,0.089654386,1.8749743,-2.0380695,1.1614076,1.1758506,0.23630011,-4.296271,-2.6633608,-2.700503,-1.5042077,-6.2655535,0.17672153,-0.8640542,0.6894273,-3.093344,4.7547646,0.5192879,-1.3324833,2.2599845,1.6977782,-2.2687337,1.3341683,5.8931165,-3.3150976,-0.22400792
1,/data_nas/huangyj/data/placePulse/rawData/googleviews-110802files/5141357dfdc9f04926004a14.jpg,4.583066,-0.015213862,-2.8286645,0.5135624,-1.6361165,1.1775529,-2.108488,4.278687,-2.2037048,-0.6579291,-3.0426915,2.2888498,1.4089642,-0.9534223,2.2838504,-1.2810687,4.001288,-0.6022919,-0.77338564,2.360766,3.5492768,0.5716969,-0.5550869,0.34447536,1.933688,-0.87833816,2.8257651,-3.0290844,3.6032472,2.5587382,-0.954344,-2.1843295,-0.91236526,-4.1547785,-2.0219045,-1.5488933,0.08421193,0.57857955,2.7778952,-0.5673368,1.7792448,3.2926974,-0.94645905,0.10077873,2.1143131,-0.0037458297,0.97552633,2.292209,0.29916462,2.2549782
0,/data_nas/huangyj/data/placePulse/rawData/googleviews-110802files/513e1d87fdc9f03587009a14.jpg,0.102539025,-4.972763,2.9510605,0.21987668,2.3406446,0.8444374,-1.629133,0.71295637,-5.733149,-0.2426195,1.6900672,1.1198556,-2.116428,0.33489615,4.453927,-2.2472684,0.22411124,-1.0341982,-0.45823726,0.20049064,1.8791187,-1.3776475,0.078198776,-4.0301404,-2.6285417,0.4850256,1.6604575,-1.1096115,-0.57366216,-0.71098554,3.1752279,0.20419282,-5.8893185,0.7970197,-0.81088406,-5.2787848,0.5339176,-2.7551663,-1.628164,-4.6999907,0.31591928,-1.9209194,-1.9328839,-1.1664323,1.8925354,-2.6623552,-1.7389395,5.45087,-1.4651008,-4.0650973
0,/data_nas/huangyj/data/placePulse/rawData/googleviews-110802files/50f5e5d9fdc9f065f0006ac6.jpg,0.55214214,-2.3540926,2.4960685,0.3897325,-2.4561942,-1.6370126,-4.0037584,1.913082,-1.8085757,-1.6116576,0.18176949,3.8295248,-2.867587,0.4012226,3.7389817,-1.0725924,0.60617226,0.87263227,-2.7217884,0.9486275,0.011194918,0.693042,1.9425908,2.135138,-1.2169129,0.27767292,4.066396,-0.6636907,-0.058893148,0.6787056,3.0563872,-5.0553207,0.6647802,-0.34806406,-0.9071533,-1.6116309,-0.33273697,-2.0788362,0.8650439,-4.0288525,4.807489,-0.32184458,0.39590004,3.1862543,1.8950659,-1.2217458,0.013295044,0.792273,-3.6528602,-0.9242136
1,/data_nas/huangyj/data/placePulse/rawData/googleviews-110802files/50f562d9fdc9f065f0005ac6.jpg,3.5768383,-3.0610266,-1.2217311,1.0806745,-3.571658,2.3848364,-0.69276637,3.19003,-6.6580434,-0.29809633,-2.4334455,0.8096539,1.3034433,-1.8310153,3.7696283,-1.933932,3.9028523,-2.5506003,0.7435,1.9331372,3.5270677,-0.9468708,-1.7748903,1.9386741,-0.7137543,-1.7300358,1.0506822,-1.7645926,2.6340473,1.0444945,1.1351486,-1.8115624,-1.482659,-2.5315578,-1.5083947,-5.2452307,-0.15223381,-1.5956546,4.245142,-2.9459505,1.3269215,1.0752275,-4.817609,0.37032503,2.383675,-1.9592339,-0.4604327,6.5305524,1.9241132,-1.0939459
0,/data_nas/huangyj/data/placePulse/rawData/googleviews-110802files/50f5ea5cfdc9f065f0007ac7.jpg,-0.39678723,-4.9873295,3.5116343,-0.67697394,-0.92657375,0.24831411,-1.8095186,0.38917124,-5.107464,-0.07690439,1.9591035,1.0879909,-3.4556017,0.32126752,4.821989,-2.0913343,-0.82237685,-0.35695276,-0.63545847,-0.9847437,1.3700432,-0.63746697,0.59771144,0.06486681,-2.8140085,0.868115,1.9603009,-1.5332212,-0.88145036,0.20216346,2.9070704,-4.1806555,-1.7481883,0.102092914,-1.0840701,-5.0546136,0.13928069,-1.91018,0.03376271,-4.0026574,4.2450156,-2.20727,-1.7161236,2.2153742,1.93828,-1.4639164,-1.0502039,4.272176,-1.7553203,-3.846729
0,/data_nas/huangyj/data/placePulse/rawData/googleviews-110802files/5140b7c3fdc9f04926001ace.jpg,0.31450045,-6.0025887,3.4331067,-0.3276588,0.9708618,0.54851663,-1.9864684,1.086906,-5.1453104,-0.18217003,2.6161735,1.7738336,-3.4011896,-0.7492039,5.7687736,-2.2737572,-0.5978483,-1.0072402,-0.22490038,-1.1079476,1.4789491,-0.24700716,-0.14179412,-2.0559206,-3.2729766,-0.0009782519,2.6038094,-2.5429573,-0.5684946,1.7666498,1.710646,-0.69706285,-3.8495355,-0.735304,-2.4812758,-4.631535,-0.31822,-1.1983353,-0.35776144,-2.867428,1.0236541,-2.2922294,-3.1217508,-0.9383024,3.1750667,-1.1574405,-0.9441767,4.794367,-0.5376881,-4.6952853
0,/data_nas/huangyj/data/placePulse/rawData/googleviews-110802files/5140d8befdc9f04926003a96.jpg,1.646693,-0.94695926,-0.07463011,-0.8363302,2.7780128,1.0263557,-1.4197195,1.743516,-1.051838,0.6499304,0.5261138,0.5913064,-1.5590533,1.3787571,2.147076,-1.4628406,0.14230849,1.1518997,-0.6747578,-0.5168497,3.771323,0.54673326,-0.006752205,-3.5415783,1.3075473,2.1398938,2.1000175,-3.271239,1.5086232,1.9416912,-0.9064638,-3.1711283,-2.644484,-2.4311252,-1.7811807,-1.8401446,1.2406287,1.1120358,-1.9917761,-0.3237674,3.3578074,1.1686606,2.1468618,0.4939517,1.2636144,0.38355598,0.6512765,1.0163409,-1.6940801,0.36574817
1,/data_nas/huangyj/data/placePulse/rawData/googleviews-110802files/50f5ec9dfdc9f065f0008a93.jpg,0.5814718,-4.7901583,2.6151729,1.6943856,-1.4143659,1.5475714,-0.5900192,1.4544102,-3.193691,0.25982776,1.8865094,1.4426799,-2.909495,0.05838106,4.4012284,-1.3846525,-0.75512314,-0.6180468,1.0212435,-1.6358237,2.284011,-0.2950965,-2.56095,2.3962896,-2.2732003,1.4445993,1.3088071,-2.1301875,0.22541526,2.3026574,0.14588311,-3.5918252,0.72029,-0.9586553,-3.0531619,-2.4786339,0.70946085,-0.10230936,1.2991364,-1.2025919,3.0015655,-1.5377073,-1.9610239,1.4333174,2.3286402,-0.23832546,0.18927127,2.662831,0.4573353,-3.628894
1,/data_nas/huangyj/data/placePulse/rawData/googleviews-110802files/51408c2efdc9f0358700ea97.jpg,0.1675164,-6.4449263,3.2821426,-0.81752455,-1.1494935,0.13514684,-2.799041,0.30612463,-4.597663,-1.7746919,1.871756,2.9560127,-2.4230213,-0.20964532,5.8088965,-2.0548737,0.075169705,-0.91932607,-1.4753864,0.34868532,0.9514883,-1.8595266,1.2228682,-0.39175537,-3.666416,0.18157433,2.5418746,-2.2977083,-1.1552792,-1.1095582,3.1364598,-0.59976506,-2.877255,-0.41560537,-1.151132,-3.8271432,0.16528092,-1.7067791,1.3278924,-4.048182,0.68573624,-2.1470318,-2.5433378,-0.7821121,1.941934,-0.7668835,-1.7628659,4.123391,-2.0860853,-4.8180985
0,/data_nas/huangyj/data/placePulse/rawData/googleviews-110802files/51408c2bfdc9f0358700ea92.jpg,0.13061425,-4.0568237,1.8750231,-2.5264578,0.96416926,0.8732346,-1.8158869,0.76280046,-5.172981,0.056442387,1.5466717,-0.23899528,-2.221311,-1.5274143,4.243264,-2.213872,-0.053625256,-0.9408945,-0.8218663,-1.019088,3.2680063,0.15903544,1.5005014,-2.5685568,-2.1909459,-1.0658298,2.4516516,-3.1939435,0.4117933,1.1151439,2.2994583,-1.2204527,-3.7902308,-1.414214,-0.91309357,-4.8471394,-1.231214,-1.7135708,-0.33372933,-3.4596431,1.7997826,-1.8182418,-2.4563782,-0.011913896,2.9165273,-1.1752712,-0.69999194,4.6341276,-0.6681988,-3.1594975
1,/data_nas/huangyj/data/placePulse/rawData/googleviews-110802files/5140b7b1fdc9f04926001a95.jpg,1.8221755,-0.88856065,-0.6383981,-1.3817061,-0.92379653,-0.8316966,-3.8502362,2.100525,-4.6527386,-1.7288866,-1.4709947,2.09705,-0.51590616,-1.977098,2.8433223,-0.33423248,2.6439586,1.2708553,-2.9478786,1.2110322,2.4949243,2.1846602,2.5224695,-1.5903968,0.68504524,-2.3770928,4.0195293,-2.6675525,1.9130437,2.1357524,0.86344594,-2.0180254,-3.0659804,-3.4506755,-1.3340694,-4.209959,-1.7544267,-1.1773039,1.128857,-3.033598,2.6409562,1.06938,-1.6438006,0.6121675,3.0193765,-1.7204499,1.2654055,4.2074795,-3.0955765,0.7351858
0,/data_nas/huangyj/data/placePulse/rawData/googleviews-110802files/51414789fdc9f04926006a95.jpg,1.1470184,-3.731914,1.5716964,0.42427644,-2.0960944,0.17428175,-2.6486418,1.6112545,-4.618235,-1.485819,-0.31799617,2.7253785,-1.2091446,-0.027986253,4.1956167,-1.5603677,1.6234049,-0.47082344,-1.5001372,1.3476217,1.6306214,-1.0541643,0.60968024,0.7821594,-1.5997818,-0.047670763,2.4971075,-1.3311785,0.34210226,-0.5247478,2.9590669,-2.6869154,-1.7296215,-0.6458682,-0.7829314,-3.7973516,0.2012046,-2.201238,1.7594684,-4.452543,2.5914552,-0.4774082,-1.6390867,1.2568617,1.766107,-1.7507704,-0.732279,3.966846,-2.1455827,-2.1362472
0,/data_nas/huangyj/data/placePulse/rawData/googleviews-110802files/513d5e89fdc9f03587003a9a.jpg,0.1888278,-3.8054957,2.6967854,0.11705718,1.2156954,-0.52026975,-2.3774934,1.2195829,-6.3152633,-0.28381577,1.3217367,1.6196686,-2.8349457,-1.0638232,4.278606,-1.3781631,0.3497084,0.01071728,-0.9592543,-0.3990047,0.51425683,0.96613336,0.5268923,-3.152464,-1.940844,-1.0206199,2.818846,-1.1818389,-0.42021063,2.0617938,1.7408965,-0.8313373,-5.0807333,-0.35857484,-1.9095955,-5.9252787,-0.9960152,-1.9684225,-1.2202455,-3.6109366,1.6119586,-1.5747995,-2.965432,-0.26877254,3.1601386,-2.7065265,-0.3371331,5.889748,-1.5991287,-2.7830877
1,/data_nas/huangyj/data/placePulse/rawData/googleviews-110802files/50f42c53fdc9f065f0001af7.jpg,1.6733859,-1.9521168,-0.39533943,0.6015025,-2.5900948,1.2253342,-1.2843474,1.7950468,-5.1769204,-0.5617248,-1.051318,0.83457613,-0.48833254,-1.1601799,2.7052195,-0.22385845,1.8215809,0.58317006,-0.36276913,-0.1361764,3.5135376,0.8769477,-1.0652189,1.7970886,0.17107093,-0.5666461,1.6324633,-2.4659245,1.882107,2.2733476,-0.44919017,-3.799509,-0.3338339,-3.0429955,-2.2199864,-4.343026,-0.27242836,-0.30972075,2.5322523,-1.7971464,3.6311145,0.5056425,-2.385575,1.9266925,2.330393,-1.2694937,1.3884782,4.689201,-0.8375006,-0.56213224
1,/data_nas/huangyj/data/placePulse/rawData/googleviews-110802files/513cc830fdc9f03587001af7.jpg,1.5941197,-3.3176217,-0.09821618,-0.960413,1.6544341,1.195021,-2.2628362,1.7111311,-4.366962,-1.4426498,-0.22557938,0.70627564,0.78795505,-3.0160663,3.353902,-1.496601,2.5885992,-2.0341332,-1.28768,1.6068867,3.4959023,0.0005352963,1.3536335,-3.8494132,-1.704985,-3.4241877,2.6227298,-2.487938,1.8004934,0.268941,2.3176105,4.332839,-5.713912,-1.6800122,-0.73432153,-2.89505,-1.8357677,-2.5699465,0.64771974,-3.5971859,-3.7073658,-0.53216565,-3.6589992,-4.046272,3.1619046,-1.8962259,-0.9320626,4.5164843,0.20808259,-2.467289
0,/data_nas/huangyj/data/placePulse/rawData/googleviews-110802files/513d6a9efdc9f03587004af2.jpg,4.541951,-1.297502,-2.220832,1.5958376,0.42026109,1.7691894,-1.445475,3.7775033,-3.8035576,-0.19385673,-1.9300544,2.6346366,0.60129464,0.41793975,3.113703,-1.1117709,3.2608738,0.45542014,0.092810094,1.4057243,3.692677,0.090838395,-2.3857903,-2.0715592,2.0969229,1.070226,2.061961,-3.537718,2.927013,3.10296,-2.7860804,-1.7358565,-3.2655015,-4.4694505,-3.5390177,-3.487368,1.66991,1.9290831,1.3086396,0.41810462,1.6783314,3.1448362,-0.89974874,-1.0707918,1.9003153,-0.18306087,1.2440666,4.2706695,-0.26748836,1.2738607
0,/data_nas/huangyj/data/placePulse/rawData/googleviews-110802files/50f42c53fdc9f065f0001afc.jpg,4.079912,-0.010081129,-2.5881612,1.1980033,-2.493557,1.2315706,-1.8407547,3.6179774,-3.6014273,-0.78913075,-3.4989753,2.1150458,1.6077099,-0.13387641,2.0057037,-0.95403504,4.2333136,-0.11132716,-0.8256412,2.6552505,3.5240536,-0.064356275,-0.7953323,0.96977514,2.0726242,-0.23371378,1.9831426,-2.0114198,3.2354832,1.261417,-0.15711382,-3.5683389,-0.8845859,-3.3686006,-1.4155935,-3.0351055,0.74842167,-0.2021977,2.9243438,-1.8394842,3.1254878,3.1765733,-0.78089994,1.4258858,1.3856736,-1.101475,0.9021718,3.5361013,-0.7820741,2.1747139
0,/data_nas/huangyj/data/placePulse/rawData/googleviews-110802files/50f447d9fdc9f065f0003aff.jpg,-0.94458133,-4.9887695,3.2285576,-0.4803765,-0.35882616,1.1249633,-0.7916234,-0.22859381,-4.1297216,0.083347514,2.6464074,-0.031762384,-3.1118746,-0.3838455,4.088188,-1.4040258,-1.500922,-0.41118944,0.14470594,-2.0227547,2.3905025,-0.29912412,-0.40057468,0.32915753,-2.9286346,0.6102942,1.1524414,-2.097548,-0.61427456,0.7010858,1.6350883,-2.5731826,-1.0802485,-0.26312298,-1.5293447,-3.6776955,-0.11908871,-1.1964402,0.0824296,-2.5827286,2.5937448,-2.7114944,-2.0094795,1.06606,2.0751567,-0.72345144,-0.5263885,3.4336624,-0.6257096,-4.416972
0,/data_nas/huangyj/data/placePulse/rawData/googleviews-110802files/51408c5dfdc9f0358700eaf5.jpg,1.5790725,1.5416399,-1.143354,0.015899478,1.0132455,-1.9688077,-3.9895785,1.6893594,-2.1681066,-2.0305986,-1.6474891,3.560097,-0.52368134,0.58989805,0.79512995,1.2263154,2.0961945,4.077118,-3.6639395,1.4600823,0.9699825,2.2471275,2.0027955,-3.1508934,2.932892,0.1802578,3.7695427,-1.821696,1.1768808,1.8136134,-1.2033851,-2.3132012,-3.3242137,-3.1054146,-1.5181749,-2.4110394,0.09624955,0.5990496,-1.0673407,-1.3579022,3.1630843,2.4556022,2.042233,0.6922169,1.1841332,-1.1480681,2.2923822,1.9299929,-5.6112795,3.0028734
0,/data_nas/huangyj/data/placePulse/rawData/googleviews-110802files/513f137afdc9f0358700cafa.jpg,0.21091858,-5.5907636,3.3132563,0.64598745,-2.2973201,1.045871,-1.0267651,0.8367554,-4.827973,0.09891724,1.8671327,1.4419641,-3.2406373,0.3653066,5.138172,-1.9813368,-0.6988636,-0.79585344,0.49029192,-1.2107261,1.4502932,-0.9896526,-1.2776799,2.2734952,-2.9650066,1.4190017,1.338655,-1.6229854,-0.60583895,0.87865186,1.688318,-4.524628,0.019457098,-0.33383158,-2.0721157,-4.39386,0.69687265,-1.0474929,1.4468812,-2.773719,4.0948534,-1.9879699,-2.4109778,2.2292345,1.9277943,-0.89176464,-0.7886131,4.1136756,-0.40010458,-4.1960244
0,/data_nas/huangyj/data/placePulse/rawData/googleviews-110802files/50f5ecedfdc9f065f0008af0.jpg,2.068791,-1.4154197,-0.38456163,-0.2643087,-1.0701492,-0.77541274,-4.0627747,2.1098957,-4.346443,-2.287905,-1.4536747,3.4177227,-0.46198118,-0.6780416,3.1657007,-0.17798153,2.7364254,1.7650578,-3.0727615,1.7975073,2.1414204,1.2038968,1.8334305,-1.190455,0.7274129,-0.99766594,3.888243,-2.3879755,1.5693198,1.1888163,0.7715804,-2.233661,-2.928556,-3.198024,-1.5967916,-3.8379471,-0.45758972,-0.9319158,1.2318751,-3.172843,2.674488,1.4208783,-0.81635636,0.4865628,2.2544208,-1.6576532,1.0702467,3.9279613,-3.9870522,0.4944327
1,/data_nas/huangyj/data/placePulse/rawData/googleviews-110802files/5140b7affdc9f04926001a8f.jpg,1.6178453,-0.1615701,-0.86900365,-0.9877932,2.6901882,-1.0209547,-3.3986833,2.2079573,-3.921289,-1.2748175,-0.7848143,1.531529,-0.24148707,-3.1278956,1.9150138,0.10856051,2.4132113,0.98388207,-2.4732597,0.8407129,1.8258556,3.275036,2.1219788,-5.3425045,0.8096083,-3.7102132,4.111292,-2.4876907,1.9217906,3.6450179,-0.42728665,2.736513,-6.083569,-3.0569518,-1.9565603,-3.2506852,-2.7098837,-0.8292617,-1.0808458,-1.6591492,-1.5032825,0.7981062,-2.2600935,-2.876493,3.8680918,-1.9552096,1.4429725,4.0617604,-1.7491906,0.749514
1,/data_nas/huangyj/data/placePulse/rawData/googleviews-110802files/513d6a76fdc9f03587004a8a.jpg,3.654394,-0.87047297,-1.4798083,1.1439722,4.432305,0.09267295,-3.0419772,2.824659,-2.6405184,-1.2324666,-1.0672486,3.9212663,0.27254528,1.5351983,2.6332128,-0.58046323,2.896281,2.0854893,-1.940886,2.1979468,2.413721,0.16739698,-0.30285275,-7.2590466,2.4355342,1.5123278,3.1241884,-3.0237062,1.7491935,1.6886706,-2.123593,1.5566899,-7.4767065,-3.3855684,-2.8648977,-2.8292208,2.0193443,1.5051233,-2.072918,-0.45420203,-0.75953674,3.0952713,1.3165351,-3.6932008,1.3380524,-0.7655448,0.79992104,3.404192,-3.481965,1.4317607
1,/data_nas/huangyj/data/placePulse/rawData/googleviews-110802files/513d9b9dfdc9f03587007a80.jpg,1.6093261,-3.2097955,0.055028893,1.2349584,-3.4511533,2.9207635,0.7697447,1.1456635,-3.5762286,0.40332106,-0.3510651,0.13452573,-0.4562405,0.9415369,2.8453746,-1.111706,0.6664577,-0.4851676,1.5950865,-0.6523057,3.9353173,-1.6868242,-3.0925329,4.0023904,-0.41088507,2.3131897,-0.6222048,-2.346429,1.2923439,0.5075001,-0.63911945,-5.426101,2.2221923,-2.0642035,-1.9727423,-3.0576375,1.9826227,0.7691474,3.1389012,-0.6396421,4.454643,0.21984757,-1.2107335,2.8190935,0.51160306,0.22173749,0.33355576,3.1974473,0.74268615,-1.7550184
0,/data_nas/huangyj/data/placePulse/rawData/googleviews-110802files/50f5ec9cfdc9f065f0008a80.jpg,2.0525656,0.6076483,-1.8928876,-1.985585,2.886346,-0.5639591,-3.0173101,1.7794349,-2.8560016,-1.071579,-0.8957661,1.5649436,-0.020185106,-1.2276456,1.3151155,0.19479284,1.8979625,2.3430774,-2.5457597,0.5079912,2.7652328,2.3577273,1.9927013,-5.614723,2.2971714,-1.2521216,3.5421865,-3.943172,1.9184163,3.0375602,-2.0911791,0.6699699,-5.3855057,-4.3530645,-1.9748757,-2.960585,-0.93268996,1.3700126,-1.3706065,-0.07208765,0.5010894,1.959517,0.1381359,-1.9916229,2.3586683,-0.2772159,1.8155502,3.0266633,-2.8435416,1.941447
0,/data_nas/huangyj/data/placePulse/rawData/googleviews-110802files/50f5e5cffdc9f065f0006a5e.jpg,-0.6030492,-4.743743,3.088158,-1.6949995,0.47905505,-0.8565846,-2.9561355,0.16567008,-5.782063,-1.0500189,2.0708067,1.6511091,-3.1921299,-1.7994678,4.83079,-1.2122428,-0.37986013,0.19792445,-1.7644874,-0.984915,0.60522705,0.91457087,2.0359492,-2.543526,-2.8378246,-1.6159416,3.2338657,-2.336999,-0.9771424,1.5393497,2.003317,-0.26188195,-4.4037466,-0.99008083,-1.6352391,-5.2942038,-1.7416017,-1.6327282,-0.40686312,-3.4681032,1.1109214,-2.442442,-3.2910182,-0.64578956,3.3044498,-1.6690309,-0.40737233,5.2514377,-2.2094557,-3.7316482
1,/data_nas/huangyj/data/placePulse/rawData/googleviews-110802files/513d6a61fdc9f03587004a55.jpg,2.938251,-2.9999971,-0.3398345,2.5147784,-3.293734,2.1699948,-0.4654798,3.094739,-5.9012203,-0.11091045,-1.7464052,1.30383,0.35065246,-1.0268497,3.546451,-1.4124029,2.971553,-1.8165196,1.1147745,1.189615,3.0133529,-0.64038914,-2.9092238,2.7372127,-0.6975071,-0.6151228,0.90254873,-1.1830246,2.1943738,1.6148677,0.6247627,-2.8462799,-0.4807744,-1.800282,-2.143475,-4.5360827,0.37138647,-1.3620356,3.5782938,-2.5427454,2.1965876,0.70255625,-3.9207811,1.2265464,2.2485328,-2.016967,0.11685063,5.638558,1.5501509,-1.3145292
0,/data_nas/huangyj/data/placePulse/rawData/googleviews-110802files/51408c09fdc9f0358700ea55.jpg,2.849767,-3.7969594,-0.29466167,-1.6505716,-0.57921153,0.55912185,-3.5433753,2.5584984,-2.7150168,-2.0373425,-0.42519224,3.0650878,-0.058441542,-1.8803896,4.8433313,-1.9505112,2.5684276,-1.1057441,-2.0979307,1.7221818,3.1147254,-0.28530598,1.7171685,-1.4300925,-1.1267363,-1.7938437,3.9780872,-4.24072,1.8106492,1.0176724,1.1134017,1.1090287,-3.1002867,-3.5841687,-1.7360338,-1.7031354,-0.8792473,-0.34823984,2.371445,-2.165356,-1.0007693,0.67505574,-2.251496,-2.5812783,3.0298202,0.36792237,-0.46027032,2.7781413,-0.9851356,-1.5567032
0,/data_nas/huangyj/data/placePulse/rawData/googleviews-110802files/50f5e5cefdc9f065f0006a5a.jpg,-0.66995156,-4.3629975,3.57153,-0.11841359,-0.12473185,0.027228784,-1.7325188,0.440813,-4.269576,0.068183966,2.1926203,0.97067887,-3.6887257,0.027062774,4.2059946,-1.6855025,-1.1029365,-0.13754928,-0.5712499,-1.3964982,1.2502776,0.22320946,0.33768058,-0.38578248,-2.5631428,0.6363308,2.079494,-1.3371497,-0.7211521,1.1321347,2.4182496,-3.6302361,-1.7717608,0.33717287,-1.4736676,-4.1738567,-0.26014712,-1.7746915,-0.6790363,-3.4590044,3.734204,-2.323885,-1.4333489,1.9249175,2.313486,-1.5282017,-0.48614025,3.463041,-1.6004252,-3.5667942
1,/data_nas/huangyj/data/placePulse/rawData/googleviews-110802files/513d3522fdc9f03587002aa2.jpg,0.5030514,-3.693161,1.5456563,0.22843027,-2.0947568,0.6517997,-1.7616409,0.69247854,-6.5470085,-0.81093794,0.033139378,1.0304569,-1.5091052,-0.27468935,3.7466078,-0.9487205,1.0894812,0.28869775,-0.8639547,0.09292857,2.4078026,-0.21943882,0.07980987,0.57083535,-1.3218166,-0.016069032,1.5352243,-1.3835278,0.39210498,0.14377199,1.9736135,-3.8839588,-1.9409716,-1.1219935,-1.2046667,-6.027093,0.081978925,-1.933373,1.3854452,-4.0757203,4.0084195,-0.8442788,-2.439485,2.112087,1.8419455,-2.3713582,-0.064882755,5.825614,-2.1262016,-2.4012737
1,/data_nas/huangyj/data/placePulse/rawData/googleviews-110802files/513d3520fdc9f03587002aa1.jpg,0.28272954,-5.2571096,2.6683328,-0.97199774,1.4793351,2.8974283,0.26598233,0.9242845,-1.7919817,1.3543953,2.4090207,-1.3405439,-1.947485,0.21687202,4.2386303,-3.8482616,-0.87452424,-3.6333957,1.3472244,-0.82544684,4.1068277,-2.328081,-0.55812806,-1.2178253,-3.3913007,1.0704708,0.46400154,-2.1325002,0.47536132,-0.86190647,3.718678,-1.0298587,-1.7557414,0.9967068,-0.1348239,-1.5300728,0.61482924,-2.219791,-0.52625126,-3.186441,0.5602379,-2.2729561,-1.1090391,-0.28255388,1.5674664,-0.15981838,-2.5507455,1.4712175,2.096301,-4.7120953
0,/data_nas/huangyj/data/placePulse/rawData/googleviews-110802files/51408c3afdc9f0358700eaac.jpg,-0.32867625,-4.711938,2.8018372,-1.052342,-0.63503563,1.4334267,-0.7073246,0.31852597,-5.4374657,0.6801212,1.7723176,-0.50892925,-2.8275719,-0.007842217,4.2866354,-2.2899468,-0.764725,-0.961367,0.26872662,-1.4522731,2.8873265,-0.81952304,-0.09061961,0.028170403,-2.577937,0.814595,1.0301585,-1.9184852,-0.21712337,0.2912564,2.6011302,-4.086443,-1.6003426,-0.19309093,-0.86958885,-5.3089676,0.1396896,-1.8690568,0.16001908,-3.6892002,4.072949,-2.2156107,-2.054876,2.2260592,1.8938341,-1.4657911,-0.95577335,4.6762147,-0.5200155,-3.8667014
1,/data_nas/huangyj/data/placePulse/rawData/googleviews-110802files/51414790fdc9f04926006aa4.jpg,2.8837283,-5.068404,1.8724222,1.1727637,1.1099244,1.8391438,-1.131207,3.2765083,-3.3259165,1.0542138,1.1144584,2.5560668,-2.544216,1.5643591,5.7822094,-3.6464121,0.5937109,-1.7863554,1.0798668,-0.023211144,2.5493152,-1.7680601,-2.3872952,-1.6442534,-1.4781343,2.7304847,2.1082294,-2.9663122,0.763569,2.099133,0.58409166,-2.9201112,-2.8686,-1.2119004,-3.0484338,-3.337325,2.0984201,0.34136686,0.0061089797,-1.5401964,2.4746728,0.09980039,-0.9265214,-0.14166072,2.2133658,-0.03396093,-1.090757,3.4186447,0.7431738,-2.7126203
0,/data_nas/huangyj/data/placePulse/rawData/googleviews-110802files/513e5c11fdc9f0358700aa06.jpg,-0.94643307,-3.6020885,3.3269722,-0.101154245,-2.0197475,-0.000988761,-1.6382987,0.16917625,-2.6293063,-0.16388693,2.0378513,0.99476594,-3.7579901,0.4176177,3.5251703,-0.92561114,-1.5997428,0.7541361,-0.7260579,-1.8111869,1.4308956,0.51559293,0.21554698,2.6312912,-2.0726347,1.3097855,1.9051116,-1.4038517,-0.62194705,1.0923268,1.7804856,-5.9064174,1.5625117,-0.19520415,-1.427527,-2.5942054,0.018372335,-1.0928713,0.41373512,-2.63284,5.5777698,-2.0165727,-0.30396503,3.7778304,1.6675049,-0.54312664,0.2209325,1.538508,-2.0212133,-2.883972
1,/data_nas/huangyj/data/placePulse/rawData/googleviews-110802files/5140d87afdc9f04926003a06.jpg,1.0660115,-4.2428493,1.4872407,0.16708775,0.81498444,1.0195104,-1.5348035,1.3898225,-6.8035817,-0.21780244,1.0499545,0.98492867,-1.9286867,-1.353523,4.3760657,-1.2646098,0.7045829,-0.24893036,-0.09377144,-0.74767005,2.667264,0.6656579,-0.7455506,-2.5919294,-1.5541621,-0.78606635,2.0909076,-2.66668,0.6771202,2.4839902,0.2543784,-0.8165718,-4.6267905,-2.0660124,-2.7786517,-6.1505685,-0.53088903,-0.8215147,0.0095035955,-2.4093475,1.3464942,-1.0381179,-3.6725142,-0.7877703,3.2102532,-1.9427204,0.17879966,6.546021,-0.484307,-2.978743
0,/data_nas/huangyj/data/placePulse/rawData/googleviews-110802files/5140cb03fdc9f04926002a07.jpg,0.055676207,-3.2782898,3.1849623,-0.3706157,-1.241598,-1.71804,-3.9547837,1.4358808,-3.4936852,-1.2303337,1.1678109,3.266281,-3.6986613,-0.23073034,4.4356246,-1.2402848,-0.044608727,0.90639013,-2.5506268,-0.024463989,-0.071599424,1.2515123,2.096681,0.32850087,-1.8402756,-0.21208407,4.2021155,-1.1770153,-0.520726,1.5263966,2.7372472,-4.2858415,-1.2036209,-0.49685162,-1.4413738,-3.4225912,-0.89147216,-2.0109684,-0.07956021,-4.0206256,4.4750886,-1.194869,-0.7838882,2.4227824,2.6577227,-1.6127615,0.0022407444,2.5482025,-3.5028176,-1.9418018
0,/data_nas/huangyj/data/placePulse/rawData/googleviews-110802files/513cc732fdc9f03587001a0e.jpg,-1.4269787,-4.799154,2.6702983,-0.61393833,1.7118006,0.50565016,-1.3243018,-1.6068558,-4.778512,-1.270871,2.6602573,0.82357854,-2.177511,0.10883106,3.3336933,-0.008983836,-1.2083814,1.4328473,-1.0280291,-1.4894118,1.908768,-0.70506287,0.31494862,-3.1414614,-2.1502843,0.8429325,0.93291324,-2.4375904,-1.3684963,-0.5201297,0.45078087,0.7500729,-4.4646163,-0.63205487,-1.6308587,-4.3002863,0.4497322,-0.33336315,-1.149489,-2.2375762,0.019429896,-2.4274876,-1.3987327,-1.6332597,1.3484336,-0.99997205,-0.26349387,4.5408716,-2.9710371,-4.2475348
0,/data_nas/huangyj/data/placePulse/rawData/googleviews-110802files/513f12c1fdc9f0358700ca01.jpg,-0.06470716,-5.4895835,3.1740227,-0.5038761,-1.4868629,0.6583548,-1.6464542,0.5419321,-4.895238,-0.26957214,2.091539,1.3425415,-3.2706985,-0.42241195,5.1547,-1.8102906,-0.7777101,-0.45310608,-0.24307422,-1.4126396,1.7717357,-0.44337225,-0.06870647,0.8908045,-2.9400737,0.51360536,1.9688994,-2.4968207,-0.58916813,1.2274108,1.5959672,-3.4152272,-1.0938443,-0.92418575,-2.0819774,-4.454002,-0.11176703,-0.85807383,1.0355227,-2.7238925,3.3433032,-2.1939123,-2.5304494,1.3794078,2.5170186,-0.70188725,-0.55779177,4.2102222,-0.95145553,-4.172419
0,/data_nas/huangyj/data/placePulse/rawData/googleviews-110802files/5140cb06fdc9f04926002a0f.jpg,2.8381977,-2.0004377,-1.0046914,2.0241466,2.377974,0.46643484,-2.0377944,2.3478248,-6.8832116,-1.0555364,-0.8887953,2.858849,-0.012136901,-0.8488659,3.1231718,0.4592368,2.8312445,1.9262542,-0.6886781,0.73920476,2.1170673,1.3898213,-1.9131315,-5.156455,1.3328162,-0.6123119,2.3426669,-2.6353648,1.5505009,3.645586,-3.0620136,1.7377188,-7.09778,-3.8545249,-4.100379,-6.1064453,0.41005337,1.054283,-0.39838976,-0.51129293,-0.7228135,1.6385586,-2.9688234,-3.2083812,2.9143112,-2.2765102,1.7691833,7.4477515,-1.8946813,-0.11044906
0,/data_nas/huangyj/data/placePulse/rawData/googleviews-110802files/51408c42fdc9f0358700eabd.jpg,1.161869,-1.2143856,-1.1859733,-1.9276626,0.8446867,1.0327917,-1.1116153,0.373219,-3.1279535,-0.52983844,0.12149501,0.25608847,-0.34252697,-0.6621035,1.826084,0.20174474,0.4752622,1.9988581,-0.8375189,-1.0444198,3.5201516,0.8345706,0.19554372,-2.4296722,1.201898,0.26500013,1.4569552,-4.3863053,1.1770321,2.1206732,-2.8212686,-0.9802608,-2.5789719,-4.286388,-2.1895761,-3.0757766,0.11601691,2.3708272,0.24826543,0.9552343,1.6005318,0.7797895,-0.44274902,-0.8325251,1.499342,0.9060617,1.504678,3.1869683,-1.5644361,0.05021079
0,/data_nas/huangyj/data/placePulse/rawData/googleviews-110802files/513cc7f2fdc9f03587001abd.jpg,0.015944475,-0.0054750815,0.04956606,-0.62781525,1.053622,-1.468094,-3.0790167,-0.2159021,-2.914686,-1.8295093,-0.13479272,2.501858,-1.4116149,1.0013893,1.1039584,1.4684463,0.4242604,4.5561104,-3.1334834,-0.13500483,1.2067951,1.5668776,1.7168411,-3.0306938,1.907322,1.1702563,2.6157353,-2.2757432,-0.06845358,1.0740494,-1.4797817,-2.6244302,-3.2525806,-2.7133403,-1.6361209,-3.3475108,0.5426217,1.1325967,-1.4268876,-1.0665207,3.5376914,0.92445964,1.8901143,0.8713989,0.76966184,-0.7777639,2.065324,2.6123528,-5.9736185,1.1518015
0,/data_nas/huangyj/data/placePulse/rawData/googleviews-110802files/51414f69fdc9f04926007ab1.jpg,1.3561884,-0.14017034,-0.64007986,0.17738381,-0.2489635,-0.8539579,-3.3219817,1.9693696,-4.654359,-1.8244135,-1.5229342,2.1788461,-0.18517892,-1.8959042,1.7912996,0.6738268,2.5721655,1.8068104,-2.5854979,1.1573174,1.9703842,2.3508456,1.3740203,-1.7022586,0.9828828,-2.361074,3.5106697,-1.6870952,1.6822737,2.2660763,0.24306864,-0.8538617,-3.3472102,-2.7494853,-1.5514777,-3.8249712,-1.6026813,-1.3305737,0.53046286,-2.8432286,1.5868751,0.9498326,-1.6159834,0.16601789,2.7979412,-2.4112587,1.6986005,4.239876,-3.0367174,0.9104935
1,/data_nas/huangyj/data/placePulse/rawData/googleviews-110802files/50f42c52fdc9f065f0001ab5.jpg,3.9154494,-1.7503518,-2.1961904,1.2936224,-3.4178894,3.2281604,0.350905,3.145189,-3.3282921,0.2852453,-2.5246496,0.36970344,1.7331446,-0.29393932,2.42261,-1.7709031,3.2119842,-2.064478,1.4590508,1.5437194,4.455634,-1.5060878,-2.7582462,3.0392873,0.6133798,0.3879271,0.098229304,-2.377724,3.1187623,0.8479678,-0.50523734,-3.2838864,0.97656745,-2.9527128,-1.5634605,-2.396916,1.2892376,0.3207855,4.101365,-0.6854907,2.2654712,2.1031206,-2.0492876,1.1251525,1.0166426,0.0077751745,-0.05671077,3.3250713,2.4045815,0.17592447
0,/data_nas/huangyj/data/placePulse/rawData/googleviews-110802files/51414f6afdc9f04926007ab4.jpg,0.6844833,-1.4274281,1.2940072,-0.4563336,-1.732012,-0.9490233,-3.4964716,1.6184397,-0.6599022,-1.4296494,0.13948926,2.888182,-2.2495003,0.26903725,2.7732673,-0.4962341,0.3856579,1.5944072,-2.586644,0.23104192,1.6926775,1.2092664,1.7513719,1.7399845,-0.12881772,0.55869555,3.6942108,-2.0623739,0.76173407,1.2886821,1.3670601,-5.0145817,1.1535764,-1.7505703,-1.240693,-0.60084975,-0.25194833,-0.6972715,0.7732834,-2.4241674,4.727686,0.25459453,1.3114812,2.8723516,1.71916,-0.12314184,0.94047934,-0.19808131,-3.505753,-0.123882845
0,/data_nas/huangyj/data/placePulse/rawData/googleviews-110802files/51413bcdfdc9f04926005a4c.jpg,0.11955051,-3.7599897,2.221024,0.5441847,0.05364754,-0.1233272,-2.1726084,1.1914309,-7.033337,-0.76631486,0.7813146,1.1501774,-1.948806,-2.2894413,3.885674,-0.7588021,1.0273083,-0.41954008,-0.8733739,-0.16698232,1.1201527,1.2805823,0.24332261,-1.7336972,-2.2640939,-2.412252,2.55135,-0.83042854,0.1559,1.9074349,2.0415857,0.054861404,-4.4046965,-0.5524774,-1.7361578,-5.9424295,-1.7714378,-2.8425467,0.09266729,-4.14809,0.6335476,-1.775916,-4.419495,-0.4474799,3.4680512,-3.331067,-0.03554214,6.5178213,-0.99983877,-3.0680852
1,/data_nas/huangyj/data/placePulse/rawData/googleviews-110802files/50f56268fdc9f065f0005a40.jpg,3.5831487,-1.15888,-0.80604887,1.7828294,-3.7361488,0.8609744,-2.1084428,4.1578393,-3.0704236,-0.4991134,-2.56666,2.6477668,0.04186643,-0.4496364,3.1377723,-1.6134412,3.3363104,-1.0279351,-0.50156724,2.1158578,2.4835434,0.20723887,-1.0557057,3.4129963,0.49077487,-0.38598773,2.6661642,-1.2257155,2.6844323,1.9356221,1.1802713,-4.9631395,1.1785132,-2.247184,-1.6280404,-2.2656622,0.19087504,-1.2468632,3.362754,-2.6216452,4.138305,1.988303,-1.3845519,2.7773614,2.1140351,-1.2651184,0.49952328,2.592239,0.042384103,0.9071643
0,/data_nas/huangyj/data/placePulse/rawData/googleviews-110802files/50f5e5cdfdc9f065f0006a4b.jpg,-0.4114176,-3.3973703,2.3501015,-2.4740322,-1.4787582,-1.2320509,-3.8620982,0.05038427,-2.695934,-1.9279122,1.2080232,2.723101,-2.873445,0.06437548,4.1083574,-0.96172595,-0.3766252,1.5649546,-3.14443,-0.22531255,1.2832011,0.15407445,3.2988102,0.15700653,-1.5103704,0.32433376,3.6378644,-2.9032164,-0.67977035,-0.18735856,2.3761284,-3.9566727,-0.89238477,-1.6273477,-0.63295966,-2.7731218,-0.5060677,-0.875831,0.6025504,-3.4263859,4.238972,-1.1632773,0.30189034,2.0359712,1.6983979,-0.09759492,-0.06726032,1.7736061,-4.5018783,-1.9549977
1,/data_nas/huangyj/data/placePulse/rawData/googleviews-110802files/513f2d76fdc9f0358700da44.jpg,0.04102909,-1.6794728,1.0282,-1.4691598,1.8169546,0.5553233,-1.987682,0.53621805,-1.646306,-0.2981987,1.1659776,0.25892785,-1.9455421,0.33935827,2.200328,-0.8784854,-0.3926311,1.286015,-1.6369171,-0.8652433,3.6990724,0.7443957,1.2966111,-2.4610126,-0.07983233,0.89484495,2.3941193,-2.9136825,0.8605861,0.8324471,0.8653778,-2.6089163,-2.2188087,-1.6181434,-0.93894094,-1.853386,0.08515784,-0.53975046,-1.5334135,-2.1392655,2.9429562,-0.41301376,1.4087026,0.79999703,1.6183051,-0.2854682,0.47787663,1.1652352,-2.6495183,-0.9883889
0,/data_nas/huangyj/data/placePulse/rawData/googleviews-110802files/513d6788fdc9f035870040d3.jpg,1.7361169,-0.5054686,0.013757423,0.98744833,-2.313539,-1.596045,-4.0123835,1.8947145,-2.4768622,-2.4006708,-1.6022326,4.5619597,-0.9869209,1.1428115,2.3992121,0.5020679,2.1566155,3.0542111,-3.2437665,1.8191642,0.60046774,0.82193226,1.2141548,0.9955607,1.4618828,0.94842327,3.6008775,-1.3293624,0.7448712,0.734435,0.20717385,-4.709669,-0.47471863,-2.4070072,-1.5550452,-2.3523002,0.78260493,-0.08481261,1.2879037,-2.4877899,4.754623,1.9062696,1.3262382,2.4508739,1.009522,-1.0163988,1.4189875,1.9098052,-5.249538,1.5107989
1,/data_nas/huangyj/data/placePulse/rawData/googleviews-110802files/513cde12fdc9f035870020d7.jpg,3.3898542,-0.99354094,-1.478461,-0.99158615,-1.9056736,0.06791733,-3.63834,2.9558556,-1.4471809,-1.7547029,-2.232644,3.3518085,0.29207373,0.3773529,3.2192097,-1.4342804,3.1472135,0.6851814,-2.6708589,2.458915,3.1808355,-0.11084214,1.7706997,0.22106409,1.4195424,0.295346,3.661208,-3.2981758,2.4442239,0.5396997,0.86873823,-3.7564368,-0.6778928,-3.687548,-1.079685,-1.41845,0.5753676,0.10094127,2.2846563,-2.2109041,3.5052164,2.6458392,1.0192465,1.2137,1.4476745,0.2617789,0.5082637,1.237269,-2.9613316,1.5416965
0,/data_nas/huangyj/data/placePulse/rawData/googleviews-110802files/50f5eeeafdc9f065f00090d7.jpg,2.4599009,-3.0739307,0.9784733,-1.5886778,0.75043166,0.31600192,-3.2639444,3.0183773,-2.6320305,-0.26215133,-0.077287525,2.2368274,-1.7844436,0.1257605,4.7789083,-3.3859246,1.6553766,-1.2619821,-1.7345899,1.2870309,2.8908882,-0.43258545,1.8590055,-2.5198107,-0.8274695,0.15322374,3.9023232,-3.0285406,1.444725,0.98606884,2.942195,-2.7666829,-3.2861047,-1.6554201,-0.8902105,-2.8010674,0.0211015,-1.4471282,-0.056316923,-3.6823611,2.8129063,0.5414388,-0.124045916,0.4615015,2.5458682,-0.5415941,-1.0572523,2.315559,-1.4930171,-0.96460253
1,/data_nas/huangyj/data/placePulse/rawData/googleviews-110802files/513cde0cfdc9f035870020d5.jpg,3.4644747,-3.5330267,-0.9373048,3.985377,-0.5090858,3.4428282,0.6809151,2.556553,-3.877134,-0.2617673,-1.2682153,1.9485317,1.491472,1.6855834,3.1159117,-1.2067441,2.83381,-1.158393,1.9202107,1.7280837,3.7203124,-3.0746028,-4.9033012,0.23733461,0.11851919,2.447499,-0.7109007,-1.4888927,1.837078,-0.34441543,-1.0788112,-0.13670766,-2.101705,-1.6280062,-2.5043163,-2.6440625,3.391036,0.44593155,2.2525241,-0.8735499,-0.5634504,1.6511091,-1.5909989,-1.6529974,0.28705123,-0.7816088,-0.46877086,4.3219137,1.0530461,-1.6105007
0,/data_nas/huangyj/data/placePulse/rawData/googleviews-110802files/513f3255fdc9f0358700e06d.jpg,0.49814048,-5.458799,2.4303105,1.5470816,-2.3602798,1.6511728,-0.46156263,0.7747175,-5.2444134,-0.28727496,1.326823,1.3873866,-2.097591,-0.046177782,4.564537,-1.2780322,-0.08242386,-0.8176484,0.93985623,-0.942962,1.9704509,-1.2643907,-2.295017,2.2867582,-2.6212282,1.0652819,0.61420435,-1.8002894,-0.19528292,0.85597366,0.71819216,-2.8765576,-0.37279528,-0.74280345,-2.5028858,-4.264781,0.854927,-0.5915919,2.13982,-2.1094882,2.4148338,-1.7005727,-3.137931,1.0325056,1.874486,-0.94353676,-0.39549637,4.762872,0.12513512,-4.1782727
0,/data_nas/huangyj/data/placePulse/rawData/googleviews-110802files/5140ce8afdc9f04926003060.jpg,1.3910152,-0.4771131,0.3918087,-0.68709743,3.4127064,-1.727112,-4.376486,1.6878059,0.6552529,-1.8265464,0.4785053,3.9756038,-1.6796774,1.0766382,2.2757206,-0.23785618,0.76973426,2.8109927,-3.618225,1.1007264,1.0853591,1.5384536,2.5444124,-4.9518294,1.3361468,0.93031114,4.564577,-2.6694896,0.68757397,1.4498523,-0.29088897,-0.2174259,-4.0919976,-2.287194,-1.7248657,0.14530842,0.40922612,0.63954806,-2.5873523,-1.0615897,0.93410045,1.5158573,3.0717564,-1.5918494,1.5387923,0.18008982,0.88617086,-0.62168914,-4.9331746,1.0143667
1,/data_nas/huangyj/data/placePulse/rawData/googleviews-110802files/513e5e55fdc9f0358700b036.jpg,0.89635634,-5.828305,2.5635533,1.6850504,-1.034788,2.0497298,-0.24565117,1.4731184,-5.8627543,0.2972573,1.5741197,0.8949888,-2.0297673,-0.68640196,5.015973,-2.006242,0.20452455,-2.000412,1.5066398,-0.7860239,2.2078698,-1.1426618,-2.5895936,0.78686744,-3.1333065,0.23007014,0.8244049,-1.5584582,0.14017276,1.3210547,1.2308462,-1.2494404,-1.9101202,-0.4090535,-2.5152411,-4.738996,0.3857512,-1.4075968,1.4615808,-2.5570984,0.9773259,-1.8829038,-4.2043557,-0.21930209,2.5570235,-1.5582832,-0.9851101,5.5144205,1.4704103,-4.682135
1,/data_nas/huangyj/data/placePulse/rawData/googleviews-110802files/513e1fd4fdc9f0358700a036.jpg,1.5888203,-1.6925657,-0.1998671,-0.41514647,1.0510957,-0.5856856,-3.5313213,2.245685,-4.9481783,-1.8029311,-0.7463249,1.959563,-0.22562481,-3.4802127,2.9087396,-0.18679059,2.7229078,0.10145983,-2.3932438,1.1547384,2.1400177,2.5235589,1.7840134,-3.4520407,-0.47106507,-4.0172677,4.0376787,-2.2543447,1.8623339,2.8319986,0.9641861,2.476599,-5.3231792,-2.6361873,-1.8631012,-3.684656,-2.7051256,-1.9825132,0.3882307,-3.0844245,-1.5729748,0.1054512,-3.562165,-2.509785,4.070839,-2.497227,0.9752959,4.8482447,-1.555326,-0.6756324
1,/data_nas/huangyj/data/placePulse/rawData/googleviews-110802files/513e1fedfdc9f0358700a07d.jpg,-1.0149361,-5.188431,3.7454684,-0.34491774,-1.3204342,0.14368924,-1.7209356,-0.14963908,-5.0875306,-0.4389038,2.361788,1.0731623,-3.60898,-0.29903185,4.6037626,-1.2550355,-1.205705,0.06556268,-0.6303417,-1.626785,1.3098477,-0.07335899,0.28832394,0.868186,-3.1155436,0.44189298,1.8191768,-1.5774236,-1.0456941,0.69221103,2.3211594,-3.6374788,-1.0983373,-0.059492476,-1.5388556,-4.6880546,-0.30661568,-1.74066,0.40645888,-3.5581732,3.696914,-2.7496927,-2.331037,2.0183113,2.2194753,-1.4447117,-0.39653197,4.1915207,-1.8414258,-4.3536367
1,/data_nas/huangyj/data/placePulse/rawData/googleviews-110802files/51421778fdc9f0492600802b.jpg,3.1564016,-3.3186917,0.19867405,2.5802934,-4.168039,2.4402823,-0.16296573,3.375543,-3.3879027,0.49970174,-1.1873031,1.6587901,-0.5135016,0.40403295,3.8365014,-2.1956522,1.9879446,-2.10567,1.6142478,0.74939626,2.9208536,-1.3051374,-3.378021,4.889086,-0.83199763,1.3809437,0.7994254,-1.4298723,2.0536697,1.5815942,0.55911493,-5.467661,2.3958616,-1.4868727,-2.3657386,-2.5319164,1.476614,-0.45226288,3.8405356,-1.5696995,4.107281,0.8606248,-2.0845652,2.8221855,1.531577,-0.5294337,-0.17157394,2.985972,1.9652296,-1.3622607
0,/data_nas/huangyj/data/placePulse/rawData/googleviews-110802files/513cbceafdc9f0358700102b.jpg,2.212868,0.17355575,-1.9220263,-0.7450182,3.3568602,-0.30573246,-2.6766582,1.4754882,-5.1587105,-1.077763,-1.0956467,1.6534168,0.13819379,-0.7692992,1.526345,0.69345474,2.3536315,3.0476472,-2.190853,0.57930803,2.7948034,2.2942107,0.87795436,-6.791917,2.6330848,-0.8260074,2.8256412,-3.4364266,1.796406,3.0291872,-2.792717,0.7988166,-7.175205,-4.4688487,-2.6595485,-5.2829537,-0.22333147,1.3938643,-1.7109396,-0.32211775,0.5910953,2.1329165,-0.6501615,-2.3466184,2.2523468,-1.4358386,2.1097133,5.529157,-3.4998965,1.7035984
1,/data_nas/huangyj/data/placePulse/rawData/googleviews-110802files/513f31eafdc9f0358700e012.jpg,1.2341806,-3.9833498,1.3188009,0.7947914,-4.376234,0.7349309,-2.1139455,1.2355552,-4.697264,-1.6514597,-0.7580119,2.6127048,-0.6972054,0.4409469,4.0285506,-1.2929904,1.7362062,-0.4658096,-1.0845791,1.4806334,1.8778707,-1.7932122,-0.039213676,3.6459467,-1.6566213,0.6542177,1.5800716,-1.0400076,0.3648209,-1.521953,2.8203804,-4.4481387,0.5931411,-0.8200549,-0.5882118,-3.8241537,0.9083449,-2.01076,3.386016,-4.3002734,3.8441687,-0.28737175,-1.6817739,2.5738473,0.8893739,-1.4868557,-0.7712926,3.9156957,-2.0152915,-2.2492454
1,/data_nas/huangyj/data/placePulse/rawData/googleviews-110802files/513e6b6efdc9f0358700c01c.jpg,1.9366217,-4.9788065,0.8069901,0.6770843,-3.076514,2.8185067,-0.13404258,2.0006251,-4.6344476,0.01587969,0.07976626,0.38250312,-0.42254436,-1.3339456,4.461899,-2.254663,1.3740082,-2.8247645,1.391215,0.03814994,3.7748547,-1.5549982,-2.0392976,2.9961894,-2.468656,-0.41065693,0.69257593,-2.5176175,1.516154,0.78947914,1.3619888,-2.0425904,0.29815346,-1.5935138,-1.8376817,-3.2925415,0.1085291,-1.1057092,3.6747403,-2.2025476,1.2557316,-0.8454737,-3.9965029,0.4471624,2.3102202,-0.5246656,-0.89036554,4.277779,2.36177,-3.549338
0,/data_nas/huangyj/data/placePulse/rawData/googleviews-110802files/50f5eb21fdc9f065f000801c.jpg,0.9751906,-1.8608307,1.4108052,-1.2928034,-0.1447956,-1.8450421,-4.6933556,2.1257877,-2.8031383,-1.756441,0.20390116,3.448137,-2.5262058,-1.3674362,3.8012254,-0.8164637,1.0526751,1.3067253,-3.342106,0.5527137,0.95400196,2.255025,2.9943542,-1.4454446,-0.5291648,-1.5778509,5.1947985,-2.5343866,0.6893789,2.5495424,1.5959129,-2.3641002,-2.4549327,-2.2762144,-1.6914744,-2.5825772,-1.7693741,-1.2447289,-0.07026525,-3.1277452,2.8701065,-0.0090385815,-0.6115365,0.7768056,3.3511152,-1.1141187,0.8156154,2.164067,-3.596677,-0.37081632
0,/data_nas/huangyj/data/placePulse/rawData/googleviews-110802files/50f5eb22fdc9f065f000801f.jpg,0.64791,-2.2061372,0.7907944,0.6406925,-0.89859116,0.1287385,-2.082973,1.5834714,-5.4348116,-0.8889992,-0.0736577,1.1390586,-1.3766156,-2.2946188,2.8874972,0.13770148,1.2829329,0.7290608,-0.9862532,-0.519305,2.3519876,2.126009,-0.22978416,-0.0079838075,-0.6758133,-2.059319,2.657037,-1.9020002,1.2639498,3.1443155,0.17630903,-1.5122689,-2.0995398,-2.1792724,-2.4302907,-4.3473396,-1.6728759,-1.3018484,1.0554445,-2.4749265,1.8865956,-0.6352648,-3.1723115,0.5953401,3.5048351,-2.2196238,1.4970434,4.928934,-1.216771,-1.3735293
1,/data_nas/huangyj/data/placePulse/rawData/googleviews-110802files/51414af7fdc9f04926007014.jpg,1.2325612,-0.6203493,0.6962901,0.72014666,0.24884993,0.40806213,-2.0881462,2.3783815,-1.2116759,-0.08633457,-0.5190085,1.0643072,-1.2548615,0.48992214,1.9075147,-1.3534523,1.1632376,0.07938075,-1.2674052,0.8027995,2.9430473,0.77518797,0.3718559,-0.26803255,0.3171442,0.48687688,2.5988245,-0.83290714,1.7342972,0.93543893,2.2398906,-3.9327362,-0.7076387,-0.4450856,-0.5319733,-1.0985131,0.15328589,-2.063034,-0.5821059,-3.3548398,3.711622,0.5785024,1.2947128,2.2840743,1.6443359,-1.5237061,0.26555356,0.59950423,-1.6815115,0.23173186
0,/data_nas/huangyj/data/placePulse/rawData/googleviews-110802files/514137e6fdc9f049260050c7.jpg,0.0051259547,-6.228902,2.555804,-0.603397,-1.0166599,1.5702407,-0.89917463,-0.15748113,-3.8631632,-0.73522,2.3102038,1.280629,-2.1949964,-0.10176258,5.0714674,-1.6558124,-0.7863291,-0.78099906,0.19301656,-1.2107435,2.3073313,-1.8562455,-0.7498664,0.5085518,-3.1168075,1.0398499,0.95680314,-3.2104447,-0.7005132,-0.1421779,0.85474086,-0.8777649,-1.3210537,-1.2303102,-1.9359363,-3.0961254,0.69259524,0.055528805,1.6077746,-1.6811005,0.73950976,-2.1641326,-2.4371197,-0.76944226,1.6857874,0.49741697,-1.0114672,3.6089134,-0.409315,-4.844402
1,/data_nas/huangyj/data/placePulse/rawData/googleviews-110802files/51421810fdc9f049260080cf.jpg,4.605279,1.0554041,-3.686963,-0.33266369,-0.66123086,0.65482885,-2.8364537,3.8585572,-0.19887309,-1.6669706,-3.6451962,2.7555099,2.6476266,-0.66260827,1.282854,-0.99899095,4.610877,-0.30469906,-2.0663605,3.7184668,3.376132,0.033504367,1.1364086,-1.2157074,2.5850246,-1.1419753,3.090261,-2.9444861,3.6310682,0.755903,-0.32286105,-0.06442746,-1.8224043,-4.0030503,-0.7431752,0.37386894,0.15260388,0.44581434,2.257027,-0.7697218,-0.13984473,3.980535,0.6444381,-1.3641226,1.2125527,0.45149633,0.53712994,0.49116403,-0.90351486,3.2189956
1,/data_nas/huangyj/data/placePulse/rawData/googleviews-110802files/50f56412fdc9f065f00060cf.jpg,3.305736,-1.0369138,-2.2936664,0.39392313,-2.5847156,1.8404348,-1.138989,2.9243536,-3.7132552,-0.6541687,-2.346582,0.9289194,1.2400523,-1.8905184,2.2292464,-0.59337246,3.2501628,-0.5723956,-0.16892554,1.0426111,4.24296,0.6613411,-1.1737722,1.6169999,0.96699905,-1.43912,1.7118435,-3.160843,3.2245672,2.5255632,-1.0565897,-1.9966799,-0.28610304,-4.0737762,-2.1580634,-2.6113281,-0.4321345,0.3433666,3.5735164,-0.7106988,1.6064858,1.8667456,-2.5519848,0.37066457,2.3935523,-0.3594089,1.3485515,3.658683,0.71743107,0.7011683
0,/data_nas/huangyj/data/placePulse/rawData/googleviews-110802files/513d9d80fdc9f035870080c5.jpg,-1.2381915,-5.0787897,3.5410056,-1.278044,2.4848075,0.6647697,-1.7180595,-0.5795979,-1.8612864,-0.5523274,3.5194573,0.57639396,-3.0695255,0.1519317,4.0127516,-1.7032449,-1.8727936,-0.3809857,-0.9628177,-1.3624656,2.4058423,-0.70337373,1.1668903,-2.805244,-3.1348171,0.7937689,1.9384726,-2.3532262,-0.86519563,-0.5859475,2.519079,0.15481235,-3.1158292,0.34813792,-0.86868596,-1.6462145,0.039875936,-1.5089306,-1.8705077,-2.8982048,0.17186847,-2.7814684,-0.28248492,-1.2371234,1.7335204,-0.24661537,-1.3031161,1.3955737,-1.6901191,-4.7368774
0,/data_nas/huangyj/data/placePulse/rawData/googleviews-110802files/50f5e75efdc9f065f0007096.jpg,-0.8566011,-5.234132,3.2933664,-0.75196856,-0.52272505,0.33467624,-1.4429375,-0.40175402,-6.362306,-0.3590117,2.2436347,0.80044514,-3.1394606,-0.43725842,4.605972,-1.1659644,-0.9552231,0.25503495,-0.4209723,-1.5514736,1.2581716,-0.33800453,0.20153522,-0.7130983,-2.8613524,0.2628832,1.4799962,-1.9093289,-1.2604818,0.58140856,1.5591384,-2.3497512,-2.8464015,-0.54318744,-1.5961001,-5.981188,-0.20734976,-1.2734112,0.08735132,-3.185237,2.7629318,-2.5837061,-2.9398894,0.8479286,2.1285563,-1.5989786,-0.585544,5.7398562,-1.7212026,-4.3183184
0,/data_nas/huangyj/data/placePulse/rawData/googleviews-110802files/51414048fdc9f04926006098.jpg,0.3840379,-2.5440478,2.1077926,-1.9969958,2.8623674,-0.63187486,-2.939201,1.6043092,-2.4768608,0.19222757,1.7539803,1.0598038,-3.2558606,-0.7827842,3.7842007,-2.0549386,-0.4167478,0.16952702,-1.7341527,-0.902532,1.8106374,1.6352593,2.1885977,-4.3096104,-1.1061304,-0.55489755,3.9384615,-2.809898,0.36961025,2.721019,1.6166468,-1.2285488,-4.203499,-1.1786765,-1.5011246,-2.7894018,-1.268863,-1.0060976,-2.346152,-2.4820476,1.9873434,-0.97845453,-0.27738032,-0.26682904,3.2538087,-0.73687506,-0.094524674,2.0734916,-1.7803973,-1.5293247
0,/data_nas/huangyj/data/placePulse/rawData/googleviews-110802files/513d7d1efdc9f035870070f3.jpg,0.85519165,-0.9010486,-1.3792707,1.13792,-0.6810956,2.122984,0.65621316,-0.110718474,-4.022596,-0.26085857,-0.65634996,-0.38946787,0.53693867,0.5111819,0.5906751,1.2673022,0.8438086,2.2850325,0.6052219,-0.9634106,3.9229083,0.0055543836,-2.609853,0.15416951,1.6820136,1.5418956,-0.8331797,-2.4842463,1.3298779,1.1284289,-3.2219346,-2.4789417,-0.8416527,-3.1306581,-2.3000672,-3.6339707,1.5444417,1.9477352,1.0828998,0.77286094,2.5236034,0.92521495,-0.4988347,0.70493853,0.34152865,-0.30535135,1.9890759,4.0549197,-1.2871084,-0.041281436
0,/data_nas/huangyj/data/placePulse/rawData/googleviews-110802files/50f5642cfdc9f065f00060f7.jpg,-0.14301163,-3.3481793,1.4065952,-0.16256788,0.8514875,1.1570175,-0.4161963,0.014583409,-5.8721275,0.21340722,1.6417856,-0.42037323,-2.0419884,-1.0078334,3.0142791,-0.18175781,-0.50872386,0.9681824,0.29890943,-2.0575016,2.5929852,0.9268984,-1.2129396,-1.9048452,-1.0635048,-0.16291605,0.9026783,-2.5402071,0.0900616,2.3959844,-1.1134446,-1.2003433,-3.2558463,-2.0174384,-2.5245175,-5.406776,-0.27921677,0.1875678,-0.4047141,-1.0477865,1.8369118,-1.401738,-2.8192048,-0.21778175,2.382004,-1.113431,0.7727352,5.6062264,-0.6655046,-2.641993
1,/data_nas/huangyj/data/placePulse/rawData/googleviews-110802files/513e6c0cfdc9f0358700c0f2.jpg,-0.74235344,-5.715465,3.5881658,-1.275,-1.1522409,0.7437622,-1.6426178,-0.025137253,-4.2255416,-0.34594652,2.4528236,0.7042498,-3.2343338,-0.37323135,5.023555,-2.185678,-1.1056182,-1.010248,-0.56167614,-1.2753335,2.0327055,-0.99131876,0.81935126,0.6410668,-3.5596068,0.35397875,1.8349096,-2.1901507,-0.8345575,-0.16623221,3.1120186,-2.8687263,-1.110143,-0.011548603,-0.9406323,-3.7930155,-0.29333308,-1.8854975,0.69122773,-3.7737746,2.8267972,-2.8231277,-2.1056771,1.294761,2.1601639,-0.7306047,-1.2963817,3.4244447,-1.0912935,-4.753449
0,/data_nas/huangyj/data/placePulse/rawData/googleviews-110802files/5140cf27fdc9f049260030fe.jpg,0.012062192,-1.5460879,2.224646,-0.56512415,-1.5449818,-2.1010656,-4.188785,1.0353574,-2.220712,-1.7589597,0.06713662,3.388445,-2.671958,1.0001062,2.9865632,-0.66035175,0.52864414,1.9488387,-3.4776397,1.022726,-0.0018926822,0.6967066,2.9549072,0.5109313,-0.47193715,0.6213901,3.8655162,-0.5632095,-0.4261996,-0.29668993,3.158788,-5.2036524,-0.562533,-0.29838908,-0.098902725,-2.4716594,-0.091910444,-2.0982642,-0.20428349,-4.463269,5.370154,-0.13247311,1.4087696,3.385935,1.1576904,-1.5275207,0.09562903,1.1740466,-5.234422,-0.26745972
1,/data_nas/huangyj/data/placePulse/rawData/googleviews-110802files/513e6c0efdc9f0358700c0f5.jpg,0.4247498,-5.21287,2.431331,0.10119197,-2.3937206,1.4461652,-0.74791574,0.84668404,-5.107354,0.073584735,1.6167066,0.90945786,-2.7244287,-0.51481265,4.804718,-1.6111629,-0.52589536,-0.7099753,0.67603594,-1.609619,2.313102,-0.512367,-1.4336772,2.2844365,-2.5443652,0.7396336,1.2537593,-2.635219,-0.03545574,1.6785699,0.6533423,-3.9889574,0.08400339,-1.4717205,-2.4640584,-4.471686,0.18454568,-0.31415945,2.0117714,-1.8898954,3.6432981,-1.8155074,-3.0267377,1.8097409,2.3352168,-0.44036928,-0.14676479,4.4443336,0.1921255,-3.8593009
1,/data_nas/huangyj/data/placePulse/rawData/googleviews-110802files/50f60b97beb2fed9100000f5.jpg,3.3452556,-2.8479314,0.18599024,0.31978068,-1.4867439,0.9455417,-2.5732596,3.93353,0.52076066,-0.64239395,-0.46985635,3.2040715,-0.9418753,-0.4023803,4.3156133,-2.64932,1.8686769,-1.9027901,-0.71649235,1.385574,2.6874042,-0.45973873,-0.16770807,1.7009674,-0.84949064,0.16203986,3.5734794,-3.1674979,2.1737442,2.0103188,1.1180061,-2.1438181,0.81918657,-2.2995114,-2.0477898,1.1839634,0.17636262,-0.027833551,2.4225345,-1.1508726,1.2676644,1.1490855,-0.27162334,-0.016040307,2.5091214,1.2439511,-0.3806299,-0.6848507,0.63612825,-0.6895256
0,/data_nas/huangyj/data/placePulse/rawData/googleviews-110802files/50f5e768fdc9f065f00070f0.jpg,-0.22405307,-1.9474646,2.3530815,-0.6303541,-0.7452089,-1.8031111,-3.7300005,1.0352204,-2.9551358,-1.1757562,0.89596885,2.752074,-3.4207535,-0.118785314,3.2807908,-0.28390768,-0.2037569,2.2424345,-2.7657213,-0.5987705,0.4765993,2.0719018,2.0092788,0.025456134,-0.5953757,0.072014205,3.9627984,-1.5671502,-0.21282732,2.14964,1.4079535,-4.6056457,-0.8859622,-1.3057871,-1.6026303,-3.0528686,-0.850114,-1.1193144,-0.46945813,-3.0298543,4.9760966,-0.7109987,0.17763054,2.753829,2.4158592,-1.3394605,1.1565859,2.0676293,-4.252972,-0.81152695
1,/data_nas/huangyj/data/placePulse/rawData/googleviews-110802files/513f326bfdc9f0358700e081.jpg,0.16231428,-3.2080765,2.6840892,1.3729361,-0.3577873,0.24687794,-2.00732,1.2389592,-2.191452,-0.47242343,1.3926542,2.193872,-2.9741533,1.227975,3.4449098,-1.003544,-0.50652814,0.8169836,-0.873457,-0.5680371,1.8060808,0.1298819,-0.6386823,0.8535657,-1.2475107,1.9655848,2.2952332,-1.206153,0.05887594,0.945649,1.4816207,-4.464281,-0.17433411,-0.1916719,-1.8472561,-2.0316973,0.966581,-1.1935076,-0.3723531,-2.8114684,4.145122,-0.89726704,0.63098645,2.2778277,1.542062,-1.0789361,0.19214642,1.451869,-2.367777,-2.199275
1,/data_nas/huangyj/data/placePulse/rawData/googleviews-110802files/50f60b91beb2fed910000088.jpg,2.6706178,-3.4943314,-0.21729463,1.3955681,-2.3656073,3.4666238,0.8221013,2.1313686,-3.0836153,0.7826636,-0.6891685,0.27252516,0.14763786,1.3360264,3.2644525,-2.368353,1.4073709,-1.9448979,1.953677,0.45047474,4.1805305,-2.7346194,-3.241316,2.598068,-0.5899621,2.52296,-0.5134702,-2.2143385,1.7178512,-0.18583955,0.19470133,-4.0892444,0.8690084,-1.483158,-1.5188284,-2.5356047,2.4973023,0.259873,2.7657607,-1.0943086,3.0048587,0.7303463,-1.0107627,1.5382503,0.35724938,0.20606215,-0.8372915,2.9676986,1.7884786,-1.7328509
0,/data_nas/huangyj/data/placePulse/rawData/googleviews-110802files/50f5e75dfdc9f065f0007085.jpg,-0.4092249,-1.6812693,2.3921711,-0.51023805,1.1350065,-2.0967443,-4.1222453,0.78851634,-1.4866984,-1.687536,1.119469,3.1468458,-2.960065,0.08780288,2.851087,-0.18454608,-0.074807644,2.2033348,-3.3790312,0.13465255,0.24175458,1.7007763,2.6981652,-2.116749,-0.6079857,-0.11715842,4.156262,-1.2810214,-0.42131796,1.1698276,1.9361218,-2.0264397,-2.5203867,-0.55268294,-1.0930542,-1.5548102,-0.801814,-1.4517459,-1.6960258,-3.2927754,2.6155295,-0.691864,1.1035434,0.8577125,2.1540263,-1.3029858,0.6569092,0.8473174,-4.818386,-0.8025515
0,/data_nas/huangyj/data/placePulse/rawData/googleviews-110802files/51408f3cfdc9f0492600005d.jpg,-0.053670153,-4.233437,3.2202,-0.23422989,-2.5839949,-0.3509738,-2.4122875,0.9275429,-4.281957,-0.49060836,1.3487996,2.2244718,-3.6624389,0.42054892,4.677165,-1.5931373,-0.5963142,0.37693256,-1.0856014,-0.8639069,0.87360674,-0.023539098,0.5571451,2.2613726,-2.2022915,1.0943973,2.5620036,-1.5400327,-0.6421914,1.0015012,2.3539534,-6.039103,0.3786682,-0.5456342,-1.5213642,-4.190591,0.11790792,-1.3635237,1.0504932,-3.4995308,5.8062468,-1.5836091,-1.1691315,3.6729677,1.9478067,-1.0848465,-0.14919844,3.2423933,-2.394464,-2.8264363
1,/data_nas/huangyj/data/placePulse/rawData/googleviews-110802files/50f5eee5fdc9f065f000905d.jpg,2.0955925,-4.7636976,0.8422404,1.2096353,-2.2775505,1.7581018,-1.1074425,2.018296,-7.3996515,-0.5484028,-0.44794407,1.4760695,-0.5272443,-1.1411119,4.829179,-1.6283094,2.2288308,-1.441726,0.45826653,0.6942005,2.637767,-0.9794059,-1.7675654,0.7540623,-1.8669697,-0.7716084,1.2965909,-1.7939285,1.0476946,0.9563211,1.1429656,-1.5799202,-2.6246293,-1.8341509,-2.1544821,-6.1507835,0.16509573,-1.535567,2.8026168,-3.2816727,1.4759371,-0.4082749,-4.6753864,-0.009804901,2.5213468,-2.1666696,-0.53007436,7.16698,0.4132836,-2.9710724
0,/data_nas/huangyj/data/placePulse/rawData/googleviews-110802files/50f5e75bfdc9f065f0007053.jpg,-0.1656332,-1.1972082,2.7596447,0.8775167,-1.4626096,-2.657321,-4.4640636,1.6250695,-1.4723324,-1.8865287,0.24032219,4.1060014,-3.0901341,0.4187879,2.7469828,-0.16555956,0.4104088,1.8798696,-3.3985875,0.99401796,-1.0303802,1.6929092,2.4082153,1.2080288,-0.7466597,-0.066901036,4.4363937,0.36507592,-0.4161668,0.8619896,3.0681257,-4.4530582,0.014815889,0.37018186,-0.70564383,-1.3315847,-0.73934454,-2.5650432,-0.41230783,-4.3125978,4.5281672,-0.3960538,1.0453172,3.143692,1.8438692,-2.0361764,0.51687896,0.39690363,-4.748976,-0.28478047
0,/data_nas/huangyj/data/placePulse/rawData/googleviews-110802files/5140ce7cfdc9f04926003052.jpg,-0.5948145,-2.7991872,3.2151577,0.4122818,-0.9928941,-1.2030897,-2.995601,0.9277833,-2.8430846,-0.7902916,1.5737671,2.381869,-3.8952224,0.06408156,3.5757368,-0.48215815,-0.8024618,1.5664079,-1.8372335,-1.0688467,0.6127679,1.6875776,0.8779363,1.0771955,-1.4580309,0.46554637,3.3119183,-1.035903,-0.38721284,2.0273664,1.7546251,-4.999247,-0.037700634,-0.43437988,-1.8046124,-2.776079,-0.5784341,-1.5359086,-0.41130105,-3.1443992,5.043622,-1.4344715,-0.20882145,3.0885656,2.4305887,-1.4410092,0.8434838,1.8527365,-3.3270488,-1.9308684
1,/data_nas/huangyj/data/placePulse/rawData/googleviews-110802files/513d6ccffdc9f03587005052.jpg,3.4986417,-3.9236922,0.18339777,3.0499084,-1.9744376,1.9330733,-0.99095917,3.6369834,-6.231281,-0.20427759,-1.561618,2.3645558,0.18365286,-0.38372505,4.4547133,-2.1717057,3.3853452,-2.2956417,0.96689314,1.9886242,2.3076656,-1.3443646,-2.886892,0.7949388,-1.1122265,-0.17506018,1.3318341,-0.8919336,1.8364253,1.2426685,1.3062586,-1.4567355,-2.5784566,-1.1561966,-2.307551,-4.901787,0.9706707,-1.7374574,2.759132,-3.211125,0.9577457,0.83117074,-3.9244225,-0.15561366,2.2965553,-2.4637291,-0.7214614,6.189383,1.2510622,-1.8343707
0,/data_nas/huangyj/data/placePulse/rawData/googleviews-110802files/51414b2cfdc9f04926007050.jpg,-0.22834992,-1.939091,2.7702272,-0.82660866,-1.7366556,-2.1711733,-4.168966,0.97909606,-1.7341644,-1.4672832,0.6399902,3.3976035,-3.4626164,1.0023764,3.395218,-0.8559517,-0.18411975,1.9452828,-3.2707078,0.3175959,-0.15681115,0.9537481,2.905117,1.1202923,-0.8129396,0.91850746,4.031726,-0.88509196,-0.6571173,0.37698272,2.941328,-6.0004253,0.2791746,-0.3537823,-0.4879192,-2.1424956,-0.2015351,-1.7015331,-0.21681906,-3.9808826,6.0363708,-0.5227777,1.482125,3.8892605,1.4262314,-1.0669323,0.22423366,0.6251856,-5.0068874,-0.63524944
1,/data_nas/huangyj/data/placePulse/rawData/googleviews-110802files/513d7cecfdc9f0358700705b.jpg,4.115196,-0.95031106,-2.6783073,2.6183224,-2.0249507,2.5261912,-0.2760731,3.1602476,-4.682403,-0.37734988,-3.0582588,1.6237153,1.9503084,0.46993008,2.0048327,-0.49404892,3.9222112,0.019248895,0.72365177,1.9349916,4.086187,-0.93635553,-3.2999291,0.8851447,2.0259326,0.94870085,0.3747423,-2.1359293,3.0582197,1.3291802,-1.8721727,-2.6593297,-1.3208714,-3.502718,-2.4500399,-3.8136177,1.9797938,0.8391728,3.0501974,-0.6369054,2.1517508,2.9930391,-1.5330471,0.45527253,0.92362624,-1.0321652,1.0950379,4.9026756,0.17829293,1.191565
1,/data_nas/huangyj/data/placePulse/rawData/googleviews-110802files/5140ced3fdc9f049260030a6.jpg,1.3466673,-1.4168335,0.8798487,0.61278147,-2.75792,-0.822017,-3.4617062,1.8558502,-1.6190435,-1.6571699,-0.9208604,3.4136653,-1.5393491,1.0381396,2.8527591,-0.5585768,1.4451652,1.5741682,-2.5406451,1.3060132,1.4468782,0.44516435,1.2633177,2.2747695,0.3175824,1.0548798,3.2308087,-1.2200133,0.9319677,0.3630756,1.7026316,-5.77676,1.0189261,-1.4479253,-1.0578045,-1.5745857,0.6000147,-1.0174805,1.4654973,-3.1307251,5.3591814,0.9871796,1.2954214,3.3699875,1.1936651,-0.85146886,0.700125,0.83724713,-3.9442968,0.32435375
0,/data_nas/huangyj/data/placePulse/rawData/googleviews-110802files/513f328ffdc9f0358700e0a6.jpg,3.3157487,-4.5329413,-0.008030407,2.7523463,-1.9179895,3.3084776,0.24686687,2.8749204,-4.3519187,0.099498846,-0.6776054,1.7900836,0.30933458,0.7978027,4.275915,-2.2123528,2.1748576,-2.1767576,1.9232397,1.0906668,3.652199,-2.6936815,-4.0346284,1.8126987,-1.0675215,1.8204026,0.11138566,-2.1246877,1.751424,0.44213045,-0.017607763,-2.0154078,-0.80038184,-1.6951143,-2.581863,-3.1988692,2.365771,-0.0056081926,3.0257652,-1.4156858,1.1143556,0.74472785,-2.5124578,-0.2253161,1.2078629,-0.5418018,-0.7881534,4.4414077,1.9233185,-2.495748
0,/data_nas/huangyj/data/placePulse/rawData/googleviews-110802files/50f5eb3bfdc9f065f00080a7.jpg,0.9552353,-0.24637595,-0.89329004,0.74134874,1.2348458,0.60112053,-1.1930039,1.1942495,-3.7387834,-0.6588035,-0.5372057,0.46693897,-0.12508537,-1.5068527,0.9694037,0.9927967,1.3784809,1.7262434,-0.7466662,-0.48234302,3.0977256,2.015131,-0.8352675,-2.2883282,1.2113122,-1.2046478,1.6690423,-2.3775325,1.7279648,2.9727168,-1.9164476,0.016619267,-3.1298718,-2.8376944,-2.3819556,-3.0134783,-0.7917625,0.3870455,-0.1994001,-0.4618697,0.5712656,0.5846474,-1.3658056,-0.7745552,2.4302802,-1.2520556,2.1223028,3.7058783,-1.3322004,0.34593987
1,/data_nas/huangyj/data/placePulse/rawData/googleviews-110802files/51392726818ede12960010a7.jpg,5.045823,-2.2057118,-1.9057444,2.689061,0.58986145,2.8899941,-0.37104613,4.069947,-3.3739195,0.09748796,-2.6390712,2.5546067,2.147703,2.152799,3.1469338,-2.7952724,4.214127,-2.1478524,1.0571735,3.6250758,3.279194,-3.4905457,-3.1333354,-2.1916964,1.0422494,2.2937229,0.5129218,-1.4490808,2.4296942,-0.83486086,0.28440812,-0.28708753,-4.0153623,-1.5323911,-1.3927498,-2.7735913,3.4104981,-0.12680753,1.3738142,-1.832095,-0.2898843,3.1344192,-0.37533075,-1.8065791,0.062377885,-0.97310007,-1.546276,4.007119,1.0867606,0.31539282
1,/data_nas/huangyj/data/placePulse/rawData/googleviews-110802files/50f60b92beb2fed9100000a7.jpg,2.764361,-3.5335402,0.66698515,1.9129701,-1.6514305,2.2471514,-0.46457434,3.1684844,-3.4526782,0.6545911,-0.18356608,1.5473548,-1.2439651,0.40497687,4.119275,-2.3061433,1.2771432,-1.6714363,1.3464651,0.14228234,3.140065,-0.9755614,-2.9114172,1.9050828,-0.9179673,1.421359,1.2689756,-2.1450558,1.7090831,2.0294173,0.23571393,-3.9960504,0.10935113,-1.6767896,-2.5829778,-2.8152266,1.320478,-0.15124619,2.0462475,-1.352803,3.1817405,0.46594092,-1.79241,1.4546078,1.929707,-0.3615833,-0.17497602,3.1920354,1.4648715,-1.702623
0,/data_nas/huangyj/data/placePulse/rawData/googleviews-110802files/513cdd26fdc9f035870020a9.jpg,0.20190905,-1.4643803,0.49635163,-1.8648976,2.7834933,-0.30481485,-2.3440118,-0.27483702,-1.6903703,-0.765621,1.4603933,1.5511647,-2.1872566,1.2974643,2.1630921,0.14098269,-0.8568364,3.4884932,-2.1017408,-1.3253667,2.4707427,0.9513407,1.3254908,-4.3631344,1.1250192,2.1637745,2.426079,-4.0027537,-0.04811059,1.5512129,-2.0702853,-2.0107718,-3.5937262,-3.1420612,-2.1803706,-2.5061033,1.030899,2.2601385,-2.2211456,0.27129284,2.8096852,0.382362,2.224131,-0.39983642,1.0113826,0.8135736,1.3203603,1.6372641,-4.360556,-0.1957387
1,/data_nas/huangyj/data/placePulse/rawData/googleviews-110802files/51413fc5fdc9f0492600600c.jpg,4.376801,-2.4919677,-1.528774,0.41468814,-1.2893496,0.89825195,-3.2064195,4.2116227,-4.77586,-1.6487728,-2.8021364,3.17137,1.5369027,-1.8818383,4.295811,-2.233714,4.987812,-2.0789015,-1.4755969,3.6587257,3.0603101,-0.4736678,0.5134178,-1.2999922,-0.10327515,-2.5207033,3.526932,-2.292728,2.9837313,0.9460465,1.9825864,0.7777114,-4.0365276,-2.9179685,-1.3174994,-3.4350808,-0.6567811,-1.9627397,2.980256,-3.704209,-0.7955494,2.0851285,-3.2838295,-1.9085115,3.0052896,-1.9023082,-0.57120323,4.929341,-0.15102267,-0.04660671
0,/data_nas/huangyj/data/placePulse/rawData/googleviews-110802files/513d9d4afdc9f03587008008.jpg,0.31361517,-0.54748833,1.1324599,-0.82050174,-0.5553058,-1.6453516,-3.8375096,1.0457286,-1.2146722,-1.6019586,-0.010607619,2.9569557,-2.256756,0.99621224,2.1043856,-0.07033181,0.37489766,2.766495,-3.359641,0.42920542,1.1415132,1.3325922,2.487201,-0.2015963,0.69683975,0.9910663,3.7291377,-1.689457,0.3053947,0.701833,1.3049852,-4.898959,-0.47671998,-1.5441165,-0.7576591,-1.5720633,0.086767286,-0.6420293,-0.57010996,-2.795108,5.1380806,0.5486815,2.2779346,2.8793714,1.1424673,-0.648211,1.1046991,0.3860792,-5.131815,0.6709075
0,/data_nas/huangyj/data/placePulse/rawData/googleviews-110802files/513e6b62fdc9f0358700c00a.jpg,1.2691096,-2.511929,0.36059052,-1.6307387,3.2518399,0.9454439,-1.8427588,1.3470154,-4.1512504,0.1494045,1.0352852,0.44435495,-1.6905297,-0.5502351,3.3415508,-1.4581251,0.38783118,0.6315274,-0.889934,-0.8991356,3.8859265,1.0155255,0.5668319,-5.142076,0.05500083,0.09611695,2.5883768,-3.9863794,1.3373854,2.519268,-0.45780253,-0.6826933,-5.286296,-2.881941,-2.2554147,-4.310514,-0.20346723,0.31156084,-1.7224306,-1.3354273,1.495683,-0.028164487,-0.74819374,-1.2164243,2.690437,-0.66812223,0.61798334,4.1406436,-1.416734,-1.2625906
0,/data_nas/huangyj/data/placePulse/rawData/googleviews-110802files/50f43b70fdc9f065f00030b9.jpg,0.33090544,-2.7576394,1.8983655,-1.3706917,1.0051364,-1.0089206,-3.283113,1.2797495,-4.7864776,-0.74731326,1.2136602,1.8942375,-3.0087588,-1.3289955,3.9576871,-0.8539959,0.12190628,1.2926683,-2.095815,-0.8630719,1.3303522,2.0381348,1.7328676,-2.783001,-0.96793866,-1.105434,3.9024873,-2.7328036,0.13781658,2.9970026,0.6958043,-1.9204727,-3.868904,-2.1198876,-2.1585176,-4.649635,-1.4448681,-0.79095715,-0.94928724,-2.6044064,2.7553797,-0.9163383,-1.7242721,0.34154406,3.4109428,-1.4129343,0.7639497,4.240822,-2.7457685,-1.5371561
1,/data_nas/huangyj/data/placePulse/rawData/googleviews-110802files/513d7836fdc9f035870060b5.jpg,1.0964315,-4.8941274,2.4808977,1.2475955,-2.6042254,2.0128233,-0.27526808,2.02272,-4.1677904,0.72762495,0.8715421,0.60677886,-2.0532334,-0.086846344,4.576114,-2.802271,0.2742828,-2.7374144,1.3852005,-0.30088174,2.373152,-1.4933498,-2.0016081,3.1636376,-2.929884,0.7638225,0.8851036,-0.9910448,0.54081255,0.5613476,2.7879145,-4.1803384,0.7824204,0.32494587,-1.2994477,-3.3525243,0.5400162,-2.1474044,2.1128953,-3.320653,3.326603,-1.5345664,-2.7426953,2.3470728,1.8933133,-1.2131252,-1.3343637,3.4638324,1.6839259,-3.7339103
0,/data_nas/huangyj/data/placePulse/rawData/googleviews-110802files/50f5eb3cfdc9f065f00080ba.jpg,-0.7494263,-5.3257527,2.9250343,0.06646687,-0.23035678,1.9751719,-0.029947348,-0.1877787,-2.8861785,0.06822842,2.6905859,-0.16808523,-2.341996,-0.3220653,3.8801508,-1.5843505,-1.4284431,-1.3641825,0.8899603,-1.7731588,2.756481,-1.2447666,-1.2961122,0.7961611,-3.2296538,0.8240063,0.42380822,-2.1521266,-0.41296545,0.09391878,1.5226998,-1.0389507,-0.54433614,0.08707739,-1.4661341,-2.0873725,0.29986957,-0.95811015,0.57478577,-1.9611315,0.7725341,-2.725931,-1.9951136,-0.08205049,1.708875,-0.07832249,-0.9723073,2.4201427,0.66713357,-4.8802147
0,/data_nas/huangyj/data/placePulse/rawData/googleviews-110802files/514137c5fdc9f04926005043.jpg,-0.14521496,-0.84426725,-0.2500219,0.06305816,2.3414729,0.5432305,-0.9329005,-0.421498,-3.88986,-0.7636717,0.5822196,0.2485749,-0.68608165,0.04725113,0.8228014,1.3975879,0.10063757,3.1286147,-1.0063919,-1.210793,3.0116582,1.2259271,-0.5477398,-3.6425226,1.2634228,0.6712063,0.90488046,-2.5868623,0.5599507,1.5734829,-2.3340113,-0.24328683,-3.9267898,-2.5940173,-2.1308537,-3.711953,0.4453713,1.1030622,-1.5030761,-0.23762941,1.1787474,0.11251943,0.011745853,-0.8129425,1.1531656,-0.9376807,1.9752606,3.8328247,-3.0895362,-0.3783333
0,/data_nas/huangyj/data/placePulse/rawData/googleviews-110802files/513e6b88fdc9f0358700c043.jpg,0.05900833,-4.0880203,2.5999854,-0.7589231,-2.3218372,0.87365067,-1.5415896,0.5225368,-2.4835243,-0.2074215,1.3542837,1.1799201,-2.8339756,1.3030047,4.0212717,-2.0606873,-0.83859456,-0.19820699,-0.64340156,-0.73953694,2.4286647,-1.2467386,0.38231772,2.4894664,-1.9256139,2.2262402,1.6146853,-2.1014912,-0.20571713,-0.51933306,2.4855773,-6.2478876,1.3165121,-0.4724515,-0.753988,-2.6202562,1.0638454,-0.9804484,1.0923927,-3.0913818,5.6648946,-1.2988384,0.38750076,3.6105711,0.8956529,-0.011646135,-0.7713425,1.541882,-1.7687984,-2.7908063
0,/data_nas/huangyj/data/placePulse/rawData/googleviews-110802files/513d56cbfdc9f03587003049.jpg,-1.3211315,-1.6180617,2.2164922,-0.5136922,1.293245,-0.93827707,-2.0843778,-0.34509242,-3.4090717,-0.5032326,1.8280246,0.92293644,-3.199772,-0.04249698,1.9471207,0.6370207,-1.3069317,2.8669896,-1.6925471,-1.9627413,1.2125285,2.0330386,0.83491516,-1.8488699,-0.34059548,0.53624,2.3200722,-1.7369584,-0.64162356,2.1706553,-0.22279271,-2.8842533,-2.239908,-1.1223311,-1.7716388,-3.5365112,-0.5244766,-0.24494046,-1.9423366,-1.693517,3.607508,-1.3681581,0.13604121,1.5310935,1.8976626,-1.2836752,1.5459751,2.7547774,-3.7455192,-1.3295426
0,/data_nas/huangyj/data/placePulse/rawData/googleviews-110802files/50f5e75afdc9f065f000704f.jpg,-0.007819571,-2.556714,2.163505,-1.4592184,-0.2039999,-1.4744985,-3.8506951,0.82382154,-2.6147766,-1.3932484,1.0883559,2.8376725,-3.1698058,-0.10788032,3.7508688,-0.71353436,-0.18341939,1.9192909,-2.8948343,-0.45070767,1.0077304,1.3641988,2.5087914,-1.0554613,-0.7915323,0.16342892,4.0172834,-2.5736895,-0.23697062,1.6345108,1.3775471,-3.5377781,-1.7898175,-1.7130847,-1.5310264,-2.757516,-0.68375903,-0.6072418,-0.41972733,-2.7681735,3.9710686,-0.7028786,0.31754544,1.5911068,2.4122083,-0.6050146,0.6836858,1.9195087,-4.181474,-1.1703184
0,/data_nas/huangyj/data/placePulse/rawData/googleviews-110802files/51414b25fdc9f04926007048.jpg,-0.64649546,-3.9334574,2.94988,-1.672917,2.1887703,-0.52441925,-2.6536102,0.16588499,-5.2973046,-0.45847055,2.0295813,1.0530682,-3.1162,-0.42655632,4.151162,-1.5641786,-0.52007884,0.49215752,-1.7446866,-0.81659055,1.4583908,0.46772206,1.9734969,-4.203591,-2.0480456,-0.28617373,2.8469348,-1.9848244,-0.77211905,0.74563134,2.5148335,-1.0095825,-5.3089976,-0.34530303,-0.95474404,-5.32449,-0.7389101,-1.9729407,-2.0295367,-4.041566,1.932682,-2.0153549,-1.4777452,-0.13281181,2.5029929,-2.0765767,-0.57539105,4.7554793,-2.9296916,-3.124963
1,/data_nas/huangyj/data/placePulse/rawData/googleviews-110802files/51414812fdc9f04926006bdd.jpg,6.039062,-1.2251948,-2.7263262,3.6848574,0.9699656,2.07493,-1.3182309,5.02635,-4.1575513,-0.314024,-3.6694336,3.71428,2.450211,1.7839434,3.0624366,-2.1515536,5.4722786,-1.2546887,0.38938975,4.3895535,2.8803275,-2.120754,-3.1578488,-3.2733011,2.216405,1.5496114,1.4050441,-1.182577,3.1751525,0.56815386,-0.6044927,0.013645461,-5.3276076,-2.4177625,-2.240289,-3.5749662,3.1066031,0.0057048956,1.2429487,-1.6950092,-0.34580916,4.3184223,-0.7393209,-2.2203948,0.7344698,-1.8492417,-0.46888864,5.017494,0.14593828,1.69779
0,/data_nas/huangyj/data/placePulse/rawData/googleviews-110802files/50f5e646fdc9f065f0006bdd.jpg,0.20585041,-2.2068224,1.7791806,0.20669258,2.2161644,-0.16632378,-2.1187193,1.4580369,-4.1106215,0.03247495,1.2213663,0.8513486,-2.474093,-1.0185021,2.9473011,-0.78245026,0.16243735,0.7309532,-1.0174197,-0.8761899,1.9758606,1.952187,0.26442346,-3.1955914,-0.71288145,-0.8220668,2.9171276,-1.7365415,0.6266139,2.9471154,0.6619732,-1.0264679,-4.02439,-0.9789728,-2.1303384,-3.8143806,-1.0605912,-1.3531526,-1.8685696,-2.5044813,1.7042713,-0.9435125,-1.2850472,-0.16594997,3.2417865,-2.0543303,0.6874135,3.771247,-1.6056933,-1.583134
1,/data_nas/huangyj/data/placePulse/rawData/googleviews-110802files/50f44800fdc9f065f0003bde.jpg,2.9415357,-5.61823,1.326371,1.3706605,-1.4820153,2.085176,-1.4348587,2.9485927,-3.938906,-0.4992673,0.19895591,2.9615922,-1.0054168,0.38170233,5.7685246,-3.0603185,1.7111635,-2.5271132,0.63244224,1.300833,2.5219688,-2.428203,-1.9146049,0.88980716,-2.2602577,1.1385515,1.82494,-2.413743,0.9873257,0.26422444,1.6916516,-1.6346688,-1.5851337,-1.3947897,-2.209463,-2.9580805,1.4882817,-0.8392118,2.5171642,-2.5797057,0.97581995,-0.018073123,-2.5534422,-0.5979115,1.8756057,-0.38071227,-1.5475018,3.8351512,0.9687184,-3.3267415
0,/data_nas/huangyj/data/placePulse/rawData/googleviews-110802files/50f5eaaafdc9f065f0007bde.jpg,0.26330772,-1.9888501,1.8923299,-0.7793883,-0.82958865,-2.2802696,-4.542419,1.155854,-4.041936,-2.034122,0.2271341,3.7135708,-2.8146296,-0.49355567,3.6379223,-0.046878047,0.77709323,2.5220466,-3.5176692,0.35993385,0.066836685,1.8865973,2.7468226,-1.0369066,-0.39427534,-0.71186113,4.4831963,-1.7701557,-0.254104,1.7854705,1.405981,-3.3991032,-2.4706295,-1.8419464,-1.6041979,-3.973634,-1.0848167,-1.1328949,-0.07481903,-3.4693077,4.0538487,-0.24372783,-0.48115268,1.7431114,2.5844707,-1.6542611,1.0498729,3.2828176,-5.038819,-0.4709995
0,/data_nas/huangyj/data/placePulse/rawData/googleviews-110802files/50f5eaaafdc9f065f0007bdf.jpg,2.9179163,-2.4771357,-0.42377722,0.92502743,-1.8931795,-0.28145763,-3.8578222,2.8929102,-5.9799194,-2.4685185,-2.185107,3.9850576,0.41329592,-1.108056,3.9824152,-0.7587597,3.996182,0.23920289,-2.4477952,2.954989,1.8356541,0.14774024,0.8513044,-0.6479596,-0.059314635,-1.7015882,3.5988748,-1.5973946,1.7197351,0.5492066,1.7044243,-0.99874324,-3.7227514,-2.5955195,-1.5401834,-4.8403454,-0.352398,-1.9907835,2.4075751,-4.275923,1.2477056,1.4157,-2.6749573,-0.3374827,2.4764032,-2.6407707,0.23507267,5.699534,-2.8046968,-0.27255198
1,/data_nas/huangyj/data/placePulse/rawData/googleviews-110802files/50f42c6afdc9f065f0001bd0.jpg,3.2151597,-0.17471868,-0.6167047,1.3855113,-3.5015779,-1.006325,-3.9816833,4.100457,-2.1403615,-1.7924422,-2.8505385,4.2866983,-0.13260087,-0.5512351,2.7602406,-0.93628895,3.6576257,0.09168935,-2.4970067,3.047131,1.0061786,1.0238312,1.016955,2.6652234,0.8282859,-1.1344428,4.223207,-0.73134357,2.2581377,1.516727,2.00049,-4.3347144,0.6092308,-1.9893463,-1.0616077,-1.4031094,-0.53277886,-1.8582162,2.7891293,-3.4763486,3.834671,2.2555125,-0.40221503,2.613513,2.1313417,-1.5951574,0.76007146,1.5117707,-2.2254455,1.8557819
0,/data_nas/huangyj/data/placePulse/rawData/googleviews-110802files/513cc8a8fdc9f03587001b67.jpg,1.5758269,-1.3684279,-0.19779485,0.7531638,-1.1316476,0.23137152,-2.2417505,1.4615657,-5.4575267,-1.1091925,-1.2131166,2.119487,-0.7610591,0.63277084,2.4637132,0.03959185,1.9111992,2.1453345,-1.5688864,0.6365761,2.6385572,0.5347919,-0.23265591,-0.61621106,1.1106547,0.8881587,2.0111873,-1.9353036,1.1956458,1.1277909,-0.14476672,-4.289161,-2.3714132,-2.6233532,-1.8524182,-5.2566586,0.86534595,-0.29519016,0.81880754,-2.6297884,4.5785494,1.1487886,-0.45144895,2.0816436,1.3372906,-1.8783076,1.3660374,4.9950867,-3.4772477,0.29487312
0,/data_nas/huangyj/data/placePulse/rawData/googleviews-110802files/50f5e63cfdc9f065f0006b6e.jpg,-0.8894039,-2.2732224,1.6618967,0.3537039,-0.3678509,0.200744,-1.1766084,-0.72887784,-4.0529485,-0.6225811,1.2722641,0.7239646,-2.331744,0.98650426,2.0220015,0.76638454,-0.9012801,2.9625747,-0.9742529,-1.680579,2.119042,0.71421343,-0.45799893,-0.04516286,-0.04900975,1.8178033,0.934492,-1.7086009,-0.3695074,0.87749386,-0.70533985,-4.316516,-0.94438124,-1.4157145,-1.9103978,-4.1172624,0.88155,0.28424734,-0.5500353,-1.5154412,4.6097035,-0.8993528,0.26111013,2.298015,0.9182972,-1.0798434,1.4083245,3.4418426,-3.633192,-1.6080612
0,/data_nas/huangyj/data/placePulse/rawData/googleviews-110802files/513f2e1cfdc9f0358700db60.jpg,4.07817,-1.9274132,-2.7240233,1.0543834,-1.6408836,3.5580225,0.25240427,2.9946651,-3.2215784,-0.16808282,-2.5659084,0.21690835,2.6970434,-0.51241773,2.2628086,-1.7599384,3.816508,-2.2760823,1.1033603,2.1669476,5.2141185,-1.9492439,-2.4343877,0.66321754,0.6807342,-0.06003373,0.07575143,-2.7629056,3.414099,0.10766137,-0.33598652,-0.36115062,-1.2129477,-3.0137336,-1.3339678,-2.028262,1.3087792,0.08852383,3.4587402,-0.95242757,-0.33090478,2.2480478,-2.0139008,-1.1940675,1.0637599,-0.14413777,-0.3941388,3.5650382,2.2398758,-0.0858694
0,/data_nas/huangyj/data/placePulse/rawData/googleviews-110802files/513d5f00fdc9f03587003b36.jpg,-0.043413885,-4.691396,1.5670042,-1.6184189,0.11084669,0.08782228,-2.4237697,-0.4532228,-6.903233,-1.735587,1.1266176,1.3584237,-1.416207,-1.5261447,4.2890916,-0.5511292,0.635785,0.71971244,-1.7211167,-0.29261196,1.9012552,-0.08275606,1.5387696,-3.0162823,-1.9368398,-1.3514435,2.097335,-2.9991267,-0.43958,0.24616246,0.9624577,0.68556726,-5.2722383,-2.0972538,-1.6038562,-6.192794,-0.8807162,-0.8203001,0.5353636,-3.0662644,0.2665641,-1.5898759,-3.4511926,-1.6673774,2.5020194,-1.5273721,-0.25431043,6.6293764,-2.6297,-3.4008636
1,/data_nas/huangyj/data/placePulse/rawData/googleviews-110802files/5140b7ecfdc9f04926001b32.jpg,1.8438064,-0.12607518,-1.7524856,-1.2985747,2.5290008,-0.37235442,-2.9265306,1.7758905,-5.611503,-1.3986145,-1.3204571,1.0670716,0.6240246,-2.9391692,1.6773862,0.49950665,2.883262,1.499687,-2.3049562,0.90461797,2.7858539,2.74327,1.7284751,-5.812872,1.3727641,-3.4206595,3.2989075,-2.9789991,2.1359859,3.0477579,-1.1083751,2.703568,-6.884557,-3.9646115,-1.9012856,-4.9012814,-2.1361074,-0.42413414,-0.6461728,-1.6143029,-1.2804182,1.2063463,-2.7214882,-2.964102,3.3133242,-2.2014961,1.7204967,5.8250914,-2.1330206,0.9019864
0,/data_nas/huangyj/data/placePulse/rawData/googleviews-110802files/51413c7ffdc9f04926005b39.jpg,1.5336945,1.6032737,-1.5049875,-0.9381195,1.1684927,-1.0431556,-3.0357969,1.7551256,-2.2165346,-1.0673482,-1.4218773,1.7439648,-0.38365278,-0.4133157,0.58443385,0.7174896,1.7708277,3.04304,-2.7317843,0.60090613,2.203113,2.6232653,1.8014238,-3.0063467,2.7317407,-0.58945584,3.3458219,-2.505354,1.8274825,2.632016,-1.396073,-2.3007498,-2.8435822,-3.448714,-1.4822762,-2.4648502,-0.6697555,0.64875907,-0.9748307,-0.82870615,3.0910516,2.0691001,1.2946543,0.7747339,1.7494789,-0.82010776,2.256346,1.9879882,-3.703579,2.7397807
0,/data_nas/huangyj/data/placePulse/rawData/googleviews-110802files/513cb78dfdc9f03587000b38.jpg,1.3911902,0.03373231,-0.4301931,-0.1621621,2.6309109,-2.3689694,-4.74566,1.070753,-3.3579676,-2.7707045,-0.96042544,4.3239,-0.6706185,0.5287694,1.844936,1.1065923,2.2369926,4.2029696,-4.323726,1.9045284,0.37061736,1.8760085,2.6745055,-5.967979,2.116005,-0.14397341,4.177544,-1.9024891,0.37379295,1.095914,-0.79199266,0.43778124,-6.5383034,-2.8878112,-1.7160343,-3.5412042,0.18445668,0.23427325,-2.023104,-2.1053736,0.89988637,1.950902,1.2811083,-1.7691715,1.4746099,-1.7629138,1.5622704,3.4327366,-6.696792,1.7263086
0,/data_nas/huangyj/data/placePulse/rawData/googleviews-110802files/50f5ecf0fdc9f065f0008b38.jpg,3.6908658,-1.6936245,-1.7382271,1.7767698,-2.5769355,3.4310372,0.69399416,3.4553576,-2.607036,0.84050727,-1.9586561,0.078114524,1.1859176,-0.19444862,2.2649543,-1.9504682,2.612094,-2.3797185,1.95723,1.0015165,4.6679564,-1.2821518,-3.3162014,2.9260354,0.38890168,0.68908304,0.09251948,-2.2528186,3.184813,1.4932281,-0.43952328,-3.3865297,1.2669051,-2.430238,-1.8269485,-1.6970587,1.260494,0.17273596,3.3933067,-0.4866729,2.2670379,1.7594483,-1.7401751,1.2886349,1.2532302,0.021439107,0.050999902,2.546295,3.041996,-0.108236715
0,/data_nas/huangyj/data/placePulse/rawData/googleviews-110802files/50f5e5e0fdc9f065f0006b38.jpg,1.8281307,-4.40077,1.7766426,1.0124218,-1.5047635,1.8752264,-0.6683355,2.6868174,-2.6258485,0.79607487,0.93503976,1.215719,-2.149777,-0.1896374,4.6598163,-2.688628,0.3319842,-2.1160104,1.1964328,-0.6221208,2.699571,-0.70828635,-2.1119378,2.138084,-2.0406249,0.92782515,1.7328454,-2.3543227,1.1024293,2.311429,0.9640285,-3.412023,0.57117856,-1.017606,-2.4653163,-1.9708297,0.5062108,-0.48705566,1.7407196,-1.5091872,2.6155095,-0.7068174,-1.963872,1.1607509,2.5575197,-0.031291462,-0.5782171,2.2744865,1.7482264,-2.8696556
0,/data_nas/huangyj/data/placePulse/rawData/googleviews-110802files/50f5eaa1fdc9f065f0007b3a.jpg,0.14649652,-1.8357661,2.0922647,-0.20700945,-1.8267031,-1.9947474,-4.291213,1.0770161,-2.155689,-2.152724,0.039236285,3.8639314,-2.4847188,0.6900958,3.1926317,-0.39019504,0.6515218,2.0095966,-3.454601,1.060485,0.04605644,0.7490035,2.6912153,0.84193087,-0.5444342,0.38286838,3.9335341,-0.8660898,-0.30235484,-0.038692437,2.6841125,-4.59754,-0.4137911,-0.6811203,-0.5990457,-2.1353958,-0.1935395,-1.7535331,0.30161634,-4.0619426,4.7163763,-0.12631497,1.0560862,2.8457031,1.4129671,-1.3391476,0.32841787,1.1987023,-5.089092,-0.45801708
0,/data_nas/huangyj/data/placePulse/rawData/googleviews-110802files/50f5eaa1fdc9f065f0007b34.jpg,0.12954077,-2.3176155,2.579119,-0.48399514,-2.2019606,-2.1708872,-4.4999256,1.4074968,-2.6662538,-1.9546043,0.23664787,3.758091,-2.9430532,-0.04504828,3.7881887,-0.8371967,0.60892755,1.3105435,-3.387263,0.93343055,-0.27244106,1.1044708,2.924138,1.258791,-1.2752414,-0.3994306,4.384399,-0.7083608,-0.3797181,0.4930738,3.347072,-4.6286745,-0.30916637,-0.5130993,-0.572415,-2.5451183,-0.8800485,-2.4053268,0.5577121,-4.5534663,4.7279706,-0.58363014,0.027210489,2.988223,2.0553687,-1.653197,0.07980461,1.6063172,-4.503922,-0.958296
0,/data_nas/huangyj/data/placePulse/rawData/googleviews-110802files/513d5f39fdc9f03587003b7e.jpg,1.6198027,-4.815767,2.217204,0.7111999,1.0484719,0.6074595,-2.3229783,2.205507,-6.714309,-0.17451176,0.80018485,2.3938828,-2.4438407,0.0054759365,5.519449,-2.3053384,1.1847991,-0.5438887,-0.4662437,0.23818532,1.9842658,-0.35200837,-0.6304611,-2.9833128,-1.747425,0.34710348,2.7140448,-1.9848228,0.3285336,1.6436253,1.7414485,-1.7634803,-5.196591,-1.125457,-2.3977726,-6.3175898,0.3973252,-1.6543484,-0.33443537,-3.8532538,2.1677384,-0.7222207,-2.7195172,-0.2310155,2.913272,-2.4494247,-0.5713155,6.4878945,-1.3982829,-2.9678123
0,/data_nas/huangyj/data/placePulse/rawData/googleviews-110802files/51413ca4fdc9f04926005b70.jpg,1.2681648,-4.368751,1.207943,0.72644114,-0.00810501,1.9741791,-0.88132304,1.0482843,-6.02771,-0.41559008,0.20817697,1.2647579,-0.827269,1.2236242,3.9953163,-1.8159046,1.1713071,-0.42826277,0.08341076,0.53468144,3.3529916,-2.3402464,-1.3300667,-1.4528303,-1.2090455,1.8140471,0.6808299,-2.068727,0.3871285,-0.99121356,1.5722183,-2.257649,-3.6944284,-0.8768039,-1.2615553,-5.5590672,1.8747125,-1.1448137,0.5937172,-3.569753,2.2622821,-0.42029613,-1.4403201,0.28960687,0.96339494,-1.7212332,-0.9553027,5.7768664,-1.4099106,-2.810018
1,/data_nas/huangyj/data/placePulse/rawData/googleviews-110802files/513d7b57fdc9f03587006b26.jpg,3.7279575,-1.26111,-1.4307923,2.068556,-3.5220473,3.0846853,0.822007,3.5286465,-2.585861,1.3374052,-2.5025952,0.23856463,0.8339661,1.184923,2.1876497,-2.477262,2.6322548,-2.3139925,2.0152862,1.3962226,3.788475,-1.9108617,-3.332354,3.8552542,0.76375306,1.9524537,-0.26172322,-1.1702309,2.7581055,0.70584905,0.42029956,-5.977069,2.1875083,-1.4463608,-1.1421379,-2.2243295,2.1201367,-0.16999568,3.276163,-1.2112443,4.599609,2.0868752,-0.64269793,3.3686664,0.365126,-0.33088508,-0.34426713,2.3767855,2.4525273,0.5814512
0,/data_nas/huangyj/data/placePulse/rawData/googleviews-110802files/5140cb5bfdc9f04926002b23.jpg,0.6308717,-4.116453,2.2599266,-2.0687025,-0.2930411,-0.8929463,-3.9229674,1.3048317,-3.6496134,-1.5348346,1.2823684,2.8136342,-2.788616,-1.2296939,5.0747414,-1.7773297,0.31641668,0.10237607,-2.5341885,0.092677906,1.262085,0.66218764,2.750395,-1.5102797,-2.0948467,-1.0928426,4.283749,-3.1095195,-0.06519599,1.2913787,2.282006,-1.615114,-2.8680954,-1.9489768,-1.4636998,-3.3265328,-1.2934958,-1.2211756,0.40289077,-3.3192236,2.0702,-1.1329527,-1.6694824,-0.027426157,3.0584152,-0.5393473,-0.45436984,3.0307577,-2.6104012,-2.4950364
0,/data_nas/huangyj/data/placePulse/rawData/googleviews-110802files/513d5ef2fdc9f03587003b25.jpg,0.45796272,-0.8960819,1.397699,0.024699723,-2.1054566,-1.508049,-3.6014476,1.5705593,-2.78656,-1.3186511,-0.4220351,2.7328968,-2.4233038,0.19206338,2.5832183,-0.11815103,0.793188,2.2044187,-2.7843566,0.34184378,0.964415,1.7815701,1.7226372,1.5031995,0.21145196,0.13206843,3.6724494,-1.0211133,0.5225375,1.5247036,1.6264704,-5.919061,0.31141314,-1.4123544,-1.0820684,-2.7716618,-0.48998913,-1.4483391,0.50106895,-3.4311566,5.9572144,0.26636904,0.6295732,3.8845398,1.872693,-1.5499328,1.2371494,1.767284,-4.238238,0.37687755
1,/data_nas/huangyj/data/placePulse/rawData/googleviews-110802files/513d9bd0fdc9f03587007b20.jpg,3.763535,-3.1423788,-0.37586498,1.724695,-2.8334134,1.700237,-1.55479,4.020013,-5.235377,-0.16809198,-1.8703579,2.1768844,0.0329597,-1.010861,4.5125346,-2.2758465,3.4345946,-2.042864,0.37906545,1.7756205,2.9547663,-0.45062888,-1.882564,1.8142415,-0.58601296,-0.7824844,2.2406952,-1.7889844,2.5029056,2.0708506,1.057235,-2.9412017,-1.0640953,-2.3357897,-2.2497272,-4.158917,0.19442958,-1.3357288,3.3594522,-2.8012462,2.3564637,1.2618953,-3.4345577,0.84092516,2.8033924,-1.6509879,-0.19077148,5.083636,1.1796495,-0.86820984
0,/data_nas/huangyj/data/placePulse/rawData/googleviews-110802files/5140cb9bfdc9f04926002be3.jpg,-0.051182374,-1.1999571,0.0822131,-2.1061554,0.84599876,-1.4117105,-3.798756,-0.125499,-3.6601536,-2.5681763,0.17003118,2.1194,-0.9836372,-1.6650164,2.0457737,1.0871015,0.92502457,3.0249581,-3.622285,0.022524547,1.8324577,2.069331,3.1360202,-3.3393579,0.39629787,-1.7975137,3.5808964,-3.256406,0.37851402,1.3184229,-0.31253675,0.39702106,-4.1621346,-3.2742586,-1.3857993,-3.2653656,-1.5849786,-0.003542318,-0.32935372,-1.9077357,0.7557289,-0.05141065,-0.6823899,-1.1318889,2.3259168,-0.8226566,1.5792109,3.3229468,-4.782375,-0.21922687
0,/data_nas/huangyj/data/placePulse/rawData/googleviews-110802files/513d5f8efdc9f03587003be7.jpg,-0.28163224,-3.3587399,1.7439387,0.3096961,1.1355785,-0.5463631,-2.3963819,-0.14034487,-6.132002,-1.5684414,1.0154935,2.061268,-1.7866079,-0.5867426,3.319834,0.44902354,0.4979902,2.0795035,-1.703789,-0.3887725,1.0508313,0.7193143,0.340133,-3.282764,-0.9091213,-0.45276377,2.0867968,-1.736634,-0.59287,1.0492597,0.046821706,0.23917553,-5.2052255,-1.4602644,-2.10602,-5.551746,-0.2549256,-0.6745535,-0.7398435,-2.6637828,0.7439914,-1.099596,-2.2132943,-1.1625494,2.219137,-2.2100167,0.73288226,5.951872,-3.6424198,-2.3526266
0,/data_nas/huangyj/data/placePulse/rawData/googleviews-110802files/513e5cc0fdc9f0358700abe1.jpg,0.69101363,-3.178317,1.0629892,0.8524115,2.0401351,0.008526005,-2.4601243,0.68602383,-5.232915,-1.6013043,0.86659867,2.7685235,-1.3899796,0.19791079,3.3801732,0.29255852,0.81661594,2.2445614,-1.5633043,0.022520222,1.887811,0.32171068,-0.37756228,-3.9269578,-0.23798943,0.5290613,2.296476,-2.3670983,0.024629612,1.1454842,-0.7668463,0.5958199,-5.3867097,-2.216244,-2.608544,-4.613542,0.67868114,0.01262729,-0.9540783,-1.9671658,0.31339478,-0.15023926,-1.274219,-1.8839337,1.8822736,-1.6503997,0.8799698,5.167917,-3.5910616,-1.8742787
1,/data_nas/huangyj/data/placePulse/rawData/googleviews-110802files/50f43529fdc9f065f0002bec.jpg,3.605904,-2.3237333,-1.5955561,1.3727976,-2.789292,2.8403208,-0.02018167,3.372232,-5.751257,0.30986288,-2.6349404,-0.0039491616,1.7079453,-1.5078955,2.9625452,-2.1320636,3.884611,-2.9520297,1.247143,1.9487026,4.052028,-1.1149215,-2.2285583,1.5668138,-0.31105137,-1.4139551,0.51303893,-1.4332128,3.0060318,0.93558896,1.2416078,-1.5884068,-1.3624562,-1.9615096,-1.135464,-4.3955026,0.083244465,-1.7593447,3.672333,-2.7989373,1.0078117,1.2812068,-4.077814,0.3682661,2.074528,-1.9674959,-0.53702474,5.70382,2.5742486,-0.67776674
1,/data_nas/huangyj/data/placePulse/rawData/googleviews-110802files/513e1e40fdc9f03587009bef.jpg,-0.07846672,-5.96434,3.4292204,-0.05142133,-1.6063986,0.8020661,-1.5140021,0.45860034,-4.703183,-0.45947486,2.3118525,1.7473977,-3.2007504,0.0079160165,5.366483,-1.8245312,-0.8896187,-0.61387265,-0.05296558,-1.1997864,1.3966641,-1.0549417,-0.50843287,1.2688837,-3.2651293,0.9768554,1.7679088,-2.1824763,-0.90053374,0.5451032,1.7067188,-2.9987173,-0.86643714,-0.56736135,-2.0082455,-4.132764,0.3639055,-0.9472735,1.2062812,-2.7755623,2.842495,-2.3090677,-2.4868298,1.0484422,2.0943174,-0.60961056,-0.9672698,4.0272284,-0.8216947,-4.633896
0,/data_nas/huangyj/data/placePulse/rawData/googleviews-110802files/513d6afffdc9f03587004bef.jpg,2.0009856,-3.8591523,1.8597647,0.11956731,-1.581357,0.7474432,-2.1741138,2.9723191,-1.8259617,0.10365694,0.72511005,2.2245255,-2.5374231,-0.17185786,4.8404245,-2.8604078,0.5639454,-1.6618465,-0.3023729,0.08455219,2.13206,-0.08253913,-0.23568888,1.731418,-1.7881033,0.568035,3.168418,-2.4189398,1.1443597,2.1263537,1.9072692,-4.1929526,0.4755569,-1.2308464,-2.029811,-1.5320811,0.029782444,-0.9086348,1.4144324,-2.2948494,3.5246956,-0.31772572,-0.99518514,1.703,2.6729348,0.020785863,-0.6000004,1.2687808,0.3085281,-2.0815
1,/data_nas/huangyj/data/placePulse/rawData/googleviews-110802files/5140b83efdc9f04926001be0.jpg,2.3376348,-5.873528,2.09512,2.2053626,0.5027556,1.8714796,-0.9060296,2.7926276,-5.638417,0.16465244,0.8995974,2.154584,-1.3777059,-0.5599924,5.592697,-2.9224133,1.4882216,-2.9988863,1.3261516,0.7815499,1.6121014,-1.6177052,-2.4495099,-1.5669698,-2.9415097,-0.060050502,1.5656517,-1.3944668,0.52309555,1.3377581,1.694711,0.87732947,-4.2980623,-0.2088097,-2.6554685,-4.500847,0.65687996,-1.6630048,0.830138,-2.872054,-1.0403198,-0.95531946,-4.271263,-2.1831863,2.8003254,-1.9037046,-1.7484757,5.7176237,1.9007928,-4.2108507
0,/data_nas/huangyj/data/placePulse/rawData/googleviews-110802files/50f5eaaafdc9f065f0007be0.jpg,0.4238672,-3.8897872,2.6436155,0.6385915,2.5553212,-0.19606125,-2.1499474,1.1727949,-6.474953,-0.03386562,1.5248547,1.9926375,-2.9809523,0.20310935,4.342608,-1.3299112,0.13567263,0.74076253,-0.6960421,-0.5619649,0.90392,0.49672246,-0.27093324,-4.5875077,-1.3227179,0.54649633,2.4623497,-1.4435655,-0.5571438,1.9794225,0.8684507,-1.0674003,-6.189087,-0.57623583,-2.4120772,-6.447918,0.24331053,-1.1999882,-2.1527011,-3.1457481,1.9149834,-1.1712289,-1.9887388,-0.5185828,2.6035137,-2.7280207,-0.116725594,6.27005,-2.2801962,-2.6832116
0,/data_nas/huangyj/data/placePulse/rawData/googleviews-110802files/50f5e646fdc9f065f0006beb.jpg,1.411023,-4.219268,1.776944,0.9800005,-2.465803,0.8469597,-1.9786694,1.867062,-3.7154422,-1.0446513,-0.23880138,2.270472,-0.9490183,0.14306007,4.291445,-2.2332647,1.6479393,-1.7617189,-0.6615632,1.6064427,1.6900697,-1.7229944,-0.053739425,1.7538166,-2.213106,0.14083928,1.88539,-0.7405585,0.50038236,-1.0553201,3.5960114,-2.5300035,-0.80252564,0.15083215,-0.5206642,-2.815573,0.53151065,-2.6179798,2.126477,-4.4429765,2.0323374,-0.5962694,-1.7607007,1.122513,1.5054823,-1.5569564,-1.529209,3.1302443,-0.7326197,-2.663778
1,/data_nas/huangyj/data/placePulse/rawData/googleviews-110802files/513e1df0fdc9f03587009b1d.jpg,2.3597827,-4.846956,0.9563715,1.6407459,-2.0745802,1.560532,-1.5641795,2.4741445,-6.7707405,-0.91561997,-0.59954643,2.1920192,-0.33807662,-1.1993389,4.9828987,-1.865885,2.6166189,-1.9487883,0.19714893,1.4340798,2.2107146,-1.1586269,-1.5259651,0.5651246,-2.1149528,-1.0414333,1.7491171,-1.3853018,1.1147311,0.6042276,1.8132279,-0.5791593,-2.9013746,-1.3829274,-1.9573213,-5.3157883,0.092826836,-2.093047,2.793315,-3.7262666,0.42892122,-0.2965606,-4.5978556,-0.6968501,2.588393,-2.3369203,-0.93331295,6.5784473,0.5268759,-3.0311186
1,/data_nas/huangyj/data/placePulse/rawData/googleviews-110802files/50f5e5dffdc9f065f0006b1d.jpg,0.16761857,-3.3144932,1.5046667,-0.21192451,-1.8707874,0.7008195,-1.6636562,0.8208956,-4.3454313,-0.72001934,0.8397445,0.656223,-1.9508569,-1.5795479,3.3939786,-0.57538015,0.17360352,0.13573883,-0.6579309,-1.0390744,2.7099962,1.0761795,0.08016507,1.4335171,-1.5686629,-0.9626244,2.1137133,-2.399999,0.76568097,1.9039568,0.8230571,-2.948632,-0.3292711,-1.8449126,-1.9547662,-3.547483,-1.0881033,-1.0381523,1.5117804,-2.333004,2.9440954,-1.2930702,-2.4471543,1.4521971,2.7623024,-1.0040711,0.6219923,3.619017,-0.8356462,-2.437914
1,/data_nas/huangyj/data/placePulse/rawData/googleviews-110802files/513f138efdc9f0358700cb12.jpg,1.8558111,-4.124411,1.6483655,0.8934806,-3.1486764,1.828384,-0.9337682,2.2562494,-3.046088,0.17743593,-0.04005482,1.5314858,-1.5537333,1.1155775,4.371676,-2.8805678,0.8543799,-1.999097,0.54936874,0.65450746,2.6170177,-2.097228,-1.261467,3.3557854,-1.8463241,1.8598382,1.2406521,-1.441381,0.82454264,-0.3451111,2.6861289,-5.614373,1.357316,-0.37541807,-0.94935066,-2.6498175,1.4815025,-1.4610809,2.438882,-3.2323222,4.6010957,-0.2670712,-0.90070355,3.0724874,1.0211384,-0.47119465,-1.3527621,2.32372,0.39479625,-2.3719816
0,/data_nas/huangyj/data/placePulse/rawData/googleviews-110802files/51414f90fdc9f04926007b11.jpg,-0.7612934,-5.175038,3.5298202,0.6590326,-1.6142172,0.8469107,-0.82686156,0.059915587,-5.3003116,-0.034480054,1.9941154,0.64774,-3.013306,0.032055326,4.321711,-1.4132037,-0.8674544,-0.5596525,0.2481045,-1.2967565,1.3758522,-0.7539408,-0.90629405,1.5333985,-3.0945,0.77130556,0.90396565,-0.8218422,-0.90652716,0.23039702,2.394711,-3.5043044,-0.7481315,0.51212823,-1.3859417,-4.7150207,0.2553016,-2.009656,0.70211047,-3.605989,3.3495083,-2.6197917,-2.571581,2.0227878,1.8067924,-1.7923799,-0.7530581,4.518783,-0.89263225,-4.446399
0,/data_nas/huangyj/data/placePulse/rawData/googleviews-110802files/513f2debfdc9f0358700db11.jpg,2.2642572,-2.8613324,1.0202981,1.0986124,0.21488553,-0.5428323,-3.5928361,2.9217286,-4.5148697,-1.4757835,-0.5359811,3.9729388,-1.322316,-0.47431213,4.330942,-1.3432956,2.31743,0.07741977,-1.893842,1.7502706,1.0128192,0.47862458,0.40834612,-2.0584843,-0.6388402,-0.6464249,3.8550642,-1.6342504,0.93611157,1.6810077,1.455696,-0.90102464,-4.1475964,-1.5904083,-2.1050906,-3.8322017,-0.15901136,-1.532418,0.38759965,-3.445235,1.191551,0.57133627,-1.7060168,-0.6529727,2.7946777,-2.0922844,0.064460315,4.3346415,-2.2788794,-0.95200336
1,/data_nas/huangyj/data/placePulse/rawData/googleviews-110802files/513f1394fdc9f0358700cb1b.jpg,0.77909434,-4.232036,2.4979951,1.3212394,-2.2044575,1.5634253,-0.7480297,1.493958,-2.3715837,0.28962284,1.2781008,1.4747939,-2.688735,1.3153588,4.093919,-1.990807,-0.54751563,-0.79337114,0.63564897,-0.7862081,2.4435642,-1.1983454,-1.8152456,3.1939285,-1.9200491,2.4828708,1.1524135,-1.6044598,0.30608812,0.65710473,1.4901077,-5.7101755,1.7563018,-0.3282126,-1.8529853,-2.098632,1.5017914,-0.6663393,1.3839018,-2.1745088,4.8104386,-0.991438,-0.36035365,3.063821,1.2168397,-0.1660391,-0.45607424,1.6288337,-0.2041044,-2.9311376
1,/data_nas/huangyj/data/placePulse/rawData/googleviews-110802files/513f2e59fdc9f0358700dbc3.jpg,2.6841342,-4.482418,0.18866855,0.22360769,-1.4531451,2.76006,-0.8352164,2.6071224,-2.8080707,-0.26778874,0.019775558,1.2075195,-0.15200159,-0.716882,4.47614,-2.5675225,1.629087,-2.5198324,0.6973508,0.63680404,4.351339,-1.7642417,-1.5064017,1.2082928,-1.7304524,0.15164956,1.5327458,-3.420206,1.959313,0.715427,0.98645055,-1.0243429,-0.65328693,-2.2597322,-1.8669621,-1.6578677,0.6035762,-0.3985994,2.871729,-1.7025908,0.36727336,0.066640764,-2.368593,-0.8243696,2.175404,0.39191282,-0.9322867,2.7134995,1.7643199,-2.726068
1,/data_nas/huangyj/data/placePulse/rawData/googleviews-110802files/50f447fefdc9f065f0003bca.jpg,2.9092698,-1.2679207,-1.3738691,-1.2058831,-2.2387123,0.83685124,-2.683842,2.5836923,-1.3169616,-1.2228721,-1.8409263,2.0205605,0.33106664,-0.2498614,2.8953545,-1.5310801,2.6120844,-0.080660164,-1.8134395,1.6716987,3.9114876,-0.15473135,1.2916646,1.0702243,0.84835273,-0.04498031,2.9245434,-3.489651,2.5363572,0.66741383,0.8386069,-3.6177611,0.16371718,-3.4341574,-0.94585586,-1.0344137,0.1655863,0.019877002,2.663836,-1.8390281,3.1748986,1.958123,0.39195654,1.304796,1.604014,0.5724543,0.38636854,1.021909,-1.5797782,0.8693229
0,/data_nas/huangyj/data/placePulse/rawData/googleviews-110802files/513d5f70fdc9f03587003bc0.jpg,0.033505976,-1.5416679,1.2915802,-0.00903921,-0.33616355,-1.7544284,-3.907043,0.54255843,-3.8525808,-2.3898692,0.10910557,3.5723982,-1.8944017,0.11947635,2.5968933,0.77363175,0.78002095,3.1119976,-3.286241,0.5567618,0.4938045,1.2988001,1.9136924,-1.2913684,0.14846848,-0.03196241,3.4871838,-1.497481,-0.24750645,0.69166064,0.66117,-2.3832655,-2.6810918,-1.7781817,-1.4058182,-3.5505662,-0.25160098,-0.80056745,-0.29738003,-3.0172355,3.0909984,0.009954136,0.12722662,1.0432936,1.5870252,-1.6873989,1.2633486,3.2089844,-5.3700466,-0.36143303
1,/data_nas/huangyj/data/placePulse/rawData/googleviews-110802files/513e5ca4fdc9f0358700ab97.jpg,1.6678421,-4.718423,2.1488993,2.136542,-1.7351995,1.6938711,-0.4280855,2.5089624,-5.897769,0.807998,0.56877047,1.1054541,-2.0652707,-0.3698992,4.756159,-2.3211102,0.8796805,-2.0301263,1.480711,-0.3133468,1.9172256,-0.6390771,-2.7548506,1.5643022,-2.3162215,0.3958643,1.192549,-0.9413683,0.67702603,2.0503898,1.4357358,-3.3418481,-1.1796712,-0.3401199,-2.4394796,-5.047091,0.46717703,-1.6639818,1.5776554,-2.873353,2.855778,-1.024416,-3.7561963,1.4235371,2.6117923,-2.0413394,-0.67794526,5.4503846,1.4563395,-3.2988913
0,/data_nas/huangyj/data/placePulse/rawData/googleviews-110802files/50f43524fdc9f065f0002b92.jpg,0.07710134,-0.51207733,0.20669311,-1.3818662,1.4065728,-0.9842378,-2.8350518,-0.00017078593,-3.2795012,-1.296289,0.37916163,1.7077134,-1.7306004,0.37717384,1.612257,0.84199715,0.11430008,3.7599053,-2.6646762,-0.6589822,1.9200393,1.7161467,1.7629626,-3.3067117,1.3759228,0.7026166,2.6737206,-2.978294,0.1711472,1.5857912,-1.3414338,-2.501166,-3.3666182,-3.0249028,-1.6802098,-3.6990125,0.07974203,1.0323025,-1.4598497,-0.95388204,3.4428842,0.5314842,1.1235024,0.6660235,1.280661,-0.504038,1.8140916,2.8970013,-4.9323707,0.563152
0,/data_nas/huangyj/data/placePulse/rawData/googleviews-110802files/50f5eaa6fdc9f065f0007b92.jpg,0.78862035,-1.5661461,0.23864183,0.5440428,1.6740026,0.31360704,-1.4154321,1.0977631,-6.7780266,-0.17360029,0.10386441,0.7369684,-1.3546244,-1.0335852,2.326163,0.3955476,1.0095106,1.98358,-0.5897916,-0.94205874,2.3681028,1.9241997,-0.9056899,-3.57901,0.61714506,-0.6373246,1.8188766,-2.1602507,0.8898252,3.313632,-1.5643543,-1.0885786,-5.011681,-2.6335423,-2.83258,-6.406687,-0.47434798,0.028958939,-1.014285,-1.4566927,2.0598948,-0.0015345998,-2.4137242,-0.2172203,2.7160034,-2.432488,1.8137661,6.65195,-1.9932348,-0.6318911
1,/data_nas/huangyj/data/placePulse/rawData/googleviews-110802files/514147f0fdc9f04926006b90.jpg,4.220586,-2.1053429,-1.1942558,2.1133857,-2.8828645,3.0719948,0.13453576,4.283715,-3.5079575,1.0187937,-2.349283,0.82004464,0.9034522,0.1778195,3.1729603,-2.9573042,3.2203164,-3.2108502,1.8511558,1.9229394,3.8733506,-1.6900947,-3.1094947,2.8824499,0.0035380907,0.7036485,0.6548913,-1.3539798,3.0575073,1.0916513,1.0712451,-4.1993575,0.6848992,-1.5949652,-1.4047668,-2.7172961,1.4151446,-1.0411457,3.3134978,-1.9942399,2.9911468,1.8712336,-2.0056343,1.8960958,1.3429728,-0.96015126,-0.7536763,3.3685484,3.0080898,-0.17047901
0,/data_nas/huangyj/data/placePulse/rawData/googleviews-110802files/513d5f4afdc9f03587003b94.jpg,0.0035305675,-4.6442738,1.147717,1.2236742,-1.1972941,1.6195371,-0.5500308,-0.46403915,-4.990988,-1.5025628,1.0054183,1.142797,-0.59177256,-0.53920674,3.274576,0.3973545,0.39502314,0.6906668,0.01526435,-0.72314626,2.748615,-0.99502176,-1.7909148,0.5164775,-1.604588,0.31290704,0.19617425,-2.3618793,0.024200667,0.044309087,-0.5945785,0.24638306,-1.8554207,-1.6795437,-2.3999496,-3.66103,0.6538197,0.113951966,1.9196869,-1.4507332,-0.15368639,-1.3417666,-2.8226213,-1.2328987,1.5420287,-0.79312104,0.43904668,4.875593,-1.2665628,-3.6698606
0,/data_nas/huangyj/data/placePulse/rawData/googleviews-110802files/513cc948fdc9f03587001bfd.jpg,-0.3623736,-3.4657555,3.1843288,-1.6923503,0.9004267,-0.8479767,-2.9762988,0.72776043,-3.936285,-0.21234947,1.8975763,1.7886728,-3.8320942,0.57317877,4.2701597,-1.9259005,-0.91944194,0.7825297,-1.8582968,-0.85153484,1.1052828,0.3380007,2.072087,-2.1843789,-1.7092607,0.92885554,3.2912107,-2.0363164,-0.8522075,0.85565746,2.5523853,-4.059209,-2.9566553,-0.41462547,-0.90708035,-4.3993564,-0.1851059,-1.4950833,-1.6078218,-3.736312,4.542384,-1.5333804,-0.004505247,2.0255125,2.03422,-1.2647458,-0.5160402,3.10192,-3.2540047,-2.3336625
0,/data_nas/huangyj/data/placePulse/rawData/googleviews-110802files/50f42c6bfdc9f065f0001bf2.jpg,3.9790962,-0.85279965,-0.89867216,1.5725634,-3.1036873,0.760977,-2.4301364,4.422987,-1.4320571,-0.47911647,-2.6825438,3.1790757,0.13113254,0.68641734,3.059976,-2.2347245,3.372455,-1.1947701,-0.8318008,2.8111396,2.4186077,-0.53040296,-0.55083054,2.763953,0.84263957,0.66336906,2.8734934,-1.2308164,2.6867993,1.0187932,1.7050769,-5.2933726,1.1804012,-1.8340179,-1.1189024,-1.0337691,0.9766703,-1.0909597,2.76378,-2.664794,4.312518,2.5815215,0.3199511,2.7554474,1.3795636,-0.6750356,-0.09529895,1.0370893,-0.37137246,1.4284519
1,/data_nas/huangyj/data/placePulse/rawData/googleviews-110802files/50f5ed53fdc9f065f0008bf2.jpg,3.5427353,-3.0936642,-0.23908639,2.1677082,-2.7538195,2.807853,0.08622254,3.6120949,-4.9615498,0.9884376,-1.4947443,0.9222287,-0.108440414,0.26445633,3.8510911,-2.6625533,2.4950175,-2.4852107,1.8303684,1.0526443,3.4490066,-1.4335599,-3.3019185,2.4896796,-0.53058404,1.0053154,0.5979447,-1.445154,2.3240938,1.4910504,0.7870941,-4.6343856,0.0013179109,-1.6007793,-2.026257,-4.2513742,1.4306701,-0.8811958,2.9412642,-2.1481848,3.6883512,1.0904748,-2.6633384,2.116818,1.6346837,-1.304133,-0.5054126,4.7440424,2.3126218,-1.1356747
1,/data_nas/huangyj/data/placePulse/rawData/googleviews-110802files/50f44800fdc9f065f0003bf8.jpg,1.4716141,-4.6574826,0.97589827,0.3669972,-2.4164095,2.5873287,-0.051948525,1.3068032,-4.172224,0.15153573,0.6201276,0.44498974,-1.1066306,-0.13441269,4.12669,-1.8830053,0.43591237,-1.4538511,1.1751751,-0.6784801,3.6531096,-1.4860907,-2.0719051,2.4138076,-1.807292,1.0777756,0.49103346,-2.8745518,0.98821115,0.7617464,0.37155646,-3.3627083,0.40796298,-1.8686829,-2.0932148,-3.3878508,0.9552254,-0.007886483,2.676738,-1.4443443,2.7242694,-0.72967285,-2.448205,1.1212436,1.624203,0.073941946,-0.47260278,3.8025556,1.1792372,-3.1644936
1,/data_nas/huangyj/data/placePulse/rawData/googleviews-110802files/50f43529fdc9f065f0002bf8.jpg,4.326718,-0.47605127,-3.21215,2.5003364,-0.52272725,2.0773432,-0.7318412,3.8136556,-5.131721,-0.7463964,-3.443614,1.2383116,3.0355465,-2.1181138,1.591885,-0.37133053,5.063693,-1.3328177,0.41013616,2.820617,3.6259377,0.25774056,-2.3878517,-1.371862,1.4577377,-2.4344606,1.1754334,-1.523455,3.661787,2.099715,-1.1244545,2.1417525,-3.9100509,-3.21404,-2.1131325,-3.459853,-0.19884486,-0.6598525,2.6541924,-1.2388448,-2.130213,2.7226813,-3.819977,-2.5934713,2.3648596,-2.188862,0.8058181,5.62399,1.5948052,1.0954106
0,/data_nas/huangyj/data/placePulse/rawData/googleviews-110802files/513e5cc6fdc9f0358700abf4.jpg,2.054458,-0.87492555,-0.43190545,0.98911226,-1.3154032,0.108460985,-2.3310645,2.0031636,-4.3297763,-1.0027424,-1.459409,2.6177056,-0.70237,1.138976,2.355731,-0.17653006,2.0044804,2.1271207,-1.5343664,1.0189646,2.349245,0.31018066,-0.3062197,-0.1688772,1.5421069,1.3654311,2.2159276,-1.9268644,1.3448694,1.1780224,-0.4179518,-4.909432,-1.5871071,-2.648173,-1.868615,-4.2991405,1.2238967,0.17139804,0.85417,-2.0840437,4.990186,1.7505668,0.3812325,2.3954382,1.0640697,-1.2836074,1.2590375,3.8906891,-3.3400087,0.97831446
0,/data_nas/huangyj/data/placePulse/rawData/googleviews-110802files/513f2e32fdc9f0358700db87.jpg,2.2332127,0.62352425,-3.0649505,-0.09461158,0.10076965,1.9231246,-0.098814644,1.09518,-1.1477476,-0.46691826,-1.4440671,0.013750911,1.565792,-0.23984437,-0.031143818,0.8528512,1.6705279,1.7052865,-0.13185082,-0.038622856,4.416979,0.6265514,-1.3322039,-0.7473584,2.7021601,0.60825866,0.4058061,-3.7324595,2.6106539,1.9104066,-3.774144,-1.0025616,-0.6723559,-4.398558,-2.2030659,-0.86981684,0.87211645,2.8049927,1.1736445,2.0689464,0.98676467,2.3155944,0.5779121,-0.6940945,0.65997785,1.1891054,2.0973358,1.44164,-0.5211173,1.7139356
0,/data_nas/huangyj/data/placePulse/rawData/googleviews-110802files/514135edfdc9f04926004b8f.jpg,1.5917661,-3.6912184,1.3805248,-1.007355,0.1177439,-0.41440234,-3.9190469,2.053842,-3.3091798,-1.6825867,0.3934784,3.2062209,-1.8233068,-0.8383015,4.8689566,-1.7728938,1.4261564,0.007768292,-2.5062997,1.0415546,1.9908319,0.33952627,1.9805747,-1.9492829,-1.326717,-0.843696,4.188797,-2.8955476,0.73988456,1.1192018,2.076266,-0.9934713,-3.3650856,-2.1717384,-1.6301666,-2.8153558,-0.649363,-1.2660065,0.55561274,-3.4025698,1.341528,-0.12796825,-1.2476304,-0.6997954,2.9253223,-0.81794447,-0.32845134,2.9636514,-2.6348293,-1.8107691
1,/data_nas/huangyj/data/placePulse/rawData/googleviews-110802files/5140b813fdc9f04926001b88.jpg,-0.6825307,-6.34294,4.0722585,1.070457,-0.77553016,1.7328697,-0.13737306,0.24259675,-3.5557337,0.4362921,3.3017204,0.5262102,-3.5747142,0.11550142,4.879658,-1.9350308,-1.9175869,-1.5003557,1.3061807,-2.188794,1.9894044,-1.0795925,-2.0437703,1.7707866,-3.9279218,1.506266,0.6598159,-1.6543927,-0.78027976,0.9043347,1.7775754,-2.6614184,0.089575395,0.5630353,-2.284584,-2.8686402,0.61419183,-1.2027037,0.545678,-2.250797,2.1655266,-3.1448674,-2.5083473,0.9978966,2.0465307,-0.5410412,-0.9511737,2.8718348,0.74476606,-5.7225447
0,/data_nas/huangyj/data/placePulse/rawData/googleviews-110802files/5140b811fdc9f04926001b80.jpg,1.2775463,-0.13893521,0.6331161,-0.35729864,0.6641029,-2.7531383,-5.1418095,2.524871,-2.752534,-2.2694237,-1.2497873,3.9678123,-1.1854016,-1.5140816,2.4975724,-0.31385565,2.548273,1.2735077,-4.0737143,2.3560963,-0.44610414,2.3771226,3.6404333,-3.1001234,0.28026018,-2.6896396,5.2682986,-0.66139865,0.7560681,1.6874781,2.5259013,-0.0322138,-4.3275065,-1.1569738,-0.63649887,-2.3256636,-2.1083665,-2.5187027,-0.7175307,-4.183735,0.8736067,0.7913119,-0.49946126,-0.3018806,2.949689,-2.5665464,0.58996797,2.3334858,-4.1765704,1.0982847
0,/data_nas/huangyj/data/placePulse/rawData/googleviews-110802files/50f5eaa6fdc9f065f0007b8b.jpg,0.32542545,-0.9964697,0.45171562,-2.5982397,1.6984054,-0.7269346,-3.2036734,0.4621657,-1.8067932,-1.1008432,0.5114395,1.4347548,-1.7686155,0.21592997,2.2884977,-0.5537371,0.12917064,2.2963953,-2.8635936,-0.22677661,2.5772755,1.1421043,2.9350822,-3.50881,0.69715464,0.4088043,3.351972,-3.4349353,0.51015514,0.9914354,0.35772297,-2.4082146,-3.133371,-2.5911634,-0.9019986,-2.370257,-0.2754484,0.31684577,-1.5051595,-1.7578404,3.1403296,0.34375232,1.7232935,0.5235817,1.6249481,0.028937774,0.71812624,1.402015,-4.1245255,0.1777838
0,/data_nas/huangyj/data/placePulse/rawData/googleviews-110802files/50f5eaa3fdc9f065f0007b56.jpg,0.07408801,-3.0842233,1.9221625,-1.1784601,-1.9626731,-0.7528731,-3.135989,0.68160534,-3.9637353,-1.3345052,0.8138204,2.2738535,-2.7513466,-0.49886262,3.8613462,-0.55742204,-0.02008271,1.5688403,-2.1676476,-0.6745815,1.5473427,0.9973007,1.6526752,0.94575447,-1.0984806,-0.039878502,3.2270107,-2.6195335,-0.045568433,1.4769362,1.0851911,-4.4860225,-0.5451464,-2.1204522,-1.6990234,-3.775103,-0.6704432,-0.5743537,1.0238732,-2.7055326,4.66754,-0.87757033,-0.9301056,2.383512,2.3262215,-0.6796096,0.7449934,3.103352,-3.3792498,-1.6829664
1,/data_nas/huangyj/data/placePulse/rawData/googleviews-110802files/50f562e3fdc9f065f0005b56.jpg,3.2338073,-0.97127724,-1.4260778,-0.11168427,-3.0728416,0.89756024,-2.7766285,3.065417,-0.9122133,-1.5998356,-2.4271216,2.5966456,0.899512,-0.11623122,2.6043785,-1.4893558,3.2275372,-0.6237139,-1.8102952,2.6854224,3.4970908,-0.6231431,0.96198505,2.3215187,0.7170633,-0.21770714,2.848393,-2.4390872,2.7070909,-0.20543237,1.6167178,-3.5985942,0.96340424,-2.7539022,-0.49993262,-0.32227916,0.3599771,-0.8000967,3.2266665,-2.5188935,2.8595169,2.2173839,0.4143057,1.5199842,1.1988996,0.14033437,-0.02008551,0.5312886,-1.2707986,1.0639017
0,/data_nas/huangyj/data/placePulse/rawData/googleviews-110802files/51414faefdc9f04926007b5e.jpg,0.1552034,-1.7350804,1.6429709,-0.8344543,-0.9541091,-0.70062655,-2.9133308,0.5196985,-1.1017466,-1.1121392,0.59367055,2.4815347,-2.5633907,1.9373449,2.5934036,-0.6563982,-0.39014804,2.2877514,-2.4199967,-0.071131796,1.5166979,-0.017350206,1.7194558,0.4636891,0.032569684,2.4480531,2.7275858,-2.0700965,-0.20165864,-0.09689613,1.202379,-5.746652,0.20131733,-1.2571449,-0.84263194,-1.6604223,1.1560051,-0.072824106,-0.2884797,-2.3582983,5.6333847,0.115723014,2.5699906,3.1333232,0.4934184,0.07532723,0.3507459,0.322084,-4.4613767,-0.3687316
0,/data_nas/huangyj/data/placePulse/rawData/googleviews-110802files/50f5eaa2fdc9f065f0007b51.jpg,2.653661,0.48003793,-1.5761656,-0.9950664,-0.19507939,-1.0973698,-4.05143,2.3668604,-0.65276825,-1.9664539,-1.5871155,3.6754453,-0.30844283,0.45905703,1.9480181,0.077020526,2.275205,2.8720253,-3.3837876,1.6018541,2.221487,1.5450583,2.141457,-1.5463828,2.5297036,0.3936234,4.1735916,-3.3574078,1.9499397,1.8504546,-1.2218893,-2.9758036,-1.5113171,-4.2606273,-1.7898568,-0.9064641,0.27742252,1.4064928,0.4871026,-0.6023723,3.283953,2.8815835,2.1074054,0.5427124,1.4313879,0.53988296,1.7369132,0.5068577,-4.3559546,2.5795615
0,/data_nas/huangyj/data/placePulse/rawData/googleviews-110802files/513e1e05fdc9f03587009b58.jpg,-0.0023423042,-1.8551829,2.0485342,-0.5642345,-1.9767996,-1.0659701,-3.1723623,0.73837125,-0.52164185,-1.3125325,0.63665277,2.8215375,-2.7798655,1.6402303,2.7988133,-0.69405353,-0.41993904,1.9295415,-2.5708473,0.022226855,1.1030775,0.20837271,1.8283201,2.080245,-0.3886756,2.003255,3.0429628,-1.5710388,-0.17648318,-0.07765117,1.9367573,-6.296579,1.5970585,-0.8126432,-0.64022195,-0.8791625,0.7472419,-0.6547226,0.31893054,-2.7906644,5.965268,-0.14146829,2.3523688,3.8501382,0.70485425,0.04647924,0.37451616,-0.4768056,-4.3389406,-0.5842799
0,/data_nas/huangyj/data/placePulse/rawData/googleviews-110802files/513d6ac5fdc9f03587004b5b.jpg,3.38226,-1.6494228,-2.1555629,1.3819829,-2.8344417,3.2527146,0.59584135,2.3830953,-2.4728224,0.16098714,-1.9271904,0.4248824,1.367895,0.5351659,2.006704,-1.0532962,2.3545172,-0.7645062,1.3779324,0.71735406,4.8047366,-1.482436,-3.1459553,2.8467839,1.136051,1.6370022,-0.26324424,-2.9965053,2.8085127,0.9796828,-1.7140265,-3.7735586,1.3924676,-3.3808193,-2.10154,-1.8186482,2.013933,1.5506214,3.570973,0.3708945,2.8014495,2.0926385,-0.827255,1.2729164,0.5623893,0.75678676,0.6384585,2.4989874,1.4091351,0.19958194
1,/data_nas/huangyj/data/placePulse/rawData/googleviews-110802files/513d7b7efdc9f03587006bad.jpg,2.7436624,-3.9948974,0.35592303,2.1837943,-2.576858,3.3724601,0.8876294,2.4635952,-1.0319707,0.83735347,0.15299477,1.2119279,-0.686929,1.6484674,3.6824217,-2.3677573,0.53220576,-2.045935,2.3754396,-0.1383503,3.5273848,-2.6028042,-4.1307073,3.9754736,-0.99784935,3.2787993,-0.27019382,-2.4425879,1.4800084,0.7922807,-0.6159643,-4.2956457,2.6959527,-1.5508509,-2.5040343,-0.46492228,2.8152056,1.2616435,2.99329,0.3296717,2.8349288,0.579417,-0.56718135,1.4373367,0.47275203,1.4390966,-0.56611824,0.9529807,2.419859,-2.170717
0,/data_nas/huangyj/data/placePulse/rawData/googleviews-110802files/50f5eaa7fdc9f065f0007bad.jpg,-0.48736522,-2.934651,2.5122442,-0.96117246,-1.8485307,-1.098147,-3.1946285,0.2704724,-3.838833,-1.3389456,0.912938,2.1396186,-3.0093305,0.17375953,3.5709534,-0.59601176,-0.27592242,1.7147702,-2.4661446,-0.4357412,1.0223778,0.72759265,2.0652053,0.8086863,-1.2756671,0.40071145,3.0225964,-1.6447521,-0.5588363,0.47750422,2.1646311,-5.040448,-0.6236919,-0.97523236,-0.9529938,-3.8290458,-0.3821136,-1.4005445,0.3667233,-3.6895761,5.237531,-1.163072,-0.21944651,3.0643053,1.8041855,-1.2336913,0.3091182,2.8030558,-4.0909276,-1.7478343
0,/data_nas/huangyj/data/placePulse/rawData/googleviews-110802files/51414fcafdc9f04926007ba3.jpg,-1.1213449,-4.8766356,3.3593574,0.2281898,-2.022654,0.59686667,-1.2455533,-0.35017192,-4.7943583,-0.61479276,2.0804186,0.7205883,-3.0022697,-0.22426228,3.9606998,-0.7908129,-1.094562,0.14856492,-0.36717552,-1.5155408,1.7605075,-0.3112749,-0.24296552,1.9976556,-2.8994722,0.56165236,1.2216705,-1.3241276,-0.7997764,0.17409243,2.1178265,-3.749476,-0.07639712,-0.015198225,-1.3933868,-4.1646433,-0.07509042,-1.7412715,0.9588518,-3.4047177,3.6343043,-2.6137924,-2.1956944,2.253803,1.8051159,-1.3856369,-0.28078163,3.8285208,-1.6288004,-4.2683997
0,/data_nas/huangyj/data/placePulse/rawData/googleviews-110802files/50f5eaa7fdc9f065f0007ba3.jpg,0.7076246,-4.123984,1.4486166,-0.261875,-0.9594743,0.8568254,-1.4940301,0.85999256,-6.1284404,-0.44151375,0.6355079,0.837097,-1.6891302,-1.114459,4.196581,-1.1507384,0.77224797,-0.086361445,-0.39997017,-0.6136688,2.4123063,0.14481367,-0.28272036,-0.5557536,-1.586985,-0.61838025,1.7526829,-2.4205062,0.4179374,1.5372902,0.74663985,-1.9056368,-2.7808173,-1.7651043,-2.0463417,-5.4622006,-0.45470428,-0.8798516,1.1509422,-2.6623373,2.180603,-1.0989143,-3.1645088,0.3088225,2.71089,-1.5147384,0.035939407,5.7850013,-0.946259,-2.7449455
0,/data_nas/huangyj/data/placePulse/rawData/googleviews-110802files/513e1de6fdc9f03587009b03.jpg,-0.4500841,-1.1285697,0.5904302,-0.051699243,-0.7594675,-0.39049357,-1.9781922,0.1278148,-5.140405,-1.2744453,0.023705276,0.61447746,-1.2706454,-1.7829238,1.5131918,1.2115433,0.6155352,2.1958032,-1.6564584,-0.88286215,2.0329704,2.2830656,0.65906453,-0.4734365,0.020964334,-1.6050348,2.0256271,-1.7357266,0.61671865,2.1318028,-0.25241503,-1.9171453,-2.027775,-2.078065,-1.7154605,-4.4285693,-1.5189976,-0.84713715,0.36494476,-2.1698728,2.5852323,-0.7195701,-1.9778765,1.2010059,2.4443552,-2.0017426,1.886303,4.492256,-2.731459,-0.71158373
1,/data_nas/huangyj/data/placePulse/rawData/googleviews-110802files/50f55e1efdc9f065f0004b03.jpg,3.1535099,-3.588984,0.05178859,2.0804062,1.1941006,3.3414366,0.6888203,2.7582479,-3.7547448,1.1075405,-0.7607477,0.521051,0.73990756,1.7424221,3.4119735,-3.3707192,2.2934291,-3.1806993,2.008525,1.9559873,3.3050292,-3.515672,-3.0947306,-2.1053514,-0.8523184,2.1429753,-0.41312894,-0.8188184,1.4486563,-1.1852783,1.7264705,-0.3993924,-3.746553,0.26664162,-0.8004811,-3.2590265,2.7755656,-1.333975,0.32182166,-2.6203344,-0.16979945,0.8581862,-1.1573769,-1.2571243,0.31951794,-1.4122249,-2.3428056,4.139727,2.174595,-1.9771236
0,/data_nas/huangyj/data/placePulse/rawData/googleviews-110802files/513d9bc8fdc9f03587007b07.jpg,1.3314375,-2.788939,0.7343601,-1.9786799,2.2000968,-0.376567,-3.3001983,1.6248165,-5.2808514,-0.83381695,0.5904938,1.7832385,-1.8655446,-1.3852334,4.104296,-1.3367276,1.1611835,0.8223599,-2.1468782,-0.015915327,2.4067113,1.4677783,1.9604486,-4.9795866,-0.40538582,-1.2971841,3.810586,-3.507503,0.878823,2.474854,0.5481631,-0.20583515,-5.9309554,-2.9586442,-2.0115192,-5.1887193,-1.1649109,-0.5358784,-1.0601156,-2.550089,1.2827252,-0.102926955,-1.8837465,-1.3316894,3.2757888,-1.3884927,0.47363988,5.1132064,-2.556893,-1.1999449
1,/data_nas/huangyj/data/placePulse/rawData/googleviews-110802files/513d7b4dfdc9f03587006b01.jpg,-1.3150396,-4.1497197,3.6754072,0.0134250205,-1.1664358,-0.19417319,-1.9630015,-0.07024609,-3.7961514,-0.64218307,2.1765919,1.1256996,-3.4600203,-0.1371251,3.7328212,-0.8756574,-1.2363557,0.4238234,-1.0737069,-1.3077161,1.1483054,0.24324478,0.6408386,1.1718452,-2.707908,0.371879,2.059528,-0.9538211,-0.94878167,0.35591292,2.6659338,-3.6222537,-0.4341491,0.44174623,-1.0305066,-3.357916,-0.43472433,-2.160894,-0.030340832,-3.7949638,3.6799748,-2.5675735,-1.2505906,2.3009508,1.9737974,-1.5346007,-0.29980716,2.7743268,-2.292675,-3.6686728
0,/data_nas/huangyj/data/placePulse/rawData/googleviews-110802files/50f5ea5ffdc9f065f0007b09.jpg,0.026319873,-4.859539,2.4242861,-0.90632385,-0.64854085,1.0763193,-1.4950402,-0.026152655,-1.6362798,-0.6883366,2.173861,1.6351887,-2.628577,1.1312265,4.18933,-1.5679696,-1.2224568,0.23930827,-0.6389591,-1.1664703,2.6132283,-1.4918448,0.103840865,0.55190057,-2.0855432,2.3982296,1.5411208,-3.4092188,-0.50396514,-0.20596851,0.85644823,-3.1394196,-0.2470808,-1.220098,-1.7039641,-1.558319,1.2984148,0.5214858,0.6650244,-1.4340409,2.7437584,-1.4381695,0.32441005,0.7111823,1.0599964,1.1076748,-0.6052736,1.2022765,-1.8113822,-3.4906256
0,/data_nas/huangyj/data/placePulse/rawData/googleviews-110802files/50f5ea5ffdc9f065f0007b08.jpg,0.80017877,-1.633261,-0.09070428,-0.046916135,-1.5525804,-0.5914787,-3.1436548,1.0498955,-5.6159725,-2.3554518,-0.9611418,2.3073623,-0.3952497,-2.0037785,2.552862,0.9462788,2.1149375,1.9810456,-2.5113802,0.6374651,1.9738348,1.66783,1.1254846,-0.34890935,0.06402402,-2.1771488,3.005543,-2.10702,1.0184839,1.6073756,0.14221805,-0.92110974,-2.6704733,-3.018259,-1.7659007,-4.485287,-1.4104643,-1.0556675,1.6734225,-2.8757353,1.5934918,0.15617333,-2.5434186,0.17957142,2.6655755,-2.0836067,1.5977455,5.103787,-3.3387897,-0.44471332
0,/data_nas/huangyj/data/placePulse/rawData/googleviews-110802files/513f1382fdc9f0358700cb04.jpg,1.7262907,-5.1542773,1.4341625,-1.3951799,-0.6348653,2.1829424,-1.1408356,1.8850849,-4.3968644,0.29853177,0.9234523,0.37557912,-1.4898353,-0.7720719,5.259369,-3.349236,0.7660658,-2.5788178,0.3397417,-0.08424441,3.8057044,-1.5100162,-0.09960555,-0.4341542,-2.5104485,-0.042079695,1.8602536,-3.3469214,1.0557303,0.5582208,2.3351946,-1.943008,-2.119546,-1.5815758,-1.2772241,-3.8354192,0.03193951,-1.2570411,1.5223682,-2.9869618,1.7135373,-1.0118304,-2.6946828,-0.028536867,2.5041423,-0.27797794,-1.5818297,4.03946,1.145805,-3.4936516
0,/data_nas/huangyj/data/placePulse/rawData/googleviews-110802files/5140cb8efdc9f04926002bbd.jpg,3.7463975,-1.1634084,-2.108841,0.6110477,-1.3841695,1.5408989,-1.461434,3.1336856,-3.4751847,-0.37326837,-1.9021116,1.8335344,0.37839887,-0.55401623,2.8526576,-0.7161147,2.8214786,0.56534475,-0.23393862,0.7024349,3.920153,0.77364165,-1.5871763,0.15348822,1.7261473,0.18331474,2.0852451,-3.699649,2.9445217,3.294268,-2.3601334,-3.0427728,-1.085827,-4.7359614,-3.1720104,-3.0467727,0.61951154,1.6998149,2.454229,0.28873065,2.8047245,2.5011287,-1.3061762,0.38170248,2.239035,0.16051246,1.6799117,3.6181607,-0.26649755,1.1441522
0,/data_nas/huangyj/data/placePulse/rawData/googleviews-110802files/50f5e640fdc9f065f0006bb3.jpg,1.0322405,-5.388478,2.2258773,-0.58355176,-1.3952972,1.5456202,-1.1576827,1.4200605,-5.305839,0.09400057,1.1325412,0.84388894,-2.0420215,-0.6298017,5.245702,-2.7802832,0.3892403,-2.0638573,0.34065184,-0.3148979,2.4774296,-1.3922633,-0.43470097,0.43394953,-2.8947713,0.008601212,1.6257286,-2.3561842,0.19524114,0.46676138,2.4260798,-2.4192994,-1.829722,-0.8518134,-1.3380349,-4.629721,0.022490151,-1.56106,1.5901859,-3.3249016,2.2415214,-1.5847594,-3.2075474,0.67145884,2.3526037,-0.92861676,-1.4211673,4.8086567,0.5539869,-3.8942072
1,/data_nas/huangyj/data/placePulse/rawData/googleviews-110802files/514147fefdc9f04926006bb2.jpg,2.4458036,-3.9409666,0.8948003,2.540136,-1.5381404,1.122783,-2.162878,2.5268273,-1.6306216,-1.641698,-0.11617726,4.200302,-0.7335439,1.1598759,4.2273865,-1.2006009,1.6461908,-0.2515488,-0.58574283,1.5062181,2.1397972,-1.6737229,-1.8604997,1.6997831,-0.9417775,1.8184708,2.2009408,-2.0588658,0.97372,0.15656073,0.46918032,-1.7199897,-0.23659697,-1.5786704,-2.4315555,-0.5838182,1.9238037,-0.07023613,2.233856,-1.7845091,1.0062646,0.727792,-0.32468066,-0.3812538,1.224064,0.05425048,-0.2073879,1.5049101,-1.2998482,-1.9069831
1,/data_nas/huangyj/data/placePulse/rawData/googleviews-110802files/513d36c0fdc9f03587002bbb.jpg,2.2843027,-1.9557176,-0.16264057,1.9956421,-0.88056576,3.0123382,0.8606015,2.401387,-0.11633963,1.179052,-0.022639576,0.16123995,-0.5488501,1.5211447,2.0296838,-1.7900616,0.39595515,-1.2942802,1.9053944,-0.29146314,3.9604094,-1.3010492,-3.4939687,2.3475773,0.13146357,2.8327332,-0.07199267,-1.9829048,2.0092032,1.1737171,-0.72446436,-4.198557,2.044771,-1.2615285,-1.9684511,0.14775492,2.2776525,0.85934675,1.2246543,0.31232733,3.0390155,0.9209756,0.75073504,1.6755255,0.45050216,1.0010318,0.007975635,-0.03838213,1.9265177,-0.78453517
0,/data_nas/huangyj/data/placePulse/rawData/googleviews-110802files/513e5cb1fdc9f0358700abbb.jpg,0.4071632,-2.9877787,0.5401999,-0.24448997,0.15322733,0.58686924,-1.5061055,0.5950616,-7.7427707,-0.7825488,0.26865295,0.19001038,-0.8854233,-2.698561,3.0533502,0.23886591,1.2714485,0.7395842,-0.63752604,-0.8148812,2.6339064,1.7176532,-0.16812207,-2.3402312,-0.90061754,-2.4401755,1.8137406,-2.372083,0.8464099,2.613406,-0.44743124,0.4029621,-4.705973,-2.6169584,-2.4127717,-6.697299,-1.6727065,-1.013354,0.60175604,-2.3129735,0.50443673,-1.0095417,-4.569803,-1.0641305,3.3477907,-2.6196132,1.1034048,7.5121264,-1.0417126,-2.208233
0,/data_nas/huangyj/data/placePulse/rawData/googleviews-110802files/50f44567fdc9f065f00034dd.jpg,-0.93231696,-4.0008354,3.2014127,0.11621595,0.055316456,0.42573547,-1.2367917,0.050746925,-3.923184,0.0555009,2.3984234,0.6241965,-3.480208,0.21234359,3.612684,-0.9038089,-1.508263,0.72994125,-0.2941323,-1.9530188,1.7702165,0.37362728,-0.39869294,-0.056174632,-2.071306,1.1000512,1.6017905,-1.658473,-0.6866335,1.3431549,1.0548329,-3.51111,-1.2042513,-0.2884335,-1.8321362,-3.7350845,0.121608295,-0.90870047,-0.7150286,-2.3910954,3.6442044,-2.1657178,-1.037387,1.7265116,2.017,-1.0617747,0.094331145,3.1767142,-1.7071615,-3.3962257
1,/data_nas/huangyj/data/placePulse/rawData/googleviews-110802files/5140c956fdc9f049260024de.jpg,1.7996321,-3.2548962,1.411801,2.021902,-1.3943963,2.2009883,-0.13387504,2.438774,-1.2116696,0.94322497,0.73026603,1.2036035,-2.0398529,1.4327852,3.5028193,-2.138399,-0.08911743,-1.152441,1.3751503,-0.6304889,3.144821,-0.9537937,-2.9115338,2.7256725,-0.914113,2.7482502,0.9229739,-1.8470341,1.2787063,1.6850762,0.3445269,-5.395192,1.8581936,-0.82687104,-2.3821483,-1.0146829,1.8485903,0.13172334,1.1736273,-0.9071661,4.309603,0.020410113,0.1468595,2.5639005,1.2845137,0.29407102,-0.07151518,0.7711407,1.0135665,-1.8685057
0,/data_nas/huangyj/data/placePulse/rawData/googleviews-110802files/50f44566fdc9f065f00034d1.jpg,-0.9386899,-4.391033,3.0459507,1.0821325,1.1654567,2.4595156,0.97508824,-0.09127441,-2.3622289,1.2239001,2.8477669,-1.1729097,-2.604775,0.87742394,2.8900967,-1.6574242,-1.950652,-1.1713516,1.7531298,-2.1878223,3.1504784,-1.2106626,-2.458878,0.10668196,-2.5413985,2.1598167,-0.44592854,-1.1969738,-0.2733857,0.19232523,1.3520516,-2.2759063,-0.51863897,1.0377625,-1.3572053,-2.03084,1.2132452,-1.1118984,-1.0578303,-1.8231121,1.8934224,-2.5380208,-0.6592928,0.87811476,1.0815135,-0.59141713,-0.8438608,1.8974497,0.90238106,-4.3805275
0,/data_nas/huangyj/data/placePulse/rawData/googleviews-110802files/513d2d72fdc9f035870024df.jpg,1.02849,-2.38445,1.9218838,0.33201078,3.7686763,0.69320285,-1.3760223,2.4871805,1.5217372,0.89939314,2.2914424,1.2014296,-2.7070677,0.17681769,2.9188302,-2.2594397,-0.9628537,-1.190297,0.11488789,-0.8777834,2.0198908,0.7531108,-0.5323,-2.8222718,-1.1984957,0.9488233,2.8616583,-2.2194602,0.9169671,2.8298678,0.56341475,0.122963026,-1.8363327,-0.19806734,-2.1029382,1.5366617,0.034631863,-0.16934921,-2.5113761,-0.31577915,-0.24466808,-0.6104577,1.0052956,-1.475193,2.4250798,0.6641237,-0.34903827,-1.5930214,0.8811897,-1.8106726
0,/data_nas/huangyj/data/placePulse/rawData/googleviews-110802files/513cc1b8fdc9f035870014d5.jpg,-0.86125374,-5.138604,3.1720502,-0.91089433,1.0694122,0.3605764,-1.5912168,-0.25903004,-6.3156924,-0.32893294,2.6078305,0.5122019,-3.0233877,-1.1362247,4.5161953,-1.113507,-0.91713727,0.13402314,-0.5427119,-1.6710085,1.6106077,0.24952725,0.3728908,-2.5093033,-2.886753,-0.5574385,1.8787485,-2.1744554,-0.9755685,1.1627232,1.347486,-0.40448278,-4.3678207,-0.6786126,-1.8272618,-5.7786374,-0.7820206,-1.4306861,-0.79118294,-3.0863686,1.1454612,-2.7276886,-3.2373905,-0.6674453,2.7588665,-1.7916427,-0.5157683,5.8408666,-1.4365011,-4.445773
1,/data_nas/huangyj/data/placePulse/rawData/googleviews-110802files/513d7eb5fdc9f0358700746d.jpg,2.0577207,-5.3328075,1.9084709,1.9465928,-0.9124833,2.2332149,-0.41047305,2.334105,-5.975867,0.4734703,0.43574053,1.5545264,-1.3690678,0.5563278,5.111394,-2.8053777,1.2516079,-2.29461,1.4067019,0.54431623,2.2636385,-2.2423687,-2.7240489,0.18787634,-2.3315272,1.2630811,0.80589366,-1.2351252,0.43220973,0.36966485,1.768981,-2.1575496,-2.6174202,-0.22627921,-1.970372,-5.1375284,1.5268177,-1.5251732,1.409175,-3.2430224,1.7466221,-0.71549094,-3.1559186,0.17578185,1.7813615,-1.8048573,-1.5619766,5.8083315,1.1601769,-3.6073046
0,/data_nas/huangyj/data/placePulse/rawData/googleviews-110802files/513d7eaffdc9f03587007461.jpg,-0.11201583,-4.1653113,1.6923183,-0.4558327,0.4757738,1.0847217,-1.0250276,-0.25490278,-7.569393,-0.42556864,1.0831875,0.15516302,-1.5723954,-0.20709403,3.6309,-0.8021505,0.30552378,0.6249565,-0.3629321,-0.7548045,2.667637,-0.52928984,-0.23130521,-2.6080074,-1.4334037,0.24487229,0.82107913,-2.0209377,-0.2444275,0.040875703,0.96315426,-1.5539881,-4.720843,-1.2391554,-1.3853396,-7.195481,0.3157103,-1.2200963,-0.26678383,-3.3396683,2.2766926,-1.4438918,-2.7503507,0.13578708,1.6805573,-2.3147006,-0.26600286,7.1509314,-1.9827834,-3.1903918
1,/data_nas/huangyj/data/placePulse/rawData/googleviews-110802files/51409132fdc9f04926000469.jpg,2.051276,-3.399228,0.46683517,2.398279,0.625144,2.3030753,0.2686636,1.9684778,-7.29548,0.7938274,-0.11226133,0.7296304,-0.8093261,0.5793915,3.471054,-1.2189827,1.4321464,-0.2489249,1.636634,-0.26644868,2.9563136,-0.79671043,-3.6333532,-1.8825082,-0.21804145,1.4116967,0.14249289,-1.6207178,1.0190536,1.9651076,-0.9600359,-2.1024704,-4.115246,-1.6215537,-2.947474,-6.75949,1.6735935,-0.093441606,0.19601102,-1.6674322,2.2523136,0.22941245,-2.9122856,0.08970389,1.7524103,-2.329547,0.24414563,7.3343606,0.4233456,-1.9384847
0,/data_nas/huangyj/data/placePulse/rawData/googleviews-110802files/51414cf1fdc9f04926007469.jpg,0.8898047,-3.3130817,1.3490831,-2.0549476,2.8120377,0.30583194,-2.7355888,1.8154435,-2.600315,-0.32989192,1.5660406,0.65260655,-1.9507976,-2.359262,4.0248866,-2.0444856,0.44340375,-1.060062,-1.432668,-0.47079664,3.087303,1.4477417,1.8934069,-4.227654,-1.7340858,-2.1773407,3.8236265,-3.4884067,1.2398353,2.5833652,1.5617796,1.6704376,-4.5935283,-1.8804438,-1.6411536,-2.0865464,-2.0223498,-1.3250265,-1.1275815,-2.3350716,-0.98583335,-1.0892961,-2.0023568,-2.4627862,3.9247856,-0.6093982,-0.29590788,2.4655862,-0.34261453,-2.4152422
1,/data_nas/huangyj/data/placePulse/rawData/googleviews-110802files/513e2198fdc9f0358700a468.jpg,-1.0177946,-4.975927,3.6100016,0.19121614,-0.6904543,0.8367537,-0.83172053,-0.3100133,-4.301283,0.087323144,2.605821,0.6434484,-3.4981837,0.64016956,4.0815067,-1.251186,-1.7072028,0.17873223,0.16444178,-1.9289852,1.7294184,-0.65317065,-0.7368475,0.77340114,-2.7297106,1.7160875,0.94512147,-1.567128,-1.0880855,0.42092162,1.559902,-3.9411995,-0.73275256,0.10613004,-1.6412158,-4.091613,0.66978973,-1.0264118,-0.11812339,-2.6679664,3.8334858,-2.5445104,-1.3913568,2.0344522,1.4821904,-0.96149725,-0.45793018,3.5203404,-1.4079486,-4.2853074
1,/data_nas/huangyj/data/placePulse/rawData/googleviews-110802files/513e1b4bfdc9f03587009433.jpg,0.12003443,-3.7187786,2.1814964,-0.95344365,1.1602244,-0.15839937,-2.489683,0.72027445,-6.1795673,-0.526819,1.2988776,1.1576067,-2.609766,-0.902988,4.0940266,-1.2686893,0.23875445,0.4756871,-1.3968749,-0.63440955,1.9069512,0.8655808,1.2051104,-3.298759,-1.5655378,-0.6757261,2.730294,-2.2027729,-0.014402382,1.5453027,1.6623647,-1.5479258,-4.857229,-1.2288764,-1.6707059,-5.98957,-0.8358896,-1.595748,-0.99301773,-3.5818121,2.3549457,-1.4017682,-2.3560553,0.1421658,2.8048234,-2.2018628,-0.011070515,5.6563635,-2.357725,-2.6519318
0,/data_nas/huangyj/data/placePulse/rawData/googleviews-110802files/513cefa7fdc9f03587002437.jpg,0.62150836,-1.4385225,0.19465873,-1.6666993,2.1512306,-0.70888555,-2.8006947,0.20441699,-3.8998766,-1.0085089,0.7404758,1.9574289,-2.0159378,0.39260554,2.5595233,0.38839316,0.061075844,3.6332917,-2.3221612,-0.99355626,2.1081502,1.6004906,1.3796229,-4.5349817,1.2769209,1.0205579,2.8510995,-3.8819432,0.16154967,2.412547,-2.1863284,-1.8952516,-4.605389,-3.7475302,-2.5694358,-4.4578147,0.34576863,1.908194,-1.6079636,-0.25256592,2.9654078,0.5980907,0.5792613,-0.38464525,1.7478309,-0.17458819,1.7884791,3.8254921,-4.5579047,0.078615084
0,/data_nas/huangyj/data/placePulse/rawData/googleviews-110802files/5140c919fdc9f04926002431.jpg,0.05262935,-4.233327,2.427652,-0.5614848,-1.1516805,0.5097855,-2.1380298,0.7796583,-2.7783349,-0.77860063,1.6366873,1.6440483,-2.7054148,-0.17494264,4.2126656,-1.3560929,-0.526484,0.09703085,-1.0202773,-0.9759246,2.564001,-0.120544165,0.44495693,1.079412,-2.0505974,0.6634236,2.461191,-2.7337449,0.10780995,0.9255867,1.6300929,-3.4243672,-0.20848337,-1.2467043,-1.678713,-2.3514943,-0.07730279,-0.8338267,0.9189468,-2.5973136,3.2287486,-1.4863279,-0.86220735,1.4987004,2.1900039,-0.2001199,-0.020336159,2.0455697,-1.7681204,-3.0659168
1,/data_nas/huangyj/data/placePulse/rawData/googleviews-110802files/50f46440fdc9f065f000443a.jpg,1.3341136,-0.9416015,0.45896712,0.48377052,-0.37410596,-0.32679158,-2.680207,1.9031669,-4.34496,-0.6345768,-0.744002,2.15257,-1.7322772,0.6356725,2.5805767,-0.39373305,1.3545225,2.0449102,-1.7677941,0.32362074,2.2054973,1.3263282,0.36574015,-0.91502804,1.010661,0.804017,2.799384,-1.6736428,1.1847483,1.9093865,0.4421415,-5.0763564,-1.9969922,-2.1065109,-1.7734444,-4.475112,0.37719786,-0.72198075,-0.1952378,-2.8011858,5.3364563,0.9239336,0.30754247,2.746752,1.7864273,-1.8880705,1.3878752,3.760891,-3.4412434,0.5486626
1,/data_nas/huangyj/data/placePulse/rawData/googleviews-110802files/50f5e8a6fdc9f065f0007430.jpg,2.4087148,-3.26518,1.6333418,1.3926171,-2.1979,0.711897,-2.0411232,3.4368238,-3.8060598,0.31794217,-0.18460882,2.476117,-2.4071858,0.37774643,4.6864886,-2.4937108,1.2907192,-1.0550541,-0.07988745,0.5059219,1.8871126,0.062046833,-1.1676115,2.1040351,-1.1063776,0.9136233,2.8418546,-1.3950257,1.3120949,2.2775943,1.7883692,-5.8077803,0.20606822,-1.1878583,-2.199135,-3.5412931,0.56366175,-1.3912108,1.5444819,-3.0387344,5.1725726,0.2974176,-1.404613,3.0283825,2.423249,-1.2941409,-0.1831867,3.164056,-0.16528112,-1.3126419
0,/data_nas/huangyj/data/placePulse/rawData/googleviews-110802files/50f4455efdc9f065f000343b.jpg,-0.27898186,-3.2017198,3.032877,-1.0764084,-0.060799647,-0.55400103,-2.9268682,0.93434,1.366948,-0.69488066,2.5039487,2.4356313,-3.7579868,0.7718218,3.6371572,-1.5665892,-1.7511908,0.52060866,-1.8182396,-1.0916519,1.4385793,0.4776925,1.668052,0.9476383,-1.8060511,1.623647,3.526466,-2.601762,-0.27881014,1.1349231,1.7686808,-3.9176688,1.2888544,-0.58874154,-1.4189391,1.1312828,0.065279335,-0.27852067,-0.6131723,-1.6263522,3.5313513,-1.2919114,1.9435524,1.728193,1.7314824,1.1885679,-0.14471504,-2.1792517,-2.342866,-2.2733455
0,/data_nas/huangyj/data/placePulse/rawData/googleviews-110802files/50f5ebadfdc9f065f0008477.jpg,1.2298855,-0.09061066,0.07114872,-0.6906936,-0.22659793,-2.383775,-5.136535,1.8635042,-1.7249268,-2.8387747,-1.1879516,4.0593257,-0.94488156,-0.90901417,2.2052457,0.321571,2.2225099,2.3692408,-4.4492874,2.015679,0.6716794,2.2293363,3.6117435,-1.7768745,0.8851671,-1.6801257,5.0109487,-1.7153171,1.0453743,1.2534848,1.4863298,-1.3896866,-2.6513686,-2.2744503,-0.95454514,-1.4278089,-1.406731,-1.3016146,0.007845879,-3.2785244,2.0030985,1.2010018,0.7265619,0.32840827,2.3575742,-1.4094491,1.2201937,1.2159986,-5.148994,1.3403685
1,/data_nas/huangyj/data/placePulse/rawData/googleviews-110802files/50f56125fdc9f065f0005477.jpg,3.7533958,-3.0327125,-1.587324,0.60709727,-1.7464583,3.6577961,0.38791054,3.155905,-3.0365736,0.4544026,-1.413176,0.030315895,1.4066153,-0.87604284,3.2031264,-2.5491219,2.713787,-3.1652846,1.6902512,1.1930103,5.002149,-1.8880547,-2.482718,1.3024445,-0.5268655,-0.07358352,0.38439316,-3.1844475,2.999855,0.8882948,0.05225698,-1.0020188,-0.503229,-2.7301247,-1.6709003,-1.9234142,0.87862134,0.07026861,3.4086146,-0.76971596,0.16431193,1.2601819,-2.7016833,-0.79481304,1.6756618,0.36759302,-0.78027177,3.1801941,3.3079088,-1.2827231
0,/data_nas/huangyj/data/placePulse/rawData/googleviews-110802files/50f5ebadfdc9f065f0008472.jpg,-0.7673533,-3.7765517,3.1360033,0.18675911,0.68685627,0.6064306,-1.6695623,0.17221826,-1.1666148,-0.43589088,2.233693,1.0958886,-2.8204687,1.2798378,3.233146,-1.4596717,-1.2325608,0.10505375,-0.9707674,-0.70502084,2.329286,-0.72319645,0.34672648,-0.16267532,-2.0862775,1.8670201,1.7187388,-1.2282779,-0.3733512,-0.75423485,2.7804582,-2.941845,-0.67611635,0.7342921,-0.63537335,-1.0498067,0.8732398,-1.8328934,-1.0973088,-3.3727946,2.7161517,-1.8019091,1.104668,1.3235211,1.0258541,-0.67655385,-0.76663667,0.4613275,-2.2614663,-3.2574131
1,/data_nas/huangyj/data/placePulse/rawData/googleviews-110802files/5140d54ffdc9f04926003472.jpg,2.6904724,0.75543374,-2.670917,0.6964994,0.7629065,1.1166521,-0.7365557,1.8507873,-3.7648962,-0.09923503,-1.7511144,0.8447809,0.63802814,0.111058295,0.6813511,0.8150509,2.12831,2.5821326,-0.31215686,0.0064121485,3.484356,1.4714272,-1.6826795,-2.4035687,3.2347808,0.7900391,1.0816222,-3.1847718,2.393028,3.2922945,-4.114004,-2.1705303,-2.774296,-4.567127,-3.0153875,-3.7921863,0.9871945,2.628867,0.22339009,1.416014,2.6142538,2.7203126,-0.08873036,-0.021849897,1.2797369,-0.26204464,2.5967288,4.043052,-1.522878,2.3040037
0,/data_nas/huangyj/data/placePulse/rawData/googleviews-110802files/5140d554fdc9f04926003479.jpg,2.1476588,0.98671436,-1.2834811,-0.18277188,1.2974607,-1.9181473,-4.309092,1.8699176,-2.014653,-2.1680417,-1.5287209,4.1816397,-0.51902616,0.8909326,1.4956802,0.965313,2.2516394,4.189396,-3.7586915,1.6504626,1.0876713,2.016579,2.0291257,-3.7120168,3.0842283,0.58586067,4.0863657,-2.5094135,1.2407694,1.9471673,-1.7497009,-2.1452255,-3.7667727,-3.7763572,-2.0501094,-2.444238,0.50163263,1.303726,-1.0307025,-0.8609212,3.0032747,2.8628726,2.2105978,0.037804548,1.2401984,-0.66476494,2.201261,1.980346,-5.80167,2.9024477
1,/data_nas/huangyj/data/placePulse/rawData/googleviews-110802files/513cc15afdc9f0358700147f.jpg,3.695173,-4.1174855,0.07462502,2.5042844,-1.9714046,3.4287446,0.46919405,3.740114,-3.9765792,1.0038974,-0.9671554,0.97179097,0.20536919,0.24465738,4.2692285,-3.265231,2.410671,-3.7372556,2.4059856,1.3393869,3.607975,-2.4834337,-3.7538104,2.0146048,-1.4407252,1.0374407,0.29493168,-1.5040624,2.2011266,0.7692842,1.2426934,-2.501496,-0.43497095,-0.94928163,-1.9271553,-2.9257913,1.6897207,-1.0539384,2.9189358,-2.0212936,1.4058427,0.70290667,-2.9046478,0.40658283,1.5665084,-0.832187,-1.435654,3.9692402,3.4525218,-2.234085
1,/data_nas/huangyj/data/placePulse/rawData/googleviews-110802files/513cc0fcfdc9f03587001423.jpg,1.035356,-5.0082045,1.0826309,0.62601554,-2.9303107,1.5081197,-1.2542189,0.683325,-6.391539,-1.539676,-0.080228075,1.8007485,-0.28370038,-0.61488044,4.3437543,-0.9233353,1.6416808,-0.64596146,-0.269498,0.68218315,2.426768,-1.8859444,-0.9740189,1.5958825,-2.0998173,-0.19420469,0.8602319,-1.9609923,0.20928977,-0.846156,1.4088264,-1.1467482,-1.7201906,-1.5396981,-1.3942251,-4.9973435,0.54760176,-1.2680992,3.2094495,-3.3478038,1.0577533,-0.89650893,-3.6622834,-0.067106634,1.5203786,-1.443959,-0.669255,6.030827,-0.9548229,-3.4366276
1,/data_nas/huangyj/data/placePulse/rawData/googleviews-110802files/50f4450bfdc9f065f0003421.jpg,0.9122984,-1.6157485,1.5272149,0.33691138,-2.626132,-0.50324494,-2.9565234,1.8866997,-0.49187437,-0.9797036,-0.06907934,2.8992164,-2.4234464,1.1308914,2.965713,-1.0188009,0.3103444,1.023883,-1.9292134,0.37188786,1.6183865,0.39522856,0.88010406,3.1640255,-0.22917008,1.5421175,3.1223042,-1.45818,0.7323314,0.7857909,1.8438408,-6.6552706,2.4137962,-1.0813261,-1.0541333,-0.55278665,0.5384933,-0.8394333,1.1856345,-2.671784,6.024353,0.32279116,1.6953522,4.1537037,1.2040441,-0.085197926,0.59645504,-0.4837008,-2.9636016,-0.18650751
0,/data_nas/huangyj/data/placePulse/rawData/googleviews-110802files/513cc0fcfdc9f03587001424.jpg,3.971815,-0.43236166,-3.0019357,1.6677921,-1.1824367,3.38101,0.89933777,3.2528894,-3.552277,0.91331464,-2.5926576,-0.38053262,1.9712173,-0.3319123,1.3749166,-1.0942469,3.2203562,-1.1321199,1.8072225,0.96045965,5.087546,-0.48118705,-3.4755049,0.6492082,1.910539,0.42192754,-0.17243245,-2.5769188,3.6271226,2.2608166,-2.1205437,-2.3601162,-0.67394245,-3.5095656,-2.2393336,-2.8580363,1.2756329,1.0558659,2.5111308,0.36564606,1.7690208,2.6317723,-1.6720445,0.35298872,1.2964345,-0.39378694,0.9715016,3.8325257,2.3896542,1.1546888
0,/data_nas/huangyj/data/placePulse/rawData/googleviews-110802files/5141399bfdc9f049260054e7.jpg,1.3460083,-1.951484,0.71982133,-2.0662522,1.5320544,-1.1247071,-4.032385,1.6786387,-4.368267,-1.2431629,0.12304169,2.647232,-1.9861047,-0.5820727,3.7461307,-1.209682,1.2399515,1.4734921,-2.9598875,0.56494045,1.7508843,1.3458123,2.8176696,-4.3232684,0.10433875,-0.6876669,4.318038,-3.181279,0.6358599,1.8571566,0.97307676,-1.7103868,-5.099444,-2.7652435,-1.5207214,-4.62281,-0.82772344,-0.5392206,-1.0600642,-2.8684905,2.6570795,0.42859071,-0.47287935,-0.16477731,2.6815028,-1.1938223,0.45576888,4.0219297,-3.7728343,-0.23398487
0,/data_nas/huangyj/data/placePulse/rawData/googleviews-110802files/513d7975fdc9f035870064e2.jpg,-0.7480476,-3.2644258,1.7800657,-1.2728087,0.31629863,-0.5510307,-2.3961496,-0.538703,-6.790176,-1.3688667,1.1544361,1.0965255,-2.0791106,-1.1331998,3.2389855,0.21899253,0.056928676,1.9308801,-1.9184774,-0.9336258,1.4664017,0.909804,1.4432642,-2.6418643,-1.2189343,-0.9471635,2.2207904,-2.227908,-0.6679293,0.8982961,0.6635797,-0.9734358,-4.5168753,-1.7557429,-1.4793233,-6.341763,-0.94845515,-0.99322313,-0.3959059,-3.1225533,2.0547674,-1.5638553,-2.5273886,0.041434858,2.247356,-2.053927,0.5922001,6.2225127,-3.5160646,-2.4551632
1,/data_nas/huangyj/data/placePulse/rawData/googleviews-110802files/513e220bfdc9f0358700a4ee.jpg,3.2563698,-3.204424,-0.46285704,1.6147879,-3.159637,3.1765614,0.569523,3.0766656,-3.8343878,0.93077826,-1.353825,0.34874353,0.2773206,0.09345314,3.5169237,-2.6282191,2.207351,-2.8150082,2.0161548,0.82087594,3.7977333,-1.9422897,-3.1750948,3.1947227,-0.7803645,0.96228194,0.09273433,-1.8832564,2.2413688,0.93502414,0.6621937,-3.9987636,0.9357404,-1.6213673,-1.6890749,-2.9875796,1.3811316,-0.43654528,3.5008388,-1.5426196,2.8833141,0.85293674,-2.4718552,1.7287446,1.3420056,-0.3613165,-0.7454969,3.6724865,2.8198946,-1.3818673
1,/data_nas/huangyj/data/placePulse/rawData/googleviews-110802files/5141447bfdc9f049260064e9.jpg,3.5509715,-0.6681549,-1.7917262,0.025726555,0.92153585,0.38915354,-2.7876647,3.81593,-4.5338726,-0.7292114,-1.9704739,1.7743949,0.53635263,-2.6251018,2.7642784,-1.0610322,3.6925864,-0.47622874,-1.3295535,1.6746787,3.089094,2.1346006,0.4373318,-3.3096268,1.0579284,-2.9337475,3.713778,-2.8621345,3.155541,3.7625978,-0.36081097,0.8056686,-4.7645984,-3.7173717,-2.3820314,-3.6720893,-1.6334339,-0.6864828,0.81021667,-1.7223434,-0.25860715,1.9339764,-2.849072,-1.8786393,3.7738423,-1.7338482,1.0854001,4.699143,-0.093838535,1.0470549
1,/data_nas/huangyj/data/placePulse/rawData/googleviews-110802files/50f5611dfdc9f065f0005413.jpg,0.88160753,-2.6419754,0.10107169,0.5102352,-1.720513,2.451777,0.019749407,1.262591,-5.3613825,0.028186321,-0.4545068,-1.1709349,0.21333064,-1.8764637,2.244065,-0.9078495,1.464161,-1.5521406,0.7768052,-0.11976783,4.27767,-0.09083721,-1.3442924,1.357643,-1.2548623,-1.4646475,0.38691056,-1.5405004,1.8613834,0.65989625,1.3616687,-1.5424948,-0.9056362,-1.252771,-0.901854,-4.0662704,-0.7410284,-2.1449602,2.0896926,-2.9458063,1.3400406,-0.7911157,-3.4576452,0.82360727,2.1154861,-2.018426,-0.018299993,4.8646398,1.3437935,-2.2195835
0,/data_nas/huangyj/data/placePulse/rawData/googleviews-110802files/51414cd4fdc9f0492600741f.jpg,-1.0163932,-4.4466724,3.7459054,0.030826097,-0.8666867,0.598194,-1.2970384,-0.06960535,-1.6835443,-0.106250174,2.550032,1.100188,-3.5544882,1.4083967,3.7846055,-1.6937102,-1.8401347,-0.11106978,-0.41293466,-1.3489414,1.6845874,-1.0516729,0.04554818,1.6447518,-2.6716943,2.3379543,1.3564005,-1.3381926,-0.94878453,-0.5383534,2.6775825,-4.736287,0.79686725,0.842046,-0.8637118,-1.7160369,0.9920154,-1.4105991,-0.2513298,-3.0253522,4.25012,-2.305,0.53824216,2.717509,0.9179734,-0.26846927,-0.891185,0.76118284,-1.7879173,-3.773358
1,/data_nas/huangyj/data/placePulse/rawData/googleviews-110802files/51413943fdc9f04926005410.jpg,1.0383261,-3.392284,0.90940267,0.86153865,-2.3706791,1.5288033,-0.8737983,0.720356,-2.5832558,-0.6320605,0.45969844,1.8796831,-1.610377,1.4914669,3.3310366,-0.6027798,-0.0013668444,1.1480175,-0.023623973,-0.7901109,3.0472555,-1.0929023,-1.7282302,2.5644317,-0.3450612,2.8523164,0.8457093,-2.9398806,0.4952582,0.68911916,-0.7945993,-5.202561,1.2605156,-2.293076,-2.442686,-2.3625383,2.004574,1.2761449,1.9983522,-0.67399555,4.572158,0.051118013,0.24384129,2.3465147,0.7196102,0.6328458,0.7393124,2.133796,-1.7367822,-1.693839
1,/data_nas/huangyj/data/placePulse/rawData/googleviews-110802files/51414465fdc9f049260064cf.jpg,2.7868464,-0.863164,-2.2823274,-1.1510707,1.8775865,0.8274276,-2.4227295,2.4185705,-4.286111,-1.200109,-1.5686399,0.81297183,1.3781184,-3.0296366,2.2249308,-0.4290716,3.41498,0.00085293874,-1.5775139,1.3590252,3.984646,1.7752001,1.0639375,-4.599561,1.0440654,-3.3039684,3.0303764,-3.6213903,2.9955072,2.7134004,-0.85817236,3.1506865,-5.7256203,-4.1661777,-1.9373001,-3.3101165,-1.7649628,-0.27121168,0.5858434,-1.2635367,-2.251292,1.5426418,-2.799379,-3.6169643,3.4122262,-1.3013971,1.0673876,4.6982527,-0.5176405,0.50105184
0,/data_nas/huangyj/data/placePulse/rawData/googleviews-110802files/50f5ebaffdc9f065f0008497.jpg,-0.09605642,-0.41587707,1.626266,0.36968502,0.43557698,-2.2132726,-4.07445,1.1755506,0.2128853,-1.9894545,0.46831122,3.6403923,-2.4029243,0.36584812,1.7816073,0.56598514,0.16474919,2.722963,-3.427038,0.47059566,0.051105652,2.0403068,2.2330384,-0.6394985,0.28628662,0.1707905,4.141703,-0.9256155,0.09528927,1.3576118,1.1191437,-2.3972592,-0.73972094,-0.78353834,-1.2000147,0.27098972,-0.55191344,-0.94596934,-1.1575198,-2.367836,2.6827123,0.13320157,2.0805917,1.2860367,1.6654019,-0.7958093,1.30381,-0.8767954,-4.7962823,0.36558414
1,/data_nas/huangyj/data/placePulse/rawData/googleviews-110802files/513e60eefdc9f0358700b492.jpg,1.1636195,-4.6093373,2.446811,0.979422,-2.8252203,1.3647664,-1.2670761,1.845557,-3.0866857,-0.053081613,0.76739645,1.8728861,-2.3461607,0.88941926,4.689473,-2.4717147,0.19240859,-1.4511776,0.26711157,0.037273936,2.1064415,-1.6178555,-1.1525948,3.1827729,-2.302553,1.7075301,1.5954573,-1.4627901,0.2782295,0.093317874,2.4705074,-5.2037992,1.2233057,-0.25400037,-1.3926313,-2.622467,1.139248,-1.3894848,2.0271087,-3.148919,4.35462,-0.93011224,-1.1129518,2.7870476,1.4322201,-0.4995695,-1.0778284,2.3419263,-0.15018705,-3.0295124
0,/data_nas/huangyj/data/placePulse/rawData/googleviews-110802files/5141442ffdc9f0492600649e.jpg,1.784627,-1.1704608,-0.5679292,-2.184702,1.0128493,0.3843325,-2.4911153,1.9132353,-3.9500146,-0.23838353,-0.32001024,0.7104945,-1.1249508,-0.8609664,2.8542795,-1.2636395,1.3066958,0.9497169,-1.6905675,-0.13085768,3.8248653,1.4178337,1.5795255,-3.034203,0.86252904,-0.5634256,3.197046,-3.8966074,1.9238391,2.4755719,-0.030317966,-2.770421,-3.3999276,-3.5803123,-1.626371,-4.129687,-0.7070243,0.103824034,-0.32732415,-1.7888944,3.4022849,0.89734703,-0.44794855,0.674164,2.5761817,-0.5439203,0.97197455,3.614978,-1.9431975,0.32560068
0,/data_nas/huangyj/data/placePulse/rawData/googleviews-110802files/50f5ebaffdc9f065f0008498.jpg,0.07891927,-5.0862617,2.64301,0.6719619,-1.5668616,1.0823416,-0.9141988,0.2831272,-6.2302794,-0.25337356,1.4224713,1.2883915,-2.5353944,0.4859327,4.5291834,-1.2361472,-0.29186475,0.14235571,0.2411753,-1.0394446,1.7786727,-1.0538174,-1.3208961,0.79347175,-2.1872778,1.399486,0.85587037,-1.7382545,-0.6439753,0.48079655,1.0327883,-3.8019133,-1.6062431,-0.73647,-2.0666451,-5.7854986,0.9531531,-0.78185666,1.0111231,-2.8462923,3.7555394,-1.7013084,-2.4655526,1.7085583,1.6180798,-1.478689,-0.34391698,5.649995,-1.3213065,-3.7741578
0,/data_nas/huangyj/data/placePulse/rawData/googleviews-110802files/50f5ebc7fdc9f065f00084fe.jpg,0.30974612,-0.3686296,0.3791399,-2.028965,2.5202312,-1.7123613,-3.364109,0.55090874,-3.770567,-0.9633489,0.4478088,1.9386308,-2.1529975,-0.19373508,2.006688,0.33939925,0.24771762,3.4499822,-2.9400241,-0.5889429,1.0904073,2.3626568,2.4982717,-5.0760536,1.3100455,-0.12209938,3.5665464,-2.952698,0.040306576,2.6135857,-1.1402614,-1.5869381,-5.0120435,-2.9501667,-1.7912291,-4.348643,-0.7004043,0.85045326,-2.3442035,-1.142852,2.8947172,0.494582,0.5917384,-0.02092911,2.0761275,-0.9067812,1.6612557,3.5324693,-4.6943555,0.77808386
1,/data_nas/huangyj/data/placePulse/rawData/googleviews-110802files/513d9ec6fdc9f035870084fe.jpg,1.9075545,-3.965716,0.112542294,-0.99948984,-0.54983264,1.6958957,-1.630436,1.7151036,-5.435168,-0.85469836,-0.1768724,0.84822166,-0.16994938,-1.604216,4.1509805,-1.8584144,1.9033494,-1.4196222,-0.4986994,0.6547073,3.7562804,-0.78681004,0.18675503,-1.3811091,-1.4421455,-1.2751943,1.9884688,-3.3481965,1.4416598,0.6161053,1.3002342,-0.009147141,-3.5250251,-2.5532885,-1.3785726,-4.428707,-0.46693513,-1.0487391,1.8444003,-2.806112,0.2310725,-0.26348513,-3.3369656,-1.2434757,2.535817,-0.90292305,-0.6622055,5.2265806,0.070051104,-2.4110084
1,/data_nas/huangyj/data/placePulse/rawData/googleviews-110802files/51408971fdc9f0358700e4fe.jpg,1.3361475,0.66260517,-1.4062434,0.7190203,1.3913456,0.74851704,-0.46783477,0.68168217,-0.65442455,-0.0672342,-0.43951443,0.98953396,-0.29323265,1.8267537,0.12062591,0.9040758,0.3524668,3.128581,-0.4303535,-0.59299356,2.649046,0.62809694,-1.409466,-1.8923895,2.828182,2.7347593,0.59021413,-2.6448448,1.1606525,1.865785,-3.6147974,-2.7761543,-1.2128404,-2.981069,-2.3419738,-1.1775377,1.9934272,2.959534,-0.9890553,1.8272474,2.9222374,1.9711981,2.5208542,0.5559669,-0.026596561,0.8433421,2.0982697,0.81008047,-2.432633,1.7454938
1,/data_nas/huangyj/data/placePulse/rawData/googleviews-110802files/50f42efdfdc9f065f00024fc.jpg,2.509085,-3.398899,-0.9024568,0.99029696,-4.0872655,2.865293,-0.23753609,2.0819607,-4.7395287,-0.7553034,-1.6616908,0.42715448,1.4568906,-1.5244696,3.1387491,-1.3291476,2.8941734,-2.2960134,0.7931364,1.3554251,4.256621,-1.6063657,-1.8760093,3.7074301,-1.1685997,-1.0696832,0.34690556,-2.07139,2.3456783,-0.18046208,1.1395432,-1.6993991,0.61256754,-2.1639884,-1.1184481,-3.1118171,0.179538,-1.3307676,4.7110057,-2.46772,0.87661624,0.37344703,-3.753754,0.47164276,1.6501634,-0.9661941,-0.41161928,4.4789233,1.6806915,-1.9669281
0,/data_nas/huangyj/data/placePulse/rawData/googleviews-110802files/514139a5fdc9f049260054fc.jpg,0.46401042,0.2131334,-1.003959,-1.3526622,1.682401,-0.17809385,-1.9756675,0.2750033,-2.7973711,-0.9825095,0.057689667,0.5903975,-0.7291264,-1.0140672,0.7301634,1.2683934,0.42153448,3.1581135,-1.9034318,-1.0316154,2.9170196,2.4790206,0.994235,-3.219915,1.7433664,-0.53698754,2.2512243,-3.5330813,1.2344562,2.7832375,-2.615913,-0.81526095,-3.0783634,-3.8425033,-2.1491058,-2.7870295,-0.7370923,1.589964,-0.9650057,0.41898227,1.7165638,0.7409259,0.16208819,-0.50246036,1.8731524,-0.1065101,2.4521654,2.6794548,-3.0228212,0.91499054
1,/data_nas/huangyj/data/placePulse/rawData/googleviews-110802files/513e6eb2fdc9f0358700c483.jpg,0.7345582,-4.70382,1.2263254,-0.75391626,-3.9492059,1.8558784,-0.8270509,0.63692516,-5.4892592,-0.6238195,0.32639852,0.32096258,-1.1015357,-1.0724593,4.25001,-1.4798467,0.678438,-1.1118753,0.09446078,-0.51917225,3.357996,-1.1771215,-0.48473838,3.3214502,-2.2822652,-0.2434027,0.91388375,-2.6764815,0.6611727,0.032096423,1.607762,-3.7954845,0.65678096,-1.895854,-1.2138517,-4.503784,-0.12528574,-1.0748539,3.5587833,-2.899222,3.3748088,-1.3116938,-3.3697011,2.0204751,1.848357,-0.56894827,-0.45059574,4.736834,0.049071305,-3.3459513
0,/data_nas/huangyj/data/placePulse/rawData/googleviews-110802files/513d9ea0fdc9f03587008488.jpg,2.0790653,-1.5636173,-1.8076603,-1.5346458,0.32439184,2.0968046,-0.8345523,1.7320764,-3.2658355,-0.4150063,-0.7838208,-0.5453185,1.005769,-2.478377,2.0655453,-0.8758325,2.0140386,-0.8211555,-0.20736142,0.07733861,4.9249244,0.451521,0.061550256,-1.7710952,0.28376916,-2.0109062,1.6134105,-4.2319674,2.6438272,2.0164502,-0.9058486,1.0858794,-2.666161,-3.7686424,-1.6001121,-2.2858446,-1.1572903,0.46208295,1.6018641,-0.4264342,-0.7917459,0.6643592,-2.3713436,-1.9188656,2.6487494,0.21053812,0.6382752,3.3356185,1.0222028,-0.5069853
0,/data_nas/huangyj/data/placePulse/rawData/googleviews-110802files/514133e8fdc9f04926004484.jpg,2.747133,-2.1825786,-0.74299926,-0.40555182,-1.0598079,0.952591,-2.5892854,2.8591654,-1.6820198,-1.2213336,-0.90487283,2.1421778,-0.0055723786,-1.5121799,3.371677,-1.3946236,2.333903,-0.77861387,-1.2821779,1.158775,3.6773798,0.43802005,0.5072884,0.14895603,-0.15174372,-1.211516,3.2205741,-3.5713015,2.4771383,1.9238819,0.4068919,-0.88586015,-1.0489185,-3.256085,-1.9279002,-0.8117785,-0.65554196,-0.13471204,2.272572,-1.4160442,0.60704905,1.0877695,-1.2680179,-0.7407086,2.7605493,0.29015008,0.4356733,1.5466914,-0.3422667,-0.41254842
0,/data_nas/huangyj/data/placePulse/rawData/googleviews-110802files/513e60d1fdc9f0358700b45d.jpg,-0.35638732,-2.12081,1.8657963,-2.0798533,1.2497972,-1.6152524,-3.6889286,0.5282878,-4.139108,-1.1504409,1.3822303,1.8585839,-3.1258729,-1.307814,3.253074,-0.2002331,-0.30898714,2.2704682,-2.8440068,-1.1159633,1.1713939,2.4839478,2.7794485,-3.1598861,-0.629023,-1.1317979,4.088026,-2.9062998,-0.17678013,2.7371478,0.5093725,-1.9050249,-3.787689,-2.254284,-1.8677061,-4.2206798,-1.7073618,-0.50976956,-1.4280969,-2.3803883,2.9341328,-1.0068642,-0.8797512,0.48841345,3.1045103,-1.1730268,1.1447675,3.5007815,-3.9140754,-1.1473578
1,/data_nas/huangyj/data/placePulse/rawData/googleviews-110802files/513d7947fdc9f03587006453.jpg,0.69118214,-5.3672996,2.9069595,1.7899143,-1.4959832,2.1067026,0.22377144,1.5225831,-4.313494,0.9599755,1.8570457,0.67902523,-2.7337313,0.2767334,4.651792,-2.231712,-0.65208083,-1.8625331,1.8899021,-1.4031571,2.1138878,-1.2720397,-3.0738747,2.28455,-2.9137032,1.574516,0.5151104,-1.4247044,-0.031588256,1.5056245,1.1169126,-3.5575175,0.16955435,0.011510169,-2.421429,-3.5829043,1.0237287,-0.8908707,1.2875893,-1.9756705,2.8939755,-1.8674431,-2.7705796,1.5328671,1.9917876,-0.7913826,-0.82207006,3.7935312,1.5996177,-4.288017
0,/data_nas/huangyj/data/placePulse/rawData/googleviews-110802files/51409127fdc9f04926000452.jpg,0.17999412,-2.416422,1.7039498,-0.297922,-1.8863665,-1.5235124,-3.7577827,0.80109864,-4.481235,-1.9653895,0.17715698,3.082565,-2.375023,-0.6423936,3.4609103,0.20031875,0.7757721,2.2838976,-2.8434894,0.055566967,0.6586818,1.6119484,1.8190317,0.39002377,-0.6292977,-0.61660266,3.588038,-1.7385027,-0.04873244,1.5438621,1.0415285,-3.6595905,-1.46141,-1.9417427,-1.7830911,-4.144974,-0.8775581,-1.0288746,0.8530812,-3.1765924,4.054424,-0.4518277,-1.1027449,1.9534316,2.4092739,-1.6423143,1.1158906,3.71602,-4.3552365,-0.99247706
1,/data_nas/huangyj/data/placePulse/rawData/googleviews-110802files/50f56122fdc9f065f0005459.jpg,0.9857293,-3.827013,1.564896,1.7074493,-0.024850246,2.4557252,0.14949265,1.7230769,-4.40118,0.7789913,0.7344248,-0.24763575,-1.1364557,-0.17698166,3.3328757,-1.952003,0.60797656,-1.9086423,1.4082968,-0.3164181,3.4164987,-0.92063034,-2.4420514,0.2031269,-1.8204249,0.48221153,0.45478857,-1.0398244,1.1004637,0.7684762,1.6165601,-1.748328,-1.6391909,0.036150135,-1.5118799,-3.5048935,0.61120296,-1.9195558,0.4904385,-2.8556294,1.4210289,-1.0909579,-2.293909,0.42973423,1.9409137,-1.8436726,-0.7827389,4.08592,1.4128789,-3.1298985
0,/data_nas/huangyj/data/placePulse/rawData/googleviews-110802files/513d2cb7fdc9f03587002455.jpg,3.7595618,-0.55653864,-2.5901875,2.2194664,2.2902262,2.222001,-0.21200047,3.117816,-5.944315,0.32657614,-2.1390085,0.7290724,1.635285,-0.55894315,1.6555563,-0.37888548,3.5795543,0.16353542,0.87365884,1.2707648,3.9052877,0.48834655,-3.046307,-4.465778,2.1830628,-0.29866013,0.755484,-2.2187545,2.9793286,2.9469483,-2.7100377,1.0857981,-5.935945,-3.4376857,-3.0051854,-5.23239,0.98021305,0.7099908,-0.014735326,-0.22532465,-0.5809368,2.5505612,-2.4349244,-2.4617705,2.0143974,-2.1496491,1.302827,6.604672,0.5928622,0.9935462
0,/data_nas/huangyj/data/placePulse/rawData/googleviews-110802files/513e1b59fdc9f03587009455.jpg,2.618452,-0.30719608,-1.3201714,-0.42362523,-0.32551828,0.019265004,-2.6566792,2.2295704,-3.0162325,-0.8718954,-1.302236,2.539607,-0.6850404,0.63170403,2.3043234,-0.18381661,1.8456291,2.5213168,-1.8318489,0.5124726,2.8990927,1.137119,0.3245539,-1.3785106,2.2484627,1.116567,2.89933,-3.5656922,1.8410668,2.5036309,-1.9701476,-4.193473,-1.8869635,-4.2582664,-2.4671586,-3.2905562,0.83626616,1.7462845,0.57921666,-0.30286846,4.433712,2.3781936,0.8689327,1.3302362,1.5115706,0.09598621,1.8398842,2.831283,-3.1637437,1.8108375
0,/data_nas/huangyj/data/placePulse/rawData/googleviews-110802files/513d68a6fdc9f03587004450.jpg,0.7502445,-2.3139167,1.0747917,-1.1233033,0.8509191,-0.28048038,-2.9009566,0.7931061,-4.611956,-0.9507419,0.30155772,2.0662305,-1.9903576,1.1130829,3.3384843,-0.9554659,0.5962272,2.0163052,-2.1665287,0.15605187,2.3194108,0.0813601,1.4867905,-2.999445,0.21995758,1.3701481,2.7393456,-2.6218667,0.14668918,0.3928737,0.85221714,-3.699721,-3.870918,-2.0483966,-1.2477983,-5.051823,0.8117627,-0.35677883,-0.9924183,-2.9885724,4.3178153,0.27122316,0.595607,1.3315824,1.3137786,-1.215731,0.2604417,4.1100802,-4.2092752,-0.69861394
0,/data_nas/huangyj/data/placePulse/rawData/googleviews-110802files/513e2182fdc9f0358700a450.jpg,2.881807,-4.189319,0.0802617,-0.2889986,-1.1349111,1.9174738,-1.3586577,3.0531673,-4.1392026,-0.0904354,-0.21206117,1.1938493,-0.45927623,-2.0648718,4.89346,-2.6022878,2.0854132,-2.5761676,0.47921166,0.5487912,3.34546,-0.35503367,-0.89217615,0.09693937,-1.6377954,-1.5242745,2.376588,-3.370905,2.0568216,2.3396604,0.6729176,-0.18946841,-1.9317601,-2.7332673,-2.2919412,-3.0101426,-0.7426146,-0.55324304,2.6264884,-1.5953025,-0.06272103,0.056119096,-3.8753073,-1.3723149,3.3668802,-0.24090146,-0.5887786,4.148466,2.0582964,-2.2990773
1,/data_nas/huangyj/data/placePulse/rawData/googleviews-110802files/5141443bfdc9f049260064a7.jpg,5.381006,-2.8680015,-1.5677783,2.2936695,-1.6421078,2.2822645,-1.6778407,5.055733,-3.1662729,-0.5660026,-2.800705,3.3204544,1.6978253,0.04683475,4.380403,-3.0603693,4.7623854,-3.09496,0.35537374,3.7900538,3.21878,-2.207611,-2.0917792,0.4016124,-0.01853225,0.013676144,2.189171,-1.8399432,3.1308537,0.51535946,1.3522325,-0.5855525,-2.1464815,-2.2039297,-1.7120423,-1.9929959,1.5090744,-1.0975428,3.3724954,-2.5438762,-0.24864651,2.7323785,-2.148551,-1.3193163,1.8121371,-0.958806,-1.2303443,3.5206697,1.691089,-0.13826923
0,/data_nas/huangyj/data/placePulse/rawData/googleviews-110802files/513f29befdc9f0358700d40d.jpg,1.8610021,-1.5053955,-1.8874179,-1.4204192,-0.25689605,2.010602,-0.49666864,0.79805136,-2.434432,-0.5782438,-0.40059963,0.118525535,0.639523,-0.91339326,1.8377291,-0.025564946,1.0671532,0.93959856,-0.13524255,-0.5897174,4.3285046,0.093236804,-0.69084156,-0.7897774,1.0495375,0.15579985,0.8844586,-4.609513,1.8770633,1.7381475,-2.9110959,-0.57530624,-1.2374812,-4.537314,-2.216822,-1.9516288,0.36187792,2.483187,1.7331377,1.3758093,0.71205807,1.1039795,-0.90254563,-1.176339,1.3374418,1.4598277,1.2834753,2.619751,-0.17143178,-0.118115604
1,/data_nas/huangyj/data/placePulse/rawData/googleviews-110802files/50e748e6d7c3df413b001406.jpg,2.495438,-3.339769,0.23325968,-0.3325109,-1.22133,1.2165813,-2.1983445,2.8154407,-4.7985415,-0.4693661,-0.7581721,1.4266589,-0.75987494,-1.3795155,4.4220157,-2.2356489,2.349387,-1.4431074,-0.72418004,0.8848817,3.5601752,0.09770299,0.14179973,-0.22251397,-0.98180103,-1.1314639,2.7808762,-2.7776458,2.091411,1.748148,1.8962377,-2.23895,-2.282294,-2.3584404,-1.6708162,-4.0688815,-0.56272924,-1.582932,1.9942234,-3.3541894,2.1529565,0.2770951,-2.7354524,0.50789654,3.0430677,-1.387052,-0.10805308,4.4623084,-0.16707045,-1.4851149
0,/data_nas/huangyj/data/placePulse/rawData/googleviews-110802files/513ceeadfdc9f03587002406.jpg,-1.1593279,-4.5637245,2.676399,0.814083,0.39352906,1.7452867,0.22228877,-1.0549289,-0.8960524,-0.25392118,3.0838063,0.44677567,-2.4632764,1.2852218,2.8253117,-0.28279492,-2.3124626,0.7321491,0.69080204,-2.3148618,2.5600986,-1.2866126,-1.9771718,0.7875509,-2.030269,2.8465664,-0.17085314,-2.352319,-0.8530639,-0.041796148,-0.51727307,-1.6121837,0.37706593,-0.3353525,-2.1275637,-0.47949356,1.6831206,0.9076714,-0.21493721,-0.09202604,1.2606302,-2.1629133,0.29681543,0.011671003,0.5466113,0.980952,0.025019038,0.5535822,-0.9647277,-4.167557
1,/data_nas/huangyj/data/placePulse/rawData/googleviews-110802files/51414ccefdc9f0492600740e.jpg,2.7431703,-3.8488932,0.7619493,2.7126105,0.399485,3.0077178,0.5423218,3.0071707,-5.4356985,1.2903877,-0.39231703,0.59003055,-0.330531,0.92045414,3.8468635,-2.9658134,1.872209,-2.7773154,2.2164986,1.0089295,3.0433025,-2.3059077,-3.7024958,-0.9775684,-1.1978983,1.4910059,0.08481152,-0.7273989,1.3442253,0.51737046,1.3121269,-1.5979853,-3.2491655,0.0028746333,-1.7116383,-4.712856,1.9895567,-1.5314288,0.54060626,-2.7962117,1.166305,0.22734375,-2.4778566,-0.18932436,1.4041423,-2.135981,-1.5532764,5.5224514,2.257996,-2.3959455
1,/data_nas/huangyj/data/placePulse/rawData/googleviews-110802files/513cc0e4fdc9f0358700140c.jpg,4.6395836,-3.0652723,-1.3625718,2.818635,-2.7665954,3.1834533,0.106736645,4.3194523,-5.0030403,0.5000421,-2.5305905,1.540952,1.3642821,-0.25242737,3.9089215,-2.6498013,3.9456804,-3.1551495,2.0017946,2.2209008,3.5674336,-1.9635464,-3.8142002,2.0593674,-0.22173968,0.25173196,0.52580327,-1.5442184,2.9256382,1.356677,0.37081403,-2.2593057,-0.8950421,-2.1079295,-2.2086601,-3.7795374,1.4942797,-0.70990795,3.8727102,-1.8255734,1.2848558,1.9157685,-3.5019758,0.2360923,1.7877005,-1.3216665,-0.68357784,5.17772,3.033543,-0.75040096
0,/data_nas/huangyj/data/placePulse/rawData/googleviews-110802files/50f5eba8fdc9f065f000840c.jpg,2.4319713,-3.0283055,0.88185966,0.3330774,-0.45954514,2.1474092,-1.2610683,3.1174998,1.7451853,0.41799477,0.46199685,1.3806192,-1.1772751,0.96818554,3.6725879,-3.264966,0.65889007,-2.5002487,0.19033144,0.7808727,3.9386928,-1.4312376,-0.7354254,1.7325984,-1.2027595,1.7534451,2.1958911,-2.3888664,2.0753787,0.35599297,2.2904494,-3.2951114,1.692389,-0.74205405,-0.981359,1.9771496,1.2268486,-0.8955276,1.1136581,-1.7804344,2.098159,0.45715344,1.3231819,0.958283,1.3694196,1.1597402,-1.1836612,-2.0397794,1.186342,-1.5667201
1,/data_nas/huangyj/data/placePulse/rawData/googleviews-110802files/50f60868beb2fed6f8000405.jpg,3.4080682,-0.99157065,-1.8647625,-0.404785,2.291248,0.49784964,-2.7339156,3.531574,-4.217343,-0.98445505,-1.7516177,1.5294216,1.2661315,-3.3477316,2.6452937,-1.2202073,3.9124467,-1.351707,-1.3626119,2.1887603,2.9226446,1.7035626,0.9882832,-5.0986342,0.4392427,-3.963017,3.6053102,-2.7237754,2.961714,2.977949,0.17849323,4.037455,-6.5089955,-3.2456424,-1.8522487,-3.0846074,-2.133966,-1.2054011,0.2991684,-1.8968157,-3.248951,1.548108,-3.488079,-4.1692657,3.8232288,-1.8650554,0.32436606,4.672555,0.55491275,0.3995813
0,/data_nas/huangyj/data/placePulse/rawData/googleviews-110802files/513d7967fdc9f035870064b3.jpg,0.5511062,-1.0992686,0.38218254,-0.20612115,3.051272,-0.66001225,-2.7239053,1.0198296,-3.0777254,-1.098876,0.85318,1.8732456,-1.5982063,-0.8568764,2.061546,0.61491853,0.41371393,2.5870678,-1.9784943,-0.63635236,2.0240202,2.3248248,0.72955215,-4.627572,0.76839465,-0.5894459,3.2444007,-2.8825731,0.7371795,3.063432,-1.6679054,0.561186,-4.7783966,-2.7398124,-2.709629,-2.858632,-0.7404169,0.6579596,-2.0193577,-0.6157017,0.46766344,0.21991317,-0.24142596,-1.7230642,2.6857185,-0.9320619,1.719997,3.0109882,-3.0842772,-0.27717558
0,/data_nas/huangyj/data/placePulse/rawData/googleviews-110802files/50f44565fdc9f065f00034b7.jpg,0.43839306,-2.1758094,1.0536032,0.65225583,-1.1397312,1.3754095,-0.54057235,0.857557,-1.3523695,0.24926205,1.0826434,0.41537997,-2.2026503,0.5780069,2.3335323,-0.3741441,-0.78769594,1.1212231,0.19974752,-1.7711576,3.3460505,0.7264923,-1.5653101,2.133067,-0.15993543,1.8730447,1.1044794,-2.526478,1.0280132,2.1901639,-0.9804178,-5.1900373,1.7981557,-1.9900715,-2.4372184,-1.2987977,0.8263139,0.848921,0.6591487,-0.17337747,4.646283,-0.3234828,0.4964754,2.653822,1.4266722,0.51161766,1.349498,0.80414647,-0.882614,-1.2663496
0,/data_nas/huangyj/data/placePulse/rawData/googleviews-110802files/50f5ebb0fdc9f065f00084b2.jpg,3.7861001,-1.5084373,-3.4909673,-0.5769344,-2.0725105,1.5303054,-2.1944509,1.1465157,-2.5956728,-3.240124,-3.5022266,3.2036476,3.8196967,1.2933108,1.9976206,-0.41585213,4.6201396,0.6269791,-2.30349,4.3134727,3.6643605,-3.5433292,0.87777567,-1.1505172,1.8449253,0.96536183,0.81329143,-3.2781034,1.9088588,-3.8113866,-0.0709853,0.7781458,-3.0511684,-3.9080138,0.10611504,-1.8281527,2.5502694,1.0576946,3.7228286,-1.6619741,-0.8781202,3.438906,0.49490494,-2.2963886,-1.1347023,0.7262208,-0.65015674,3.057253,-3.2001045,1.1850032
0,/data_nas/huangyj/data/placePulse/rawData/googleviews-110802files/513e6edcfdc9f0358700c4bc.jpg,-1.0986676,-4.571696,3.5805755,-1.2823962,-1.4560875,-0.3627522,-2.4533935,-0.25010592,-3.8978925,-0.8491213,2.2389538,1.4245771,-3.6656256,-0.13416497,4.37591,-1.2575135,-1.3098344,0.5586209,-1.5012137,-1.3477958,1.2182286,0.07629753,1.5955817,0.8899227,-2.7713766,0.4932928,2.5095842,-1.9655019,-1.090447,0.31488734,2.576126,-4.198971,-0.59746194,-0.38454658,-1.1038907,-3.787897,-0.4709474,-1.5454268,0.2754315,-3.5582602,4.298872,-2.4420962,-1.1299082,2.386653,2.0105243,-0.85852164,-0.47711632,2.8832657,-2.692167,-3.6586125
0,/data_nas/huangyj/data/placePulse/rawData/googleviews-110802files/513e21defdc9f0358700a4b9.jpg,-0.97929394,-1.3373265,2.6859188,-0.7258222,0.11051034,-2.1719146,-4.029484,0.39819342,0.9496931,-1.8298514,1.4503248,2.9587605,-3.110939,0.62351054,2.2187386,-0.06166511,-0.84585744,2.192043,-3.5613933,0.01888296,0.16215566,1.4996783,3.1262844,0.05219318,-0.7863339,0.48714903,3.9949021,-0.90395486,-0.5097728,0.23767726,2.4924068,-3.213961,0.20947692,0.031794183,-0.3680324,0.76847047,-0.5923163,-1.5402054,-1.3251176,-3.0563335,3.3420725,-0.8512647,2.5087395,1.9520596,1.3836534,-0.3682517,0.480651,-1.8417406,-4.902915,-0.77931523
1,/data_nas/huangyj/data/placePulse/rawData/googleviews-110802files/51414d0ffdc9f049260074b5.jpg,1.9931774,-5.5700116,1.7005343,1.344907,-2.5229309,3.1133642,0.37990034,2.3242157,-3.0884054,0.7263866,0.7538736,0.6380124,-1.0963609,-0.04104579,4.836922,-3.2555387,0.65545946,-3.730995,2.121585,0.0122579,3.2283592,-2.6222508,-2.8522587,3.2802117,-3.0670922,1.0873656,0.36331108,-1.9558988,1.0249877,0.28812233,2.0525928,-2.6055312,0.9716041,-0.2761226,-1.6849943,-2.0079763,1.1494955,-1.1627281,2.9919405,-2.1634264,1.4286181,-1.1054626,-2.8867593,0.7066044,1.7255111,-0.014601706,-1.7765547,2.7588634,3.0997963,-4.1189437
0,/data_nas/huangyj/data/placePulse/rawData/googleviews-110802files/50f5ebb0fdc9f065f00084b4.jpg,0.85243154,-5.3674645,2.110979,0.1206683,-1.56236,1.390628,-1.2352302,0.59122235,-4.677185,-0.5339364,1.2921567,1.865885,-2.1519687,0.9930928,4.95959,-1.8059821,-0.04366249,-0.15387505,0.015904408,-0.51591104,2.3559449,-1.7587041,-0.9549842,0.70065725,-1.9379585,2.0279844,1.1533444,-2.7396796,-0.2900211,-0.012897132,0.82472694,-3.60664,-1.2447526,-1.4436406,-2.0880976,-4.4023147,1.5281186,0.069488004,1.453977,-2.1958406,3.3605242,-1.0170755,-1.4849162,1.022999,1.3252805,-0.22805928,-0.72907513,4.29144,-1.3134172,-3.5339863
1,/data_nas/huangyj/data/placePulse/rawData/googleviews-110802files/50e748e9d7c3df413b001446.jpg,1.307701,-2.345996,0.59593934,1.9031363,0.31617683,3.2656658,1.3445446,1.2755383,0.45877668,1.2584225,0.63507956,-0.28839862,-0.6567512,2.840289,1.6086698,-1.955278,-0.40149647,-1.1822718,1.9147458,-0.32233298,4.036598,-2.5971253,-3.2579896,1.1736978,-0.23040178,4.2138686,-0.9639818,-1.5764258,1.1255012,-0.73476464,0.25964996,-3.927122,1.1790855,0.1701317,-1.0976715,0.38167214,3.2571251,0.45537812,-0.06622466,-0.42113653,2.7716856,0.2571279,2.188269,1.5408252,-0.6267014,0.82919383,-0.81039053,-0.6031586,1.1135752,-1.5613441
0,/data_nas/huangyj/data/placePulse/rawData/googleviews-110802files/513d7e9ffdc9f03587007443.jpg,2.0798109,-1.703453,0.19804442,0.22146668,1.6164789,-0.7790534,-3.6969311,2.5181541,-5.85091,-1.3434298,-1.0120921,2.8677955,-0.8550473,-1.0571427,3.4629235,-0.8526205,2.7965453,0.8562479,-2.4086974,1.7092774,1.6647612,1.4989895,1.3359463,-4.5722466,0.3170072,-1.6219136,3.8321688,-1.6485491,1.355107,1.9366866,1.2118844,-0.053307414,-6.3328457,-2.1141298,-1.7241765,-5.371898,-0.8377828,-1.8489945,-0.73926175,-3.799855,0.9836159,0.8794048,-1.9160724,-1.0889887,2.9855294,-3.0291405,0.6069317,5.7456613,-3.0753644,-0.06096561
1,/data_nas/huangyj/data/placePulse/rawData/googleviews-110802files/513d68a4fdc9f0358700444a.jpg,2.3270044,-4.2592053,1.0015545,1.7644831,-1.7124145,3.055098,0.3093434,2.1156325,-2.007375,0.46361235,-0.19073926,1.1042732,-0.227334,2.299283,3.7249935,-3.2438765,1.1803252,-2.868606,1.5350546,1.4167997,3.1745276,-3.8664656,-2.5563283,2.0470653,-1.589167,3.1001823,-0.26218578,-1.0907376,0.9661791,-2.006137,2.5140421,-3.5375884,0.3707279,0.4297441,-0.5156148,-1.5512761,2.9818761,-1.1832976,1.9048829,-2.7190087,2.3232515,0.18883489,-0.08336931,1.2743075,-0.24505809,-0.17611359,-2.2393196,1.7733952,1.3757962,-2.6173313
0,/data_nas/huangyj/data/placePulse/rawData/googleviews-110802files/50f5ebaafdc9f065f0008440.jpg,0.25921854,-0.83904177,-0.076091915,0.74978286,-2.0715628,0.25999206,-1.6909081,-0.021419656,-1.9537175,-1.7132832,-0.5273254,1.8092114,-0.6167169,1.2821281,1.0787842,1.2156389,0.57302016,3.0730762,-1.7211875,-0.03314814,2.6877034,0.14615059,-0.18151124,1.8693919,1.1663376,1.8781493,1.1221175,-1.9298161,0.6898123,-0.1370798,-0.8124956,-4.609314,0.97200525,-2.2304075,-1.3342807,-1.7378219,1.3216273,0.68923956,1.2639736,-1.1799957,4.4273663,0.76405907,1.541028,2.5988953,0.07178352,-0.13828579,1.7258759,1.3603792,-4.1049294,0.23412399
0,/data_nas/huangyj/data/placePulse/rawData/googleviews-110802files/51409e84fdc9f0492600144b.jpg,3.592891,-2.74114,-1.0440471,0.6059967,-1.6569674,2.803791,-0.09660158,3.3508365,-2.68205,0.83092695,-0.8933479,0.6307515,0.03423608,-0.5539235,3.600859,-2.3183556,1.9562458,-1.9834272,1.4973019,0.26550952,4.0869064,-0.6032276,-2.5857012,1.562275,-0.06950852,0.54127616,1.1437018,-3.3314571,2.6667488,2.6109364,-1.0415356,-2.7544515,0.27656797,-3.2313647,-2.6213048,-2.0449126,0.8385905,0.95141983,2.7929235,0.12798542,1.9807637,1.3321707,-2.0521379,0.2733544,2.0897105,0.6538515,0.07978938,2.7967718,2.5886097,-0.74388814
0,/data_nas/huangyj/data/placePulse/rawData/googleviews-110802files/513d7941fdc9f03587006444.jpg,2.0494184,1.4269891,-1.4287792,-0.38131994,0.6129169,-2.8755095,-5.44292,2.276823,-3.963468,-3.0826619,-2.572807,4.2988963,0.2614621,-1.4191679,1.3535225,1.2675169,3.728083,3.3656802,-4.8446727,2.8959005,0.25660136,3.1530006,3.5826738,-3.937015,2.3564193,-2.7114184,5.111956,-1.2486119,1.559465,1.8283719,0.23564838,0.037380986,-5.2323422,-3.2746701,-1.1085796,-3.5887852,-1.6642795,-1.2441078,-0.37610576,-3.1678014,1.1620042,2.4660873,-0.2083073,-0.7163125,2.362382,-2.744899,2.0070698,3.7835503,-5.8163157,2.9652529
